-- MariaDB dump 10.19  Distrib 10.4.32-MariaDB, for Win64 (AMD64)
--
-- Host: localhost    Database: sheener
-- ------------------------------------------------------
-- Server version	10.4.32-MariaDB

/*!40101 SET @OLD_CHARACTER_SET_CLIENT=@@CHARACTER_SET_CLIENT */;
/*!40101 SET @OLD_CHARACTER_SET_RESULTS=@@CHARACTER_SET_RESULTS */;
/*!40101 SET @OLD_COLLATION_CONNECTION=@@COLLATION_CONNECTION */;
/*!40101 SET NAMES utf8mb4 */;
/*!40103 SET @OLD_TIME_ZONE=@@TIME_ZONE */;
/*!40103 SET TIME_ZONE='+00:00' */;
/*!40014 SET @OLD_UNIQUE_CHECKS=@@UNIQUE_CHECKS, UNIQUE_CHECKS=0 */;
/*!40014 SET @OLD_FOREIGN_KEY_CHECKS=@@FOREIGN_KEY_CHECKS, FOREIGN_KEY_CHECKS=0 */;
/*!40101 SET @OLD_SQL_MODE=@@SQL_MODE, SQL_MODE='NO_AUTO_VALUE_ON_ZERO' */;
/*!40111 SET @OLD_SQL_NOTES=@@SQL_NOTES, SQL_NOTES=0 */;

--
-- Table structure for table `activities`
--

DROP TABLE IF EXISTS `activities`;
/*!40101 SET @saved_cs_client     = @@character_set_client */;
/*!40101 SET character_set_client = utf8 */;
CREATE TABLE `activities` (
  `activity_id` int(11) NOT NULL AUTO_INCREMENT,
  `job_id` int(11) NOT NULL,
  `activity_name` varchar(255) NOT NULL,
  `activity_detail` text DEFAULT NULL,
  `owner` int(11) DEFAULT NULL,
  `due_date` date DEFAULT NULL,
  `status` enum('Pending','Ongoing','Completed') DEFAULT 'Pending',
  `created_at` timestamp NOT NULL DEFAULT current_timestamp(),
  PRIMARY KEY (`activity_id`),
  KEY `owner` (`owner`),
  KEY `idx_job` (`job_id`),
  CONSTRAINT `activities_ibfk_1` FOREIGN KEY (`job_id`) REFERENCES `jobs` (`job_id`) ON DELETE CASCADE,
  CONSTRAINT `activities_ibfk_2` FOREIGN KEY (`owner`) REFERENCES `people` (`people_id`) ON DELETE SET NULL,
  CONSTRAINT `fk_activities_job` FOREIGN KEY (`job_id`) REFERENCES `jobs` (`job_id`) ON DELETE CASCADE ON UPDATE CASCADE
) ENGINE=InnoDB DEFAULT CHARSET=utf8mb4 COLLATE=utf8mb4_general_ci;
/*!40101 SET character_set_client = @saved_cs_client */;

--
-- Dumping data for table `activities`
--

LOCK TABLES `activities` WRITE;
/*!40000 ALTER TABLE `activities` DISABLE KEYS */;
/*!40000 ALTER TABLE `activities` ENABLE KEYS */;
UNLOCK TABLES;

--
-- Table structure for table `approvals`
--

DROP TABLE IF EXISTS `approvals`;
/*!40101 SET @saved_cs_client     = @@character_set_client */;
/*!40101 SET character_set_client = utf8 */;
CREATE TABLE `approvals` (
  `ApprovalID` int(11) NOT NULL AUTO_INCREMENT,
  `DocumentID` int(11) DEFAULT NULL,
  `HiraID` bigint(20) DEFAULT NULL,
  `ApprovedBy` int(11) NOT NULL,
  `ApprovalStatusID` int(11) NOT NULL,
  `ApprovalDate` datetime DEFAULT current_timestamp(),
  `DocType` enum('Document','HIRA') NOT NULL DEFAULT 'Document',
  PRIMARY KEY (`ApprovalID`),
  KEY `DocumentID` (`DocumentID`),
  KEY `ApprovalStatusID` (`ApprovalStatusID`),
  KEY `fk_approvals_approvedby` (`ApprovedBy`),
  KEY `fk_approvals_hira` (`HiraID`),
  CONSTRAINT `approvals_ibfk_1` FOREIGN KEY (`DocumentID`) REFERENCES `documents` (`DocumentID`),
  CONSTRAINT `approvals_ibfk_2` FOREIGN KEY (`ApprovedBy`) REFERENCES `people` (`people_id`),
  CONSTRAINT `approvals_ibfk_3` FOREIGN KEY (`ApprovalStatusID`) REFERENCES `approvalstatuses` (`StatusID`),
  CONSTRAINT `fk_approvals_approvedby` FOREIGN KEY (`ApprovedBy`) REFERENCES `people` (`people_id`) ON DELETE CASCADE,
  CONSTRAINT `fk_approvals_hira` FOREIGN KEY (`HiraID`) REFERENCES `hira_register` (`hira_id`)
) ENGINE=InnoDB AUTO_INCREMENT=9 DEFAULT CHARSET=utf8mb4 COLLATE=utf8mb4_general_ci;
/*!40101 SET character_set_client = @saved_cs_client */;

--
-- Dumping data for table `approvals`
--

LOCK TABLES `approvals` WRITE;
/*!40000 ALTER TABLE `approvals` DISABLE KEYS */;
/*!40000 ALTER TABLE `approvals` ENABLE KEYS */;
UNLOCK TABLES;

--
-- Table structure for table `approvalstatuses`
--

DROP TABLE IF EXISTS `approvalstatuses`;
/*!40101 SET @saved_cs_client     = @@character_set_client */;
/*!40101 SET character_set_client = utf8 */;
CREATE TABLE `approvalstatuses` (
  `StatusID` int(11) NOT NULL AUTO_INCREMENT,
  `StatusName` varchar(100) NOT NULL,
  PRIMARY KEY (`StatusID`),
  UNIQUE KEY `StatusName` (`StatusName`)
) ENGINE=InnoDB AUTO_INCREMENT=4 DEFAULT CHARSET=utf8mb4 COLLATE=utf8mb4_general_ci;
/*!40101 SET character_set_client = @saved_cs_client */;

--
-- Dumping data for table `approvalstatuses`
--

LOCK TABLES `approvalstatuses` WRITE;
/*!40000 ALTER TABLE `approvalstatuses` DISABLE KEYS */;
INSERT INTO `approvalstatuses` VALUES (1,'High'),(3,'Low'),(2,'Medium');
/*!40000 ALTER TABLE `approvalstatuses` ENABLE KEYS */;
UNLOCK TABLES;

--
-- Table structure for table `areas`
--

DROP TABLE IF EXISTS `areas`;
/*!40101 SET @saved_cs_client     = @@character_set_client */;
/*!40101 SET character_set_client = utf8 */;
CREATE TABLE `areas` (
  `area_id` int(11) NOT NULL AUTO_INCREMENT,
  `area_name` varchar(100) NOT NULL,
  `area_type` varchar(50) DEFAULT NULL,
  `description` text DEFAULT NULL,
  `location_code` varchar(50) DEFAULT NULL,
  `is_active` tinyint(1) DEFAULT 1,
  `created_at` timestamp NOT NULL DEFAULT current_timestamp(),
  `updated_at` timestamp NOT NULL DEFAULT current_timestamp() ON UPDATE current_timestamp(),
  PRIMARY KEY (`area_id`)
) ENGINE=InnoDB AUTO_INCREMENT=5 DEFAULT CHARSET=utf8mb4 COLLATE=utf8mb4_general_ci;
/*!40101 SET character_set_client = @saved_cs_client */;

--
-- Dumping data for table `areas`
--

LOCK TABLES `areas` WRITE;
/*!40000 ALTER TABLE `areas` DISABLE KEYS */;
INSERT INTO `areas` VALUES (1,'XP-01','Production','Dry powder filling room','XP01',1,'2025-03-28 09:58:38','2025-03-28 09:58:38'),(2,'WH-01','Warehouse','Main storage warehouse','WH1',1,'2025-03-28 09:58:38','2025-03-28 09:58:38'),(3,'Cleanroom C1','Cleanroom','Grade D cleanroom','C1',1,'2025-03-28 09:58:38','2025-03-28 09:58:38'),(4,'R&D Laboratory','Laboratory area','Research and development facility','R&D-LAB',0,'2025-11-22 21:21:51','2025-11-26 05:11:00');
/*!40000 ALTER TABLE `areas` ENABLE KEYS */;
UNLOCK TABLES;

--
-- Table structure for table `assessment_history`
--

DROP TABLE IF EXISTS `assessment_history`;
/*!40101 SET @saved_cs_client     = @@character_set_client */;
/*!40101 SET character_set_client = utf8 */;
CREATE TABLE `assessment_history` (
  `history_id` int(11) NOT NULL AUTO_INCREMENT,
  `revision_id` int(11) NOT NULL,
  `field_name` varchar(100) NOT NULL,
  `old_value` text DEFAULT NULL,
  `new_value` text DEFAULT NULL,
  `changed_at` datetime NOT NULL DEFAULT current_timestamp(),
  `changed_by_id` int(11) DEFAULT NULL,
  PRIMARY KEY (`history_id`),
  KEY `idx_revision_id` (`revision_id`),
  KEY `idx_changed_by_id` (`changed_by_id`),
  CONSTRAINT `fk_assessment_history_people` FOREIGN KEY (`changed_by_id`) REFERENCES `people` (`people_id`) ON DELETE SET NULL,
  CONSTRAINT `fk_assessment_history_revision` FOREIGN KEY (`revision_id`) REFERENCES `assessment_revisions` (`revision_id`) ON DELETE CASCADE
) ENGINE=InnoDB AUTO_INCREMENT=3 DEFAULT CHARSET=utf8mb4 COLLATE=utf8mb4_general_ci;
/*!40101 SET character_set_client = @saved_cs_client */;

--
-- Dumping data for table `assessment_history`
--

LOCK TABLES `assessment_history` WRITE;
/*!40000 ALTER TABLE `assessment_history` DISABLE KEYS */;
INSERT INTO `assessment_history` VALUES (1,2,'hazard_description','Exposure to corrosive material','Exposure to highly corrosive material','2025-12-13 22:55:14',2),(2,2,'control_measure','Basic PPE','Enhanced PPE with face shield','2025-12-13 22:55:14',2);
/*!40000 ALTER TABLE `assessment_history` ENABLE KEYS */;
UNLOCK TABLES;

--
-- Table structure for table `assessment_revisions`
--

DROP TABLE IF EXISTS `assessment_revisions`;
/*!40101 SET @saved_cs_client     = @@character_set_client */;
/*!40101 SET character_set_client = utf8 */;
CREATE TABLE `assessment_revisions` (
  `revision_id` int(11) NOT NULL AUTO_INCREMENT,
  `assessment_id` int(11) NOT NULL,
  `revision_number` int(11) NOT NULL,
  `revision_date` datetime NOT NULL DEFAULT current_timestamp(),
  `revised_by_id` int(11) DEFAULT NULL,
  `revision_reason` text DEFAULT NULL,
  `is_current` tinyint(1) NOT NULL DEFAULT 0,
  PRIMARY KEY (`revision_id`),
  KEY `idx_assessment_id` (`assessment_id`),
  KEY `idx_revised_by_id` (`revised_by_id`),
  CONSTRAINT `fk_assessment_revisions_assessment` FOREIGN KEY (`assessment_id`) REFERENCES `process_hazard_assessments` (`assessment_id`) ON DELETE CASCADE,
  CONSTRAINT `fk_assessment_revisions_people` FOREIGN KEY (`revised_by_id`) REFERENCES `people` (`people_id`) ON DELETE SET NULL
) ENGINE=InnoDB AUTO_INCREMENT=3 DEFAULT CHARSET=utf8mb4 COLLATE=utf8mb4_general_ci;
/*!40101 SET character_set_client = @saved_cs_client */;

--
-- Dumping data for table `assessment_revisions`
--

LOCK TABLES `assessment_revisions` WRITE;
/*!40000 ALTER TABLE `assessment_revisions` DISABLE KEYS */;
INSERT INTO `assessment_revisions` VALUES (1,1,1,'2025-12-13 22:55:14',1,'Initial assessment creation',0),(2,1,2,'2025-12-13 22:55:14',2,'Updated hazard controls',1);
/*!40000 ALTER TABLE `assessment_revisions` ENABLE KEYS */;
UNLOCK TABLES;

--
-- Table structure for table `assessments`
--

DROP TABLE IF EXISTS `assessments`;
/*!40101 SET @saved_cs_client     = @@character_set_client */;
/*!40101 SET character_set_client = utf8 */;
CREATE TABLE `assessments` (
  `assessment_id` int(11) NOT NULL AUTO_INCREMENT,
  `task_id` int(11) NOT NULL,
  `assessment_date` date NOT NULL,
  `assessor_name` varchar(255) NOT NULL,
  `comments` text DEFAULT NULL,
  PRIMARY KEY (`assessment_id`),
  KEY `task_id` (`task_id`),
  CONSTRAINT `assessments_ibfk_1` FOREIGN KEY (`task_id`) REFERENCES `tasks` (`task_id`) ON DELETE CASCADE
) ENGINE=InnoDB AUTO_INCREMENT=8 DEFAULT CHARSET=utf8mb4 COLLATE=utf8mb4_general_ci;
/*!40101 SET character_set_client = @saved_cs_client */;

--
-- Dumping data for table `assessments`
--

LOCK TABLES `assessments` WRITE;
/*!40000 ALTER TABLE `assessments` DISABLE KEYS */;
INSERT INTO `assessments` VALUES (6,101,'2025-12-11','Andrew Duffin','Pressure test XP-034'),(7,11,'2025-12-13','Aaron Brennan','Pressure test XP');
/*!40000 ALTER TABLE `assessments` ENABLE KEYS */;
UNLOCK TABLES;

--
-- Table structure for table `attachments`
--

DROP TABLE IF EXISTS `attachments`;
/*!40101 SET @saved_cs_client     = @@character_set_client */;
/*!40101 SET character_set_client = utf8 */;
CREATE TABLE `attachments` (
  `attachment_id` int(11) NOT NULL AUTO_INCREMENT,
  `permit_id` int(11) DEFAULT NULL,
  `event_id` int(11) DEFAULT NULL,
  `version_id` int(11) DEFAULT NULL,
  `task_id` int(11) DEFAULT NULL,
  `material_id` int(11) DEFAULT NULL,
  `vendor_id` int(11) DEFAULT NULL,
  `permit_area_id` int(11) DEFAULT NULL,
  `permit_energy_id` int(11) DEFAULT NULL,
  `permit_responsible_id` int(11) DEFAULT NULL,
  `sub_permit_id` int(11) DEFAULT NULL,
  `file_name` varchar(255) NOT NULL,
  `file_type` varchar(50) DEFAULT NULL,
  `file_size` int(11) DEFAULT NULL,
  `file_data` longblob DEFAULT NULL,
  `file_path` varchar(500) DEFAULT NULL,
  `uploaded_by` int(11) DEFAULT NULL,
  `uploaded_at` timestamp NOT NULL DEFAULT current_timestamp(),
  `description` text DEFAULT NULL,
  PRIMARY KEY (`attachment_id`),
  KEY `permit_id` (`permit_id`),
  KEY `event_id` (`event_id`),
  KEY `idx_version_id` (`version_id`),
  KEY `idx_task_id` (`task_id`),
  KEY `idx_vendor_id` (`vendor_id`),
  CONSTRAINT `attachments_ibfk_1` FOREIGN KEY (`permit_id`) REFERENCES `permits` (`permit_id`) ON DELETE CASCADE,
  CONSTRAINT `fk_attachments_version` FOREIGN KEY (`version_id`) REFERENCES `documentversions` (`VersionID`) ON DELETE CASCADE
) ENGINE=InnoDB AUTO_INCREMENT=60 DEFAULT CHARSET=utf8mb4 COLLATE=utf8mb4_general_ci;
/*!40101 SET character_set_client = @saved_cs_client */;

--
-- Dumping data for table `attachments`
--

LOCK TABLES `attachments` WRITE;
/*!40000 ALTER TABLE `attachments` DISABLE KEYS */;
INSERT INTO `attachments` VALUES (26,8,NULL,NULL,NULL,NULL,NULL,NULL,NULL,NULL,NULL,'Task_1_Permits_Report (24).pdf','application/pdf',63609,NULL,'php/uploads/691cca7b983df_Task_1_Permits_Report__24_.pdf',0,'2025-11-18 19:35:23',NULL),(28,28,NULL,NULL,NULL,NULL,NULL,NULL,NULL,NULL,NULL,'Task_1_Permits_Report (19).pdf','application/pdf',61451,NULL,'php/uploads/691ccc42524be_Task_1_Permits_Report__19_.pdf',0,'2025-11-18 19:42:58',NULL),(30,11,NULL,NULL,NULL,NULL,NULL,NULL,NULL,NULL,NULL,'Permit_8_Work_at_Height (7).pdf','application/pdf',223835,NULL,'php/uploads/691e1679c712a_Permit_8_Work_at_Height__7_.pdf',0,'2025-11-19 19:11:53',NULL),(32,11,NULL,NULL,NULL,NULL,NULL,NULL,NULL,NULL,NULL,'Task_4_Permits_Report.pdf','application/pdf',62655,NULL,'php/uploads/691e1827517e7_Task_4_Permits_Report.pdf',0,'2025-11-19 19:19:03',NULL),(35,11,NULL,NULL,NULL,NULL,NULL,NULL,NULL,NULL,NULL,'Permit_20_Clearance.pdf','application/pdf',221192,NULL,'php/uploads/691e1d0473cbd_Permit_20_Clearance.pdf',0,'2025-11-19 19:39:48',NULL),(38,8,NULL,NULL,NULL,NULL,NULL,NULL,NULL,NULL,NULL,'Task_1_Permits_Report (27).pdf','application/pdf',386180,NULL,'php/uploads/691e1d1ec3467_Task_1_Permits_Report__27_.pdf',0,'2025-11-19 19:40:14',NULL),(39,20,NULL,NULL,NULL,NULL,NULL,NULL,NULL,NULL,NULL,'Task_4_Permits_Report.pdf','application/pdf',62655,NULL,'php/uploads/691e1d3e322c9_Task_4_Permits_Report.pdf',0,'2025-11-19 19:40:46',NULL),(40,20,NULL,NULL,NULL,NULL,NULL,NULL,NULL,NULL,NULL,'Task_4_Permits_Report.pdf','application/pdf',62655,NULL,'php/uploads/691e1d3e332ac_Task_4_Permits_Report.pdf',0,'2025-11-19 19:40:46',NULL),(41,NULL,54,NULL,NULL,NULL,NULL,NULL,NULL,NULL,NULL,'Permit_20_Clearance.pdf','application/pdf',221192,NULL,'php/uploads/6920c2e41f874_Permit_20_Clearance.pdf',0,'2025-11-21 19:52:04',NULL),(42,NULL,55,NULL,NULL,NULL,NULL,NULL,NULL,NULL,NULL,'Task_4_Permits_Report.pdf','application/pdf',62655,NULL,'php/uploads/6920cb6e6f70f_Task_4_Permits_Report.pdf',0,'2025-11-21 20:28:30',NULL),(43,NULL,56,NULL,NULL,NULL,NULL,NULL,NULL,NULL,NULL,'Permit_8_Work at Height.pdf','application/pdf',223835,NULL,'php/uploads/6920cd00ef2a3_Permit_8_Work_at_Height.pdf',0,'2025-11-21 20:35:12',NULL),(48,NULL,NULL,9,NULL,NULL,NULL,NULL,NULL,NULL,NULL,'Risk_Assessment_4_2025-11-25 (3).pdf','application/pdf',61739,NULL,'php/uploads/6929b2b48755e_Risk_Assessment_4_2025-11-25__3_.pdf',1,'2025-11-28 14:33:24',NULL),(49,NULL,NULL,NULL,NULL,NULL,1,NULL,NULL,NULL,NULL,'EHS MS Document Reception Area Binded.pdf','application/pdf',5272190,NULL,'php/uploads/1774513214_EHS_MS_Document_Reception_Area_Binded.pdf',1,'2026-03-26 08:20:14',NULL),(51,NULL,NULL,NULL,2,NULL,NULL,NULL,NULL,NULL,NULL,'Energy Roadmap 1.pdf','application/pdf',43773,NULL,'php/uploads/1774535232_Energy_Roadmap_1.pdf',1,'2026-03-26 14:27:12',NULL),(54,NULL,NULL,NULL,NULL,NULL,1,NULL,NULL,NULL,NULL,'Process_Analytics_Report_2026-03-26.pdf','application/pdf',51462285,NULL,'php/uploads/1774543425_Process_Analytics_Report_2026-03-26.pdf',5,'2026-03-26 16:43:45',NULL),(55,NULL,NULL,NULL,4,NULL,NULL,NULL,NULL,NULL,NULL,'Note of completing an F-gas Nil report .pdf','application/pdf',945959,NULL,'php/uploads/1774596646_Note_of_completing_an_F-gas_Nil_report_.pdf',5,'2026-03-27 07:30:46',NULL),(56,NULL,1,NULL,NULL,NULL,NULL,NULL,NULL,NULL,NULL,'Amneal Logo new.png','image/png',18240,NULL,'php/uploads/69c673d1b97e6_Amneal_Logo_new.png',5,'2026-03-27 12:10:57',NULL),(57,NULL,1,NULL,NULL,NULL,NULL,NULL,NULL,NULL,NULL,'Amneal Logo new.png','image/png',18240,NULL,'php/uploads/69c673d1bad3c_Amneal_Logo_new.png',5,'2026-03-27 12:10:57',NULL),(58,NULL,NULL,NULL,NULL,1,NULL,NULL,NULL,NULL,NULL,'SORReport Ref 711.pdf','application/pdf',207869,NULL,'php/uploads/1775037907_SORReport_Ref_711.pdf',5,'2026-04-01 10:05:07',NULL),(59,NULL,100,NULL,NULL,NULL,NULL,NULL,NULL,NULL,NULL,'Assembly points.png','image/png',996296,NULL,'php/uploads/69cf72e3931c1_Assembly_points.png',5,'2026-04-03 07:57:23','zxczxcx');
/*!40000 ALTER TABLE `attachments` ENABLE KEYS */;
UNLOCK TABLES;

--
-- Table structure for table `attempt_responses`
--

DROP TABLE IF EXISTS `attempt_responses`;
/*!40101 SET @saved_cs_client     = @@character_set_client */;
/*!40101 SET character_set_client = utf8 */;
CREATE TABLE `attempt_responses` (
  `id` int(11) NOT NULL AUTO_INCREMENT,
  `attempt_id` int(11) NOT NULL,
  `question_id` int(11) NOT NULL,
  `selected_option_id` int(11) DEFAULT NULL,
  `answer_text` text DEFAULT NULL,
  `is_correct` tinyint(1) DEFAULT NULL,
  `points_earned` decimal(5,2) DEFAULT 0.00,
  `response_time_seconds` int(11) DEFAULT 0,
  `answered_at` datetime DEFAULT current_timestamp(),
  PRIMARY KEY (`id`),
  KEY `question_id` (`question_id`),
  KEY `selected_option_id` (`selected_option_id`),
  KEY `idx_attempt_question` (`attempt_id`,`question_id`),
  CONSTRAINT `attempt_responses_ibfk_1` FOREIGN KEY (`attempt_id`) REFERENCES `trainingattempts` (`attempt_id`) ON DELETE CASCADE,
  CONSTRAINT `attempt_responses_ibfk_2` FOREIGN KEY (`question_id`) REFERENCES `quiz_questions` (`id`),
  CONSTRAINT `attempt_responses_ibfk_3` FOREIGN KEY (`selected_option_id`) REFERENCES `question_options` (`id`)
) ENGINE=InnoDB DEFAULT CHARSET=utf8mb4 COLLATE=utf8mb4_general_ci;
/*!40101 SET character_set_client = @saved_cs_client */;

--
-- Dumping data for table `attempt_responses`
--

LOCK TABLES `attempt_responses` WRITE;
/*!40000 ALTER TABLE `attempt_responses` DISABLE KEYS */;
/*!40000 ALTER TABLE `attempt_responses` ENABLE KEYS */;
UNLOCK TABLES;

--
-- Table structure for table `attempt_status`
--

DROP TABLE IF EXISTS `attempt_status`;
/*!40101 SET @saved_cs_client     = @@character_set_client */;
/*!40101 SET character_set_client = utf8 */;
CREATE TABLE `attempt_status` (
  `id` int(11) NOT NULL AUTO_INCREMENT,
  `status_name` varchar(32) NOT NULL,
  PRIMARY KEY (`id`),
  UNIQUE KEY `status_name` (`status_name`)
) ENGINE=InnoDB AUTO_INCREMENT=5 DEFAULT CHARSET=utf8mb4 COLLATE=utf8mb4_general_ci;
/*!40101 SET character_set_client = @saved_cs_client */;

--
-- Dumping data for table `attempt_status`
--

LOCK TABLES `attempt_status` WRITE;
/*!40000 ALTER TABLE `attempt_status` DISABLE KEYS */;
INSERT INTO `attempt_status` VALUES (4,'expired'),(2,'failed'),(3,'incomplete'),(1,'passed');
/*!40000 ALTER TABLE `attempt_status` ENABLE KEYS */;
UNLOCK TABLES;

--
-- Table structure for table `auditlog`
--

DROP TABLE IF EXISTS `auditlog`;
/*!40101 SET @saved_cs_client     = @@character_set_client */;
/*!40101 SET character_set_client = utf8 */;
CREATE TABLE `auditlog` (
  `LogID` int(11) NOT NULL AUTO_INCREMENT,
  `Action` varchar(255) NOT NULL,
  `PerformedBy` int(11) NOT NULL,
  `PerformedAt` datetime DEFAULT current_timestamp(),
  `Details` text DEFAULT NULL,
  `TableAffected` varchar(255) DEFAULT NULL,
  `ActionDetails` longtext CHARACTER SET utf8mb4 COLLATE utf8mb4_bin DEFAULT NULL CHECK (json_valid(`ActionDetails`)),
  PRIMARY KEY (`LogID`),
  KEY `idx_performedby` (`PerformedBy`),
  KEY `idx_performedat` (`PerformedAt`)
) ENGINE=InnoDB AUTO_INCREMENT=26 DEFAULT CHARSET=utf8mb4 COLLATE=utf8mb4_general_ci;
/*!40101 SET character_set_client = @saved_cs_client */;

--
-- Dumping data for table `auditlog`
--

LOCK TABLES `auditlog` WRITE;
/*!40000 ALTER TABLE `auditlog` DISABLE KEYS */;
INSERT INTO `auditlog` VALUES (1,'DELETE',1,'2025-01-08 19:31:19','Deleted record with people_id = 1 from people table',NULL,NULL),(2,'DELETE',18,'2025-01-08 19:38:44','Deleted people_id = 18',NULL,NULL),(3,'DELETE',19,'2025-01-08 19:38:44','Deleted people_id = 19',NULL,NULL),(4,'Test Action',1,'2025-01-08 19:39:15','This is a test log entry',NULL,NULL),(5,'DELETE',24,'2025-01-09 08:16:59','Deleted people_id = 24',NULL,NULL),(6,'DELETE',25,'2025-01-09 08:27:11','Deleted people_id = 25','people',NULL),(7,'DELETE',26,'2025-01-09 08:43:03','Deleted people_id = 26','people',NULL),(8,'DELETE',1,'2025-01-09 08:46:02','Manually tested logging functionality.','people',NULL),(9,'DELETE',27,'2025-01-09 09:40:44','Deleted people_id = 27','people',NULL),(10,'DELETE',29,'2025-01-09 09:53:55','Deleted ApprovalID = 6','approvals',NULL),(11,'DELETE',20,'2025-01-22 14:10:19','Deleted people_id = 20','people',NULL),(12,'DELETE',21,'2025-01-22 14:10:19','Deleted people_id = 21','people',NULL),(13,'DELETE',22,'2025-01-22 14:10:19','Deleted people_id = 22','people',NULL),(14,'DELETE',23,'2025-01-22 14:10:19','Deleted people_id = 23','people',NULL),(15,'DELETE',30,'2025-02-13 13:28:19','Deleted people_id = 30','people',NULL),(16,'CREATE_LINK',1,'2025-12-09 22:01:21','Created link: EventFinding #54 -> Task #102','entity_task_links','{\"link_id\":\"1\",\"sourcetype\":\"EventFinding\",\"sourceid\":54,\"taskid\":102}'),(17,'CREATE_LINK',1,'2025-12-17 15:05:55','Created link: Investigation #7 -> Task #106','entity_task_links','{\"link_id\":\"2\",\"sourcetype\":\"Investigation\",\"sourceid\":7,\"taskid\":106}'),(18,'UPDATE_EVENT',5,'2026-03-26 09:14:10','Updated Event #1','events','{\"event_id\":\"1\",\"changes\":{\"severity\":{\"old\":2,\"new\":1},\"risk_rating\":{\"old\":6,\"new\":3}}}'),(19,'UPDATE_EVENT',5,'2026-03-27 14:22:54','Updated Event #54','events','{\"event_id\":\"54\",\"changes\":{\"event_subcategory\":{\"old\":\"Material\",\"new\":null},\"department_id\":{\"old\":2,\"new\":null}}}'),(20,'UPDATE_EVENT',5,'2026-04-03 07:43:38','Updated Event #54','events','{\"event_id\":\"54\",\"changes\":{\"likelihood\":{\"old\":2,\"new\":3},\"severity\":{\"old\":2,\"new\":3},\"risk_rating\":{\"old\":4,\"new\":9}}}'),(21,'CREATE_EVENT',5,'2026-04-03 08:57:23','Created Event #100 (NonCompliance)','events','{\"event_id\":\"100\",\"event_type\":\"NonCompliance\",\"status\":\"Open\",\"risk_rating\":8}'),(22,'DELETE',5,'2026-04-10 08:05:30','Deleted permit ID: 29','permits',NULL),(23,'CHANGE_PASSWORD',5,'2026-04-27 14:01:30','User changed their own password','personalinformation',NULL),(24,'UPDATE_PROFILE',5,'2026-04-27 14:03:10','User updated their own profile','people',NULL),(25,'UPDATE_PROFILE',5,'2026-04-27 14:21:14','User updated their own profile including username','people/personalinformation',NULL);
/*!40000 ALTER TABLE `auditlog` ENABLE KEYS */;
UNLOCK TABLES;

--
-- Table structure for table `batch_ingredients`
--

DROP TABLE IF EXISTS `batch_ingredients`;
/*!40101 SET @saved_cs_client     = @@character_set_client */;
/*!40101 SET character_set_client = utf8 */;
CREATE TABLE `batch_ingredients` (
  `batch_id` int(11) NOT NULL,
  `ingredient_id` int(11) NOT NULL,
  `quantity` decimal(10,2) NOT NULL,
  PRIMARY KEY (`batch_id`,`ingredient_id`),
  KEY `batch_id` (`batch_id`),
  KEY `ingredient_id` (`ingredient_id`),
  CONSTRAINT `batch_ingredients_ibfk_1` FOREIGN KEY (`batch_id`) REFERENCES `batches` (`batch_id`) ON DELETE CASCADE ON UPDATE CASCADE,
  CONSTRAINT `batch_ingredients_ibfk_2` FOREIGN KEY (`ingredient_id`) REFERENCES `ingredients` (`ingredient_id`) ON UPDATE CASCADE
) ENGINE=InnoDB DEFAULT CHARSET=utf8mb4 COLLATE=utf8mb4_general_ci;
/*!40101 SET character_set_client = @saved_cs_client */;

--
-- Dumping data for table `batch_ingredients`
--

LOCK TABLES `batch_ingredients` WRITE;
/*!40000 ALTER TABLE `batch_ingredients` DISABLE KEYS */;
/*!40000 ALTER TABLE `batch_ingredients` ENABLE KEYS */;
UNLOCK TABLES;

--
-- Table structure for table `batch_steps`
--

DROP TABLE IF EXISTS `batch_steps`;
/*!40101 SET @saved_cs_client     = @@character_set_client */;
/*!40101 SET character_set_client = utf8 */;
CREATE TABLE `batch_steps` (
  `batch_id` int(11) NOT NULL,
  `step_id` int(11) NOT NULL,
  `start_time` datetime NOT NULL,
  `end_time` datetime DEFAULT NULL,
  `notes` text DEFAULT NULL,
  PRIMARY KEY (`batch_id`,`step_id`),
  KEY `batch_id` (`batch_id`),
  KEY `step_id` (`step_id`),
  KEY `idx_process_timing` (`batch_id`,`step_id`),
  CONSTRAINT `batch_steps_ibfk_1` FOREIGN KEY (`batch_id`) REFERENCES `batches` (`batch_id`) ON DELETE CASCADE ON UPDATE CASCADE,
  CONSTRAINT `batch_steps_ibfk_2` FOREIGN KEY (`step_id`) REFERENCES `manufacturing_steps` (`step_id`) ON UPDATE CASCADE
) ENGINE=InnoDB DEFAULT CHARSET=utf8mb4 COLLATE=utf8mb4_general_ci;
/*!40101 SET character_set_client = @saved_cs_client */;

--
-- Dumping data for table `batch_steps`
--

LOCK TABLES `batch_steps` WRITE;
/*!40000 ALTER TABLE `batch_steps` DISABLE KEYS */;
/*!40000 ALTER TABLE `batch_steps` ENABLE KEYS */;
UNLOCK TABLES;

--
-- Table structure for table `batches`
--

DROP TABLE IF EXISTS `batches`;
/*!40101 SET @saved_cs_client     = @@character_set_client */;
/*!40101 SET character_set_client = utf8 */;
CREATE TABLE `batches` (
  `batch_id` int(11) NOT NULL AUTO_INCREMENT,
  `batch_number` varchar(50) NOT NULL,
  `start_time` datetime NOT NULL,
  `end_time` datetime DEFAULT NULL,
  `status` enum('in-progress','completed','failed') NOT NULL,
  `quantity` decimal(10,0) NOT NULL DEFAULT 0,
  `product_id` int(11) DEFAULT NULL,
  `production_line_id` int(11) DEFAULT NULL,
  `reject_qty` int(11) DEFAULT NULL,
  `ProductID` int(11) DEFAULT NULL,
  PRIMARY KEY (`batch_id`),
  KEY `fk_product_id` (`product_id`),
  KEY `fk_production_line` (`production_line_id`),
  KEY `FK_ProductID` (`ProductID`),
  CONSTRAINT `FK_Batches_ProductID` FOREIGN KEY (`product_id`) REFERENCES `materials` (`MaterialID`),
  CONSTRAINT `FK_ProductID` FOREIGN KEY (`ProductID`) REFERENCES `materials` (`MaterialID`),
  CONSTRAINT `fk_batches_product` FOREIGN KEY (`product_id`) REFERENCES `product` (`product_id`),
  CONSTRAINT `fk_product_id` FOREIGN KEY (`product_id`) REFERENCES `product` (`product_id`),
  CONSTRAINT `fk_production_line` FOREIGN KEY (`production_line_id`) REFERENCES `prodlineregister` (`production_line_id`)
) ENGINE=InnoDB AUTO_INCREMENT=412 DEFAULT CHARSET=utf8mb4 COLLATE=utf8mb4_general_ci;
/*!40101 SET character_set_client = @saved_cs_client */;

--
-- Dumping data for table `batches`
--

LOCK TABLES `batches` WRITE;
/*!40000 ALTER TABLE `batches` DISABLE KEYS */;
INSERT INTO `batches` VALUES (1,'BATCH-001','2023-01-01 09:00:00','2023-01-01 17:00:00','completed',420,6,3,1,NULL),(2,'BATCH-002','2023-01-01 09:30:00','2023-01-01 17:30:00','completed',480,8,2,8,NULL),(4,'BATCH-004','2023-01-01 10:30:00','2023-01-01 18:30:00','completed',420,7,1,7,NULL),(5,'BATCH-005','2023-01-01 11:00:00','2023-01-01 19:00:00','in-progress',360,5,2,5,NULL),(6,'BATCH-006','2023-02-02 11:30:00','2023-02-02 19:30:00','completed',430,8,1,7,NULL),(7,'BATCH-007','2023-02-02 12:00:00','2023-02-02 20:00:00','in-progress',390,4,1,8,NULL),(8,'BATCH-008','2023-02-02 12:30:00','2023-02-02 20:30:00','completed',470,2,1,7,NULL),(10,'BATCH-010','2023-03-03 13:30:00','2023-03-03 21:30:00','in-progress',330,2,2,12,NULL),(11,'BATCH-011','2023-03-03 09:00:00','2023-03-03 17:00:00','completed',450,6,2,6,NULL),(13,'BATCH-013','2023-03-03 10:00:00','2023-03-03 18:00:00','in-progress',300,6,2,8,NULL),(14,'BATCH-014','2023-04-04 10:30:00','2023-04-04 18:30:00','completed',400,2,2,5,NULL),(15,'BATCH-015','2023-04-04 11:00:00','2023-04-04 19:00:00','in-progress',380,4,3,3,NULL),(16,'BATCH-016','2023-04-04 11:30:00','2023-04-04 19:30:00','completed',500,2,3,1,NULL),(18,'BATCH-018','2023-05-05 12:30:00','2023-05-05 20:30:00','completed',460,8,2,10,NULL),(19,'BATCH-019','2023-05-05 13:00:00','2023-05-05 21:00:00','completed',520,2,3,4,NULL),(21,'BATCH-021','2023-05-05 09:00:00','2023-05-05 17:00:00','in-progress',330,8,2,9,NULL),(22,'BATCH-022','2023-05-05 09:30:00','2023-05-05 17:30:00','completed',510,7,3,1,NULL),(23,'BATCH-023','2023-06-06 10:00:00','2023-06-06 18:00:00','completed',450,6,1,7,NULL),(24,'BATCH-024','2023-06-06 10:30:00','2023-06-06 18:30:00','in-progress',410,7,2,4,NULL),(27,'BATCH-027','2023-07-07 12:00:00','2023-07-07 20:00:00','in-progress',310,4,2,11,NULL),(28,'BATCH-028','2023-07-07 12:30:00','2023-07-07 20:30:00','completed',400,5,2,10,NULL),(29,'BATCH-029','2023-07-07 13:00:00','2023-07-07 21:00:00','in-progress',320,2,3,4,NULL),(30,'BATCH-030','2023-07-07 13:30:00','2023-07-07 21:30:00','completed',520,3,2,5,NULL),(32,'BATCH-032','2023-08-08 09:30:00','2023-08-08 17:30:00','completed',470,3,2,6,NULL),(33,'BATCH-033','2023-08-08 10:00:00','2023-08-08 18:00:00','completed',530,6,1,8,NULL),(34,'BATCH-034','2023-08-08 10:30:00','2023-08-08 18:30:00','in-progress',420,5,1,11,NULL),(35,'BATCH-035','2023-08-08 11:00:00','2023-08-08 19:00:00','completed',510,2,3,5,NULL),(36,'BATCH-036','2023-09-09 11:30:00','2023-09-09 19:30:00','completed',350,4,2,6,NULL),(37,'BATCH-037','2023-09-09 12:00:00','2023-09-09 20:00:00','in-progress',410,4,1,3,NULL),(38,'BATCH-038','2023-09-09 12:30:00','2023-09-09 20:30:00','completed',440,1,2,11,NULL),(39,'BATCH-002','2023-09-09 13:00:00','2023-09-09 21:00:00','completed',480,3,1,8,NULL),(40,'BATCH-003','2023-10-10 13:30:00','2023-10-10 21:30:00','in-progress',310,7,1,9,NULL),(41,'BATCH-004','2023-10-10 09:00:00','2023-10-10 17:00:00','completed',420,4,3,5,NULL),(42,'BATCH-005','2023-10-10 09:30:00','2023-10-10 17:30:00','in-progress',360,7,1,0,NULL),(43,'BATCH-006','2023-10-10 10:00:00','2023-10-10 18:00:00','completed',400,5,3,10,NULL),(45,'BATCH-008','2023-11-11 11:00:00','2023-11-11 19:00:00','completed',470,7,3,6,NULL),(47,'BATCH-RND-001','2023-11-11 12:00:00','2023-11-11 20:00:00','completed',375,5,3,7,NULL),(48,'BATCH-RND-002','2023-11-11 12:30:00','2023-11-11 20:30:00','in-progress',444,1,3,0,NULL),(50,'BATCH-RND-004','2023-12-12 13:30:00','2023-12-12 21:30:00','in-progress',380,6,2,12,NULL),(51,'BATCH-RND-005','2023-12-12 09:00:00','2023-12-12 17:00:00','completed',516,1,3,9,NULL),(53,'BATCH-RND-007','2024-01-01 10:00:00','2024-01-01 18:00:00','completed',549,5,1,5,NULL),(54,'BATCH-RND-008','2024-01-01 10:30:00','2024-01-01 18:30:00','in-progress',521,4,3,9,NULL),(55,'BATCH-RND-009','2024-01-01 11:00:00','2024-01-01 19:00:00','completed',462,7,1,4,NULL),(56,'BATCH-RND-010','2024-01-01 11:30:00','2024-01-01 19:30:00','in-progress',487,2,2,5,NULL),(58,'BATCH-RND-012','2024-02-02 12:30:00','2024-02-02 20:30:00','completed',343,8,1,6,NULL),(59,'BATCH-RND-013','2024-02-02 13:00:00','2024-02-02 21:00:00','in-progress',443,1,2,2,NULL),(60,'BATCH-024','2024-02-02 13:30:00','2024-02-02 21:30:00','in-progress',410,7,3,3,NULL),(61,'BATCH-023','2024-02-02 09:00:00','2024-02-02 17:00:00','completed',450,6,2,9,NULL),(62,'BATCH-022','2024-03-03 09:30:00','2024-03-03 17:30:00','completed',510,7,3,9,NULL),(63,'BATCH-021','2024-03-03 10:00:00','2024-03-03 18:00:00','in-progress',330,8,1,9,NULL),(65,'BATCH-019','2024-03-03 11:00:00','2024-03-03 19:00:00','completed',520,2,2,9,NULL),(66,'BATCH-018','2024-04-04 11:30:00','2024-04-04 19:30:00','completed',460,8,3,6,NULL),(68,'BATCH-016','2024-04-04 12:30:00','2024-04-04 20:30:00','completed',500,2,2,7,NULL),(69,'BATCH-015','2024-04-04 13:00:00','2024-04-04 21:00:00','in-progress',380,4,2,3,NULL),(70,'BATCH-014','2024-04-04 13:30:00','2024-04-04 21:30:00','completed',400,2,2,9,NULL),(71,'BATCH-013','2024-05-05 09:00:00','2024-05-05 17:00:00','in-progress',300,6,2,11,NULL),(73,'BATCH-011','2024-05-05 10:00:00','2024-05-05 18:00:00','completed',450,6,1,8,NULL),(74,'BATCH-010','2024-05-05 10:30:00','2024-05-05 18:30:00','in-progress',330,2,2,12,NULL),(76,'BATCH-008','2024-06-06 11:30:00','2024-06-06 19:30:00','completed',470,2,3,4,NULL),(77,'BATCH-007','2024-06-06 12:00:00','2024-06-06 20:00:00','in-progress',390,4,3,8,NULL),(78,'BATCH-006','2024-06-06 12:30:00','2024-06-06 20:30:00','completed',430,8,1,4,NULL),(79,'BATCH-005','2024-07-07 13:00:00','2024-07-07 21:00:00','in-progress',360,5,1,6,NULL),(80,'BATCH-004','2024-07-07 13:30:00','2024-07-07 21:30:00','completed',420,7,1,8,NULL),(82,'BATCH-002','2024-07-07 09:30:00','2024-07-07 17:30:00','completed',480,8,2,0,NULL),(83,'BATCH-001','2024-07-07 10:00:00','2024-07-07 18:00:00','completed',420,6,1,4,NULL),(84,'BATCH-RND-011','2024-08-08 10:30:00','2024-08-08 18:30:00','completed',358,8,2,10,NULL),(85,'BATCH-RND-012','2024-08-08 11:00:00','2024-08-08 19:00:00','in-progress',319,2,2,11,NULL),(87,'BATCH-RND-014','2024-08-08 12:00:00','2024-08-08 20:00:00','in-progress',301,5,1,2,NULL),(89,'BATCH-RND-016','2024-09-09 13:00:00','2024-09-09 21:00:00','in-progress',418,3,3,0,NULL),(90,'BATCH-RND-017','2024-09-09 13:30:00','2024-09-09 21:30:00','completed',383,6,3,12,NULL),(91,'BATCH-RND-018','2024-09-09 09:00:00','2024-09-09 17:00:00','in-progress',525,2,3,5,NULL),(92,'BATCH-RND-019','2024-09-09 09:30:00','2024-09-09 17:30:00','completed',521,1,3,5,NULL),(94,'BATCH-RND-021','2024-10-10 10:30:00','2024-10-10 18:30:00','in-progress',565,7,3,0,NULL),(95,'BATCH-RND-022','2024-10-10 11:00:00','2024-10-10 19:00:00','completed',495,3,2,2,NULL),(96,'BATCH-RND-023','2024-10-10 11:30:00','2024-10-10 19:30:00','in-progress',423,3,2,12,NULL),(97,'BATCH-RND-011','2024-11-11 12:00:00','2024-11-11 20:00:00','completed',335,7,3,2,NULL),(99,'BATCH-RND-013','2024-11-11 13:00:00','2024-11-11 21:00:00','completed',407,3,2,12,NULL),(100,'BATCH-RND-014','2024-11-11 13:30:00','2024-11-11 21:30:00','in-progress',317,7,1,6,NULL),(101,'BATCH-RND-015','2024-12-12 09:00:00','2024-12-12 17:00:00','completed',571,7,2,6,NULL),(105,'BATCH-RND-019','2024-12-12 11:00:00','2024-12-12 19:00:00','completed',493,8,3,8,NULL),(106,'BATCH-RND-020','2025-01-01 11:30:00','2025-01-01 19:30:00','in-progress',580,4,1,1,NULL),(107,'BATCH-RND-021','2025-01-01 12:00:00','2025-01-01 20:00:00','in-progress',573,6,3,5,NULL),(108,'BATCH-RND-022','2025-01-01 12:30:00','2025-01-01 20:30:00','completed',560,8,2,12,NULL),(110,'BATCH-RND-1','2025-01-01 16:00:00','2025-01-01 19:00:00','in-progress',320,3,3,6,NULL),(111,'BATCH-RND-1','2025-01-01 17:00:00','2025-01-01 21:00:00','completed',382,2,3,10,NULL),(112,'BATCH-RND-1','2025-01-01 19:00:00','2025-01-01 01:00:00','completed',444,2,3,13,NULL),(113,'BATCH-RND-1','2025-01-01 15:00:00','2025-01-01 19:00:00','completed',416,3,2,6,NULL),(114,'BATCH-RND-1','2025-01-01 11:00:00','2025-01-01 15:00:00','completed',548,1,1,3,NULL),(115,'BATCH-RND-1','2025-01-01 20:00:00','2025-01-01 23:00:00','completed',260,1,1,1,NULL),(116,'BATCH-RND-1','2025-01-01 21:00:00','2025-01-01 02:00:00','in-progress',274,1,1,6,NULL),(117,'BATCH-RND-1','2025-01-01 21:00:00','2025-01-01 00:00:00','completed',542,2,1,11,NULL),(118,'BATCH-RND-1','2025-01-01 21:00:00','2025-01-01 01:00:00','completed',528,1,1,12,NULL),(119,'BATCH-RND-1','2025-01-01 20:00:00','2025-01-01 00:00:00','completed',561,1,3,13,NULL),(120,'BATCH-RND-1','2025-01-01 18:00:00','2025-01-01 23:00:00','in-progress',404,3,2,6,NULL),(121,'BATCH-RND-1','2025-01-01 20:00:00','2025-01-01 03:00:00','in-progress',310,2,1,8,NULL),(122,'BATCH-RND-1','2025-01-01 17:00:00','2025-01-01 23:00:00','completed',421,3,3,1,NULL),(123,'BATCH-RND-1','2025-01-01 14:00:00','2025-01-01 18:00:00','in-progress',354,2,2,6,NULL),(124,'BATCH-RND-1','2025-01-01 20:00:00','2025-01-01 23:00:00','in-progress',535,2,3,2,NULL),(125,'BATCH-RND-1','2025-01-01 16:00:00','2025-01-01 19:00:00','in-progress',548,2,3,9,NULL),(126,'BATCH-RND-1','2025-01-01 14:00:00','2025-01-01 18:00:00','in-progress',480,3,1,10,NULL),(127,'BATCH-RND-1','2025-01-01 15:00:00','2025-01-01 20:00:00','completed',563,2,2,8,NULL),(128,'BATCH-RND-1','2025-01-01 10:00:00','2025-01-01 15:00:00','in-progress',309,1,3,7,NULL),(129,'BATCH-RND-1','2025-01-01 13:00:00','2025-01-01 20:00:00','completed',541,2,2,12,NULL),(130,'BATCH-RND-1','2025-01-01 16:00:00','2025-01-01 21:00:00','in-progress',535,2,3,4,NULL),(131,'BATCH-RND-1','2025-01-01 11:00:00','2025-01-01 14:00:00','in-progress',288,3,2,4,NULL),(132,'BATCH-RND-1','2025-01-01 18:00:00','2025-01-01 22:00:00','in-progress',320,3,3,0,NULL),(133,'BATCH-RND-1','2025-01-01 21:00:00','2025-01-01 03:00:00','completed',515,3,2,14,NULL),(134,'BATCH-RND-1','2025-01-01 18:00:00','2025-01-01 00:00:00','completed',281,2,3,5,NULL),(135,'BATCH-RND-1','2025-01-01 20:00:00','2025-01-01 03:00:00','in-progress',274,2,1,9,NULL),(136,'BATCH-RND-1','2025-01-01 16:00:00','2025-01-01 21:00:00','completed',293,1,2,14,NULL),(137,'BATCH-RND-1','2025-01-01 21:00:00','2025-01-01 04:00:00','in-progress',563,1,2,6,NULL),(138,'BATCH-RND-1','2025-01-01 15:00:00','2025-01-01 22:00:00','in-progress',255,3,1,3,NULL),(139,'BATCH-RND-1','2025-01-01 19:00:00','2025-01-01 22:00:00','completed',359,1,1,7,NULL),(140,'BATCH-RND-1','2025-01-01 14:00:00','2025-01-01 20:00:00','in-progress',284,3,1,11,NULL),(141,'BATCH-RND-1','2025-02-02 11:00:00','2025-02-02 14:00:00','completed',145,2,2,4,NULL),(142,'BATCH-RND-1','2025-02-02 19:00:00','2025-02-02 22:00:00','in-progress',124,1,2,9,NULL),(143,'BATCH-RND-1','2025-02-02 15:00:00','2025-02-02 22:00:00','completed',258,3,3,10,NULL),(144,'BATCH-RND-1','2025-02-02 12:00:00','2025-02-02 17:00:00','in-progress',366,1,3,7,NULL),(145,'BATCH-RND-1','2025-02-02 13:00:00','2025-02-02 17:00:00','in-progress',104,2,3,12,NULL),(146,'BATCH-RND-1','2025-02-02 13:00:00','2025-02-02 20:00:00','completed',106,3,2,9,NULL),(147,'BATCH-RND-1','2025-02-02 19:00:00','2025-02-02 02:00:00','completed',106,3,1,12,NULL),(148,'BATCH-RND-1','2025-02-02 12:00:00','2025-02-02 18:00:00','in-progress',431,3,3,13,NULL),(149,'BATCH-RND-1','2025-02-02 13:00:00','2025-02-02 16:00:00','completed',124,2,2,9,NULL),(150,'BATCH-RND-1','2025-02-02 12:00:00','2025-02-02 17:00:00','completed',289,1,2,1,NULL),(151,'BATCH-RND-1','2025-02-02 15:00:00','2025-02-02 21:00:00','completed',108,3,1,10,NULL),(152,'BATCH-RND-1','2025-02-02 19:00:00','2025-02-02 23:00:00','completed',331,1,1,3,NULL),(153,'BATCH-RND-1','2025-02-02 10:00:00','2025-02-02 18:00:00','completed',126,1,1,8,NULL),(154,'BATCH-RND-1','2025-02-02 14:00:00','2025-02-02 21:00:00','in-progress',148,1,2,3,NULL),(155,'BATCH-RND-1','2025-02-02 12:00:00','2025-02-02 19:00:00','completed',104,2,2,12,NULL),(156,'BATCH-RND-1','2025-02-02 16:00:00','2025-02-02 20:00:00','in-progress',120,3,1,4,NULL),(157,'BATCH-RND-1','2025-02-02 18:00:00','2025-02-02 23:00:00','completed',135,3,2,14,NULL),(158,'BATCH-RND-1','2025-02-02 11:00:00','2025-02-02 18:00:00','in-progress',310,3,1,6,NULL),(159,'BATCH-RND-1','2025-02-02 20:00:00','2025-02-02 01:00:00','completed',129,2,2,4,NULL),(160,'BATCH-RND-1','2025-02-02 17:00:00','2025-02-02 21:00:00','completed',147,2,3,11,NULL),(161,'BATCH-RND-1','2025-02-02 21:00:00','2025-02-02 00:00:00','in-progress',103,3,3,9,NULL),(162,'BATCH-RND-1','2025-02-02 12:00:00','2025-02-02 17:00:00','completed',263,3,1,4,NULL),(163,'BATCH-RND-1','2025-02-02 13:00:00','2025-02-02 21:00:00','completed',100,2,2,0,NULL),(164,'BATCH-RND-1','2025-02-02 16:00:00','2025-02-02 19:00:00','in-progress',257,3,2,1,NULL),(165,'BATCH-RND-1','2025-02-02 13:00:00','2025-02-02 17:00:00','in-progress',566,3,2,0,NULL),(166,'BATCH-RND-1','2025-02-02 21:00:00','2025-02-02 00:00:00','in-progress',298,2,3,7,NULL),(167,'BATCH-RND-1','2025-02-02 13:00:00','2025-02-02 18:00:00','in-progress',595,1,2,1,NULL),(168,'BATCH-RND-1','2025-02-02 21:00:00','2025-03-03 03:00:00','in-progress',400,2,2,9,NULL),(169,'BATCH-RND-1','2025-03-03 13:00:00','2025-03-03 20:00:00','in-progress',425,3,2,8,NULL),(170,'BATCH-RND-1','2025-03-03 15:00:00','2025-03-03 21:00:00','in-progress',403,2,3,9,NULL),(171,'BATCH-RND-1','2025-03-03 17:00:00','2025-03-03 23:00:00','in-progress',269,3,1,3,NULL),(172,'BATCH-RND-1','2025-03-03 19:00:00','2025-03-03 02:00:00','in-progress',473,2,1,6,NULL),(173,'BATCH-RND-1','2025-03-03 21:00:00','2025-03-03 04:00:00','in-progress',346,2,1,2,NULL),(174,'BATCH-RND-1','2025-03-03 10:00:00','2025-03-03 17:00:00','completed',412,1,3,8,NULL),(175,'BATCH-RND-1','2025-03-03 14:00:00','2025-03-03 19:00:00','in-progress',325,3,2,2,NULL),(176,'BATCH-RND-1','2025-03-03 10:00:00','2025-03-03 13:00:00','in-progress',412,2,3,12,NULL),(177,'BATCH-RND-1','2025-03-03 17:00:00','2025-03-03 22:00:00','in-progress',253,3,2,0,NULL),(178,'BATCH-RND-1','2025-03-03 10:00:00','2025-03-03 15:00:00','in-progress',145,2,2,13,NULL),(179,'BATCH-RND-1','2025-03-03 16:00:00','2025-03-03 23:00:00','in-progress',347,2,1,5,NULL),(180,'BATCH-RND-1','2025-03-03 18:00:00','2025-03-03 22:00:00','completed',230,1,1,7,NULL),(181,'BATCH-RND-1','2025-03-03 18:00:00','2025-03-03 00:00:00','in-progress',236,1,2,2,NULL),(182,'BATCH-RND-1','2025-03-03 13:00:00','2025-03-03 19:00:00','in-progress',312,1,3,14,NULL),(183,'BATCH-RND-1','2025-03-03 11:00:00','2025-03-03 14:00:00','in-progress',263,2,1,11,NULL),(184,'BATCH-RND-1','2025-03-03 15:00:00','2025-03-03 18:00:00','completed',478,3,3,5,NULL),(185,'BATCH-RND-1','2025-03-03 19:00:00','2025-03-03 02:00:00','in-progress',203,3,3,7,NULL),(186,'BATCH-RND-1','2025-03-03 16:00:00','2025-03-03 23:00:00','in-progress',125,2,3,1,NULL),(187,'BATCH-RND-1','2025-03-03 10:00:00','2025-03-03 15:00:00','in-progress',402,2,2,12,NULL),(188,'BATCH-RND-1','2025-03-03 12:00:00','2025-03-03 20:00:00','in-progress',372,3,2,13,NULL),(189,'BATCH-RND-1','2025-03-03 12:00:00','2025-03-03 19:00:00','completed',100,1,2,7,NULL),(190,'BATCH-RND-1','2025-03-03 12:00:00','2025-03-03 19:00:00','in-progress',120,3,1,10,NULL),(191,'BATCH-RND-1','2025-03-03 14:00:00','2025-03-03 20:00:00','in-progress',201,3,1,10,NULL),(192,'BATCH-RND-1','2025-03-03 14:00:00','2025-03-03 18:00:00','completed',325,2,3,8,NULL),(193,'BATCH-RND-1','2025-03-03 11:00:00','2025-03-03 16:00:00','completed',478,2,2,13,NULL),(194,'BATCH-RND-1','2025-03-03 10:00:00','2025-03-03 13:00:00','in-progress',432,3,3,12,NULL),(195,'BATCH-RND-1','2025-03-03 15:00:00','2025-03-03 20:00:00','in-progress',240,1,3,14,NULL),(196,'BATCH-RND-1','2025-03-03 11:00:00','2025-03-03 14:00:00','in-progress',251,3,2,10,NULL),(197,'BATCH-RND-1','2025-03-03 12:00:00','2025-03-03 20:00:00','in-progress',210,1,1,7,NULL),(198,'BATCH-RND-1','2025-03-03 11:00:00','2025-03-03 14:00:00','in-progress',310,2,2,8,NULL),(199,'BATCH-RND-1','2025-03-03 17:00:00','2025-04-04 00:00:00','in-progress',474,1,2,6,NULL),(200,'BATCH-RND-200','2025-04-04 13:30:00','2025-04-04 22:30:00','completed',479,2,3,13,2),(201,'BATCH-RND-201','2025-04-04 11:00:00','2025-04-04 18:00:00','completed',574,8,3,12,6),(203,'BATCH-RND-212','2025-05-11 08:00:00','2025-05-11 18:00:00','in-progress',387,4,2,15,4),(204,'BATCH-RND-213','2025-05-16 08:00:00','2025-05-16 14:00:00','completed',426,4,3,2,4),(205,'BATCH-RND-214','2025-05-19 08:00:00','2025-05-19 18:00:00','in-progress',596,2,1,2,2),(206,'BATCH-RND-215','2025-05-24 08:00:00','2025-05-24 14:00:00','in-progress',450,4,1,2,4),(207,'BATCH-RND-216','2025-05-31 08:00:00','2025-05-31 18:00:00','in-progress',576,3,2,11,3),(208,'BATCH-RND-217','2025-06-03 08:00:00','2025-06-03 17:00:00','in-progress',487,5,3,6,5),(209,'BATCH-RND-218','2025-06-09 08:00:00','2025-06-09 16:00:00','completed',511,5,3,9,5),(210,'BATCH-RND-219','2025-06-13 08:00:00','2025-06-13 17:00:00','completed',530,1,1,10,1),(211,'BATCH-RND-220','2025-06-19 08:00:00','2025-06-19 17:00:00','in-progress',554,3,1,5,3),(212,'BATCH-RND-221','2025-06-26 08:00:00','2025-06-26 16:00:00','completed',401,1,1,14,1),(213,'BATCH-RND-222','2025-07-01 08:00:00','2025-07-01 15:00:00','in-progress',586,5,3,3,5),(214,'BATCH-RND-223','2025-07-04 08:00:00','2025-07-04 15:00:00','in-progress',418,5,2,5,5),(215,'BATCH-RND-224','2025-07-10 08:00:00','2025-07-10 17:00:00','completed',479,5,1,14,5),(216,'BATCH-RND-225','2025-07-15 08:00:00','2025-07-15 14:00:00','in-progress',438,3,3,8,3),(217,'BATCH-RND-226','2025-07-22 08:00:00','2025-07-22 17:00:00','in-progress',550,2,1,3,2),(218,'BATCH-RND-227','2025-07-25 08:00:00','2025-07-25 17:00:00','in-progress',575,5,2,3,5),(219,'BATCH-RND-228','2025-07-31 08:00:00','2025-07-31 15:00:00','completed',375,2,3,8,2),(220,'BATCH-RND-229','2025-08-06 08:00:00','2025-08-06 18:00:00','in-progress',410,3,3,1,3),(221,'BATCH-RND-230','2025-08-10 08:00:00','2025-08-10 15:00:00','completed',440,2,2,7,2),(222,'BATCH-RND-231','2025-08-14 08:00:00','2025-08-14 16:00:00','completed',542,5,1,5,5),(223,'BATCH-RND-232','2025-08-21 08:00:00','2025-08-21 16:00:00','in-progress',393,1,1,13,1),(224,'BATCH-RND-233','2025-08-24 08:00:00','2025-08-24 17:00:00','completed',545,5,2,2,5),(225,'BATCH-RND-234','2025-08-31 08:00:00','2025-08-31 17:00:00','completed',555,3,2,15,3),(226,'BATCH-RND-235','2025-09-06 08:00:00','2025-09-06 18:00:00','completed',364,2,2,8,2),(227,'BATCH-RND-236','2025-09-10 08:00:00','2025-09-10 14:00:00','in-progress',522,5,1,9,5),(228,'BATCH-RND-237','2025-09-15 08:00:00','2025-09-15 16:00:00','in-progress',422,1,3,15,1),(229,'BATCH-RND-238','2025-09-20 08:00:00','2025-09-20 17:00:00','completed',593,3,1,13,3),(230,'BATCH-RND-239','2025-09-25 08:00:00','2025-09-25 16:00:00','completed',548,5,1,6,5),(231,'BATCH-RND-240','2025-09-28 08:00:00','2025-09-28 14:00:00','completed',484,5,1,6,5),(232,'BATCH-RND-241','2025-10-03 08:00:00','2025-10-03 17:00:00','completed',463,1,1,5,1),(233,'BATCH-RND-242','2025-10-09 08:00:00','2025-10-09 15:00:00','in-progress',575,2,1,1,2),(234,'BATCH-RND-243','2025-10-12 08:00:00','2025-10-12 18:00:00','completed',447,1,3,8,1),(235,'BATCH-RND-244','2025-10-15 08:00:00','2025-10-15 15:00:00','completed',486,3,3,15,3),(236,'BATCH-RND-245','2025-10-18 08:00:00','2025-10-18 17:00:00','in-progress',483,3,1,8,3),(237,'BATCH-RND-246','2025-10-22 08:00:00','2025-10-22 14:00:00','in-progress',409,3,3,10,3),(238,'BATCH-RND-247','2025-10-25 08:00:00','2025-10-25 17:00:00','in-progress',374,2,3,12,2),(239,'BATCH-RND-248','2025-10-29 08:00:00','2025-10-29 16:00:00','in-progress',569,4,1,4,4),(240,'BATCH-RND-249','2025-11-03 08:00:00','2025-11-03 14:00:00','in-progress',388,3,3,14,3),(241,'BATCH-RND-250','2025-11-08 08:00:00','2025-11-08 15:00:00','in-progress',453,3,2,15,3),(242,'B001','2025-11-14 06:00:00','2025-11-14 14:30:00','in-progress',242,3,2,0,3),(243,'B002','2025-11-17 07:30:00','2025-11-17 16:00:00','in-progress',125,4,2,0,2),(244,'B003','2025-11-20 08:15:00','2025-11-20 15:45:00','in-progress',358,2,1,10,3),(245,'B004','2025-11-14 06:26:24','2025-11-14 14:26:24','in-progress',456,3,1,5,4),(266,'BATCH-RND-221','2026-01-04 08:00:00','2026-01-04 16:00:00','completed',401,1,1,14,1),(267,'BATCH-RND-222','2026-01-06 08:00:00','2026-01-06 15:00:00','in-progress',586,5,3,3,5),(268,'BATCH-RND-223','2026-01-08 08:00:00','2026-01-08 15:00:00','in-progress',418,5,2,5,5),(269,'BATCH-RND-224','2026-01-11 08:00:00','2026-01-11 17:00:00','completed',479,5,1,14,5),(270,'BATCH-RND-225','2026-01-13 08:00:00','2026-01-13 14:00:00','in-progress',438,3,3,8,3),(271,'BATCH-RND-226','2026-01-15 08:00:00','2026-01-15 17:00:00','in-progress',550,2,1,3,2),(272,'BATCH-RND-227','2026-01-18 08:00:00','2026-01-18 17:00:00','in-progress',575,5,2,3,5),(273,'BATCH-RND-228','2026-01-20 08:00:00','2026-01-20 15:00:00','completed',375,2,3,8,2),(274,'BATCH-RND-229','2026-01-22 08:00:00','2026-01-22 18:00:00','in-progress',410,3,3,1,3),(275,'BATCH-RND-230','2026-01-25 08:00:00','2026-01-25 15:00:00','completed',440,2,2,7,2),(276,'BATCH-RND-231','2026-01-27 08:00:00','2026-01-27 16:00:00','completed',542,5,1,5,5),(277,'BATCH-RND-232','2026-01-29 08:00:00','2026-01-29 16:00:00','in-progress',393,1,1,13,1),(278,'BATCH-RND-233','2026-02-01 08:00:00','2026-02-01 17:00:00','completed',545,5,2,2,5),(279,'BATCH-RND-234','2026-02-03 08:00:00','2026-02-03 17:00:00','completed',555,3,2,15,3),(280,'BATCH-RND-235','2026-02-05 08:00:00','2026-02-05 18:00:00','completed',364,2,2,8,2),(281,'BATCH-RND-236','2026-02-08 08:00:00','2026-02-08 14:00:00','in-progress',522,5,1,9,5),(282,'BATCH-RND-237','2026-02-10 08:00:00','2026-02-10 16:00:00','in-progress',422,1,3,15,1),(283,'BATCH-RND-238','2026-02-12 08:00:00','2026-02-12 17:00:00','completed',593,3,1,13,3),(284,'BATCH-RND-239','2026-02-15 08:00:00','2026-02-15 16:00:00','completed',548,5,1,6,5),(285,'BATCH-RND-240','2026-02-17 08:00:00','2026-02-17 14:00:00','completed',484,5,1,6,5),(286,'BATCH-RND-241','2026-02-19 08:00:00','2026-02-19 17:00:00','completed',463,1,1,5,1),(287,'BATCH-RND-242','2026-02-22 08:00:00','2026-02-22 15:00:00','in-progress',575,2,1,1,2),(288,'BATCH-RND-243','2026-02-24 08:00:00','2026-02-24 18:00:00','completed',447,1,3,8,1),(289,'BATCH-RND-244','2026-02-26 08:00:00','2026-02-26 15:00:00','completed',486,3,3,15,3),(290,'BATCH-RND-245','2026-03-02 08:00:00','2026-03-02 17:00:00','in-progress',483,3,1,8,3),(291,'BATCH-RND-246','2026-03-04 08:00:00','2026-03-04 14:00:00','in-progress',409,3,3,10,3),(292,'BATCH-RND-247','2026-03-06 08:00:00','2026-03-06 17:00:00','in-progress',374,2,3,12,2),(293,'BATCH-RND-248','2026-03-09 08:00:00','2026-03-09 16:00:00','in-progress',569,4,1,4,4),(294,'BATCH-RND-249','2026-03-11 08:00:00','2026-03-11 14:00:00','in-progress',388,3,3,14,3),(295,'BATCH-RND-250','2026-03-13 08:00:00','2026-03-13 15:00:00','in-progress',453,3,2,15,3),(296,'B001','2026-03-16 06:00:00','2026-03-16 14:30:00','in-progress',242,3,2,0,3),(297,'B002','2026-03-18 07:30:00','2026-03-18 16:00:00','in-progress',125,4,2,0,2),(298,'B003','2026-03-20 08:15:00','2026-03-20 15:45:00','in-progress',358,2,1,10,3),(299,'B004','2026-03-23 06:26:24','2026-03-23 14:26:24','in-progress',456,3,1,5,4),(300,'B-MAR-859','2026-03-23 08:00:00','2026-03-23 14:00:00','in-progress',443,3,3,4,NULL),(301,'B-MAR-733','2026-03-25 08:00:00','2026-03-25 14:00:00','failed',490,5,3,7,NULL),(302,'B-MAR-589','2026-03-27 08:00:00','2026-03-27 16:00:00','in-progress',499,1,3,5,NULL),(303,'B-MAR-233','2026-03-29 08:00:00','2026-03-29 13:00:00','completed',470,5,3,4,NULL),(304,'B-MAR-461','2026-03-31 08:00:00','2026-03-31 19:00:00','in-progress',515,4,2,6,NULL),(305,'B-APR-426','2026-04-02 08:00:00','2026-04-02 19:00:00','failed',581,2,1,1,NULL),(306,'B-APR-574','2026-04-04 08:00:00','2026-04-04 13:00:00','completed',330,5,3,8,NULL),(307,'B-APR-512','2026-04-06 08:00:00','2026-04-06 18:00:00','failed',351,5,2,2,NULL),(308,'B-APR-889','2026-04-08 08:00:00','2026-04-08 17:00:00','failed',417,5,2,8,NULL),(309,'B-APR-209','2026-04-10 08:00:00','2026-04-10 15:00:00','failed',436,1,3,1,NULL),(310,'B-APR-346','2026-04-12 08:00:00','2026-04-12 18:00:00','completed',514,2,3,8,NULL),(311,'B-APR-380','2026-04-14 08:00:00','2026-04-14 13:00:00','failed',412,5,2,7,NULL),(312,'B-APR-129','2026-04-16 08:00:00','2026-04-16 12:00:00','in-progress',487,4,2,2,NULL),(313,'B-APR-928','2026-04-18 08:00:00','2026-04-18 18:00:00','completed',504,1,2,6,NULL),(314,'B-APR-695','2026-04-20 08:00:00','2026-04-20 17:00:00','completed',532,5,3,1,NULL),(315,'B-APR-642','2026-04-22 08:00:00','2026-04-22 16:00:00','in-progress',412,5,1,6,NULL),(316,'B-APR-969','2026-04-24 08:00:00','2026-04-24 12:00:00','in-progress',581,1,3,0,NULL),(317,'B-APR-306','2026-04-26 08:00:00','2026-04-26 12:00:00','completed',509,3,1,8,NULL),(318,'B-APR-997','2026-04-28 08:00:00','2026-04-28 18:00:00','failed',366,2,1,7,NULL),(319,'B-APR-994','2026-04-30 08:00:00','2026-04-30 19:00:00','completed',520,2,3,0,NULL),(320,'B-MAY-398','2026-05-02 08:00:00','2026-05-02 16:00:00','failed',395,1,1,4,NULL),(321,'B-MAY-270','2026-05-04 08:00:00','2026-05-04 17:00:00','completed',305,2,3,5,NULL),(322,'B-MAY-269','2026-05-06 08:00:00','2026-05-06 16:00:00','in-progress',456,5,3,6,NULL),(323,'B-MAY-572','2026-05-08 08:00:00','2026-05-08 18:00:00','in-progress',342,5,3,0,NULL),(324,'B-MAY-180','2026-05-10 08:00:00','2026-05-10 14:00:00','completed',572,3,1,2,NULL),(325,'B-MAY-215','2026-05-12 08:00:00','2026-05-12 12:00:00','failed',430,3,3,3,NULL),(326,'B-MAY-469','2026-05-14 08:00:00','2026-05-14 13:00:00','completed',597,3,2,3,NULL),(327,'B-MAY-156','2026-05-16 08:00:00','2026-05-16 13:00:00','failed',350,5,1,9,NULL),(328,'B-MAY-764','2026-05-18 08:00:00','2026-05-18 13:00:00','failed',332,4,3,7,NULL),(329,'B-MAY-583','2026-05-20 08:00:00','2026-05-20 17:00:00','failed',448,4,1,0,NULL),(330,'B-MAY-240','2026-05-22 08:00:00','2026-05-22 17:00:00','failed',453,3,1,6,NULL),(331,'B-MAY-964','2026-05-24 08:00:00','2026-05-24 19:00:00','failed',306,1,3,10,NULL),(332,'B-MAY-656','2026-05-26 08:00:00','2026-05-26 14:00:00','failed',426,1,1,1,NULL),(333,'B-MAY-852','2026-05-28 08:00:00','2026-05-28 17:00:00','in-progress',541,2,2,7,NULL),(334,'B-MAY-849','2026-05-30 08:00:00','2026-05-30 12:00:00','completed',557,3,1,0,NULL),(335,'B-JUN-984','2026-06-01 08:00:00','2026-06-01 17:00:00','completed',582,3,3,9,NULL),(336,'B-JUN-681','2026-06-03 08:00:00','2026-06-03 16:00:00','in-progress',598,3,1,0,NULL),(337,'B-JUN-568','2026-06-05 08:00:00','2026-06-05 14:00:00','in-progress',417,1,1,3,NULL),(338,'B-JUN-409','2026-06-07 08:00:00','2026-06-07 17:00:00','completed',314,2,1,6,NULL),(339,'B-JUN-103','2026-06-09 08:00:00','2026-06-09 14:00:00','completed',487,4,1,9,NULL),(340,'B-JUN-813','2026-06-11 08:00:00','2026-06-11 15:00:00','failed',374,3,2,5,NULL),(341,'B-JUN-728','2026-06-13 08:00:00','2026-06-13 12:00:00','in-progress',388,2,1,8,NULL),(342,'B-JUN-834','2026-06-15 08:00:00','2026-06-15 18:00:00','failed',575,5,2,4,NULL),(343,'B-JUN-386','2026-06-17 08:00:00','2026-06-17 14:00:00','completed',565,4,1,2,NULL),(344,'B-JUN-935','2026-06-19 08:00:00','2026-06-19 19:00:00','failed',304,5,1,0,NULL),(345,'B-JUN-155','2026-06-21 08:00:00','2026-06-21 12:00:00','in-progress',454,1,1,6,NULL),(346,'B-JUN-387','2026-06-23 08:00:00','2026-06-23 18:00:00','in-progress',447,5,3,7,NULL),(347,'B-JUN-872','2026-06-25 08:00:00','2026-06-25 13:00:00','completed',373,3,2,4,NULL),(348,'B-JUN-519','2026-06-27 08:00:00','2026-06-27 12:00:00','failed',559,5,1,6,NULL),(349,'B-JUN-920','2026-06-29 08:00:00','2026-06-29 17:00:00','completed',503,5,1,7,NULL),(350,'B-JUL-445','2026-07-01 08:00:00','2026-07-01 18:00:00','in-progress',544,5,3,7,NULL),(351,'B-JUL-945','2026-07-03 08:00:00','2026-07-03 16:00:00','in-progress',595,3,2,4,NULL),(352,'B-JUL-999','2026-07-05 08:00:00','2026-07-05 17:00:00','failed',428,5,2,1,NULL),(353,'B-JUL-662','2026-07-07 08:00:00','2026-07-07 17:00:00','completed',533,5,1,4,NULL),(354,'B-JUL-285','2026-07-09 08:00:00','2026-07-09 17:00:00','failed',302,4,3,1,NULL),(355,'B-JUL-660','2026-07-11 08:00:00','2026-07-11 18:00:00','failed',463,5,2,7,NULL),(356,'B-JUL-373','2026-07-13 08:00:00','2026-07-13 14:00:00','failed',412,2,3,9,NULL),(357,'B-JUL-817','2026-07-15 08:00:00','2026-07-15 14:00:00','failed',347,5,2,3,NULL),(358,'B-JUL-820','2026-07-17 08:00:00','2026-07-17 13:00:00','completed',400,3,3,0,NULL),(359,'B-JUL-489','2026-07-19 08:00:00','2026-07-19 19:00:00','completed',485,3,1,8,NULL),(360,'B-JUL-512','2026-07-21 08:00:00','2026-07-21 12:00:00','failed',494,1,1,5,NULL),(361,'B-JUL-170','2026-07-23 08:00:00','2026-07-23 19:00:00','completed',319,3,2,10,NULL),(362,'B-JUL-475','2026-07-25 08:00:00','2026-07-25 12:00:00','in-progress',500,4,3,1,NULL),(363,'B-JUL-892','2026-07-27 08:00:00','2026-07-27 12:00:00','failed',428,5,2,5,NULL),(364,'B-JUL-150','2026-07-29 08:00:00','2026-07-29 18:00:00','failed',545,3,1,10,NULL),(365,'B-JUL-693','2026-07-31 08:00:00','2026-07-31 16:00:00','failed',536,5,1,4,NULL),(366,'B-AUG-331','2026-08-02 08:00:00','2026-08-02 12:00:00','failed',522,2,1,5,NULL),(367,'B-AUG-326','2026-08-04 08:00:00','2026-08-04 18:00:00','completed',374,2,1,0,NULL),(368,'B-AUG-150','2026-08-06 08:00:00','2026-08-06 14:00:00','in-progress',502,1,2,6,NULL),(369,'B-AUG-370','2026-08-08 08:00:00','2026-08-08 17:00:00','in-progress',484,1,3,0,NULL),(370,'B-AUG-544','2026-08-10 08:00:00','2026-08-10 14:00:00','in-progress',464,4,1,5,NULL),(371,'B-AUG-213','2026-08-12 08:00:00','2026-08-12 12:00:00','failed',455,4,1,0,NULL),(372,'B-AUG-521','2026-08-14 08:00:00','2026-08-14 13:00:00','completed',534,3,1,10,NULL),(373,'B-AUG-952','2026-08-16 08:00:00','2026-08-16 18:00:00','in-progress',408,2,3,3,NULL),(374,'B-AUG-661','2026-08-18 08:00:00','2026-08-18 12:00:00','failed',408,3,3,1,NULL),(375,'B-AUG-526','2026-08-20 08:00:00','2026-08-20 19:00:00','in-progress',432,1,2,5,NULL),(376,'B-AUG-563','2026-08-22 08:00:00','2026-08-22 19:00:00','in-progress',392,5,1,9,NULL),(377,'B-AUG-647','2026-08-24 08:00:00','2026-08-24 14:00:00','failed',563,3,2,9,NULL),(378,'B-AUG-243','2026-08-26 08:00:00','2026-08-26 13:00:00','in-progress',477,2,1,1,NULL),(379,'B-AUG-447','2026-08-28 08:00:00','2026-08-28 17:00:00','in-progress',331,3,1,10,NULL),(380,'B-AUG-849','2026-08-30 08:00:00','2026-08-30 14:00:00','in-progress',454,2,3,6,NULL),(381,'B-SEP-289','2026-09-01 08:00:00','2026-09-01 14:00:00','in-progress',350,4,1,7,NULL),(382,'B-SEP-992','2026-09-03 08:00:00','2026-09-03 18:00:00','in-progress',429,4,3,8,NULL),(383,'B-SEP-600','2026-09-05 08:00:00','2026-09-05 16:00:00','in-progress',389,5,2,9,NULL),(384,'B-SEP-769','2026-09-07 08:00:00','2026-09-07 13:00:00','failed',547,1,1,9,NULL),(385,'B-SEP-324','2026-09-09 08:00:00','2026-09-09 17:00:00','completed',355,4,3,0,NULL),(386,'B-SEP-746','2026-09-11 08:00:00','2026-09-11 16:00:00','completed',390,3,1,6,NULL),(387,'B-SEP-660','2026-09-13 08:00:00','2026-09-13 13:00:00','in-progress',494,3,1,1,NULL),(388,'B-SEP-800','2026-09-15 08:00:00','2026-09-15 15:00:00','in-progress',344,2,2,8,NULL),(389,'B-SEP-830','2026-09-17 08:00:00','2026-09-17 17:00:00','in-progress',347,4,3,6,NULL),(390,'B-SEP-124','2026-09-19 08:00:00','2026-09-19 13:00:00','in-progress',306,4,1,1,NULL),(391,'B-SEP-934','2026-09-21 08:00:00','2026-09-21 14:00:00','failed',439,2,1,2,NULL),(392,'B-SEP-479','2026-09-23 08:00:00','2026-09-23 15:00:00','failed',564,5,3,1,NULL),(393,'B-SEP-935','2026-09-25 08:00:00','2026-09-25 12:00:00','failed',371,1,2,0,NULL),(394,'B-SEP-341','2026-09-27 08:00:00','2026-09-27 13:00:00','in-progress',428,3,2,1,NULL),(395,'B-SEP-726','2026-09-29 08:00:00','2026-09-29 12:00:00','in-progress',427,5,3,3,NULL),(396,'B-OCT-470','2026-10-01 08:00:00','2026-10-01 12:00:00','in-progress',350,4,2,3,NULL),(397,'B-OCT-824','2026-10-03 08:00:00','2026-10-03 19:00:00','completed',408,3,1,3,NULL),(398,'B-OCT-120','2026-10-05 08:00:00','2026-10-05 14:00:00','completed',578,3,1,6,NULL),(399,'B-OCT-687','2026-10-07 08:00:00','2026-10-07 16:00:00','failed',566,4,3,5,NULL),(400,'B-OCT-603','2026-10-09 08:00:00','2026-10-09 13:00:00','in-progress',454,5,1,10,NULL),(401,'B-OCT-414','2026-10-11 08:00:00','2026-10-11 18:00:00','in-progress',484,2,3,8,NULL),(402,'B-OCT-900','2026-10-13 08:00:00','2026-10-13 13:00:00','in-progress',398,1,3,1,NULL),(403,'B-OCT-620','2026-10-15 08:00:00','2026-10-15 15:00:00','completed',449,4,1,2,NULL),(404,'B-OCT-469','2026-10-17 08:00:00','2026-10-17 13:00:00','in-progress',399,4,1,4,NULL),(405,'B-OCT-990','2026-10-19 08:00:00','2026-10-19 17:00:00','completed',510,3,2,4,NULL),(406,'B-OCT-795','2026-10-21 08:00:00','2026-10-21 17:00:00','in-progress',438,2,1,1,NULL),(407,'B-OCT-936','2026-10-23 08:00:00','2026-10-23 14:00:00','failed',502,2,1,10,NULL),(408,'B-OCT-552','2026-10-25 08:00:00','2026-10-25 16:00:00','in-progress',577,4,2,4,NULL),(409,'B-OCT-612','2026-10-27 08:00:00','2026-10-27 17:00:00','completed',308,2,2,8,NULL),(410,'B-OCT-431','2026-10-29 08:00:00','2026-10-29 15:00:00','failed',469,5,1,3,NULL),(411,'B-OCT-627','2026-10-31 08:00:00','2026-10-31 19:00:00','failed',411,2,3,10,NULL);
/*!40000 ALTER TABLE `batches` ENABLE KEYS */;
UNLOCK TABLES;

--
-- Table structure for table `change_request_actions`
--

DROP TABLE IF EXISTS `change_request_actions`;
/*!40101 SET @saved_cs_client     = @@character_set_client */;
/*!40101 SET character_set_client = utf8 */;
CREATE TABLE `change_request_actions` (
  `id` int(11) NOT NULL AUTO_INCREMENT,
  `change_request_id` int(11) NOT NULL,
  `action_description` varchar(255) NOT NULL,
  PRIMARY KEY (`id`),
  KEY `change_request_id` (`change_request_id`),
  CONSTRAINT `change_request_actions_ibfk_1` FOREIGN KEY (`change_request_id`) REFERENCES `change_requests` (`change_request_id`) ON DELETE CASCADE
) ENGINE=InnoDB AUTO_INCREMENT=4 DEFAULT CHARSET=utf8mb4 COLLATE=utf8mb4_general_ci;
/*!40101 SET character_set_client = @saved_cs_client */;

--
-- Dumping data for table `change_request_actions`
--

LOCK TABLES `change_request_actions` WRITE;
/*!40000 ALTER TABLE `change_request_actions` DISABLE KEYS */;
INSERT INTO `change_request_actions` VALUES (1,1,'Process safety assessment'),(2,1,'Ergonomics review'),(3,1,'Energy safety assessment');
/*!40000 ALTER TABLE `change_request_actions` ENABLE KEYS */;
UNLOCK TABLES;

--
-- Table structure for table `change_requests`
--

DROP TABLE IF EXISTS `change_requests`;
/*!40101 SET @saved_cs_client     = @@character_set_client */;
/*!40101 SET character_set_client = utf8 */;
CREATE TABLE `change_requests` (
  `change_request_id` int(11) NOT NULL AUTO_INCREMENT,
  `request_name` varchar(255) NOT NULL,
  `request_description` text NOT NULL,
  `requested_by` int(11) DEFAULT NULL,
  `assigned_to` int(11) DEFAULT NULL,
  `event_id` int(11) DEFAULT NULL,
  `status` enum('Submitted','Reviewed','Approved','Rejected','Implemented') NOT NULL DEFAULT 'Submitted',
  `compliance_reference` varchar(255) DEFAULT NULL,
  `created_date` timestamp NOT NULL DEFAULT current_timestamp(),
  `project_id` int(11) DEFAULT NULL,
  PRIMARY KEY (`change_request_id`),
  KEY `finding_id` (`event_id`),
  KEY `project_id` (`project_id`),
  KEY `fk_change_request_assigned_to` (`assigned_to`),
  CONSTRAINT `change_requests_ibfk_2` FOREIGN KEY (`project_id`) REFERENCES `projects` (`project_id`) ON DELETE SET NULL,
  CONSTRAINT `fk_change_request_assigned_to` FOREIGN KEY (`assigned_to`) REFERENCES `people` (`people_id`) ON DELETE SET NULL,
  CONSTRAINT `fk_change_request_event` FOREIGN KEY (`event_id`) REFERENCES `operational_events` (`event_id`) ON DELETE CASCADE
) ENGINE=InnoDB AUTO_INCREMENT=2 DEFAULT CHARSET=utf8mb4 COLLATE=utf8mb4_general_ci;
/*!40101 SET character_set_client = @saved_cs_client */;

--
-- Dumping data for table `change_requests`
--

LOCK TABLES `change_requests` WRITE;
/*!40000 ALTER TABLE `change_requests` DISABLE KEYS */;
INSERT INTO `change_requests` VALUES (1,'Spill Cleanup Procedure Update','Review and update spill procedures',2,5,1,'Submitted',NULL,'2025-03-13 13:50:14',NULL);
/*!40000 ALTER TABLE `change_requests` ENABLE KEYS */;
UNLOCK TABLES;

--
-- Table structure for table `changecontrol`
--

DROP TABLE IF EXISTS `changecontrol`;
/*!40101 SET @saved_cs_client     = @@character_set_client */;
/*!40101 SET character_set_client = utf8 */;
CREATE TABLE `changecontrol` (
  `id` int(11) NOT NULL AUTO_INCREMENT,
  `target_date` date DEFAULT NULL,
  `impacted_sites` varchar(255) DEFAULT NULL,
  `market` varchar(255) DEFAULT NULL,
  `title` varchar(255) DEFAULT NULL,
  `change_from` text DEFAULT NULL,
  `change_to` text DEFAULT NULL,
  `change_type` enum('Major','Minor') DEFAULT NULL,
  `justification` text DEFAULT NULL,
  `created_at` timestamp NOT NULL DEFAULT current_timestamp(),
  `regulatory_approval` enum('Yes','No') DEFAULT 'No',
  `status` enum('Pending','Approved','Rejected') DEFAULT 'Pending',
  `product_details` text DEFAULT NULL,
  `combination_product` enum('Yes','No') DEFAULT 'No',
  `material_component` varchar(255) DEFAULT NULL,
  `document_type_details` text DEFAULT NULL,
  `risk_assessment` varchar(255) DEFAULT NULL,
  `visual_aide` enum('Yes','No') DEFAULT 'No',
  `logbooks_impact` varchar(255) DEFAULT NULL,
  `rf_smart_impact` enum('Yes','No') DEFAULT 'No',
  `training_required` enum('Yes','No') DEFAULT 'No',
  `training_type` enum('Classroom','Self Training') DEFAULT 'Classroom',
  PRIMARY KEY (`id`)
) ENGINE=InnoDB AUTO_INCREMENT=9 DEFAULT CHARSET=utf8mb4 COLLATE=utf8mb4_general_ci;
/*!40101 SET character_set_client = @saved_cs_client */;

--
-- Dumping data for table `changecontrol`
--

LOCK TABLES `changecontrol` WRITE;
/*!40000 ALTER TABLE `changecontrol` DISABLE KEYS */;
INSERT INTO `changecontrol` VALUES (1,'2024-02-15','Site A, Site B','US Market','New API Implementation','Old process','Updated API usage','Major','Regulatory compliance update','2025-02-12 08:25:31','Yes','Pending',NULL,'No',NULL,NULL,NULL,'No',NULL,'No','No','Classroom'),(2,'2024-02-20','Global Sites','EU Market','Packaging Redesign','Old carton dimensions','New sustainable packaging','Minor','Reducing waste footprint','2025-02-12 08:25:31','No','Approved',NULL,'No',NULL,NULL,NULL,'No',NULL,'No','No','Classroom'),(3,'2024-03-05','Site C','Asia Market','Sterilization Process Enhancement','Manual sterilization','Automated high-temp process','Major','GMP compliance improvement','2025-02-12 08:25:31','Yes','Pending',NULL,'No',NULL,NULL,NULL,'No',NULL,'No','No','Classroom'),(4,'2024-03-12','Site D','Local Market','Excipient Supplier Change','Supplier X','Supplier Y','Minor','Supply chain risk mitigation','2025-02-12 08:25:31','No','Rejected',NULL,'No',NULL,NULL,NULL,'No',NULL,'No','No','Classroom'),(5,'2024-11-15','Site A, Site B','US','API Change for Manufacturing','Old API formulation','New API formulation','Major','Regulatory requirement compliance','2025-02-12 11:50:17','No','Pending',NULL,'No',NULL,NULL,NULL,'No',NULL,'No','No','Classroom'),(6,'2024-12-01','Site C','EU','Sterilization Process Enhancement','Manual sterilization','Automated sterilization','Minor','Improve process efficiency and GMP compliance','2025-02-12 11:50:17','No','Pending',NULL,'No',NULL,NULL,NULL,'No',NULL,'No','No','Classroom'),(7,'2024-12-10','Global Sites','Asia','Packaging Redesign','Plastic blister pack','Recyclable paper pack','Minor','Reduce environmental footprint and comply with EU regulations','2025-02-12 11:50:17','No','Pending',NULL,'No',NULL,NULL,NULL,'No',NULL,'No','No','Classroom'),(8,'2026-08-20','Site Daa','Canada','Excipient Supplier Change xxx','Old supplier','New supplier with better quality','Major','Mitigate supply chain risks and ensure quality consistency','2025-02-12 11:50:17','No','Pending','','No','','','','No','','No','No','Classroom');
/*!40000 ALTER TABLE `changecontrol` ENABLE KEYS */;
UNLOCK TABLES;

--
-- Table structure for table `checklist_actions`
--

DROP TABLE IF EXISTS `checklist_actions`;
/*!40101 SET @saved_cs_client     = @@character_set_client */;
/*!40101 SET character_set_client = utf8 */;
CREATE TABLE `checklist_actions` (
  `action_id` int(11) NOT NULL AUTO_INCREMENT,
  `question_id` int(11) DEFAULT NULL,
  `action_description` varchar(255) NOT NULL,
  PRIMARY KEY (`action_id`),
  KEY `question_id` (`question_id`),
  CONSTRAINT `checklist_actions_ibfk_1` FOREIGN KEY (`question_id`) REFERENCES `checklist_questions` (`question_id`) ON DELETE CASCADE
) ENGINE=InnoDB AUTO_INCREMENT=6 DEFAULT CHARSET=utf8mb4 COLLATE=utf8mb4_general_ci;
/*!40101 SET character_set_client = @saved_cs_client */;

--
-- Dumping data for table `checklist_actions`
--

LOCK TABLES `checklist_actions` WRITE;
/*!40000 ALTER TABLE `checklist_actions` DISABLE KEYS */;
INSERT INTO `checklist_actions` VALUES (1,1,'Process safety assessment'),(2,1,'Ergonomics review'),(3,2,'Equipment safety review'),(4,3,'Energy safety assessment'),(5,4,'Chemical risk assessment');
/*!40000 ALTER TABLE `checklist_actions` ENABLE KEYS */;
UNLOCK TABLES;

--
-- Table structure for table `checklist_questions`
--

DROP TABLE IF EXISTS `checklist_questions`;
/*!40101 SET @saved_cs_client     = @@character_set_client */;
/*!40101 SET character_set_client = utf8 */;
CREATE TABLE `checklist_questions` (
  `question_id` int(11) NOT NULL AUTO_INCREMENT,
  `question_text` varchar(255) NOT NULL,
  `category` varchar(50) NOT NULL,
  PRIMARY KEY (`question_id`)
) ENGINE=InnoDB AUTO_INCREMENT=5 DEFAULT CHARSET=utf8mb4 COLLATE=utf8mb4_general_ci;
/*!40101 SET character_set_client = @saved_cs_client */;

--
-- Dumping data for table `checklist_questions`
--

LOCK TABLES `checklist_questions` WRITE;
/*!40000 ALTER TABLE `checklist_questions` DISABLE KEYS */;
INSERT INTO `checklist_questions` VALUES (1,'Does the change introduce a new process?','Process'),(2,'Does the change introduce new equipment?','Equipment'),(3,'Does the change introduce a new energy source?','Energy'),(4,'Does the change introduce a new chemical?','Chemical');
/*!40000 ALTER TABLE `checklist_questions` ENABLE KEYS */;
UNLOCK TABLES;

--
-- Table structure for table `checklist_responses`
--

DROP TABLE IF EXISTS `checklist_responses`;
/*!40101 SET @saved_cs_client     = @@character_set_client */;
/*!40101 SET character_set_client = utf8 */;
CREATE TABLE `checklist_responses` (
  `response_id` int(11) NOT NULL AUTO_INCREMENT,
  `change_request_id` int(11) NOT NULL,
  `question_id` int(11) NOT NULL,
  `response` enum('Yes','No') NOT NULL,
  PRIMARY KEY (`response_id`),
  KEY `change_request_id` (`change_request_id`),
  KEY `question_id` (`question_id`),
  CONSTRAINT `checklist_responses_ibfk_1` FOREIGN KEY (`change_request_id`) REFERENCES `change_requests` (`change_request_id`) ON DELETE CASCADE,
  CONSTRAINT `checklist_responses_ibfk_2` FOREIGN KEY (`question_id`) REFERENCES `checklist_questions` (`question_id`) ON DELETE CASCADE
) ENGINE=InnoDB AUTO_INCREMENT=5 DEFAULT CHARSET=utf8mb4 COLLATE=utf8mb4_general_ci;
/*!40101 SET character_set_client = @saved_cs_client */;

--
-- Dumping data for table `checklist_responses`
--

LOCK TABLES `checklist_responses` WRITE;
/*!40000 ALTER TABLE `checklist_responses` DISABLE KEYS */;
INSERT INTO `checklist_responses` VALUES (1,1,1,'Yes'),(2,1,2,'No'),(3,1,3,'Yes'),(4,1,4,'No');
/*!40000 ALTER TABLE `checklist_responses` ENABLE KEYS */;
UNLOCK TABLES;

--
-- Table structure for table `component_types`
--

DROP TABLE IF EXISTS `component_types`;
/*!40101 SET @saved_cs_client     = @@character_set_client */;
/*!40101 SET character_set_client = utf8 */;
CREATE TABLE `component_types` (
  `component_type_id` int(11) NOT NULL AUTO_INCREMENT,
  `type_name` enum('Purpose','People','Process','Plant','Place','Product','Energy') NOT NULL,
  PRIMARY KEY (`component_type_id`)
) ENGINE=InnoDB AUTO_INCREMENT=15 DEFAULT CHARSET=utf8mb4 COLLATE=utf8mb4_general_ci;
/*!40101 SET character_set_client = @saved_cs_client */;

--
-- Dumping data for table `component_types`
--

LOCK TABLES `component_types` WRITE;
/*!40000 ALTER TABLE `component_types` DISABLE KEYS */;
INSERT INTO `component_types` VALUES (1,'Purpose'),(2,'People'),(3,'Process'),(4,'Plant'),(5,'Place'),(6,'Product'),(7,'Energy'),(8,'Purpose'),(9,'People'),(10,'Process'),(11,'Plant'),(12,'Place'),(13,'Product'),(14,'Energy');
/*!40000 ALTER TABLE `component_types` ENABLE KEYS */;
UNLOCK TABLES;

--
-- Table structure for table `components_registry`
--

DROP TABLE IF EXISTS `components_registry`;
/*!40101 SET @saved_cs_client     = @@character_set_client */;
/*!40101 SET character_set_client = utf8 */;
CREATE TABLE `components_registry` (
  `component_id` bigint(20) NOT NULL AUTO_INCREMENT,
  `component_type_id` int(11) NOT NULL,
  `ref_table` varchar(64) NOT NULL,
  `ref_id` bigint(20) NOT NULL,
  `display_name` varchar(255) NOT NULL,
  PRIMARY KEY (`component_id`),
  UNIQUE KEY `uq_component` (`ref_table`,`ref_id`),
  KEY `component_type_id` (`component_type_id`),
  KEY `idx_components_ref` (`ref_table`,`ref_id`),
  CONSTRAINT `components_registry_ibfk_1` FOREIGN KEY (`component_type_id`) REFERENCES `component_types` (`component_type_id`)
) ENGINE=InnoDB AUTO_INCREMENT=25 DEFAULT CHARSET=utf8mb4 COLLATE=utf8mb4_general_ci;
/*!40101 SET character_set_client = @saved_cs_client */;

--
-- Dumping data for table `components_registry`
--

LOCK TABLES `components_registry` WRITE;
/*!40000 ALTER TABLE `components_registry` DISABLE KEYS */;
INSERT INTO `components_registry` VALUES (1,1,'projects',101,'Project #101'),(2,7,'energy',3,'Energy: Electrical Energy'),(3,7,'energy',4,'Energy: Thermal Energy'),(4,7,'energy',5,'Energy: Chemical Energy'),(5,7,'energy',8,'Energy: Radiant Energy'),(6,7,'energy',9,'Energy: Nuclear Energy'),(7,7,'energy',10,'Energy: Acoustic Energy'),(8,7,'energy',15,'Energy: Bioenergy'),(9,7,'energy',16,'Energy: Tidal Energy'),(10,7,'energy',17,'Energy: Geothermal Energy'),(11,7,'energy',18,'Energy: Hydrogen Energy'),(12,7,'energy',20,'Energy: Mechanical Energy');
/*!40000 ALTER TABLE `components_registry` ENABLE KEYS */;
UNLOCK TABLES;

--
-- Table structure for table `conflicting_permits`
--

DROP TABLE IF EXISTS `conflicting_permits`;
/*!40101 SET @saved_cs_client     = @@character_set_client */;
/*!40101 SET character_set_client = utf8 */;
CREATE TABLE `conflicting_permits` (
  `permit_id` int(11) NOT NULL,
  `conflicting_permit_id` int(11) NOT NULL,
  `conflict_type` enum('Area','Energy','Isolation') DEFAULT NULL,
  `resolved` tinyint(1) DEFAULT 0,
  PRIMARY KEY (`permit_id`,`conflicting_permit_id`),
  KEY `conflicting_permit_id` (`conflicting_permit_id`),
  CONSTRAINT `conflicting_permits_ibfk_1` FOREIGN KEY (`permit_id`) REFERENCES `permits` (`permit_id`),
  CONSTRAINT `conflicting_permits_ibfk_2` FOREIGN KEY (`conflicting_permit_id`) REFERENCES `permits` (`permit_id`)
) ENGINE=InnoDB DEFAULT CHARSET=utf8mb4 COLLATE=utf8mb4_general_ci;
/*!40101 SET character_set_client = @saved_cs_client */;

--
-- Dumping data for table `conflicting_permits`
--

LOCK TABLES `conflicting_permits` WRITE;
/*!40000 ALTER TABLE `conflicting_permits` DISABLE KEYS */;
/*!40000 ALTER TABLE `conflicting_permits` ENABLE KEYS */;
UNLOCK TABLES;

--
-- Table structure for table `control_categories`
--

DROP TABLE IF EXISTS `control_categories`;
/*!40101 SET @saved_cs_client     = @@character_set_client */;
/*!40101 SET character_set_client = utf8 */;
CREATE TABLE `control_categories` (
  `control_category_id` int(11) NOT NULL AUTO_INCREMENT,
  `category_name` varchar(255) NOT NULL,
  `description` text NOT NULL,
  PRIMARY KEY (`control_category_id`),
  UNIQUE KEY `category_name` (`category_name`)
) ENGINE=InnoDB AUTO_INCREMENT=6 DEFAULT CHARSET=utf8mb4 COLLATE=utf8mb4_general_ci;
/*!40101 SET character_set_client = @saved_cs_client */;

--
-- Dumping data for table `control_categories`
--

LOCK TABLES `control_categories` WRITE;
/*!40000 ALTER TABLE `control_categories` DISABLE KEYS */;
INSERT INTO `control_categories` VALUES (1,'Elimination','Completely removing the hazard to eliminate the associated risk.'),(2,'Substitution','Replacing the hazard with a less hazardous alternative.'),(3,'Engineering Controls','Using engineering measures like barriers or redesigns to isolate people from hazards.'),(4,'Administrative Controls','Implementing policies, training, or procedures to minimize risks.'),(5,'PPE','Providing Personal Protective Equipment (PPE) to protect individuals from hazards.');
/*!40000 ALTER TABLE `control_categories` ENABLE KEYS */;
UNLOCK TABLES;

--
-- Table structure for table `control_types`
--

DROP TABLE IF EXISTS `control_types`;
/*!40101 SET @saved_cs_client     = @@character_set_client */;
/*!40101 SET character_set_client = utf8 */;
CREATE TABLE `control_types` (
  `control_type_id` int(11) NOT NULL AUTO_INCREMENT,
  `type_name` varchar(255) NOT NULL,
  `description` text DEFAULT NULL,
  PRIMARY KEY (`control_type_id`),
  UNIQUE KEY `type_name` (`type_name`)
) ENGINE=InnoDB AUTO_INCREMENT=6 DEFAULT CHARSET=utf8mb4 COLLATE=utf8mb4_unicode_ci;
/*!40101 SET character_set_client = @saved_cs_client */;

--
-- Dumping data for table `control_types`
--

LOCK TABLES `control_types` WRITE;
/*!40000 ALTER TABLE `control_types` DISABLE KEYS */;
INSERT INTO `control_types` VALUES (1,'Elimination',NULL),(2,'Substitution',NULL),(3,'Engineering',NULL),(4,'Administrative',NULL),(5,'PPE',NULL);
/*!40000 ALTER TABLE `control_types` ENABLE KEYS */;
UNLOCK TABLES;

--
-- Table structure for table `control_verifications`
--

DROP TABLE IF EXISTS `control_verifications`;
/*!40101 SET @saved_cs_client     = @@character_set_client */;
/*!40101 SET character_set_client = utf8 */;
CREATE TABLE `control_verifications` (
  `verification_id` bigint(20) NOT NULL AUTO_INCREMENT,
  `control_id` int(11) NOT NULL,
  `verified_by` int(11) DEFAULT NULL,
  `verified_at` datetime DEFAULT current_timestamp(),
  `result` enum('Effective','Partially Effective','Not Effective') NOT NULL,
  `remarks` text DEFAULT NULL,
  PRIMARY KEY (`verification_id`),
  KEY `control_id` (`control_id`),
  CONSTRAINT `control_verifications_ibfk_1` FOREIGN KEY (`control_id`) REFERENCES `controls` (`control_id`)
) ENGINE=InnoDB AUTO_INCREMENT=2 DEFAULT CHARSET=utf8mb4 COLLATE=utf8mb4_general_ci;
/*!40101 SET character_set_client = @saved_cs_client */;

--
-- Dumping data for table `control_verifications`
--

LOCK TABLES `control_verifications` WRITE;
/*!40000 ALTER TABLE `control_verifications` DISABLE KEYS */;
INSERT INTO `control_verifications` VALUES (1,6,23,'2025-10-23 10:50:41','Effective','Guard in place, LOTO applied');
/*!40000 ALTER TABLE `control_verifications` ENABLE KEYS */;
UNLOCK TABLES;

--
-- Table structure for table `controls`
--

DROP TABLE IF EXISTS `controls`;
/*!40101 SET @saved_cs_client     = @@character_set_client */;
/*!40101 SET character_set_client = utf8 */;
CREATE TABLE `controls` (
  `control_id` int(11) NOT NULL AUTO_INCREMENT,
  `hazard_id` int(11) NOT NULL,
  `control_description` text NOT NULL,
  `control_type_id` int(11) NOT NULL,
  `status` enum('Pending','Implemented','In Progress','Reviewed') DEFAULT 'Pending',
  `implementation_date` date DEFAULT NULL,
  `review_date` date DEFAULT NULL,
  `responsible_person_id` int(11) DEFAULT NULL,
  PRIMARY KEY (`control_id`),
  KEY `risk_id` (`hazard_id`),
  KEY `control_type_id` (`control_type_id`),
  KEY `fk_controls_responsible` (`responsible_person_id`),
  CONSTRAINT `controls_ibfk_2` FOREIGN KEY (`control_type_id`) REFERENCES `control_categories` (`control_category_id`) ON DELETE CASCADE,
  CONSTRAINT `fk_controls_hazard` FOREIGN KEY (`hazard_id`) REFERENCES `hazards` (`hazard_id`) ON DELETE CASCADE,
  CONSTRAINT `fk_controls_responsible` FOREIGN KEY (`responsible_person_id`) REFERENCES `people` (`people_id`) ON DELETE CASCADE,
  CONSTRAINT `fk_controls_responsible_person` FOREIGN KEY (`responsible_person_id`) REFERENCES `people` (`people_id`),
  CONSTRAINT `fk_controls_type` FOREIGN KEY (`control_type_id`) REFERENCES `control_types` (`control_type_id`)
) ENGINE=InnoDB AUTO_INCREMENT=22 DEFAULT CHARSET=utf8mb4 COLLATE=utf8mb4_general_ci;
/*!40101 SET character_set_client = @saved_cs_client */;

--
-- Dumping data for table `controls`
--

LOCK TABLES `controls` WRITE;
/*!40000 ALTER TABLE `controls` DISABLE KEYS */;
INSERT INTO `controls` VALUES (6,2,'Fit temporary guard and LOTO',1,'','2025-10-23',NULL,NULL),(7,2,'',1,NULL,NULL,NULL,NULL),(10,4,'dfgdf',1,'Implemented',NULL,NULL,NULL),(15,2,'Upgrade pressure monitoring system',2,'Pending',NULL,'2026-02-15',2),(16,2,'Implement predictive maintenance program',1,'Implemented','2025-10-20','2026-10-20',4),(19,4,'Upgrade gas detection system',2,'Pending',NULL,'2026-04-01',8),(20,4,'Implement gas leak drill procedures',3,'Reviewed','2025-12-01','2026-12-01',10),(21,105,'ewrw',1,'Pending',NULL,NULL,NULL);
/*!40000 ALTER TABLE `controls` ENABLE KEYS */;
UNLOCK TABLES;

--
-- Table structure for table `department_roles`
--

DROP TABLE IF EXISTS `department_roles`;
/*!40101 SET @saved_cs_client     = @@character_set_client */;
/*!40101 SET character_set_client = utf8 */;
CREATE TABLE `department_roles` (
  `DepartmentID` int(11) NOT NULL,
  `RoleID` int(11) NOT NULL,
  PRIMARY KEY (`DepartmentID`,`RoleID`),
  KEY `RoleID` (`RoleID`),
  CONSTRAINT `department_roles_ibfk_1` FOREIGN KEY (`DepartmentID`) REFERENCES `departments` (`department_id`),
  CONSTRAINT `department_roles_ibfk_2` FOREIGN KEY (`RoleID`) REFERENCES `roles` (`RoleID`)
) ENGINE=InnoDB DEFAULT CHARSET=utf8mb4 COLLATE=utf8mb4_general_ci;
/*!40101 SET character_set_client = @saved_cs_client */;

--
-- Dumping data for table `department_roles`
--

LOCK TABLES `department_roles` WRITE;
/*!40000 ALTER TABLE `department_roles` DISABLE KEYS */;
/*!40000 ALTER TABLE `department_roles` ENABLE KEYS */;
UNLOCK TABLES;

--
-- Table structure for table `departments`
--

DROP TABLE IF EXISTS `departments`;
/*!40101 SET @saved_cs_client     = @@character_set_client */;
/*!40101 SET character_set_client = utf8 */;
CREATE TABLE `departments` (
  `department_id` int(11) NOT NULL AUTO_INCREMENT,
  `DepartmentName` varchar(100) NOT NULL,
  `Location` varchar(100) DEFAULT NULL,
  `area_id` int(11) DEFAULT NULL,
  PRIMARY KEY (`department_id`),
  KEY `fk_department_area` (`area_id`),
  CONSTRAINT `fk_department_area` FOREIGN KEY (`area_id`) REFERENCES `areas` (`area_id`) ON DELETE SET NULL
) ENGINE=InnoDB AUTO_INCREMENT=48 DEFAULT CHARSET=utf8mb4 COLLATE=utf8mb4_general_ci;
/*!40101 SET character_set_client = @saved_cs_client */;

--
-- Dumping data for table `departments`
--

LOCK TABLES `departments` WRITE;
/*!40000 ALTER TABLE `departments` DISABLE KEYS */;
INSERT INTO `departments` VALUES (1,'Administration','Main Office',NULL),(2,'Compliance','Main Office',NULL),(3,'Document Control','Main Office',NULL),(4,'Engineering','Manufacturing Plant',NULL),(5,'Environmental','Main Office',NULL),(6,'Facilities','Main Office',NULL),(7,'Finance','Main Office',NULL),(8,'Finishing','Manufacturing Plant',NULL),(9,'Health, Safety, and Environment','Main Office',NULL),(10,'Human Resources','Main Office',NULL),(11,'IT and Technology Integration','Main Office',NULL),(12,'Laboratory Microbiology','Quality Control Lab',NULL),(13,'Laboratory QC','Quality Control Lab',NULL),(14,'Legal Affairs','Main Office',NULL),(15,'Logistics','Main Office',NULL),(16,'Maintenance','Manufacturing Plant',NULL),(17,'Manufacturing','Manufacturing Plant',NULL),(18,'Marketing','Main Office',NULL),(19,'Office and Reception','Main Office',NULL),(20,'Packaging','Manufacturing Plant',NULL),(21,'Procurement and Purchasing','Main Office',NULL),(22,'Product Development','R&D Center',NULL),(23,'Production','Manufacturing Plant',NULL),(24,'Project Management','Main Office',NULL),(25,'Public Relations','Main Office',NULL),(26,'Quality Assurance','Main Office',NULL),(27,'Quality Control','Quality Control Lab',NULL),(28,'Regulatory Affairs','Main Office',NULL),(29,'Regulatory Affairs - CMC','Main Office',NULL),(30,'Research and Development','R&D Center',NULL),(31,'Sales','Main Office',NULL),(32,'Supply Chain','Main Office',NULL),(33,'Sustainability','Main Office',NULL),(34,'Training','Main Office',NULL),(35,'Utilities','Manufacturing Plant',NULL),(36,'Warehouse','Warehouse',NULL),(37,'Work-in-Progress (WIP)','Manufacturing Plant',NULL),(38,'Medical Affairs','Main Office',NULL),(39,'Pharmacovigilance','Main Office',NULL),(40,'Validation','Main Office',NULL),(41,'Quality Control Microbiology','Quality Control Lab',NULL),(42,'HR','Main Office',NULL),(43,'IT','Main Office',NULL),(44,'Operations','Manufacturing Plant',NULL),(47,'Permit','User',NULL);
/*!40000 ALTER TABLE `departments` ENABLE KEYS */;
UNLOCK TABLES;

--
-- Table structure for table `document_access_logs`
--

DROP TABLE IF EXISTS `document_access_logs`;
/*!40101 SET @saved_cs_client     = @@character_set_client */;
/*!40101 SET character_set_client = utf8 */;
CREATE TABLE `document_access_logs` (
  `id` int(11) NOT NULL AUTO_INCREMENT,
  `DocumentID` int(11) DEFAULT NULL,
  `VersionID` int(11) DEFAULT NULL,
  `training_assignment_id` int(11) NOT NULL,
  `UserID` int(11) DEFAULT NULL,
  `access_type` enum('view','download','print') DEFAULT 'view',
  `access_time` datetime DEFAULT current_timestamp(),
  `time_spent_seconds` int(11) DEFAULT 0,
  `ip_address` varchar(45) DEFAULT NULL,
  `user_agent` text DEFAULT NULL,
  PRIMARY KEY (`id`),
  KEY `idx_assignment_access` (`training_assignment_id`,`access_time`),
  KEY `fk_accesslogs_document` (`DocumentID`),
  KEY `fk_accesslogs_version` (`VersionID`),
  CONSTRAINT `document_access_logs_ibfk_1` FOREIGN KEY (`training_assignment_id`) REFERENCES `training_assignments` (`id`),
  CONSTRAINT `fk_accesslogs_document` FOREIGN KEY (`DocumentID`) REFERENCES `documents` (`DocumentID`),
  CONSTRAINT `fk_accesslogs_version` FOREIGN KEY (`VersionID`) REFERENCES `documentversions` (`VersionID`),
  CONSTRAINT `fk_training_assignment_id` FOREIGN KEY (`training_assignment_id`) REFERENCES `training_assignments` (`id`)
) ENGINE=InnoDB AUTO_INCREMENT=2 DEFAULT CHARSET=utf8mb4 COLLATE=utf8mb4_general_ci;
/*!40101 SET character_set_client = @saved_cs_client */;

--
-- Dumping data for table `document_access_logs`
--

LOCK TABLES `document_access_logs` WRITE;
/*!40000 ALTER TABLE `document_access_logs` DISABLE KEYS */;
INSERT INTO `document_access_logs` VALUES (1,33,30,2,28,'view','2025-11-15 07:08:24',0,NULL,NULL);
/*!40000 ALTER TABLE `document_access_logs` ENABLE KEYS */;
UNLOCK TABLES;

--
-- Table structure for table `document_types`
--

DROP TABLE IF EXISTS `document_types`;
/*!40101 SET @saved_cs_client     = @@character_set_client */;
/*!40101 SET character_set_client = utf8 */;
CREATE TABLE `document_types` (
  `DocumentTypeID` int(11) NOT NULL AUTO_INCREMENT,
  `Name` varchar(100) NOT NULL,
  `Description` text DEFAULT NULL,
  PRIMARY KEY (`DocumentTypeID`)
) ENGINE=InnoDB DEFAULT CHARSET=utf8mb4 COLLATE=utf8mb4_general_ci;
/*!40101 SET character_set_client = @saved_cs_client */;

--
-- Dumping data for table `document_types`
--

LOCK TABLES `document_types` WRITE;
/*!40000 ALTER TABLE `document_types` DISABLE KEYS */;
/*!40000 ALTER TABLE `document_types` ENABLE KEYS */;
UNLOCK TABLES;

--
-- Table structure for table `documents`
--

DROP TABLE IF EXISTS `documents`;
/*!40101 SET @saved_cs_client     = @@character_set_client */;
/*!40101 SET character_set_client = utf8 */;
CREATE TABLE `documents` (
  `DocumentID` int(11) NOT NULL AUTO_INCREMENT,
  `DocCode` varchar(50) DEFAULT NULL,
  `Title` varchar(255) NOT NULL,
  `Description` text DEFAULT NULL,
  `FilePath` varchar(500) NOT NULL,
  `UploadedBy` int(11) NOT NULL,
  `OwnerUserID` int(11) DEFAULT NULL,
  `UploadedAt` datetime DEFAULT current_timestamp(),
  `EffectiveDate` date DEFAULT NULL,
  `ObsoleteDate` date DEFAULT NULL,
  `RetentionPolicyID` int(11) DEFAULT NULL,
  `IsControlled` tinyint(1) NOT NULL DEFAULT 1,
  `DepartmentID` int(11) NOT NULL,
  `DocumentTypeID` int(11) DEFAULT NULL,
  `StatusID` int(11) NOT NULL,
  `CurrentVersionID` int(11) DEFAULT NULL,
  `Purpose` text DEFAULT NULL,
  `Scope` text DEFAULT NULL,
  `Key_Points` text DEFAULT NULL,
  `Definitions` text DEFAULT NULL,
  `Responsibilities` text DEFAULT NULL,
  `History` text DEFAULT NULL,
  `Supersedes` varchar(50) DEFAULT NULL,
  `Ref` text DEFAULT NULL,
  PRIMARY KEY (`DocumentID`),
  KEY `DepartmentID` (`DepartmentID`),
  KEY `StatusID` (`StatusID`),
  KEY `fk_documents_uploadedby` (`UploadedBy`),
  KEY `fk_documents_documenttype` (`DocumentTypeID`),
  KEY `fk_documents_retention` (`RetentionPolicyID`),
  KEY `fk_documents_currentversion` (`CurrentVersionID`),
  CONSTRAINT `documents_ibfk_1` FOREIGN KEY (`UploadedBy`) REFERENCES `people` (`people_id`),
  CONSTRAINT `documents_ibfk_2` FOREIGN KEY (`DepartmentID`) REFERENCES `departments` (`department_id`),
  CONSTRAINT `documents_ibfk_3` FOREIGN KEY (`StatusID`) REFERENCES `documentstatuses` (`StatusID`),
  CONSTRAINT `fk_documents_currentversion` FOREIGN KEY (`CurrentVersionID`) REFERENCES `documentversions` (`VersionID`) ON DELETE SET NULL ON UPDATE CASCADE,
  CONSTRAINT `fk_documents_documenttype` FOREIGN KEY (`DocumentTypeID`) REFERENCES `document_types` (`DocumentTypeID`),
  CONSTRAINT `fk_documents_retention` FOREIGN KEY (`RetentionPolicyID`) REFERENCES `retention_policies` (`RetentionPolicyID`),
  CONSTRAINT `fk_documents_status` FOREIGN KEY (`StatusID`) REFERENCES `documentstatuses` (`StatusID`),
  CONSTRAINT `fk_documents_uploadedby` FOREIGN KEY (`UploadedBy`) REFERENCES `people` (`people_id`) ON DELETE CASCADE
) ENGINE=InnoDB AUTO_INCREMENT=193 DEFAULT CHARSET=utf8mb4 COLLATE=utf8mb4_general_ci;
/*!40101 SET character_set_client = @saved_cs_client */;

--
-- Dumping data for table `documents`
--

LOCK TABLES `documents` WRITE;
/*!40000 ALTER TABLE `documents` DISABLE KEYS */;
INSERT INTO `documents` VALUES (24,'EHS-001','EHS-001 Permit to work Procedure','Permit to work procedure SOP','tcpdf/2025 EHS En KPI Sep.pdf',29,2,'2025-09-26 09:17:09',NULL,NULL,NULL,1,1,NULL,1,NULL,NULL,NULL,NULL,NULL,NULL,NULL,NULL,NULL),(25,'EHS-003','EHS-003 Environmental Aspects and Impacts','Environmental Aspects and Impacts SOP','tcpdf/2025 EHS En KPI Sep.pdf',29,2,'2025-09-26 09:17:09',NULL,NULL,NULL,1,1,NULL,1,3,NULL,NULL,NULL,NULL,NULL,NULL,NULL,NULL),(26,'EHS-004','EHS-004 Audit Procedure','Audit procedure SOP','tcpdf/2025 EHS En KPI Sep.pdf',29,2,'2025-09-26 09:17:09',NULL,NULL,NULL,1,1,NULL,1,NULL,NULL,NULL,NULL,NULL,NULL,NULL,NULL,NULL),(27,'EHS-005A','EHS-005 Chemical Substance Management','Chemical Substance Management SOP','tcpdf/2025 EHS En KPI Sep.pdf',29,2,'2025-09-26 09:17:09',NULL,NULL,NULL,1,1,NULL,1,NULL,NULL,NULL,NULL,NULL,NULL,NULL,NULL,NULL),(28,'EHS-006B','EHS-006B Environmental Health and Safety Objectives and Targets','Objectives and targets SOP','tcpdf/2025 EHS En KPI Sep.pdf',29,2,'2025-09-26 09:17:09',NULL,NULL,NULL,1,1,NULL,1,NULL,NULL,NULL,NULL,NULL,NULL,NULL,NULL,NULL),(29,'EHS-007A','EHS-007A Environmental Health & Safety Communication & Compliant Procedure','Communication & Complaint procedure SOP','tcpdf/2025 EHS En KPI Sep.pdf',29,2,'2025-09-26 09:17:09',NULL,NULL,NULL,1,1,NULL,1,NULL,NULL,NULL,NULL,NULL,NULL,NULL,NULL,NULL),(30,'EHS-008C','EHS-008C EHS Management Review','Management review SOP','tcpdf/2025 EHS En KPI Sep.pdf',29,2,'2025-09-26 09:17:09',NULL,NULL,NULL,1,1,NULL,1,NULL,NULL,NULL,NULL,NULL,NULL,NULL,NULL,NULL),(31,'EHS-009B','EHS-009B Preparation and Control of EHS SOP\'s','Preparation and control SOP','tcpdf/2025 EHS En KPI Sep.pdf',29,2,'2025-09-26 09:17:09',NULL,NULL,NULL,1,1,NULL,1,NULL,NULL,NULL,NULL,NULL,NULL,NULL,NULL,NULL),(32,'EHS-010B','EHS-010B EHS Record Retention Policy','Record retention policy SOP','tcpdf/2025 EHS En KPI Sep.pdf',29,2,'2025-09-26 09:17:09',NULL,NULL,NULL,1,1,NULL,1,NULL,NULL,NULL,NULL,NULL,NULL,NULL,NULL,NULL),(33,'EHS-000','Safety Statement 2024 Rev 8','Safety Statement for Amneal Ireland','tcpdf/2025 EHS En KPI Sep.pdf',29,2,'2025-09-26 09:17:09','2025-12-02',NULL,NULL,1,1,NULL,1,NULL,NULL,NULL,NULL,NULL,NULL,NULL,NULL,NULL),(41,'EHS-004E','Environmental, Health & Safety & Energy Audit & Inspection Procedure','To verify compliance with Environment, Health, Safety, and Energy Policies, Procedures, and Legislation. To determine the effectiveness of the EHS and Energy management systems.\n---\nCovers the elements of the EHS and Energy Management Systems and the requirements of ISO14001:2015, ISO45001:2018, and ISO50001:2018.\n---\nThis procedure verifies compliance with EHS and Energy Policies, Procedures, and Legislation. It determines the effectiveness of the EHS and Energy management systems.\n---\n- EHS-004: First Issued.\n- EHS-004A: Editorial changes to include ISO14001:2015 requirements.\n- EHS-004B: Updated to include Energy policy.\n- EHS-004C: Updated to include ISO45001:2018 and ISO50001:2018.\n- EHS-004D: Definitions added for Operational Audit and SME.\n- EHS-004E: Updated to remove reference to Action Management Software.\n---\n- EHS and Facilities: Implementation and maintenance of the EHS and Energy procedure.\n- Internal Audit Team: Carry out system audits.\n- Management Group: Ensure corrective actions are completed on time.','EHS-004 Audit Procedure.pdf',3,2,'2025-11-17 22:01:48',NULL,NULL,NULL,1,9,NULL,1,NULL,'To verify compliance with Environment, Health, Safety, and Energy Policies, Procedures, and Legislation. To determine the effectiveness of the EHS and Energy management systems.','Covers the elements of the EHS and Energy Management Systems and the requirements of ISO14001:2015, ISO45001:2018, and ISO50001:2018.','This procedure verifies compliance with EHS and Energy Policies, Procedures, and Legislation. It determines the effectiveness of the EHS and Energy management systems.','- Amneal Ireland: Amneal Ireland Limited, Cahir Road, Cashel, Co. Tipperary, Ireland.\n- Systems Audit: Detailed examination of processes, conditions, or systems related to ISO14001, ISO45001, and ISO50001.\n- Operational Audit: Detailed examination of SEUs (Significant Energy Users).\n- EHS: Environmental, Health, and Safety.\n- CAPA: Corrective Action Preventative Action.','- EHS and Facilities: Implementation and maintenance of the EHS and Energy procedure.\n- Internal Audit Team: Carry out system audits.\n- Management Group: Ensure corrective actions are completed on time.','- EHS-004: First Issued.\n- EHS-004A: Editorial changes to include ISO14001:2015 requirements.\n- EHS-004B: Updated to include Energy policy.\n- EHS-004C: Updated to include ISO45001:2018 and ISO50001:2018.\n- EHS-004D: Definitions added for Operational Audit and SME.\n- EHS-004E: Updated to remove reference to Action Management Software.','EHS-004D','- FM-EHS-010: Area Inspection Checklist.\n- FM-EHS-011: Internal EHS Audit Report.\n- FM-EHS-012: SEU Energy Operational Audit Checklist.'),(42,'EHS-001A','Permit to Work','To ensure safe execution of critical tasks through a permit-to-work system, minimizing risks and ensuring compliance with safety standards.\n---\nApplies to all critical tasks requiring permits, including confined space entry, hot work, working at height, and electrical work.\n---\n- Defines the permit-to-work system for safe execution of critical tasks.\n- Covers tasks like confined space entry, hot work, working at height, and electrical work.\n- Requires risk assessments, method statements, and approvals before work begins.\n---\n- **Revision 0**: First Issued.\n- **Revision A (07-Jul-2021)**: Updated template, form references, and permit validity to 7 days.\n---\n- **Permit User**: Completes risk assessments, ensures safe work execution.\n- **Permit Approver**: Reviews and approves permits.\n- **Area Owner**: Coordinates work activities and ensures safety.\n- **EHS Engineer**: Audits the permit-to-work system.','EHS-001 Permit to Work Procedure.pdf',3,2,'2025-11-17 22:01:48',NULL,NULL,NULL,1,9,NULL,1,NULL,'To ensure safe execution of critical tasks through a permit-to-work system, minimizing risks and ensuring compliance with safety standards.','Applies to all critical tasks requiring permits, including confined space entry, hot work, working at height, and electrical work.','- Defines the permit-to-work system for safe execution of critical tasks.\n- Covers tasks like confined space entry, hot work, working at height, and electrical work.\n- Requires risk assessments, method statements, and approvals before work begins.','- **Permit Approver**: Individual authorized to approve permits.\n- **Permit User**: Competent person supervising the work.\n- **Hot Work**: Work producing sparks, flames, or ignition sources.\n- **Lock Out/Tag Out**: Procedures to isolate energy sources.\n- **Critical Safe Work**: Tasks like confined space entry, hot work, and working at height.','- **Permit User**: Completes risk assessments, ensures safe work execution.\n- **Permit Approver**: Reviews and approves permits.\n- **Area Owner**: Coordinates work activities and ensures safety.\n- **EHS Engineer**: Audits the permit-to-work system.','- **Revision 0**: First Issued.\n- **Revision A (07-Jul-2021)**: Updated template, form references, and permit validity to 7 days.',NULL,'- EHS-001.F01-00: Confined Space Permit to Work.\n- EHS-001.F02-00: Hot Work Permit.\n- EHS-001.F03-00: Working at Heights Permit.\n- EHS-001.F04-00: General Work Permit.\n- EHS-001.F05-00: Line Breaking & Isolation Permit.\n- EHS-001.F06-00: Energised Electrical Work Permit.\n- EHS-001.F07-00: Excavating and Trenching Permit.\n- EHS-001.F08-00: Crane Operations Permit.'),(43,'EHS-011A','Identification & Review of Environment, Health & Safety Legislative and Other Requirements','To identify and review relevant Irish and EU legislation, planning permissions, permits, and licenses to ensure compliance with EHS requirements.\n---\nApplies to all EHS legislative and regulatory requirements relevant to Amneal Ireland, including planning permissions, permits, and licenses.\n---\n- Identifies and reviews relevant Irish and EU legislation.\n- Maintains a legal register for compliance.\n- Ensures compliance with planning permissions, permits, and licenses.\n- Conducts annual reviews of EHS legislative compliance.\n---\n- **EHS-011**: First Issued.\n- **EHS-011A (17-Apr-19)**: Changed \"EHS Manager\" to \"EHS Department.\"\n---\n- **EHS Department**: Responsible for maintaining the EHS Legal Register, reviewing changes, and ensuring compliance.\n- **Antaris**: Assists in the annual review of legislative requirements.','EHS-011 EHS Legislative.pdf',3,2,'2025-11-17 22:01:48',NULL,NULL,NULL,1,9,NULL,1,NULL,'To identify and review relevant Irish and EU legislation, planning permissions, permits, and licenses to ensure compliance with EHS requirements.','Applies to all EHS legislative and regulatory requirements relevant to Amneal Ireland, including planning permissions, permits, and licenses.','- Identifies and reviews relevant Irish and EU legislation.\n- Maintains a legal register for compliance.\n- Ensures compliance with planning permissions, permits, and licenses.\n- Conducts annual reviews of EHS legislative compliance.',NULL,'- **EHS Department**: Responsible for maintaining the EHS Legal Register, reviewing changes, and ensuring compliance.\n- **Antaris**: Assists in the annual review of legislative requirements.','- **EHS-011**: First Issued.\n- **EHS-011A (17-Apr-19)**: Changed \"EHS Manager\" to \"EHS Department.\"','EHS-011','- Pegasus Legal Register (WWW.PegasusLegalRegister.com)'),(44,'EHS-012','Chemical Risk Assessment','To assess risks associated with hazardous chemicals, communicate these risks to employees, and establish a program for periodic exposure monitoring.\n---\nApplies to the use of hazardous chemicals at the Amneal Ireland facility.\n---\n- Describes the procedure for risk assessment of hazardous chemicals.\n- Communicates chemical risks to employees.\n- Establishes a program for periodic employee exposure monitoring.\n---\n- **EHS-012**: First Issued.\n---\n- **Site Leader**: Designates a qualified person to coordinate chemical risk assessments and exposure monitoring.\n- **EHS Specialist**: Ensures risk assessments are carried out for existing and new hazardous chemicals.','EHS-012 Chemical Risk Assessment.pdf',3,2,'2025-11-17 22:01:48',NULL,NULL,NULL,1,9,NULL,1,NULL,'To assess risks associated with hazardous chemicals, communicate these risks to employees, and establish a program for periodic exposure monitoring.','Applies to the use of hazardous chemicals at the Amneal Ireland facility.','- Describes the procedure for risk assessment of hazardous chemicals.\n- Communicates chemical risks to employees.\n- Establishes a program for periodic employee exposure monitoring.','- **EHS Specialist**: A trained person knowledgeable about chemical properties and health effects.\n- **Site Leader**: Person responsible for EHS on site.\n- **Hazardous Chemical**: Any chemical that can cause harm.\n- **Exposure**: Contact with chemicals through skin, inhalation, ingestion, or injection.\n- **OELV (Occupational Exposure Limit Value)**: Air concentration limits for safe exposure.','- **Site Leader**: Designates a qualified person to coordinate chemical risk assessments and exposure monitoring.\n- **EHS Specialist**: Ensures risk assessments are carried out for existing and new hazardous chemicals.','- **EHS-012**: First Issued.','N/A','- EHS-005 Chemical Substance Management.\n- ES-009 Risk Management.\n- FM-EHS-011-00 Chemical Risk Assessment form.\n- Chemical Agent Code of Practice 2016.'),(45,'EHS-013','Use of Amneal Ireland Company Vehicles','To establish procedures for the safe use of Amneal Ireland\'s owned or leased vehicles, ensuring compliance with local regulations and safe driving practices.\n---\nApplies to the operation of Amneal Ireland owned or leased vehicles on public roadways, private property, and Amneal property. Excludes specialized off-road equipment like forklifts.\n---\n- Establishes procedures for the use of Amneal Ireland\'s owned or leased vehicles.\n- Ensures safe operation on public roadways, private property, and Amneal property.\n- Requires drivers to maintain valid licenses and report incidents promptly.\n---\n- **EHS-013**: First Issued.\n---\n- **Authorised Drivers**: Maintain valid licenses, report incidents, and comply with local regulations.\n- **Department Management**: Qualify and authorise employees for vehicle operation.\n- **EHS Department**: Establish safe operation procedures and investigate incidents.\n- **Maintenance Department**: Ensure vehicles are roadworthy.\n- **Finance Department**: Manage vehicle procurement and insurance.\n- **HR Department**: Maintain medical details and a register of authorised drivers.','EHS-013 Use of Company Vehicles.pdf',3,2,'2025-11-17 22:01:48',NULL,NULL,NULL,1,9,NULL,1,NULL,'To establish procedures for the safe use of Amneal Ireland\'s owned or leased vehicles, ensuring compliance with local regulations and safe driving practices.','Applies to the operation of Amneal Ireland owned or leased vehicles on public roadways, private property, and Amneal property. Excludes specialized off-road equipment like forklifts.','- Establishes procedures for the use of Amneal Ireland\'s owned or leased vehicles.\n- Ensures safe operation on public roadways, private property, and Amneal property.\n- Requires drivers to maintain valid licenses and report incidents promptly.','- **Amneal Ireland**: Amneal Ireland Limited, Cahir Road, Cashel, Co. Tipperary, Ireland.\n- **EHS**: Environmental, Health, and Safety.\n- **HR**: Human Resources.\n- **Authorised Persons**: Personnel authorised to operate Amneal Ireland owned or leased vehicles.','- **Authorised Drivers**: Maintain valid licenses, report incidents, and comply with local regulations.\n- **Department Management**: Qualify and authorise employees for vehicle operation.\n- **EHS Department**: Establish safe operation procedures and investigate incidents.\n- **Maintenance Department**: Ensure vehicles are roadworthy.\n- **Finance Department**: Manage vehicle procurement and insurance.\n- **HR Department**: Maintain medical details and a register of authorised drivers.','- **EHS-013**: First Issued.','N/A','- EHS-013.F01-00: Use of Amneal Ireland Company Vehicles Authorisation Form.\n- EHS-013.F01-02: Use of Amneal Ireland Company Vehicles Authorised Users Log.\n- EHS-013.F01-03: Use of Amneal Ireland Company Vehicles Log.\n- ES-008: Reporting and Investigation of Accident, Incident, Near Miss, and Dangerous Occurrence.'),(46,'EHS-014','Movement of Hazardous Liquid Waste to External Site Storage','To establish procedures for the safe movement of hazardous liquid waste from the QC/ARD Laboratory, Production, and Maintenance Departments to external storage areas at Amneal Ireland.\n---\nApplies to the movement of hazardous liquid waste within Amneal Ireland, including proper handling, labeling, and transport to external storage.\n---\n- Describes procedures for moving hazardous liquid waste to external storage.\n- Ensures safe handling and transport of hazardous liquids.\n- Requires proper labeling, PPE, and secondary containment.\n---\n- **EHS-014**: First Issued.\n---\n- **Departmental Personnel**: Follow the procedures outlined in the SOP.\n- **QC/ARD and Warehouse Teams**: Log the movement of liquid waste and maintain records.\n- **EHS Specialist**: Ensure compliance with safety standards.','EHS-014 Movement of Hazardous Liquid to External Site Storage.pdf',3,2,'2025-11-17 22:01:48',NULL,NULL,NULL,1,9,NULL,1,NULL,'To establish procedures for the safe movement of hazardous liquid waste from the QC/ARD Laboratory, Production, and Maintenance Departments to external storage areas at Amneal Ireland.','Applies to the movement of hazardous liquid waste within Amneal Ireland, including proper handling, labeling, and transport to external storage.','- Describes procedures for moving hazardous liquid waste to external storage.\n- Ensures safe handling and transport of hazardous liquids.\n- Requires proper labeling, PPE, and secondary containment.','- **SOP**: Standard Operating Procedure.\n- **QC/ARD**: Quality Control/Analytical Research and Development.\n- **PPE**: Personal Protective Equipment.\n- **IPA**: Isopropanol.\n- **API**: Active Pharmaceutical Ingredient.\n- **EHS**: Environment, Health, and Safety.\n- **EHS Specialist**: A trained person knowledgeable about chemical properties and health effects.\n- **Site Leader**: Person responsible for EHS on site.','- **Departmental Personnel**: Follow the procedures outlined in the SOP.\n- **QC/ARD and Warehouse Teams**: Log the movement of liquid waste and maintain records.\n- **EHS Specialist**: Ensure compliance with safety standards.','- **EHS-014**: First Issued.','N/A',NULL),(47,'EHS-017A','Energy Objectives and Targets','To specify the method for setting Energy Objectives and Targets and to monitor their effectiveness, ensuring continual improvement of the Energy Management System (EnMS).\n---\nApplies to Amneal Ireland personnel involved in setting, reviewing, and achieving Energy Objectives and Targets in line with ISO 50001:2018 requirements.\n---\n- Establishes methods for setting and monitoring Energy Objectives and Targets.\n- Ensures continual improvement of the Energy Management System (EnMS).\n- Aligns with ISO 50001:2018 requirements.\n---\n- **EHS-017**: First Issued.\n- **EHS-017A**: SOP and forms transferred to a new template.\n---\n- **Facilities Department**: Develops and assesses Energy Objectives and Targets in conjunction with Site Management and the Energy Management Team.\n- **Site Management**: Works with the Facilities Engineer to develop Energy Objectives and Targets.','EHS-017A Energy Objectives and Targets.pdf',3,2,'2025-11-17 22:01:48',NULL,NULL,NULL,1,9,NULL,1,NULL,'To specify the method for setting Energy Objectives and Targets and to monitor their effectiveness, ensuring continual improvement of the Energy Management System (EnMS).','Applies to Amneal Ireland personnel involved in setting, reviewing, and achieving Energy Objectives and Targets in line with ISO 50001:2018 requirements.','- Establishes methods for setting and monitoring Energy Objectives and Targets.\n- Ensures continual improvement of the Energy Management System (EnMS).\n- Aligns with ISO 50001:2018 requirements.','- **Amneal Ireland**: Amneal Ireland Limited, Cahir Road, Cashel, Co. Tipperary, Ireland.\n- **Energy Objective or Target**: A goal set by the company consistent with the Energy Policy and EnMS.\n- **EnMS**: Energy Management System.\n- **SEUs**: Significant Energy Users.\n- **Energy Audits**: Scheduled audits of the Energy Management System.','- **Facilities Department**: Develops and assesses Energy Objectives and Targets in conjunction with Site Management and the Energy Management Team.\n- **Site Management**: Works with the Facilities Engineer to develop Energy Objectives and Targets.','- **EHS-017**: First Issued.\n- **EHS-017A**: SOP and forms transferred to a new template.','EHS-017','- Energy Manual.\n- Energy Policy.'),(48,'EHS-018A','Energy Record Control Policy','To describe the approach for controlling and retaining Energy-related documented information at the Amneal Ireland Cashel facility, ensuring compliance with ISO 50001:2018.\n---\nApplies to the storage and retention of records and documented information related to the ISO 50001:2018 Management Systems at Amneal Ireland.\n---\n- Describes the approach for controlling and retaining Energy-related documented information.\n- Ensures compliance with ISO 50001:2018 requirements.\n- Energy records must be retained for the lifetime of the site.\n---\n- **EHS-018**: First Issued.\n- **EHS-018A**: SOP and forms transferred to a new template.\n---\n- **Facilities Department**: Implements and maintains the procedure, controls equipment maintenance, calibration, and safety assessments.\n- **EHS Department**: Assists the Facilities Department in controlling records and documented information.','EHS-018A Energy Record Control Policy.pdf',3,2,'2025-11-17 22:01:48',NULL,NULL,NULL,1,9,NULL,1,NULL,'To describe the approach for controlling and retaining Energy-related documented information at the Amneal Ireland Cashel facility, ensuring compliance with ISO 50001:2018.','Applies to the storage and retention of records and documented information related to the ISO 50001:2018 Management Systems at Amneal Ireland.','- Describes the approach for controlling and retaining Energy-related documented information.\n- Ensures compliance with ISO 50001:2018 requirements.\n- Energy records must be retained for the lifetime of the site.','- **Amneal Ireland**: Amneal Ireland Limited, Cahir Road, Cashel, Co. Tipperary, Ireland.\n- **EHS**: Environmental, Health, and Safety.\n- **EnMS**: Energy Management System.\n- **Energy Records**: Documents or data (manual or electronic) that provide evidence of energy activities and compliance with regulations.\n- **Documented Information**: Information required to be controlled and retained, including processes, operational documentation, and records.','- **Facilities Department**: Implements and maintains the procedure, controls equipment maintenance, calibration, and safety assessments.\n- **EHS Department**: Assists the Facilities Department in controlling records and documented information.','- **EHS-018**: First Issued.\n- **EHS-018A**: SOP and forms transferred to a new template.','EHS-018','- ISO 50001:2018.\n- QM-009: Document Storage and Retention.\n- QM-013: Change Control System.'),(49,'EHS-019B','Identification & Review of Energy Legislative and Other Requirements','To ensure Amneal Ireland is fully familiar with its Energy legislative and other requirements by maintaining, updating, and reviewing the Energy Legal Register.\n---\nApplies to all legislative, regulatory, and other policy requirements related to Energy aspects at Amneal Ireland Cashel.\n---\n- Specifies the method for maintaining, updating, and reviewing the Energy Legal Register.\n- Ensures compliance with Energy legislative and other requirements.\n- Uses Red-on-line for legal register updates.\n---\n- **EHS-019**: First Issued.\n- **EHS-019A**: SOP and forms transferred to a new template.\n- **EHS-019B**: Updated references to Red-on-line and removed references to Pegasus.\n---\n- **EHS Department**: Communicates codes of practice and monitors compliance with Energy legislative obligations.\n- **Facilities Department**: Ensures awareness of current legislation and addresses actions arising from the legal register.','EHS-019B Identification and Review of Energy Legislative and Other Requirements.pdf',3,2,'2025-11-17 22:01:48',NULL,NULL,NULL,1,9,NULL,1,NULL,'To ensure Amneal Ireland is fully familiar with its Energy legislative and other requirements by maintaining, updating, and reviewing the Energy Legal Register.','Applies to all legislative, regulatory, and other policy requirements related to Energy aspects at Amneal Ireland Cashel.','- Specifies the method for maintaining, updating, and reviewing the Energy Legal Register.\n- Ensures compliance with Energy legislative and other requirements.\n- Uses Red-on-line for legal register updates.','- **Amneal Ireland**: Amneal Ireland Limited, Cahir Road, Cashel, Co. Tipperary, Ireland.\n- **Antaris**: The licensee provider of the Red-on-line Legal Register.','- **EHS Department**: Communicates codes of practice and monitors compliance with Energy legislative obligations.\n- **Facilities Department**: Ensures awareness of current legislation and addresses actions arising from the legal register.','- **EHS-019**: First Issued.\n- **EHS-019A**: SOP and forms transferred to a new template.\n- **EHS-019B**: Updated references to Red-on-line and removed references to Pegasus.','EHS-019A','- Red-on-line Legal Register (Red-on-line | EHS Solutions (hse-compliance.net)).'),(50,'EHS-020B','Energy Efficient Procurement','To outline the procedure for the energy-efficient procurement of both energy and SEU equipment, ensuring alignment with energy efficiency goals and regulatory requirements.\n---\nApplies to the procurement of Significant Energy Users (e.g., boilers, chillers, compressors, HVAC units) and energy at Amneal Ireland Limited.\n---\n- Outlines the procedure for energy-efficient procurement of energy and SEU equipment.\n- Ensures procurement aligns with energy efficiency goals and regulatory requirements.\n- Considers whole-life costs and environmental impacts of SEUs.\n---\n- **EHS-020**: First Issued.\n- **EHS-020A**: Updated to remove reference to EHS-015 and include reference to PROC-001.\n- **EHS-020B**: SOP and forms transferred to a new template.\n---\n- **Employees**: Investigate energy-efficient options for SEUs.\n- **Facilities Department**: Handle energy procurement, maintain contact with energy efficiency agencies, and ensure SOP compliance.\n- **EHS Department**: Advise on SEU purchases and consider environmental impacts.\n- **Finance Department**: Assist in the SEU procurement process.','EHS-020B Energy Efficient Procurement.pdf',3,2,'2025-11-17 22:01:48',NULL,NULL,NULL,1,9,NULL,1,NULL,'To outline the procedure for the energy-efficient procurement of both energy and SEU equipment, ensuring alignment with energy efficiency goals and regulatory requirements.','Applies to the procurement of Significant Energy Users (e.g., boilers, chillers, compressors, HVAC units) and energy at Amneal Ireland Limited.','- Outlines the procedure for energy-efficient procurement of energy and SEU equipment.\n- Ensures procurement aligns with energy efficiency goals and regulatory requirements.\n- Considers whole-life costs and environmental impacts of SEUs.','- **Amneal Ireland**: Amneal Ireland Limited, Cahir Road, Cashel, Co. Tipperary, Ireland.\n- **EHS**: Environmental, Health, and Safety.\n- **Energy Procurement**: Procurement of electricity and gas.\n- **EnMS**: Energy Management System.\n- **EMS**: Energy Monitoring System.\n- **SOP**: Standard Operating Procedure.\n- **HVAC**: Heating, Ventilation, Air Conditioning.\n- **SEU**: Significant Energy User.','- **Employees**: Investigate energy-efficient options for SEUs.\n- **Facilities Department**: Handle energy procurement, maintain contact with energy efficiency agencies, and ensure SOP compliance.\n- **EHS Department**: Advise on SEU purchases and consider environmental impacts.\n- **Finance Department**: Assist in the SEU procurement process.','- **EHS-020**: First Issued.\n- **EHS-020A**: Updated to remove reference to EHS-015 and include reference to PROC-001.\n- **EHS-020B**: SOP and forms transferred to a new template.','EHS-020A','- PROC-001: Procurement to Payment Procedure.'),(51,'EHS-021A','Operation of the Energy Monitoring System (EMS)','The purpose of this SOP is to describe the guidelines for the operation of the Energy Monitoring System (EMS).\n---\nThis SOP will be used by all personnel who are involved in the operation of the EMS system.\n---\nThe procedure describes the steps required to operate the EMS system, including user access levels, baselines, alarms, and preventative maintenance.\n---\nEHS-021: First Issued; SOP and Forms transferred to new Management Software; Removed reference to Action.\n---\nFacilities Department: Responsible for the operation and maintenance of the EMS, performing ongoing checks, and ensuring maintenance is completed. EHS Department: Advise on out-of-specification occurrences and assist in considering environmental effects. IT Department: Complete necessary maintenance through the BMS server maintenance plan.','EHS-021 Operation of the Energy Monitoring System (EMS).pdf',3,2,'2025-11-17 22:01:48',NULL,NULL,NULL,1,9,NULL,1,NULL,'The purpose of this SOP is to describe the guidelines for the operation of the Energy Monitoring System (EMS).','This SOP will be used by all personnel who are involved in the operation of the EMS system.','The procedure describes the steps required to operate the EMS system, including user access levels, baselines, alarms, and preventative maintenance.','Amneal Ireland: Amneal Ireland Limited, Cahir Road, Cashel, Co. Tipperary, Ireland; EHS: Environmental, Health and Safety; BMS: Building Management System; EnMS: Energy Management System; EMS: Energy Monitoring System; SOP: Standard Operating Procedure; HVAC: Heating, Ventilation, Air Conditioning; SEU: Significant Energy User; Maximo: On-site Computer Maintenance Management System','Facilities Department: Responsible for the operation and maintenance of the EMS, performing ongoing checks, and ensuring maintenance is completed. EHS Department: Advise on out-of-specification occurrences and assist in considering environmental effects. IT Department: Complete necessary maintenance through the BMS server maintenance plan.','EHS-021: First Issued; SOP and Forms transferred to new Management Software; Removed reference to Action.','EHS-021','N/A'),(52,'EHS-003A','Environmental Aspects and Impacts','The purpose of this procedure is to provide a system to identify environmental aspects of the Amneal Ireland Cashel facility\'s activities, products, and services and their impact on the environment, to enable the site to consider actions to mitigate these impacts and comply with ISO 14001:2015.\n---\nThis SOP applies to all current and past activities, products, and services or new developments, or new or modified activities, to identify those which have a significant impact on the environment.\n---\nThe procedure provides a system to identify environmental aspects and their impacts, assess their significance, and prioritize actions to mitigate impacts.\n---\nEHS-003: First Issued; EHS-003A: Editorial changes to include ISO 14001:2015 requirements, clarified frequency of occurrence score, removed activity and score from summary list, removed lead from potential negative impacts, clarified which management of change documents are reviewed, added risks and opportunities section.\n---\nEHS Manager: Ensures the Aspects/Impacts register is reviewed and updated, and significant environmental aspects are prioritized in the annual objectives discussion during management review.','EHS-003 Environmental Aspects and Impacts.pdf',3,2,'2025-11-17 22:01:48',NULL,NULL,NULL,1,9,NULL,1,NULL,'The purpose of this procedure is to provide a system to identify environmental aspects of the Amneal Ireland Cashel facility\'s activities, products, and services and their impact on the environment, to enable the site to consider actions to mitigate these impacts and comply with ISO 14001:2015.','This SOP applies to all current and past activities, products, and services or new developments, or new or modified activities, to identify those which have a significant impact on the environment.','The procedure provides a system to identify environmental aspects and their impacts, assess their significance, and prioritize actions to mitigate impacts.','Amneal Ireland: Amneal Ireland Limited, Cahir Road, Cashel, Co. Tipperary, Ireland; Change Control: A documented account of a change to be made to equipment or process; Environmental Aspect: An element of the Site activities, products, or services that can interact with the environment; Environmental Impact: Any changes to the environment, whether adverse or beneficial, wholly or partially resulting from the Site\'s activities, products, or services; Aspects/Impacts Register: Register which rates the impacts of each aspect on the environment; EHS: Environmental, Health and Safety.','EHS Manager: Ensures the Aspects/Impacts register is reviewed and updated, and significant environmental aspects are prioritized in the annual objectives discussion during management review.','EHS-003: First Issued; EHS-003A: Editorial changes to include ISO 14001:2015 requirements, clarified frequency of occurrence score, removed activity and score from summary list, removed lead from potential negative impacts, clarified which management of change documents are reviewed, added risks and opportunities section.','EHS-003','ISO 14001:2015; QM-013 Change Control System'),(53,'EHS-005','CHEMICAL SUBSTANCE MANAGEMENT','To manage chemical substances safely and ensure compliance with regulations.\n---\nApplies to all chemical substances used or stored on site.\n---\nChemical Inventory Database, Safety Data Sheets (SDS), Labelling, Purchase of Chemicals, Chemical Compatibility, Handling and Storage, Contractors\n---\n• Removed tables containing internal and external issues and included as Appendices • Removed tables containing interested parties and included as Appendices • Updated Appendices numbers • Added reference to ISO standard clauses to Chapter titles • Updated Reviewers\n---\nEHS, PO requestors, Vendors, Contractors, Project Managers','EHS-005 Chemical Substance Management.pdf',3,2,'2025-11-17 22:01:48',NULL,NULL,NULL,1,9,NULL,1,NULL,'To manage chemical substances safely and ensure compliance with regulations.','Applies to all chemical substances used or stored on site.','Chemical Inventory Database, Safety Data Sheets (SDS), Labelling, Purchase of Chemicals, Chemical Compatibility, Handling and Storage, Contractors',NULL,'EHS, PO requestors, Vendors, Contractors, Project Managers','• Removed tables containing internal and external issues and included as Appendices • Removed tables containing interested parties and included as Appendices • Updated Appendices numbers • Added reference to ISO standard clauses to Chapter titles • Updated Reviewers',NULL,'ES-006 Spill Response Procedure, Chemical Risk Assessment form'),(54,'EHS-006B','ENVIRONMENTAL HEALTH & SAFETY OBJECTIVES','To specify the method by which Environment Health and Safety objectives are set and how their effectiveness is monitored to ensure continual improvement in the EHS management system.\n---\nApplies to Amneal Ireland personnel involved in setting, specifying, reviewing, and achieving EHS objectives in line with legislative and significant aspects and the requirements of ISO14001:2015 and ISO45001:2018.\n---\nObjectives and Targets shall be established considering operational and business requirements, EHS Policy, compliance obligations, significant environmental aspects, environmental risks and opportunities, Safety Statement, and risk assessments. Each objective shall have an owner, required resources, and effective date. Objectives are reviewed and updated as needed.\n---\nEHS-006 - First Issued. EHS-006A (09-Mar-2018) - Editorial changes to include ISO14001:2015 requirements, EHS Specialist replaced by EHS Manager, Targets removed, definition of EHS objective modified, environmental risks and opportunities added, required resources included. EHS-006B (17-Apr-19) - OHSAS18001:2007 changed to ISO45001:2018.\n---\nEHS Manager - Develop site EHS Objectives with the Site Director and ensure regular assessment. Site Director - Develop EHS Objectives with the EHS Manager.','EHS-006B Environmental Health and Safety Objectives and Targets.pdf',3,2,'2025-11-17 22:01:48',NULL,NULL,NULL,1,9,NULL,1,NULL,'To specify the method by which Environment Health and Safety objectives are set and how their effectiveness is monitored to ensure continual improvement in the EHS management system.','Applies to Amneal Ireland personnel involved in setting, specifying, reviewing, and achieving EHS objectives in line with legislative and significant aspects and the requirements of ISO14001:2015 and ISO45001:2018.','Objectives and Targets shall be established considering operational and business requirements, EHS Policy, compliance obligations, significant environmental aspects, environmental risks and opportunities, Safety Statement, and risk assessments. Each objective shall have an owner, required resources, and effective date. Objectives are reviewed and updated as needed.','Amneal Ireland - Amneal Ireland Limited Cahir Road, Cashel, Co. Tipperary, Ireland. EHS Objective - a goal consistent with the site EHS policy and arising from the site environmental review or Occupational Health and Safety performance.','EHS Manager - Develop site EHS Objectives with the Site Director and ensure regular assessment. Site Director - Develop EHS Objectives with the EHS Manager.','EHS-006 - First Issued. EHS-006A (09-Mar-2018) - Editorial changes to include ISO14001:2015 requirements, EHS Specialist replaced by EHS Manager, Targets removed, definition of EHS objective modified, environmental risks and opportunities added, required resources included. EHS-006B (17-Apr-19) - OHSAS18001:2007 changed to ISO45001:2018.','EHS-006A','Aspects and Impacts Register, EHS Policy, Amneal Risk assessment folder'),(55,'EHS-007A','ENVIRONMENT, HEALTH & SAFETY COMMUNICATION AND COMPLAINT PROCEDURE','To describe the procedure for handling EHS-related communications and external complaints.\n---\nApplies to all EHS communications and external complaints received at the Amneal Ireland facility.\n---\nInternal communication encourages employee participation in EHS practices, risk assessments, and incident investigations. External complaints are handled through a formal procedure, with forms retained for three years. EHS information is communicated via intranet, noticeboards, and monthly meetings.\n---\nEHS-007 - First Issued. EHS-007A (09-Mar-2018) - Editorial changes to include ISO14001:2015 requirements, noted use of intranet for internal EHS communication, and retention of complaint forms for 3 years.\n---\nEHS Department - Maintain the procedure and handle external complaints. Employees and Security - Direct external complaints to the Site Director via EHS. Site Director - Approve responses to external complaints.','EHS-007A Environmental Health & Safety Communication & Compliant Procedure.pdf',3,2,'2025-11-17 22:01:48',NULL,NULL,NULL,1,9,NULL,1,NULL,'To describe the procedure for handling EHS-related communications and external complaints.','Applies to all EHS communications and external complaints received at the Amneal Ireland facility.','Internal communication encourages employee participation in EHS practices, risk assessments, and incident investigations. External complaints are handled through a formal procedure, with forms retained for three years. EHS information is communicated via intranet, noticeboards, and monthly meetings.','Amneal Ireland - Amneal Ireland Limited Cahir Road, Cashel, Co. Tipperary, Ireland. EHS - Environmental, Health and Safety.','EHS Department - Maintain the procedure and handle external complaints. Employees and Security - Direct external complaints to the Site Director via EHS. Site Director - Approve responses to external complaints.','EHS-007 - First Issued. EHS-007A (09-Mar-2018) - Editorial changes to include ISO14001:2015 requirements, noted use of intranet for internal EHS communication, and retention of complaint forms for 3 years.','EHS-007','FM-EHS-009-00 External Communication and Complaint form, Emergency Response Plan'),(56,'EHS-008C','ENVIRONMENT, HEALTH & SAFETY & ENERGY MANAGEMENT REVIEW','To describe the procedure for the Environment, Health and Safety, and Energy Management Review program at the Amneal Ireland Cashel facility.\n---\nApplies to all EHS and Energy Management Review meetings conducted at the Amneal Ireland Cashel facility.\n---\nEHS and Energy Management Review meetings are held annually to assess the suitability, adequacy, and effectiveness of the site EHS and Energy program. The review considers action items, compliance obligations, significant environmental aspects, risks, opportunities, and energy performance. Minutes are retained for 3 years.\n---\nEHS-008 - First Issued. EHS-008A (08-Mar-2018) - Editorial changes to include ISO14001:2015 requirements, replaced Specialist with Manager, and added discussion items. EHS-008B (18-Apr-2019) - Added Energy to EHS references, included Facilities Engineer, and added energy-related discussion items. EHS-008C - SOP and forms transferred to a new template, titles reworded.\n---\nEHS and Facilities - Ensure annual review meetings, provide necessary documentation, and retain meeting minutes for 3 years. Senior Leadership Team - Attend meetings, participate in discussions, and follow up on action items.','EHS-008C EHS Management Review.pdf',3,2,'2025-11-17 22:02:54',NULL,NULL,NULL,1,9,NULL,1,NULL,'To describe the procedure for the Environment, Health and Safety, and Energy Management Review program at the Amneal Ireland Cashel facility.','Applies to all EHS and Energy Management Review meetings conducted at the Amneal Ireland Cashel facility.','EHS and Energy Management Review meetings are held annually to assess the suitability, adequacy, and effectiveness of the site EHS and Energy program. The review considers action items, compliance obligations, significant environmental aspects, risks, opportunities, and energy performance. Minutes are retained for 3 years.','Amneal Ireland - Amneal Ireland Limited Cahir Road, Cashel, Co. Tipperary, Ireland. EHS - Environmental, Health and Safety. Management Review - A forum for discussion and improvement of EHS and Energy performance. EMS - Environmental Management System.','EHS and Facilities - Ensure annual review meetings, provide necessary documentation, and retain meeting minutes for 3 years. Senior Leadership Team - Attend meetings, participate in discussions, and follow up on action items.','EHS-008 - First Issued. EHS-008A (08-Mar-2018) - Editorial changes to include ISO14001:2015 requirements, replaced Specialist with Manager, and added discussion items. EHS-008B (18-Apr-2019) - Added Energy to EHS references, included Facilities Engineer, and added energy-related discussion items. EHS-008C - SOP and forms transferred to a new template, titles reworded.','EHS-008B','EHS Policy, Aspects Impacts Register'),(57,'EHS-009B','PREPARATION AND CONTROL OF ENVIRONMENT, HEALTH & SAFETY STANDARD OPERATING PROCEDURES','To outline the procedure for preparing and controlling Environment, Health, and Safety Standard Operating Procedures.\n---\nApplies to the development, implementation, and maintenance of EHS documents in compliance with ISO standards.\n---\nEHS documents are developed, implemented, and maintained in compliance with ISO 45001:2018 and ISO 14001:2015. Only soft copies are retained, with master documents stored in the \'EHS Integrated procedures\' folder. Obsolete documents are retained by EHS.\n---\nEHS-009 - First Issued. EHS-009A (09-Mar-2018) - Editorial changes to include ISO14001:2015 requirements, added definition of SOP, and replaced Engineering Manager with Engineering Director or designee. EHS-009B (17-Apr-19) - Changed OHSAS18001:2007 to ISO45001:2018.\n---\nEHS function - Develop, implement, and maintain documents. Engineering Director or designee - Approve new and revised documents.','EHS-009B Preperation and Control of EHS SOP\'s.pdf',3,2,'2025-11-17 22:02:54',NULL,NULL,NULL,1,9,NULL,1,NULL,'To outline the procedure for preparing and controlling Environment, Health, and Safety Standard Operating Procedures.','Applies to the development, implementation, and maintenance of EHS documents in compliance with ISO standards.','EHS documents are developed, implemented, and maintained in compliance with ISO 45001:2018 and ISO 14001:2015. Only soft copies are retained, with master documents stored in the \'EHS Integrated procedures\' folder. Obsolete documents are retained by EHS.',NULL,'EHS function - Develop, implement, and maintain documents. Engineering Director or designee - Approve new and revised documents.','EHS-009 - First Issued. EHS-009A (09-Mar-2018) - Editorial changes to include ISO14001:2015 requirements, added definition of SOP, and replaced Engineering Manager with Engineering Director or designee. EHS-009B (17-Apr-19) - Changed OHSAS18001:2007 to ISO45001:2018.',NULL,'QM-001 Preparation and Control of Standard Operating Procedures'),(58,'EHS-010B','ENVIRONMENT, HEALTH, SAFETY & ENERGY RECORD CONTROL POLICY','The purpose of this document is to describe the approach for controlling and retaining Environmental, Health, Safety & Energy documented information at the Amneal Ireland Cashel facility.\n---\nAmneal Ireland have established this policy to control on-site storage and retention of records and documented information that relates to the ISO45001:2018, ISO14001:2015 and ISO50001:2018 Management Systems and the requirements therein.\n---\nDocuments required by the company and by ISO45001:2018, ISO14001:2015, and ISO50001:2018 Management Standards shall be stored and retained in the EHS Department and Document Control Centre for the retention period defined in Table 1.\n---\nEHS-010 - First Issued\nEHS-010A - 08-Mar-2018 - Editorial change to include the standard requirements identified in ISO14001:2015\nEHS-010B - 17-Apr-19 - Updated to include ISO50001:2018 throughout. OHSAS18001:2007 replaced with ISO45001:2018.\n---\nThe EHS Department is responsible for the implementation and maintenance of this procedure and control of certain records and documented information.\nThe Engineering Department is responsible for the control of equipment maintenance, calibration and safety assessments in conjunction with relevant departments and control of certain records and documented information.\nThe Human Resources(HR) Department is responsible for the control of all employee Medical and Occupational Health records. Information on competence and job specific training is shared between the HR department and the EHS team.','EHS-010B EHS Record Retention Policy.pdf',3,2,'2025-11-17 22:02:54',NULL,NULL,NULL,1,9,NULL,1,NULL,'The purpose of this document is to describe the approach for controlling and retaining Environmental, Health, Safety & Energy documented information at the Amneal Ireland Cashel facility.','Amneal Ireland have established this policy to control on-site storage and retention of records and documented information that relates to the ISO45001:2018, ISO14001:2015 and ISO50001:2018 Management Systems and the requirements therein.','Documents required by the company and by ISO45001:2018, ISO14001:2015, and ISO50001:2018 Management Standards shall be stored and retained in the EHS Department and Document Control Centre for the retention period defined in Table 1.','Amneal Ireland: Amneal Ireland Limited Cahir Road, Cashel, Co. Tipperary, Ireland.\nEHS-Environmental, Health and Safety\nErgo-ergonomic\nHealth and safety Records - Any document in which data is held or stored manually or electronically.\nDocumented information – The Environmental Information required to be controlled and retained by Amneal including processes related to the Environmental Management System, operational documentation (including procedures) and records stating results and providing evidence of activities performed.','The EHS Department is responsible for the implementation and maintenance of this procedure and control of certain records and documented information.\nThe Engineering Department is responsible for the control of equipment maintenance, calibration and safety assessments in conjunction with relevant departments and control of certain records and documented information.\nThe Human Resources(HR) Department is responsible for the control of all employee Medical and Occupational Health records. Information on competence and job specific training is shared between the HR department and the EHS team.','EHS-010 - First Issued\nEHS-010A - 08-Mar-2018 - Editorial change to include the standard requirements identified in ISO14001:2015\nEHS-010B - 17-Apr-19 - Updated to include ISO50001:2018 throughout. OHSAS18001:2007 replaced with ISO45001:2018.','EHS-010A','International Standard ISO45001:2018\nInternational Standard ISO14001:2015\nInternational Standard ISO50001:2018\nQM-009 Document Storage and Retention'),(59,'ES-001J','MATERIAL DESTRUCTION AND WASTE MANAGEMENT PROCEDURE','To describe the procedure for the effective management and disposal of all hazardous, non-hazardous, biological, and contaminated waste and waste packing materials generated by the Amneal Ireland facility in accordance with local regulations and corporate requirements.\n---\nThis Procedure applies to the management of waste generated at the Amneal Ireland facility.\n---\nThe procedure outlines the management and disposal of hazardous, non-hazardous, biological, and contaminated waste, including material destruction. It includes steps for waste segregation, labeling, and disposal, as well as responsibilities for different departments.\n---\nES-001: 26-Apr-2016 - First Issued, ES-001A: 17-Feb-2017 - Updated text, replaced C1 form with WTF, removed DGSA reference, added new points, updated Table 1, ES-001B: 07-Apr-2017 - Added driver\'s name, updated Table 1, ES-001C: 02-Feb-2018 - Added instructions for labeling and waste log, updated Table 1, ES-001D: 29-Mar-2018 - Updated waste transfer form retention, added torque instruction, updated Table 1, ES-001E: 30-Oct-2018 - Added Microbiology Laboratory responsibilities, updated Table 1, ES-001F: 29-Mar-2019 - Updated template, definitions, and responsibilities, updated Table 1, ES-001G: 15-Mar-2022 - Updated logo and template, ES-001H: 22-Jun-2022 - Added PD Lab, updated Table 1, ES-001I: 05-Oct-2023 - Updated decanting instructions, reviewed Table 1, ES-001J: 31-Jul-24 - Updated FM-ES-006.\n---\nEach employee is responsible for the correct segregation and in-house disposal of non-hazardous waste streams. Project Managers ensure contractor compliance. Departments manage waste labeling, segregation, and packaging. Manufacturing transfers waste to the airlock. Contract cleaners handle waste movement and decanting. Warehouse personnel collect and store waste. QC/ARD/PD and Microbiology Laboratory personnel manage specific waste types. EHS oversees overall waste management, appoints licensed contractors, and maintains documentation.','ES-001J IMaterial Destruction & Waste Management Procedure.pdf',3,2,'2025-11-17 22:02:54',NULL,NULL,NULL,1,9,NULL,1,NULL,'To describe the procedure for the effective management and disposal of all hazardous, non-hazardous, biological, and contaminated waste and waste packing materials generated by the Amneal Ireland facility in accordance with local regulations and corporate requirements.','This Procedure applies to the management of waste generated at the Amneal Ireland facility.','The procedure outlines the management and disposal of hazardous, non-hazardous, biological, and contaminated waste, including material destruction. It includes steps for waste segregation, labeling, and disposal, as well as responsibilities for different departments.','API: Active Pharmaceutical Ingredient, DGSA: Dangerous Goods Safety Advisor, EWC: European Waste Catalogue, IPA: Isopropyl Alcohol, PPE: Personal Protective Equipment, IBC: Intermediate Bulk Containers, SOP: Standard Operating Procedure, WTF: Waste Transfer Form, TSDF: Treatment, Storage & Disposal Facility, Waste: A material, substance or by-product eliminated or discarded as no longer useful, Contaminated Waste: Impure waste by exposure to or addition of a harmful, poisonous or polluting substance, Hazardous Waste: Any waste which by reason of any of its physical, chemical, reactive, toxic, flammable, explosive or corrosive characteristics causes danger or is likely to cause danger to health or environment, Biological Waste: Any material that contains or has been contaminated by a biohazardous agent, Bio Medical Waste: Discarded medicines including damaged or rejected filled containers, PM: Preventative maintenance, EHS: Environmental, Health and Safety, QC/ARD: Quality Control/Analytical Research and Development, Halogenated Waste: Organic solvent waste containing halogenic atoms, Non-Halogenated Waste: All other solvents not mentioned in section 4.18, Amneal Ireland: Amneal Ireland Limited Cahir Road, Cashel, Co. Tipperary, Ireland, PD Lab: Product Development Laboratory, Ullage: Loss of liquid, by evaporation or leakage.','Each employee is responsible for the correct segregation and in-house disposal of non-hazardous waste streams. Project Managers ensure contractor compliance. Departments manage waste labeling, segregation, and packaging. Manufacturing transfers waste to the airlock. Contract cleaners handle waste movement and decanting. Warehouse personnel collect and store waste. QC/ARD/PD and Microbiology Laboratory personnel manage specific waste types. EHS oversees overall waste management, appoints licensed contractors, and maintains documentation.','ES-001: 26-Apr-2016 - First Issued, ES-001A: 17-Feb-2017 - Updated text, replaced C1 form with WTF, removed DGSA reference, added new points, updated Table 1, ES-001B: 07-Apr-2017 - Added driver\'s name, updated Table 1, ES-001C: 02-Feb-2018 - Added instructions for labeling and waste log, updated Table 1, ES-001D: 29-Mar-2018 - Updated waste transfer form retention, added torque instruction, updated Table 1, ES-001E: 30-Oct-2018 - Added Microbiology Laboratory responsibilities, updated Table 1, ES-001F: 29-Mar-2019 - Updated template, definitions, and responsibilities, updated Table 1, ES-001G: 15-Mar-2022 - Updated logo and template, ES-001H: 22-Jun-2022 - Added PD Lab, updated Table 1, ES-001I: 05-Oct-2023 - Updated decanting instructions, reviewed Table 1, ES-001J: 31-Jul-24 - Updated FM-ES-006.','ES-001I','FM-ES-006: Hazardous waste consignment check list, FM-ES-001: Internal Waste Log, FM-ES-002: Waste Identification label'),(60,'ES-002C','OPERATION, CLEANING AND STORAGE OF POWERED AIR PURIFYING RESPIRATORS','To establish a procedure for the operation, cleaning, and storage of Powered Air Purifying Respirators (PAPRs) and personal hoods to fulfil the requirements of the Safety Health and Welfare at Work (General Applications) Regulations 2007-2020, Part 2, Chapter 3: Use of Personal Protective Equipment at Work.\n---\nThis SOP applies to all personnel and areas where Powered Air Purifying Respirators are required. The requirements of this SOP are in conjunction with ES-005 Usage of Personal Protection Equipment.\n---\nThe procedure outlines the operation, cleaning, and storage of Powered Air Purifying Respirators (PAPRs) and personal hoods. It includes hazard identification, risk assessment, selection, and proper use of PAPRs, as well as cleaning and storage protocols.\n---\nES-002: 10-Nov-2017 - First Issued, ES-002A: 23-Nov-2018 - Updated wording and added new sub-sections, ES-002B: 24-Jan-2020 - Updated to new Amneal Logo, ES-002C: 22-Jan-2020 - Updated Safety Health and Welfare at Work Regulations, added OJT reference, updated calibration instructions, and removed Scott PAPR references.\n---\nEHS Department: Develop and maintain a PPE matrix, assist in hazard identification and risk assessment, provide advice on PAPR use, and replace damaged PAPRs. All Employees: Use appropriate PPE, report damage or concerns, and ensure proper operation, calibration, maintenance, cleaning, and storage of PAPRs. Area Managers: Provide resources, ensure training, and ensure proper use and storage of PAPRs.','ES-002C Op, Clean & Storage of Powered Air Purifying Respirators.pdf',3,2,'2025-11-17 22:02:54',NULL,NULL,NULL,1,9,NULL,1,NULL,'To establish a procedure for the operation, cleaning, and storage of Powered Air Purifying Respirators (PAPRs) and personal hoods to fulfil the requirements of the Safety Health and Welfare at Work (General Applications) Regulations 2007-2020, Part 2, Chapter 3: Use of Personal Protective Equipment at Work.','This SOP applies to all personnel and areas where Powered Air Purifying Respirators are required. The requirements of this SOP are in conjunction with ES-005 Usage of Personal Protection Equipment.','The procedure outlines the operation, cleaning, and storage of Powered Air Purifying Respirators (PAPRs) and personal hoods. It includes hazard identification, risk assessment, selection, and proper use of PAPRs, as well as cleaning and storage protocols.','Amneal Ireland: Amneal Ireland Limited Cahir Road, Cashel, Co. Tipperary, Ireland, Control or Control measures: A process, policy, device, practice or action designed to eliminate or minimize a risk, PAPR’s: Powered Air Purifying Respirators, EN: EN followed by a series of numbers means relevant European Standard, Elimination: The highest level in the hierarchy of controls which involves the removal of a hazard or exposure, Engineering Control: Methods of eliminating or reducing exposure to chemical, physical, or biological agents by installing or modifying equipment, Harm: Damage to human health or the environment, Hazard Assessment: The process of identifying hazards and prescribing controls to reduce risk, Hierarchy of Control: The practice of selecting and applying controls in the hierarchy of elimination, substitution, engineering, administrative, and PPE, Maintenance: Cleaning, inspection, and repair of PPE to ensure it functions to design specification, OEL: Occupational Exposure Limit – Upper limit on the acceptable concentration of a hazardous substance in workplace air, PPE: Personal Protective Equipment - Items worn to protect an individual from risks, Residual Risk: Risk remaining after implementation of risk control measures, Risk Assessment: The process of hazard identification, risk analysis, and risk control, Risk Control Measure: Workplace EHS safeguards using the hierarchy of control, Substitution: Implementation of a less hazardous operation or material, ES: Environmental Health and Safety, MF: Manufacturing, QA: Quality Assurance, IPA: Isopropyl Alcohol, SOP: Standard Operating Procedure, OJT: On the job training.','EHS Department: Develop and maintain a PPE matrix, assist in hazard identification and risk assessment, provide advice on PAPR use, and replace damaged PAPRs. All Employees: Use appropriate PPE, report damage or concerns, and ensure proper operation, calibration, maintenance, cleaning, and storage of PAPRs. Area Managers: Provide resources, ensure training, and ensure proper use and storage of PAPRs.','ES-002: 10-Nov-2017 - First Issued, ES-002A: 23-Nov-2018 - Updated wording and added new sub-sections, ES-002B: 24-Jan-2020 - Updated to new Amneal Logo, ES-002C: 22-Jan-2020 - Updated Safety Health and Welfare at Work Regulations, added OJT reference, updated calibration instructions, and removed Scott PAPR references.','ES-002B','ES-005: Usage of Personal Protective Equipment, FM-ES-005: PPE Matrix, ES-009: Environmental Health and Safety Risk Assessment Procedure, N/A: Safety Health and Welfare at Work (General Applications) Regulations 2007, Part 2, Chapter 3: Use of Personal Protective Equipment at Work, MF-009: Gowning Procedure for Entering and Exiting the Inhalation Areas.'),(61,'ES-003A','USE OF FACE MASKS/SHIELDS IN THE INHALATION FACILITY, WAREHOUSE, QC CHEMISTRY AND QC MICROBIOLOGY LABORATORIES AT AMNEAL IRELAND','To provide instruction for the proper use and disposal of face masks/shields in the Inhalation Facility, Warehouse, QC Chemistry, and QC Microbiology Laboratories at Amneal Ireland in line with Irish Government and CDC recommendations.\n---\nThe scope of this SOP is the proper use and disposal of face masks/shields in the Inhalation Facility, Warehouse, QC Chemistry, and QC Microbiology Laboratories by Amneal Personnel, Contractors, and Visitors. General office areas and maintenance areas are out of scope.\n---\nThe procedure provides instructions for the proper use and disposal of face masks/shields in the Inhalation Facility, Warehouse, QC Chemistry, and QC Microbiology Laboratories. It includes guidelines for donning and removing masks/shields, sanitization, and disposal in line with Irish Government and CDC recommendations.\n---\nES-003: 19-Aug-2020 - Initial, ES-003A: 2.2~<e~ 2e>2c - Updated to include existing control measures, clarified requirements in CNC office area (XP-15), and realigned numbering.\n---\nAll personnel wearing face masks/shields must be trained and adhere to this procedure. Personnel hosting visitors must ensure visitors follow the procedure. EHS is responsible for maintaining an overall stock of face masks/shields.','ES-003A Use of Face Masks Shields in the Inhalation Facility.pdf',3,2,'2025-11-17 22:02:54',NULL,NULL,NULL,1,9,NULL,1,NULL,'To provide instruction for the proper use and disposal of face masks/shields in the Inhalation Facility, Warehouse, QC Chemistry, and QC Microbiology Laboratories at Amneal Ireland in line with Irish Government and CDC recommendations.','The scope of this SOP is the proper use and disposal of face masks/shields in the Inhalation Facility, Warehouse, QC Chemistry, and QC Microbiology Laboratories by Amneal Personnel, Contractors, and Visitors. General office areas and maintenance areas are out of scope.','The procedure provides instructions for the proper use and disposal of face masks/shields in the Inhalation Facility, Warehouse, QC Chemistry, and QC Microbiology Laboratories. It includes guidelines for donning and removing masks/shields, sanitization, and disposal in line with Irish Government and CDC recommendations.','SOP: Standard Operating Procedure, QC/ARD: Quality Control Analytical Research and Development, EHS: Environmental Health and Safety, Face mask (Medical Mask): Device covering the mouth, nose, and chin, compliant with EN 14683:2014, Face mask, Non-Medical Mask: Covering over the mouth, nose, and chin, not permitted in the Inhalation facility, Face shield: Device to protect eyes and face from bodily fluids or infectious materials, CDC: Center for Disease Control, PPE: Personal Protective Equipment, IPA: Isopropyl Alcohol, FDA: Food and Drug Administration, MF: Manufacturing, QA: Quality Assurance.','All personnel wearing face masks/shields must be trained and adhere to this procedure. Personnel hosting visitors must ensure visitors follow the procedure. EHS is responsible for maintaining an overall stock of face masks/shields.','ES-003: 19-Aug-2020 - Initial, ES-003A: 2.2~<e~ 2e>2c - Updated to include existing control measures, clarified requirements in CNC office area (XP-15), and realigned numbering.','ES-003','ES-001: Material Destruction and Waste Management Procedure, MF-009: Gowning Procedure for Entering and Exiting the Inhalation Areas, MM-003: Garbing Procedure for Warehouse Entry, QC-029: Gowning Procedure for QC/ARD Laboratory Entry, QC-073: Gowning Procedure for the Microbiology Laboratory, FDA Good Manufacturing Practice Considerations for Responding to COVID-19 Infection in Employees in Drug and Biological Products Manufacturing (June 2020).'),(62,'ES-005A','USAGE OF PERSONAL PROTECTIVE EQUIPMENT (PPE)','To establish a procedure for managing the use of personal protective equipment (PPE) including eye, hand, foot, and body protection, in compliance with the Safety Health and Welfare at Work (General Applications) Regulations 2007.\n---\nThis SOP applies to all PPE selected, used, and maintained on site and to all areas where PPE is required.\n---\nThe procedure outlines the management of personal protective equipment (PPE) including eye, hand, foot, and body protection. It includes hazard identification, risk assessment, selection, use, maintenance, and storage of PPE in compliance with the Safety Health and Welfare at Work (General Applications) Regulations 2007.\n---\nES-005: 22-Dec-2016 - First Issued, ES-005A: C·S-A·U=a·O - SOP and forms transferred to new template.\n---\nEHS Department: Develop and maintain a PPE matrix, provide technical guidance, assist in hazard identification, and support training. All Employees: Understand hazards, use appropriate PPE, and report damage. Area Managers: Provide resources, ensure training, and ensure proper use and storage of PPE.','ES-005A Usage of Personal Protective Equipment (PPE).pdf',3,2,'2025-11-17 22:02:54',NULL,NULL,NULL,1,9,NULL,1,NULL,'To establish a procedure for managing the use of personal protective equipment (PPE) including eye, hand, foot, and body protection, in compliance with the Safety Health and Welfare at Work (General Applications) Regulations 2007.','This SOP applies to all PPE selected, used, and maintained on site and to all areas where PPE is required.','The procedure outlines the management of personal protective equipment (PPE) including eye, hand, foot, and body protection. It includes hazard identification, risk assessment, selection, use, maintenance, and storage of PPE in compliance with the Safety Health and Welfare at Work (General Applications) Regulations 2007.','Amneal Ireland: Amneal Ireland Limited Cahir Road, Cashel, Co. Tipperary, Ireland, Control or Control measures: A process, policy, device, practice or action designed to eliminate or minimize a risk, dBA: A-weighted decibels – Expression of the relative loudness of sounds in air, EN: EN followed by a series of numbers means relevant European Standard, Elimination: The highest level in the hierarchy of controls involving the removal of a hazard, Engineering Control: Methods of reducing exposure to hazards by modifying equipment, Harm: Damage to human health or the environment, Hazard Assessment: The process of identifying hazards and prescribing controls, Hierarchy of Control: The practice of selecting controls in the order of elimination, substitution, engineering, administrative, and PPE, Maintenance: Cleaning, inspection, and repair of PPE, OEL: Occupational Exposure Limit – Upper limit on the acceptable concentration of a hazardous substance, PPE: Personal Protective Equipment - Items worn to protect against risks, Residual Risk: Risk remaining after control measures, RPE: Respiratory Protective Equipment, Risk Analysis: Systematic process to understand and reduce risk, Risk Assessment: The process of hazard identification, risk analysis, and control, Risk Control Measure: Safeguards using the hierarchy of control, Substitution: Implementation of a less hazardous operation or material, TWA: Time-Weighted Average - Daily exposure to a hazardous substance averaged to an 8-hour workday.','EHS Department: Develop and maintain a PPE matrix, provide technical guidance, assist in hazard identification, and support training. All Employees: Understand hazards, use appropriate PPE, and report damage. Area Managers: Provide resources, ensure training, and ensure proper use and storage of PPE.','ES-005: 22-Dec-2016 - First Issued, ES-005A: C·S-A·U=a·O - SOP and forms transferred to new template.','ES-005','FM-ES-012: PPE Matrix, ES-009: Environmental Health and Safety Risk Assessment Procedure, N/A: Safety Health and Welfare at Work (General Applications) Regulations 2007, Part 2, Chapter 3: Use of Personal Protective Equipment at Work.'),(63,'ES-006B','SPILL RESPONSE PROCEDURE','To establish a spill response procedure to ensure a coordinated response in the event of a spill, protecting health, safety, and the environment, and ensuring efficient incident reporting and investigation.\n---\nThe scope applies to the prevention of and response to spills by the Emergency Response Team (ERT), employees, and contractors. It includes all minor and major spills on site.\n---\nThe procedure outlines the response to spills, including small and large hazardous liquid and solid spills, propellant HFA spills, biological spills, and spills into surface water drains or soil. It includes steps for containment, cleanup, and reporting, as well as responsibilities for the Emergency Response Team (ERT), employees, and external emergency services.\n---\nES-006: 03-Feb-2017 - First Issued, ES-006A: 23-Jan-2020 - Updated to Amneal new logo, ES-006B: 02-Oct-2023 - Updated ERT responsibilities, added biological spill response, and minor editorial changes.\n---\nEmergency Response Team (ERT): Carry out emergency procedures, respond to major spills, and participate in incident investigations. All Employees: Prevent spills, control and clean small spills, and report large spills. Facilities Team: Shut off valves and assist in spill cleanup. Microbiological Department: Control and clean biological spills. External Emergency Services: Handle major chemical or biological spills.','ES-006B Spill Response Procedure.pdf',3,2,'2025-11-17 22:02:54',NULL,NULL,NULL,1,9,NULL,1,NULL,'To establish a spill response procedure to ensure a coordinated response in the event of a spill, protecting health, safety, and the environment, and ensuring efficient incident reporting and investigation.','The scope applies to the prevention of and response to spills by the Emergency Response Team (ERT), employees, and contractors. It includes all minor and major spills on site.','The procedure outlines the response to spills, including small and large hazardous liquid and solid spills, propellant HFA spills, biological spills, and spills into surface water drains or soil. It includes steps for containment, cleanup, and reporting, as well as responsibilities for the Emergency Response Team (ERT), employees, and external emergency services.','Amneal Ireland: Amneal Ireland Limited, Cahir Road, Cashel, Co. Tipperary, Ireland, Emergency Response: Immediate actions taken to mitigate the impact of an emergency, Emergency Response Team (ERT): A site-level team of specialized individuals for emergency response, Environmental Event: Any spill, release, or non-compliance with environmental regulations, HFA: Hydrofluoroalkane, a propellant used for metered-dose inhalers, Release: An environmental event, Rescue: Activities to locate and remove endangered persons from danger, Response: Activities in preparation for an emergency until emergency apparatus arrives, SDS: Safety Data Sheet, a document detailing the properties and hazards of a chemical, Spill: An environmental event categorized into small, large, and biological spills.','Emergency Response Team (ERT): Carry out emergency procedures, respond to major spills, and participate in incident investigations. All Employees: Prevent spills, control and clean small spills, and report large spills. Facilities Team: Shut off valves and assist in spill cleanup. Microbiological Department: Control and clean biological spills. External Emergency Services: Handle major chemical or biological spills.','ES-006: 03-Feb-2017 - First Issued, ES-006A: 23-Jan-2020 - Updated to Amneal new logo, ES-006B: 02-Oct-2023 - Updated ERT responsibilities, added biological spill response, and minor editorial changes.','ES-006A','ES-008: Reporting and investigation of Accident, Incident, Near Miss or any kind of dangerous occurrence, N/A: Amneal Ireland Emergency Response Plan.'),(64,'ES-008B','REPORTING AND INVESTIGATION OF ACCIDENT, INCIDENT, NEAR MISS AND ANY KIND OF DANGEROUS OCCURRENCE','To establish a procedure for reporting and investigating accidents, incidents, near misses, and dangerous occurrences to ensure corrective and preventive actions are implemented, and adequate records are maintained.\n---\nThis SOP applies to all accidents, incidents, near misses, and EHS non-conformances occurring on company premises or while on company business elsewhere. GMP investigations are performed as per SOP QM-010.\n---\nThe procedure outlines the reporting and investigation of accidents, incidents, near misses, and dangerous occurrences. It includes steps for incident reporting, root cause analysis (RCA), corrective and preventive actions (CAPA), and communication of lessons learned.\n---\nES-008: 22-Dec-2016 - First Issued, ES-008A: 05-Dec-2019 - Updated to new template, ES-008B: cb - MN-3023 - Included EHS responsibility to report biological incidents, added definition of biological incident, and referenced European Directive 2000/54/EC.\n---\nEHS Department: Report and document incidents, ensure RCA completion, track CAPAs, and notify regulatory authorities. All Employees: Report incidents, follow medical advice, and cooperate in investigations. Emergency Response Team/First Aiders/Occupational Health: Provide first aid, refer to Occupational Health, and report injuries. Leadership Team: Ensure emergency response activation, RCA team establishment, and CAPA implementation.','ES-008B Reporting and investigation of accident, incident.pdf',3,2,'2025-11-17 22:02:54',NULL,NULL,NULL,1,9,NULL,1,NULL,'To establish a procedure for reporting and investigating accidents, incidents, near misses, and dangerous occurrences to ensure corrective and preventive actions are implemented, and adequate records are maintained.','This SOP applies to all accidents, incidents, near misses, and EHS non-conformances occurring on company premises or while on company business elsewhere. GMP investigations are performed as per SOP QM-010.','The procedure outlines the reporting and investigation of accidents, incidents, near misses, and dangerous occurrences. It includes steps for incident reporting, root cause analysis (RCA), corrective and preventive actions (CAPA), and communication of lessons learned.','Amneal Ireland: Amneal Ireland Limited Cahir Road, Cashel, Co. Tipperary, Ireland, Affected Employees: Employees whose work or work areas could be affected by an incident or near miss, Causal Factor: Any factor contributing to the cause or severity of a hazard or failure, Controlled Substances: Substances requiring a license under the Misuse of Drugs Act, 1977, Co. Co.: County Council, CAPA: Corrective Action and/or Preventative Action, Dangerous Occurrence: An incident reportable to the HSA, EHS: Environmental, Health and Safety, Environmental Event: Any spill, release, or non-compliance with environmental regulations, EPA: Environmental Protection Agency, ERT: Emergency Response Team, First-Aid: One-time medical treatment for minor injuries, HSA: Health and Safety Authority, Illness: Non-traumatic physiological harm or loss of capacity, Incident: A work-related injury, illness, or significant event, Injury: A traumatic wound or condition caused by external forces, Irish Water: Water utility company in Ireland, Lost time Case: A nonfatal injury causing loss of time from work, Lost time Accident: Reportable to HSA if an employee cannot work for more than 3 consecutive days, Medical Treatment: Treatment administered by a physician, Notifiable Incident: An occurrence requiring notification to regulatory authorities, OH: Occupational Health, Potentially Affected Employees: Employees who could benefit from incident reports or corrective actions, Regulatory Authority: EPA, Tipperary County Council, HSA, Recordable Injury/Illness: Any work-related injury/illness requiring medical treatment beyond first aid, Root-Cause: The fundamental reason for a failure, SHWW: Safety, Health & Welfare at Work, Root Cause Analysis (RCA): A method of problem solving to identify root causes, Significant Event: EHS incidents requiring prompt reporting, Supervisor: Direct supervisor, Trend Analysis: The process of spotting patterns or trends, Work-related injury/illness: An injury or illness acquired or aggravated at work, Biological Incident: Unintended release or exposure to potentially infectious materials.','EHS Department: Report and document incidents, ensure RCA completion, track CAPAs, and notify regulatory authorities. All Employees: Report incidents, follow medical advice, and cooperate in investigations. Emergency Response Team/First Aiders/Occupational Health: Provide first aid, refer to Occupational Health, and report injuries. Leadership Team: Ensure emergency response activation, RCA team establishment, and CAPA implementation.','ES-008: 22-Dec-2016 - First Issued, ES-008A: 05-Dec-2019 - Updated to new template, ES-008B: cb - MN-3023 - Included EHS responsibility to report biological incidents, added definition of biological incident, and referenced European Directive 2000/54/EC.','ES-008A','FM-ES-009: Incident Investigation Form, FM-ES-010: 5-Why Worksheet, FM-ES-011: Incident Investigation Process Flow Diagram, N/A: Amneal Ireland Emergency Response Plan, FM-ES-008: Risk Assessment Form, QM-010: Investigation System, N/A: Local Government (Water Pollution) Acts 1977-1990, N/A: Radiological Protection Act of 1991, N/A: European Directive 2000/54/EC Biological Agents at Work.'),(65,'ES-009B','ENVIRONMENTAL HEALTH & SAFETY RISK ASSESSMENT','To describe the procedure for effective risk assessment of work areas and activities at Amneal Ireland, ensuring adequate controls are in place to prevent harm.\n---\nThis procedure applies to machine and ancillary equipment and work-related activities conducted inside the Amneal Ireland facility.\n---\nThe procedure outlines the risk assessment process for work areas and activities at Amneal Ireland. It includes identifying hazards, assessing risks, and determining controls to prevent harm. Risks are prioritized using a scoring methodology, and control measures follow the hierarchy of controls.\n---\nES-009: 06-Apr-2016 - First Issued, ES-009A: 16-Apr-2020 - Updated to new Amneal logo, ES-009B: 04-Aug-2020 - Added reference to activities and contractors, updated definitions, and restructured tables.\n---\nEHS is responsible for maintaining the EHS Risk Register, documenting risk assessments, and ensuring CAPA’s are recorded. The risk assessment team composition depends on the scope of the assessment.','ES-009B EHS Risk Assessment.pdf',3,2,'2025-11-17 22:02:54',NULL,NULL,NULL,1,9,NULL,1,NULL,'To describe the procedure for effective risk assessment of work areas and activities at Amneal Ireland, ensuring adequate controls are in place to prevent harm.','This procedure applies to machine and ancillary equipment and work-related activities conducted inside the Amneal Ireland facility.','The procedure outlines the risk assessment process for work areas and activities at Amneal Ireland. It includes identifying hazards, assessing risks, and determining controls to prevent harm. Risks are prioritized using a scoring methodology, and control measures follow the hierarchy of controls.','Hazard: A potential source of harm or adverse health effect, Risk: Likelihood of harm or adverse health effects, Controls: Actions to reduce exposure to hazards, CAPA’s: Corrective action and preventative actions, EHS: Environmental Health and Safety, Risk Assessment: Process of identifying hazards, assessing risks, and determining controls, LTA: Lost Time Accident, OEL: Occupational exposure level, Safety Hazard: Hazards creating unsafe working conditions, Chemical Hazard: Chemical agents classified as dangerous substances, Physical Hazard: Environmental factors that can harm without physical contact, Biological Hazard: Viruses, bacteria, fungi, etc., Ergonomic Hazard: Physical factors causing musculoskeletal injuries, Psychosocial Hazard: Hazards affecting mental health or wellbeing, Amneal Ireland: Amneal Ireland Limited, Cahir Road, Cashel, Co. Tipperary, Ireland.','EHS is responsible for maintaining the EHS Risk Register, documenting risk assessments, and ensuring CAPA’s are recorded. The risk assessment team composition depends on the scope of the assessment.','ES-009: 06-Apr-2016 - First Issued, ES-009A: 16-Apr-2020 - Updated to new Amneal logo, ES-009B: 04-Aug-2020 - Added reference to activities and contractors, updated definitions, and restructured tables.','ES-009A','FM-ES-008: EHS Risk Assessment Form'),(66,'ES-010E','MANAGEMENT OF CONTRACTORS','To describe the procedure for managing contractors at Amneal Ireland, ensuring compliance with EU/Irish legislation and site EHS procedures.\n---\nThis procedure applies to all contract companies and personnel performing specific physical activities at the facility, including building maintenance, equipment installation, and construction projects. It does not apply to embedded contractors, temporary staff, or visitors.\n---\nThe procedure outlines the management of contractors at Amneal Ireland, ensuring compliance with EU/Irish legislation and site EHS procedures. It includes contractor selection, documentation, permits, training, and incident management.\n---\nES-010: 04-Apr-2016 - First Issued, ES-010A: 20-Apr-2017 - Updated form references, ES-010B: 04-Jul-2017 - Updated definitions, ES-010C: 07-Feb-2018 - Updated form references and added points, ES-010D: 05-Feb-2020 - Updated to new Amneal logo, ES-010E: 13-Sep-2021 - Updated to include Covid-19 requirements, removed outdated references, and aligned with ISO 45001.\n---\nSite Contact: Manages and coordinates contractor work, ensures training and compliance. Contract Companies: Ensure contractor employees follow procedures. Security: Manages access control and induction. EHS: Manages the contractor management process and maintains the Approved Contractors List. QA: Assesses GMP impact and maintains documentation.','ES-010E Management of Contractors.pdf',3,2,'2025-11-17 22:02:54',NULL,NULL,NULL,1,9,NULL,1,NULL,'To describe the procedure for managing contractors at Amneal Ireland, ensuring compliance with EU/Irish legislation and site EHS procedures.','This procedure applies to all contract companies and personnel performing specific physical activities at the facility, including building maintenance, equipment installation, and construction projects. It does not apply to embedded contractors, temporary staff, or visitors.','The procedure outlines the management of contractors at Amneal Ireland, ensuring compliance with EU/Irish legislation and site EHS procedures. It includes contractor selection, documentation, permits, training, and incident management.','Site Contact: Person responsible for the Contractor’s activity, Approved Contractors List (ACL): List of approved contractors, Contractor: Individual or firm retained on a temporary/contractual basis, Contractor EHS Qualification Form: Form completed by potential contractors, Contractor Personnel: Non-Amneal employees performing work, Visitor: Individual on site not performing physical work, Method Statement: Document detailing job safety, Risk Assessment: Process to identify and control hazards, cGMP: Current good manufacturing practice, CE Mark: Indicates compliance with EU safety requirements, AF2 form: Form for notifying HSA of construction activity, PAT: Portable appliance test, LOTO: Lockout/Tagout procedure, EHS: Environmental, Health and Safety, Amneal Ireland: Amneal Ireland Limited, Cahir Road, Cashel, Co. Tipperary, Ireland, ISO 14001: Environmental Management System standard, EMAS: Environmental Management and Audit Scheme, ISO 45001: Health and Safety Management System standard, Lost time cases: Non-fatal injury causing loss of work time, Restricted Workday case: Employee prevented from performing routine functions, Medical Attention Cases: Treatment beyond first aid.','Site Contact: Manages and coordinates contractor work, ensures training and compliance. Contract Companies: Ensure contractor employees follow procedures. Security: Manages access control and induction. EHS: Manages the contractor management process and maintains the Approved Contractors List. QA: Assesses GMP impact and maintains documentation.','ES-010: 04-Apr-2016 - First Issued, ES-010A: 20-Apr-2017 - Updated form references, ES-010B: 04-Jul-2017 - Updated definitions, ES-010C: 07-Feb-2018 - Updated form references and added points, ES-010D: 05-Feb-2020 - Updated to new Amneal logo, ES-010E: 13-Sep-2021 - Updated to include Covid-19 requirements, removed outdated references, and aligned with ISO 45001.','ES-010D','N/A: Safety, Health and Welfare at Work Act, 2005, Safety, Health and Welfare at Work (General Application) Regulations, 2007, Safety, Health and Welfare at Work (Construction) Regulations, 2013, FM-ES-004: Method Statement Risk Assessment, FM-ES-007: Approved Contractor List, FM-ES-003: Contractor EHS Qualification Form, N/A: Permit to Work Procedure, QA-006: Procurement and Approval of Miscellaneous Supplies, QM-044: Supplier Management and Control, QM-045: Covid-19 Pandemic GxP Practices, QRM-20: Good Manufacturing Practices related to Covid-19 Pandemic-01.'),(67,'FM-ES-009-02','Incident Investigation Form','To provide a structured format for documenting and investigating incidents, ensuring that corrective and preventive actions are identified and implemented.\n---\nThis form applies to all incidents, including injuries, environmental releases, and other potential incidents that occur on-site or during company business.\n---\nThe form is used to document and investigate incidents, including environmental or biological releases, injuries, and other potential incidents. It includes sections for incident details, injury details, environmental release information, root cause analysis (RCA), corrective and preventive actions (CAPA), and management review.\n---\nEHS Department: Responsible for reviewing and approving the incident investigation form. Site Management: Responsible for verifying that CAPAs are appropriate and sustainable. Incident Investigators: Responsible for completing the form and conducting the root cause analysis.','FM-ES-009-02 Incident investigation form.docx',3,2,'2025-11-17 22:02:54',NULL,NULL,NULL,1,9,NULL,1,NULL,'To provide a structured format for documenting and investigating incidents, ensuring that corrective and preventive actions are identified and implemented.','This form applies to all incidents, including injuries, environmental releases, and other potential incidents that occur on-site or during company business.','The form is used to document and investigate incidents, including environmental or biological releases, injuries, and other potential incidents. It includes sections for incident details, injury details, environmental release information, root cause analysis (RCA), corrective and preventive actions (CAPA), and management review.',NULL,'EHS Department: Responsible for reviewing and approving the incident investigation form. Site Management: Responsible for verifying that CAPAs are appropriate and sustainable. Incident Investigators: Responsible for completing the form and conducting the root cause analysis.',NULL,NULL,NULL),(68,'FM-ES-010','5-Whys','To provide a structured approach for identifying the root cause of incidents or problems by asking \"Why?\" multiple times, leading to effective corrective actions.\n---\nThis worksheet applies to all incidents, problems, or non-conformances that require root cause analysis within the organization.\n---\nThe 5-Whys worksheet is a tool used for root cause analysis (RCA) to identify the underlying cause of a problem by repeatedly asking \"Why?\" until the root cause is determined. It helps in identifying corrective actions to prevent recurrence.\n---\nIncident Investigators: Responsible for completing the 5-Whys worksheet as part of the root cause analysis process. EHS Department: Responsible for reviewing and approving the analysis.','FM-ES-010 5-Whys.docx',3,2,'2025-11-17 22:02:54',NULL,NULL,NULL,1,9,NULL,1,NULL,'To provide a structured approach for identifying the root cause of incidents or problems by asking \"Why?\" multiple times, leading to effective corrective actions.','This worksheet applies to all incidents, problems, or non-conformances that require root cause analysis within the organization.','The 5-Whys worksheet is a tool used for root cause analysis (RCA) to identify the underlying cause of a problem by repeatedly asking \"Why?\" until the root cause is determined. It helps in identifying corrective actions to prevent recurrence.',NULL,'Incident Investigators: Responsible for completing the 5-Whys worksheet as part of the root cause analysis process. EHS Department: Responsible for reviewing and approving the analysis.',NULL,NULL,NULL),(69,'FM-ES-010-00','Root Cause Analysis 5-Why Worksheet','To provide a structured approach for identifying the root cause of incidents or problems by asking \"Why?\" multiple times, leading to effective corrective actions.\n---\nThis worksheet applies to all incidents, problems, or non-conformances that require root cause analysis within the organization.\n---\nThe 5-Why Worksheet is a tool used for root cause analysis (RCA) to identify the underlying cause of a problem by repeatedly asking \"Why?\" until the root cause is determined. It helps in identifying corrective actions to prevent recurrence.\n---\nIncident Investigators: Responsible for completing the 5-Why Worksheet as part of the root cause analysis process. EHS Department: Responsible for reviewing and approving the analysis.','FM-ES-010-00 Root Cause Analysis 5-why Worksheet.doc',3,2,'2025-11-17 22:02:54',NULL,NULL,NULL,1,9,NULL,1,NULL,'To provide a structured approach for identifying the root cause of incidents or problems by asking \"Why?\" multiple times, leading to effective corrective actions.','This worksheet applies to all incidents, problems, or non-conformances that require root cause analysis within the organization.','The 5-Why Worksheet is a tool used for root cause analysis (RCA) to identify the underlying cause of a problem by repeatedly asking \"Why?\" until the root cause is determined. It helps in identifying corrective actions to prevent recurrence.',NULL,'Incident Investigators: Responsible for completing the 5-Why Worksheet as part of the root cause analysis process. EHS Department: Responsible for reviewing and approving the analysis.',NULL,NULL,NULL),(70,'FM-ES-011-00','Incident Investigation Process Flow Diagram','To outline the process for investigating incidents, ensuring a structured and consistent approach to identifying root causes and implementing corrective actions.\n---\nThis flow diagram applies to all incidents, including injuries, environmental releases, and other potential incidents that occur on-site or during company business.\n---\nThe Incident Investigation Process Flow Diagram provides a visual representation of the steps involved in investigating incidents, including securing the scene, notifying relevant authorities, conducting the investigation, and implementing corrective actions.\n---\nEHS Department: Responsible for overseeing the incident investigation process. Incident Investigators: Responsible for following the flow diagram during investigations. Site Management: Responsible for reviewing and approving corrective actions.','FM-ES-011-00 Incident Investigation Process Flow Diagram.doc',3,2,'2025-11-17 22:02:54',NULL,NULL,NULL,1,9,NULL,1,NULL,'To outline the process for investigating incidents, ensuring a structured and consistent approach to identifying root causes and implementing corrective actions.','This flow diagram applies to all incidents, including injuries, environmental releases, and other potential incidents that occur on-site or during company business.','The Incident Investigation Process Flow Diagram provides a visual representation of the steps involved in investigating incidents, including securing the scene, notifying relevant authorities, conducting the investigation, and implementing corrective actions.',NULL,'EHS Department: Responsible for overseeing the incident investigation process. Incident Investigators: Responsible for following the flow diagram during investigations. Site Management: Responsible for reviewing and approving corrective actions.',NULL,NULL,NULL),(71,'QC-007C','CONTACT PLATE SAMPLING','To describe the steps needed for Contact Plate sampling at Amneal Ireland. This can also be referred to as Surface Plate sampling.\n---\nThe scope of this SOP is limited to the set-up, operation, and handling of the Contact Plates during sampling. Contact Plate sampling is used in Amneal Ireland to detect microorganisms on surfaces that could lead to product contamination.\n---\nContact Plate sampling is used to detect microorganisms on surfaces that could lead to product contamination. The procedure includes set-up, operation, and handling of Contact Plates during sampling.\n---\nQC-007: First Issued on 25-May-2016. QC-007A: Updated on 14-Apr-2017. QC-007B: Updated on 29-Nov-2018. QC-007C: Updated on 08-Nov-2021.\n---\nIt is the responsibility of all personnel completing Contact Plate sampling to adhere to this SOP. It is the responsibility of Environmental Monitoring Samplers (QA, QC/ARD, Operations) to contact manufacturing and to liaise with the planner prior to performing environmental monitoring sampling.','QC-007C Contact Plate Sampling.pdf',3,2,'2025-11-17 22:03:44',NULL,NULL,NULL,1,9,NULL,1,NULL,'To describe the steps needed for Contact Plate sampling at Amneal Ireland. This can also be referred to as Surface Plate sampling.','The scope of this SOP is limited to the set-up, operation, and handling of the Contact Plates during sampling. Contact Plate sampling is used in Amneal Ireland to detect microorganisms on surfaces that could lead to product contamination.','Contact Plate sampling is used to detect microorganisms on surfaces that could lead to product contamination. The procedure includes set-up, operation, and handling of Contact Plates during sampling.','IPA – Iso Propyl Alcohol, QC – Quality Control, TSA – Tryptic Soya Agar, QC/ARD – Quality/ Analytical Research and Development/Microbiology, QA – Quality Assurance, SOP - Standard Operating Procedure, Amneal Ireland: Amneal Ireland Limited Cahir Road, Cashel, Co. Tipperary, Ireland.','It is the responsibility of all personnel completing Contact Plate sampling to adhere to this SOP. It is the responsibility of Environmental Monitoring Samplers (QA, QC/ARD, Operations) to contact manufacturing and to liaise with the planner prior to performing environmental monitoring sampling.','QC-007: First Issued on 25-May-2016. QC-007A: Updated on 14-Apr-2017. QC-007B: Updated on 29-Nov-2018. QC-007C: Updated on 08-Nov-2021.','QC-007B','QC-011: Routine Microbiological Environmental Monitoring, QC-075: Environmental Monitoring Sampling and Incubation Procedure, ES-001: Material Destruction and Waste Management Procedure.'),(72,'QC-008E','OPERATION, CALIBRATION AND MAINTENANCE OF KARL FISCHER TITRATOR (METROHM 851 TITRANDO)','To define the procedure for the operation, calibration, and maintenance of Karl Fischer Titrator (Metrohm 851 Titrando).\n---\nThis procedure applies to the Quality Control and Analytical Research & Development (QC/ARD) Laboratory at Amneal, Ireland.\n---\nThe procedure includes pre-use checks, cleaning, conditioning, calibration, sample analysis, and maintenance of the Karl Fischer Titrator. Calibration must be performed prior to sample analysis, and maintenance activities are documented in the Karl Fischer Usage and Maintenance Logbook.\n---\nQC-008: First Issued on 09-Sep-2016. QC-008A: Updated on 23-Aug-2018. QC-008B: Updated on 10-Dec-2018. QC-008C: Updated on 27-Jul-2020. QC-008D: Updated on 20-Oct-2020. QC-008E: Updated on 23-Jul-2021.\n---\nThe Laboratory personnel shall follow the instructions in this procedure. The Laboratory Manager is responsible for ensuring that Laboratory personnel comply with this procedure.','QC-008E Operation Calibration Maintenance of Karl Fischer Titrator.pdf',3,2,'2025-11-17 22:03:44',NULL,NULL,NULL,1,9,NULL,1,NULL,'To define the procedure for the operation, calibration, and maintenance of Karl Fischer Titrator (Metrohm 851 Titrando).','This procedure applies to the Quality Control and Analytical Research & Development (QC/ARD) Laboratory at Amneal, Ireland.','The procedure includes pre-use checks, cleaning, conditioning, calibration, sample analysis, and maintenance of the Karl Fischer Titrator. Calibration must be performed prior to sample analysis, and maintenance activities are documented in the Karl Fischer Usage and Maintenance Logbook.','Amneal Ireland: Amneal Ireland Limited, Cahir Road, Cashel, Co. Tipperary, Ireland. RSD: Relative Standard Deviation. NMT: Not More Than. Tiamo: Tiamo 2.5 multi software.','The Laboratory personnel shall follow the instructions in this procedure. The Laboratory Manager is responsible for ensuring that Laboratory personnel comply with this procedure.','QC-008: First Issued on 09-Sep-2016. QC-008A: Updated on 23-Aug-2018. QC-008B: Updated on 10-Dec-2018. QC-008C: Updated on 27-Jul-2020. QC-008D: Updated on 20-Oct-2020. QC-008E: Updated on 23-Jul-2021.','QC-008D','Karl Fischer Calibration Form (FM-QC-003), Karl Fischer Usage and Maintenance Logbook (FM-QC-004), SOP QC-082: Operational use of Tiamo software, SOP QC-022: Control of Laboratory Instruments.'),(73,'QC-009I','RECEIPT AND HANDLING OF INCOMING SAMPLES IN THE QC/ARD AND MICROBIOLOGY LABORATORY','To provide a procedure for the submission, receipt and handling of all samples submitted to the Quality Control / Analytical Research & Development Laboratory and to the Quality Control / Analytical Research and Development Microbiology Laboratory.\n---\nThis procedure applies to the submission, receipt and handling of all samples (i.e. raw materials, packaging materials, in process, finished product, stability, cleaning and other samples) received in the QC/ARD Laboratory at Amneal, Ireland. This procedure also applies to the submission, receipt and handling of all samples (i.e. EM, media plates, consumables and other samples) received in the QC/ARD Microbiology Laboratory at Amneal Ireland. Retain (Reference /Retention) samples are outside the scope of this SOP and are covered by SOP QM-027.\n---\nSample submission, receipt verification, sample identification, sample storage, sample disposal, external laboratory handling, reporting of results, monthly review.\n---\nQC-009: 28-Sep-2016 - First Issued. QC-009A: 20-Dec-2017 - Updated to include handling of all samples, removed duplication, added definitions. QC-009B: 26-Oct-2018 - Updated title, included Microbiology Laboratory, clarified sample identification format. QC-009C: 16-May-2019 - Updated template, added new sections. QC-009D: 20-Jun-2020 - Included submission and receipt, updated sample identification formats. QC-009E: 22-Jun-2020 - Added monthly sample receipt check. QC-009F: 16-Nov-2021 - Updated DPI content uniformity sample submission. QC-009G: 26-Apr-2022 - Updated sample identification for development samples. QC-009H: 22-Nov-2022 - Added documentation for sample removal. QC-009I: 03-Apr-2023 - Added sample inspection instructions.\n---\nPersonnel involved in the submission and handling of samples shall comply with the requirements of this procedure and ensure that they are trained to the current version of this procedure. QC/ARD personnel or designee involved in the receipt and handling of incoming samples shall comply with the requirements of this procedure and must ensure that they are trained to the current version of this procedure. Laboratory Manager or designee must ensure that all personnel performing the steps outlined in this procedure are appropriately trained.','QC-009I Receipt & Handling of incoming samples in QC-Micro Lab.pdf',3,2,'2025-11-17 22:03:44',NULL,NULL,NULL,1,9,NULL,1,NULL,'To provide a procedure for the submission, receipt and handling of all samples submitted to the Quality Control / Analytical Research & Development Laboratory and to the Quality Control / Analytical Research and Development Microbiology Laboratory.','This procedure applies to the submission, receipt and handling of all samples (i.e. raw materials, packaging materials, in process, finished product, stability, cleaning and other samples) received in the QC/ARD Laboratory at Amneal, Ireland. This procedure also applies to the submission, receipt and handling of all samples (i.e. EM, media plates, consumables and other samples) received in the QC/ARD Microbiology Laboratory at Amneal Ireland. Retain (Reference /Retention) samples are outside the scope of this SOP and are covered by SOP QM-027.','Sample submission, receipt verification, sample identification, sample storage, sample disposal, external laboratory handling, reporting of results, monthly review.','Amneal Ireland: Amneal Ireland Limited Cahir Road, Cashel, Co. Tipperary, Ireland. COA: Certificate of Analysis. Non-cleaning samples: Samples other than Cleaning Validation/Verification Samples. CL: Cleaning. EM: Environmental Monitoring. QC/ARD: Quality Control/Analytical Research and Development. ID: Identification. CVR: Cleaning Validation Report. Approved Document: Data entry documents approved for recording the execution of an analytical method e.g. bound logbooks, bound notebooks, Laboratory analytical worksheets (LAWs). LAW: Laboratory Analytical Worksheet.','Personnel involved in the submission and handling of samples shall comply with the requirements of this procedure and ensure that they are trained to the current version of this procedure. QC/ARD personnel or designee involved in the receipt and handling of incoming samples shall comply with the requirements of this procedure and must ensure that they are trained to the current version of this procedure. Laboratory Manager or designee must ensure that all personnel performing the steps outlined in this procedure are appropriately trained.','QC-009: 28-Sep-2016 - First Issued. QC-009A: 20-Dec-2017 - Updated to include handling of all samples, removed duplication, added definitions. QC-009B: 26-Oct-2018 - Updated title, included Microbiology Laboratory, clarified sample identification format. QC-009C: 16-May-2019 - Updated template, added new sections. QC-009D: 20-Jun-2020 - Included submission and receipt, updated sample identification formats. QC-009E: 22-Jun-2020 - Added monthly sample receipt check. QC-009F: 16-Nov-2021 - Updated DPI content uniformity sample submission. QC-009G: 26-Apr-2022 - Updated sample identification for development samples. QC-009H: 22-Nov-2022 - Added documentation for sample removal. QC-009I: 03-Apr-2023 - Added sample inspection instructions.','QC-009H','FM-QC-005: Sample Receipt Logbook. QM-027: Retention Sample Management. FM-MF-034: Sample Test Request Form. MF-042: Procedure for Sample Movement/Management. MF-020: Product Development Sample Analysis Request. MM-011: Courier Shipments. QC-011: Routine Microbiological Environmental Monitoring. QC-074: Environmental Monitoring Reading and Reporting Procedure. QC-075: Environmental Monitoring Sampling and Incubation Procedure. QC-010: Recording and Reporting of Laboratory Test Data. QC-028: Sample Transfer to Global Amneal Sites. ES-001: Material Destruction and Waste Management Procedure. FM-QC-196: QC/ARD Sample Receipt Log. FM-QC-195: QC/ARD Cleaning Sample Receipt Log. FM-MF-032: Sample Label. FM-QC-039: QC/ARD Test Request Form. MF-086: Operation of RF-Smart Labelling. QC-043: Release of Results from QC-ARD. FM-MF-026: Sample for Analysis label. FM-QC-257: Sample Receipt Monthly Review Logbook. FM-QC-283: QC/ARD Development Sample Receipt Log.'),(74,'QC-010H','RECORDING AND REPORTING OF LABORATORY TEST DATA','To describe the procedure for the recording and reporting of data in the QC/ARD laboratory to assure the integrity of all laboratory data is maintained. To describe the procedure for documenting and reporting Microbiology Results.\n---\nThis procedure applies to all personnel in the Quality Control and Analytical Research & Development (QC/ARD)/Microbiology department at Amneal, Ireland.\n---\nRecording and reporting of laboratory test data, handling of raw data, rounding analytical data, use of Laboratory Analytical Worksheets (LAWs), handling of microbiology results, and monthly review of laboratory records.\n---\nQC-010: 30-Sep-2016 - First Issued. QC-010A: 21-Dec-2017 - Updated to include handling of all samples, removed duplication, added definitions. QC-010B: 28-Feb-2019 - Updated procedure to new template, updated Amneal logo, added sections for Microbiology. QC-010C: 15-May-2019 - Updated responsibilities, clarified sample identification formats. QC-010D: 30-Jul-2020 - Clarified sample handling and reporting procedures. QC-010E: 12-Mar-2021 - Updated LAW formats and added new sections. QC-010F: 06-Sep-2021 - Updated diluent handling precautions. QC-010G: 29-Sep-2021 - Updated Approved Document definition and added new sections. QC-010H: 24-Jun-2022 - Added new sections for sample inspection and updated LAW formats.\n---\nLaboratory personnel shall comply with the requirements of this procedure. Laboratory Manager or designee shall ensure that the steps outlined in this procedure are followed. Laboratory Manager or designee must ensure that all personnel performing the steps outlined in this procedure are appropriately trained. Laboratory personnel is responsible for printing the current version of the LAW from the designated controlled location. Laboratory manager or designee shall be responsible for assigning a unique Laboratory Analytical Worksheets prior to use. QA Document Control are responsible for issuance of approved bound logbooks/notebooks upon request.','QC-010H Recording Reporting of Lab Test Data.pdf',3,2,'2025-11-17 22:03:44',NULL,NULL,NULL,1,9,NULL,1,NULL,'To describe the procedure for the recording and reporting of data in the QC/ARD laboratory to assure the integrity of all laboratory data is maintained. To describe the procedure for documenting and reporting Microbiology Results.','This procedure applies to all personnel in the Quality Control and Analytical Research & Development (QC/ARD)/Microbiology department at Amneal, Ireland.','Recording and reporting of laboratory test data, handling of raw data, rounding analytical data, use of Laboratory Analytical Worksheets (LAWs), handling of microbiology results, and monthly review of laboratory records.','Raw Data: Original records and documentation retained in the format in which they were originally generated. Final test result: Result reported on the Certificate of Analysis. Approved Document: Data entry documents approved for recording the execution of an analytical method. Decimal place: Position of a digit to the right of a decimal point. Significant figure: Any digit of a number that is known with certainty. Amneal Ireland: Amneal Ireland Limited Cahir Road, Cashel, Co. Tipperary, Ireland. TRSF: Test Request Submission Form. Contract Laboratory Requirement (CLR): Document detailing the procedure and specifications for a validated Test Method. C of A: Certificate of Analysis. Data Integrity: Completeness, consistency, and accuracy of data. UD: Unplanned Deviation. NOE: Notification of Event.','Laboratory personnel shall comply with the requirements of this procedure. Laboratory Manager or designee shall ensure that the steps outlined in this procedure are followed. Laboratory Manager or designee must ensure that all personnel performing the steps outlined in this procedure are appropriately trained. Laboratory personnel is responsible for printing the current version of the LAW from the designated controlled location. Laboratory manager or designee shall be responsible for assigning a unique Laboratory Analytical Worksheets prior to use. QA Document Control are responsible for issuance of approved bound logbooks/notebooks upon request.','QC-010: 30-Sep-2016 - First Issued. QC-010A: 21-Dec-2017 - Updated to include handling of all samples, removed duplication, added definitions. QC-010B: 28-Feb-2019 - Updated procedure to new template, updated Amneal logo, added sections for Microbiology. QC-010C: 15-May-2019 - Updated responsibilities, clarified sample identification formats. QC-010D: 30-Jul-2020 - Clarified sample handling and reporting procedures. QC-010E: 12-Mar-2021 - Updated LAW formats and added new sections. QC-010F: 06-Sep-2021 - Updated diluent handling precautions. QC-010G: 29-Sep-2021 - Updated Approved Document definition and added new sections. QC-010H: 24-Jun-2022 - Added new sections for sample inspection and updated LAW formats.','QC-010G','FM-QC-006: Guideline for reporting test results. FM-QC-108: Microbiological impact assessment of an atypical growth result found during FP testing for organisms of concern. FM-QC-109: Log of Microbiological impact assessment numbers. FM-QC-203: Assignment of LAW numbers logbook. FM-QC-204: Laboratory Analytical Data Pack Cover Page. FM-QC-205: 1298-AS LAW for Blend Uniformity and Blend Assay. FM-QC-206: 1298-AS LAW Blister Content Uniformity and Assay. FM-QC-207: 1298-CL LAW for Cleaning Verification. FM-QC-208: 1298-WC LAW for Water Content. FM-QC-209: 1298-APSD LAW for Aerodynamic Particle Size Distribution. FM-QC-210: 1290-AL LAW for Alcohol Content. FM-QC-211: 1290-CL LAW for Cleaning Verification. FM-QC-212: 1290-AS LAW for Assay. FM-QC-213: 1290-KF LAW for Water Content. FM-QC-214: 1291-AL LAW for Alcohol Content. FM-QC-215: 1291-AS LAW for Assay. FM-QC-216: 1291-KF LAW for Water Content. FM-QC-217: 1291-CL LAW for Cleaning Verification. FM-QC-218: MDI-GM LAW for General Method for Description. FM-QC-219: LQ-CL LAW for Cleaning Verification. FM-QC-260: 1614-CL LAW for Cleaning Verification. FM-QC-261: LAW for General Tests. FM-QC-262: 1614-AS LAW for Assay. FM-QC-263: 1614-WC LAW for Water Content. SOP QM-004: Good Documentation Practices. SOP QA-001: Procedure for Document Issuance. SOP QM-009: Document Storage and Retention. SOP QC-001: Investigation of Out of specification (OOS) laboratory results. SOP QC-006: Review of Laboratory records. SOP QM-010: Unplanned Deviations and Investigation System. SOP QC-034: Management of QC/ARD specifications, analytical methods (procedures) and method transfer protocols. SOP QC-049: Notification of event from contract laboratories to Amneal Ireland. SOP QC-083: Handling of Microbiology Out of Specifications (OOS) Results. SOP QM-013: Change Control System. SOP QM-024: Management of Electronic Forms. SOP QC-028: Sample Transfer to Global Amneal Sites. SOP QM-036: Data Integrity and Records Management. SOP QC-085: Investigation of atypical results reported in QC Lab. FM-QC-253: 01-1623-AS LAW for Assay. FM-QC-254: 01-1623-RC LAW for Related Compounds. FM-QC-255: 01-1623-RS LAW for Residual Solvents. FM-QC-291: LAW for additional pages.'),(75,'QC-011K','ROUTINE MICROBIOLOGICAL ENVIRONMENTAL MONITORING','To describe the procedure for performing Microbiological Environmental Monitoring (EM) of the MDI and DPI Inhalation Facility.\n---\nThis procedure applies to Viable Environmental Monitoring of the Inhalation Facility at Amneal Ireland. Environmental monitoring is performed within the ISO 7 and ISO 8 classified areas and selected CNC area (XP-35) in the Inhalation facility.\n---\nProcedure for performing Microbiological Environmental Monitoring (EM) of the MDI and DPI Inhalation Facility. Includes safety, methodology, frequency, sampling requirements, incubation conditions, acceptance criteria, failure handling, and trending of results.\n---\nQC-011 (08-Jul-2016): First Issued. QC-011A (24-Jan-2017): Added incubation details. QC-011B (14-Apr-2017): Updated scope and responsibilities. QC-011C (28-Jun-2017): Added DPI references. QC-011D (09-Oct-2017): Added definitions for Adverse Trends and Potential Organism of Concern. QC-011E (21-Dec-2017): Updated responsibilities and sampling details. QC-011F (14-Sep-2018): Updated sampling and monitoring details. QC-011G (26-Oct-2018): Updated responsibilities and definitions. QC-011H (12-Oct-2021): Updated titles and investigation details. QC-011I (30-Mar-2022): Included CNC XP-35 area and updated monitoring details. QC-011J (30-Mar-2022): Updated titles and investigation details.\n---\nEnvironmental Monitoring Samplers (QA, QC/ARD, Operations) are responsible for sampling. QC/ARD Microbiology personnel handle sample receipt, incubation, reading, and reporting. They also perform colony morphology analysis, streaking, and gram staining. The approved Contract Laboratory is responsible for organism identification and data reporting.','QC-011K Routine Microbiological EM.pdf',3,2,'2025-11-17 22:03:44',NULL,NULL,NULL,1,9,NULL,1,NULL,'To describe the procedure for performing Microbiological Environmental Monitoring (EM) of the MDI and DPI Inhalation Facility.','This procedure applies to Viable Environmental Monitoring of the Inhalation Facility at Amneal Ireland. Environmental monitoring is performed within the ISO 7 and ISO 8 classified areas and selected CNC area (XP-35) in the Inhalation facility.','Procedure for performing Microbiological Environmental Monitoring (EM) of the MDI and DPI Inhalation Facility. Includes safety, methodology, frequency, sampling requirements, incubation conditions, acceptance criteria, failure handling, and trending of results.','At Rest/Static, In Operation/Dynamic, CFU, EM, ISO, MDI, MAS, VAS, QA, QC/ARD, OOS, TSA, DPI, QMS, SOP, HVAC, PPE, NMT, QP, PD, Alert Limit, Action Limit, Specification Limit, Adverse trend, Potential Organism of Concern, Amneal Ireland, CNC','Environmental Monitoring Samplers (QA, QC/ARD, Operations) are responsible for sampling. QC/ARD Microbiology personnel handle sample receipt, incubation, reading, and reporting. They also perform colony morphology analysis, streaking, and gram staining. The approved Contract Laboratory is responsible for organism identification and data reporting.','QC-011 (08-Jul-2016): First Issued. QC-011A (24-Jan-2017): Added incubation details. QC-011B (14-Apr-2017): Updated scope and responsibilities. QC-011C (28-Jun-2017): Added DPI references. QC-011D (09-Oct-2017): Added definitions for Adverse Trends and Potential Organism of Concern. QC-011E (21-Dec-2017): Updated responsibilities and sampling details. QC-011F (14-Sep-2018): Updated sampling and monitoring details. QC-011G (26-Oct-2018): Updated responsibilities and definitions. QC-011H (12-Oct-2021): Updated titles and investigation details. QC-011I (30-Mar-2022): Included CNC XP-35 area and updated monitoring details. QC-011J (30-Mar-2022): Updated titles and investigation details.','QC-011J','FM-QC-097, FM-QC-187, FM-QC-188, QC-003, QC-007, QC-004, MF-009, QM-010, QM-013, QC-049, QC-074, QC-075, QC-079, EudraLex, QM-019, MF-007, FM-QC-198, QC-086'),(76,'QC-012B','CHROMATOGRAPHIC COLUMN MANAGEMENT','To describe the procedure for managing chromatographic columns in the QC/AR&D Laboratory.\n---\nThis procedure applies to the management of HPLC, UPLC, and GC columns in the QC/AR&D Laboratory at Amneal Ireland.\n---\nProcedure for managing chromatographic columns in the QC/AR&D Laboratory. Includes column identification, usage logging, storage, cleaning, and disposal.\n---\nQC-012 (09-Sep-2016): First Issue. QC-012A (20-Aug-2019): Updated SOP and FM-QC-008 to new format. Removed reference to Appendix and specific facility. QC-012B (CC-AMN-23-2555): Updated Form FM-QC-008 to record column receipt activity separately from usage activity. Added new Form FM-QC-298 for column usage logging.\n---\nQC/AR&D Laboratory personnel are responsible for column identification, usage logging, storage, cleaning, and disposal.','QC-012B Chromatographic Column Mgt in the Quality Control Laboratory.pdf',3,2,'2025-11-17 22:03:44',NULL,NULL,NULL,1,9,NULL,1,NULL,'To describe the procedure for managing chromatographic columns in the QC/AR&D Laboratory.','This procedure applies to the management of HPLC, UPLC, and GC columns in the QC/AR&D Laboratory at Amneal Ireland.','Procedure for managing chromatographic columns in the QC/AR&D Laboratory. Includes column identification, usage logging, storage, cleaning, and disposal.',NULL,'QC/AR&D Laboratory personnel are responsible for column identification, usage logging, storage, cleaning, and disposal.','QC-012 (09-Sep-2016): First Issue. QC-012A (20-Aug-2019): Updated SOP and FM-QC-008 to new format. Removed reference to Appendix and specific facility. QC-012B (CC-AMN-23-2555): Updated Form FM-QC-008 to record column receipt activity separately from usage activity. Added new Form FM-QC-298 for column usage logging.','QC-012A','FM-QC-008: Column receipt Logbook. FM-QC-298: Column usage logbook.'),(77,'QC-013B','OPERATION, CALIBRATION AND MAINTENANCE OF THE METTLER TOLEDO SEVENCOMPACT pH METER AND SENSOR','To define the operation, calibration, and maintenance of the Mettler Toledo SevenCompact pH meter and sensor.\n---\nThis procedure applies to the use of the Mettler Toledo SevenCompact pH meter and sensor by all QC/ARD personnel at Amneal Ireland.\n---\n1. Two display modes: full information screen and measurement close-up screen.\n2. Daily calibration required before use.\n3. Three-point calibration using pH buffers 2.00, 4.00, and 7.00.\n4. Maintenance includes keeping the meter clean and ensuring the electrode is properly stored and filled.\n---\n1. QC-013: First Issued on 03-Oct-2016.\n2. QC-013A: Updated SOP logo and removed reference to Appendix on 12-Sep-2019.\n3. QC-013B: Updated sections 5.2.1, 5.2.4, 5.3, and 5.3.9 on 01-Jul-2020.\n---\n1. All personnel using the instrument must adhere to this procedure.\n2. The Laboratory Manager (or designee) is responsible for ensuring the procedure is followed.\n3. Any problems encountered must be reported immediately to the Laboratory Manager (or designee).\n4. Personnel must be trained to the current revision of this document.','QC-013B Op, Cal & Maintenance of the pH Meter and Sensor.pdf',3,2,'2025-11-17 22:03:44',NULL,NULL,NULL,1,9,NULL,1,NULL,'To define the operation, calibration, and maintenance of the Mettler Toledo SevenCompact pH meter and sensor.','This procedure applies to the use of the Mettler Toledo SevenCompact pH meter and sensor by all QC/ARD personnel at Amneal Ireland.','1. Two display modes: full information screen and measurement close-up screen.\n2. Daily calibration required before use.\n3. Three-point calibration using pH buffers 2.00, 4.00, and 7.00.\n4. Maintenance includes keeping the meter clean and ensuring the electrode is properly stored and filled.','1. pH: negative decimal reciprocal log of the hydrogen ion activity of a solution.\n2. LabX: proprietary Mettler software.\n3. ATC: automatic temperature control.\n4. MTC: manual temperature control.\n5. Amneal Ireland: Amneal Ireland Limited Cahir Road, Cashel, Co. Tipperary, Ireland.','1. All personnel using the instrument must adhere to this procedure.\n2. The Laboratory Manager (or designee) is responsible for ensuring the procedure is followed.\n3. Any problems encountered must be reported immediately to the Laboratory Manager (or designee).\n4. Personnel must be trained to the current revision of this document.','1. QC-013: First Issued on 03-Oct-2016.\n2. QC-013A: Updated SOP logo and removed reference to Appendix on 12-Sep-2019.\n3. QC-013B: Updated sections 5.2.1, 5.2.4, 5.3, and 5.3.9 on 01-Jul-2020.','QC-013A','1. FM-QC-011: pH instrument calibration logbook form.\n2. FM-QC-010: pH meter maintenance and usage logbook form.\n3. United States Pharmacopeia General Chapter <791>.'),(78,'QC-014A','OPERATION AND MAINTENANCE OF DESICCATOR','To define the operation and maintenance of Desiccators in the Quality Control and Analytical Research & Development (QC/ARD) Laboratory.\n---\nThis procedure applies to the use of Desiccators by all Laboratory personnel at Amneal, Ireland.\n---\n1. Reference standards stored in the Desiccator must be logged in the Incoming Reference Standards Logbook (FM-QC-015).\n2. Desiccators contain dry desiccant (e.g., silica gel) to minimize moisture exposure.\n3. Desiccators must be monitored monthly with a Hygrometer.\n4. Desiccant should be replaced when % relative humidity exceeds 40% or if the desiccant colour changes.\n---\n1. QC-014: First Issued on 29-Sep-2016.\n2. QC-014A: Updated SOP format, included reference to FM-QC-015, and updated monitoring frequency to monthly.\n---\n1. All Laboratory personnel must follow the instructions in this procedure.\n2. The Laboratory Manager is responsible for ensuring the procedure is adhered to.','QC-014A Operation & Maintenance of Dessicator (2).pdf',3,2,'2025-11-17 22:03:44',NULL,NULL,NULL,1,9,NULL,1,NULL,'To define the operation and maintenance of Desiccators in the Quality Control and Analytical Research & Development (QC/ARD) Laboratory.','This procedure applies to the use of Desiccators by all Laboratory personnel at Amneal, Ireland.','1. Reference standards stored in the Desiccator must be logged in the Incoming Reference Standards Logbook (FM-QC-015).\n2. Desiccators contain dry desiccant (e.g., silica gel) to minimize moisture exposure.\n3. Desiccators must be monitored monthly with a Hygrometer.\n4. Desiccant should be replaced when % relative humidity exceeds 40% or if the desiccant colour changes.','1. Amneal Ireland: Amneal Ireland Limited Cahir Road, Cashel, Co. Tipperary, Ireland.','1. All Laboratory personnel must follow the instructions in this procedure.\n2. The Laboratory Manager is responsible for ensuring the procedure is adhered to.','1. QC-014: First Issued on 29-Sep-2016.\n2. QC-014A: Updated SOP format, included reference to FM-QC-015, and updated monitoring frequency to monthly.','QC-014','1. FM-QC-012: Desiccator Monitoring and Maintenance Logbook.\n2. FM-QC-015: Incoming Reference Standards Logbook.'),(79,'QC-015E','THE RECEIPT, PREPARATION, STORAGE, LABELLING AND EXPIRATION OF STANDARDS, REAGENTS AND SOLVENTS','To outline the steps for receiving, preparing, storing, labelling, and assigning expiry dates to reagents, solutions, and solvents within QC/ARD at Amneal Ireland.\n---\nThis procedure applies to all solutions prepared in QC/ARD at Amneal Ireland and their subsequent handling.\n---\n1. All lab personnel must read and understand SDS for chemicals and use correct PPE.\n2. Chemicals, standards, reagents, and solvents must be labelled with details such as chemical name, date of receipt, expiry date, and storage conditions.\n3. Solutions must be prepared in a fume hood and stored in designated areas.\n4. Expired solutions and reagents must be disposed of following SOP ES-001.\n5. Solutions must be visually checked for integrity before use.\n---\n1. QC-015: First Issued on 30-Sep-2016.\n2. QC-015A: Updated on 27-Jul-2018 to include PPE definition and safety steps.\n3. QC-015B: Updated on 07-Aug-2019 to remove references to appendices and update labelling requirements.\n4. QC-015C: Updated on 14-Jan-2020 to correct typographical errors and include analytical procedure version numbers.\n5. QC-015D: Updated on 27-May-2020 to include best practices for weighing and preparing solutions.\n6. QC-015E: Updated on 05-May-2020 to include monthly standard review checks.\n---\n1. All personnel within QC/ARD must adhere to this procedure.\n2. The Laboratory Manager or designee is responsible for ensuring the procedure is followed.','QC-015E Receipt Prep Storage Label & Exp of Reagent Solutions.pdf',3,2,'2025-11-17 22:03:44',NULL,NULL,NULL,1,9,NULL,1,NULL,'To outline the steps for receiving, preparing, storing, labelling, and assigning expiry dates to reagents, solutions, and solvents within QC/ARD at Amneal Ireland.','This procedure applies to all solutions prepared in QC/ARD at Amneal Ireland and their subsequent handling.','1. All lab personnel must read and understand SDS for chemicals and use correct PPE.\n2. Chemicals, standards, reagents, and solvents must be labelled with details such as chemical name, date of receipt, expiry date, and storage conditions.\n3. Solutions must be prepared in a fume hood and stored in designated areas.\n4. Expired solutions and reagents must be disposed of following SOP ES-001.\n5. Solutions must be visually checked for integrity before use.','1. Standardized Solutions: Solutions of known concentration for quantitative determinations.\n2. Test Solutions and Indicators: Solutions of definitive concentrations for specific purposes.\n3. Indicators: Reagents used to determine end points in chemical reactions.\n4. Buffers: Solutions that resist changes in pH.\n5. Sample Solutions: Solutions prepared from test samples for analytical determinations.\n6. Standard Solutions: Solutions prepared from reference standards for quantitative determination.\n7. COA: Certificate of Analysis.\n8. Amneal Ireland: Amneal Ireland Limited Cahir Road, Cashel, Co. Tipperary, Ireland.\n9. QC: Quality Control.\n10. ARD: Analytical Research and Development.\n11. SDS: Safety Data Sheet.\n12. PPE: Personal Protective Equipment.','1. All personnel within QC/ARD must adhere to this procedure.\n2. The Laboratory Manager or designee is responsible for ensuring the procedure is followed.','1. QC-015: First Issued on 30-Sep-2016.\n2. QC-015A: Updated on 27-Jul-2018 to include PPE definition and safety steps.\n3. QC-015B: Updated on 07-Aug-2019 to remove references to appendices and update labelling requirements.\n4. QC-015C: Updated on 14-Jan-2020 to correct typographical errors and include analytical procedure version numbers.\n5. QC-015D: Updated on 27-May-2020 to include best practices for weighing and preparing solutions.\n6. QC-015E: Updated on 05-May-2020 to include monthly standard review checks.','QC-015D','1. FM-QC-009: Laboratory Chemical Register Log.\n2. FM-QC-014: Laboratory Solutions Preparation Log.\n3. FM-QC-126: Seal Wash Preparation Log.\n4. FM-QC-127: Needle Wash Preparation Log.\n5. FM-QC-128: Diluent 1298-AS/1298-CL/1298-APSD Preparation Log.\n6. FM-QC-129: Standard Solution 1298-AS Preparation Log.\n7. FM-QC-130: Standard Solution 1298-CL Preparation Log.\n8. FM-QC-131: Buffer 1298-AS/1298-CL/1298-APSD Preparation Log.\n9. FM-QC-132: Mobile Phase 1298-AS/1298-APSD Preparation Log.\n10. FM-QC-133: Mobile Phase 1298-CL Preparation Log.\n11. FM-QC-134: Standard LQ-CL Preparation Log.\n12. FM-QC-135: Standard Solution 1298-APSD Preparation Log.\n13. FM-QC-231: Laboratory Chemical Register Monthly Review Log.\n14. FM-QC-233: Diluent 1290-AS Preparation Log.\n15. FM-QC-234: Diluent 1290-CL Preparation Log.\n16. FM-QC-236: Mobile Phase 1290-AS Preparation Log.\n17. FM-QC-237: Mobile Phase 1290-CL Preparation Log.\n18. FM-QC-239: Standard Solution 1290-AS Preparation Log.\n19. ES-001: Material, Destruction and Waste Management Procedure.\n20. ES-005: Usage of Personal Protective Equipment (PPE).\n21. QC-029: Gowning Procedure for QC/ARD Laboratory Entry.\n22. P_CQCM-0231: Control of Laboratory Reagents, Solutions and Expiration dating.\n23. QC-016: Usage, Handling and Qualification of Reference Standards.\n24. QC-067: General Laboratory Practices in QC/ARD.\n25. QC-033: Operation Maintenance Cleaning and Calibration of Weigh Balances in the QC/ARD Laboratory.\n26. QC-084: Operation and Calibration of Sartorius MSA6.6s Balance.\n27. FM-QC-246: Standard Solution 1290-AL Preparation Log.\n28. FM-QC-247: Standard Solution 1291-AS Preparation Log.\n29. FM-QC-248: Standard Solution 1291-AL Preparation Log.\n30. FM-QC-249: Standard Solution 1291-CL Preparation Log.\n31. FM-QC-250: Mobile Phase 1291-AS Preparation Log.\n32. FM-QC-251: Mobile Phase 1291-CL Preparation Log.\n33. FM-QC-015: Incoming Reference Standards Logbook.\n34. FM-QC-016: Reference Standards Monthly review Log.\n35. FM-QC-252: Diluent 1291-AS Preparation Log.'),(80,'QC-016C','USAGE, HANDLING AND QUALIFICATION OF REFERENCE STANDARDS','To describe the procedures for acquiring, storing, handling, using, drying, qualifying, labelling, and distributing Reference Standards.\n---\nThis SOP applies to the receipt, usage, handling, and qualification of reference standard material within the QC/AR&D department at Amneal Ireland.\n---\n1. Reference standards must be logged in immediately upon receipt and stored appropriately.\n2. Reference standards must be used before their expiration date.\n3. In-house reference standards are to be used on an \"as is\" basis.\n4. Compendial Reference Standards (CRS) do not require additional qualification testing.\n5. In-house Reference Standards (HRS) must be qualified against a CRS or vendor-supplied certified reference material.\n---\n1. QC-016: First Issued on 30-Sep-2016.\n2. QC-016A: Updated on 24-Sep-2019 to include labelling and second person check upon receipt of standards.\n3. QC-016B: Updated on 26-May-2020 to include a new section on handling reference standards.\n4. QC-016C: Updated on 05-May-2020 to include instructions for monthly standard review and checks by preparer and reviewer.\n---\n1. All analysts must ensure that the reference standard (primary or secondary) lot used is within its expiry date.\n2. The QC/ARD Manager (or designee) is responsible for maintaining storage facilities for reference standards.\n3. The QC/ARD Manager (or designee) is responsible for ensuring that all analysts follow this procedure.\n4. The QC/ARD Manager (or designee) is responsible for maintaining an up-to-date log of all reference standards within QC/AR&D.','QC-016C Usage, Handling & Qualification of Reference Standards.pdf',3,2,'2025-11-17 22:03:44',NULL,NULL,NULL,1,9,NULL,1,NULL,'To describe the procedures for acquiring, storing, handling, using, drying, qualifying, labelling, and distributing Reference Standards.','This SOP applies to the receipt, usage, handling, and qualification of reference standard material within the QC/AR&D department at Amneal Ireland.','1. Reference standards must be logged in immediately upon receipt and stored appropriately.\n2. Reference standards must be used before their expiration date.\n3. In-house reference standards are to be used on an \"as is\" basis.\n4. Compendial Reference Standards (CRS) do not require additional qualification testing.\n5. In-house Reference Standards (HRS) must be qualified against a CRS or vendor-supplied certified reference material.','1. QC/ARD: Quality Control/Analytical Research & Development.\n2. Internal Standard (IS): A Reference Standard used as an internal standard in chromatographic analysis.\n3. Reference Material (RS): A material used as a reference standard for calibration and/or assay purposes.\n4. Primary Reference Standard (PRS): A reference standard certified to conform to specific criteria.\n5. Compendial Reference Standard (CRS): A reference standard certified by recognized suppliers such as USP, BP, Ph. Eur., etc.\n6. In-house Reference Standards (HRS): Reference standards certified by Amneal Ireland QC/ARD.\n7. Active Pharmaceutical Ingredient (API): The biologically active ingredient of a pharmaceutical drug.\n8. Amneal Ireland Reference Standard (AIRS) number: A unique number assigned to reference standards by Amneal Ireland.','1. All analysts must ensure that the reference standard (primary or secondary) lot used is within its expiry date.\n2. The QC/ARD Manager (or designee) is responsible for maintaining storage facilities for reference standards.\n3. The QC/ARD Manager (or designee) is responsible for ensuring that all analysts follow this procedure.\n4. The QC/ARD Manager (or designee) is responsible for maintaining an up-to-date log of all reference standards within QC/AR&D.','1. QC-016: First Issued on 30-Sep-2016.\n2. QC-016A: Updated on 24-Sep-2019 to include labelling and second person check upon receipt of standards.\n3. QC-016B: Updated on 26-May-2020 to include a new section on handling reference standards.\n4. QC-016C: Updated on 05-May-2020 to include instructions for monthly standard review and checks by preparer and reviewer.','QC-016B','1. FM-QC-015: Incoming Reference Standards Log.\n2. FM-QC-016: Reference Standard Monthly Review Log.\n3. FM-QC-017: Reference Standard Report form.\n4. QC-015: The Receipt, Preparation, Storage, Labelling and Expiration of Standards, Reagents and Solvents.\n5. Eudralex Chapter 6, Quality Control.\n6. British Pharmacopoeia (BP).\n7. European Pharmacopoeia (Ph. Eur.).\n8. United States Pharmacopeia (USP).\n9. National Institute of Science and Technology (NIST).'),(81,'QC-017A','OPERATION AND MAINTENANCE OF VWR USC 300T/1700T/2600T ULTRASONIC CLEANING BATHS','To define the procedure for the operation and routine maintenance of the VWR USC 300T, 1700T, and 2600T ultrasonic baths.\n---\nThis procedure applies to the Quality Control department at Amneal Ireland.\n---\n1. Unplug the ultrasonic bath before filling or emptying the tank.\n2. Use only water-based cleaning solutions.\n3. Do not operate the ultrasonic bath dry.\n4. Set the timer for sonication.\n5. Degas HPLC solutions by sonication.\n6. Perform monthly maintenance by emptying and refilling the tank.\n---\nQC-017: 30-Sep-2016 - First Issued\nQC-017A: 24-Apr-2020 - Updated SOP to new format, removed reference to Appendix, updated degassing method, and changed monthly water replacement.\n---\n1. All QC/ARD personnel must follow the procedure correctly.\n2. The Laboratory Manager must ensure adherence to the procedure.\n3. Report any equipment problems to the Laboratory Manager.\n4. Ensure all users are trained on the current SOP revision.','QC-017AOperation & Maintenance of the Ultrasonic Cleaning Baths.pdf',3,2,'2025-11-17 22:03:44',NULL,NULL,NULL,1,9,NULL,1,NULL,'To define the procedure for the operation and routine maintenance of the VWR USC 300T, 1700T, and 2600T ultrasonic baths.','This procedure applies to the Quality Control department at Amneal Ireland.','1. Unplug the ultrasonic bath before filling or emptying the tank.\n2. Use only water-based cleaning solutions.\n3. Do not operate the ultrasonic bath dry.\n4. Set the timer for sonication.\n5. Degas HPLC solutions by sonication.\n6. Perform monthly maintenance by emptying and refilling the tank.','SOP: Standard Operating Procedure\nHPLC: High Performance Liquid Chromatography\nQC/ARD: Quality Control/ Analytical Research and Development\nAmneal Ireland: Amneal Ireland Limited Cahir Road, Cashel, Co. Tipperary, Ireland.','1. All QC/ARD personnel must follow the procedure correctly.\n2. The Laboratory Manager must ensure adherence to the procedure.\n3. Report any equipment problems to the Laboratory Manager.\n4. Ensure all users are trained on the current SOP revision.','QC-017: 30-Sep-2016 - First Issued\nQC-017A: 24-Apr-2020 - Updated SOP to new format, removed reference to Appendix, updated degassing method, and changed monthly water replacement.','QC-017','FM-QC-018: Ultrasonic Bath Instrument Maintenance Logbook'),(82,'QC-018B','OPERATION, QUALIFICATION AND MAINTENANCE OF THE BINDER DRYING OVENS','To define the procedure for the operation, qualification, and maintenance of the Binder vacuum ovens.\n---\nThis SOP applies to all personnel operating the Binder drying ovens at Amneal Ireland.\n---\n1. Use thermal gloves or tongs for sample transfer.\n2. Check the safety device operation.\n3. Set the safety device response.\n4. Operate the oven using the control panel.\n5. Perform qualification and maintenance as per schedule.\n6. Record all samples in the usage logbook.\n---\nQC-018: 30-Sep-2016 - First Issued\nQC-018A: 17-Sep-2019 - Updated SOP to new logo and removed reference to Appendix.\nQC-018B: 15-Oct-2020 - Removed reference to VD 23, updated vacuum instructions, and made grammatical amendments.\n---\n1. All QC/ARD personnel must follow the procedure.\n2. The Laboratory Manager ensures adherence to the procedure.\n3. Report any equipment problems to the Laboratory Manager.\n4. Ensure all users are trained on the current SOP revision.','QC-018B Operation Qualification & Maintenance of Binder Drying Ovens.pdf',3,2,'2025-11-17 22:03:44',NULL,NULL,NULL,1,9,NULL,1,NULL,'To define the procedure for the operation, qualification, and maintenance of the Binder vacuum ovens.','This SOP applies to all personnel operating the Binder drying ovens at Amneal Ireland.','1. Use thermal gloves or tongs for sample transfer.\n2. Check the safety device operation.\n3. Set the safety device response.\n4. Operate the oven using the control panel.\n5. Perform qualification and maintenance as per schedule.\n6. Record all samples in the usage logbook.','LED: light emitting diode\nAmneal Ireland: Amneal Ireland Limited Cahir Road, Cashel, Co. Tipperary, Ireland.','1. All QC/ARD personnel must follow the procedure.\n2. The Laboratory Manager ensures adherence to the procedure.\n3. Report any equipment problems to the Laboratory Manager.\n4. Ensure all users are trained on the current SOP revision.','QC-018: 30-Sep-2016 - First Issued\nQC-018A: 17-Sep-2019 - Updated SOP to new logo and removed reference to Appendix.\nQC-018B: 15-Oct-2020 - Removed reference to VD 23, updated vacuum instructions, and made grammatical amendments.','QC-018A','FM-QC-019: Binder Oven Usage Logbook\nBinder APT.line[TM] VD Vacuum Drying Oven Operating Manual'),(83,'QC-019C','INTEGRATION OF CHROMATOGRAMS IN THE QC/ARD LABORATORY','To provide a systematic approach to peak identification and integration for chromatograms.\n---\nThis procedure is applicable for all chromatograms generated during analysis performed by QC/ARD, Amneal Ireland.\n---\n1. Peak marking based on RT and RRT.\n2. Peak marking based on Blank/Placebo.\n3. Identification of Peak by Spike Solution.\n4. Procedure for Integration of Peaks in a Chromatogram.\n5. General Procedure for integration parameters.\n6. Manual integration requires approval from the Laboratory Manager.\n---\nQC-019: 03-Oct-2016 - First Issued.\nQC-019A: 02-Oct-2019 - Updated SOP to new format, added definitions, and revised integration procedures.\nQC-019B: 08-Nov-2019 - Corrected spelling errors and included diagrams.\nQC-019C: 17-Nov-2021 - Updated manual integration approval process.\n---\n1. Laboratory personnel shall comply with the requirements of this procedure.\n2. Laboratory personnel must ensure they are trained to the current version.\n3. Laboratory Manager or designee ensures adherence to the procedure.\n4. Laboratory Manager or designee ensures all personnel are appropriately trained.','QC-019C Integration of Chromatograms in the QC-ARD Laboratory.pdf',3,2,'2025-11-17 22:03:44',NULL,NULL,NULL,1,9,NULL,1,NULL,'To provide a systematic approach to peak identification and integration for chromatograms.','This procedure is applicable for all chromatograms generated during analysis performed by QC/ARD, Amneal Ireland.','1. Peak marking based on RT and RRT.\n2. Peak marking based on Blank/Placebo.\n3. Identification of Peak by Spike Solution.\n4. Procedure for Integration of Peaks in a Chromatogram.\n5. General Procedure for integration parameters.\n6. Manual integration requires approval from the Laboratory Manager.','Chromatogram: Graphical representation of detector response vs time.\nPeak: Portion of chromatographic recording when a component is eluted.\nIntegration: Process of calculating peak areas.\nBaseline: Line representing detector signal when only mobile phase is passing.\nBaseline noise: Irregular variations in the baseline.\nValley: Lowest point between two unresolved peaks.\nParent Peak: Larger of a pair of partially resolved peaks.\nRider Peak: Smaller of a pair of partially resolved peaks.\nResolved Peak: Peak with resolution ≥ 2.0.\nPartially resolved peak: Peak with resolution < 2.0.\nPeak separation: Deriving areas of partially resolved peaks.\nPeak Measurement: Integration involving peak start, apex, and end.\nPeak Area: Area under the curve.\nRetention time (RT): Time for elution of a component.\nRelative retention time (RRT): Ratio of RT of component to reference component.\nDrift and Hump: Baseline shift due to mobile phase or instrumental factors.\nKnown peak: Peak with known origin.\nUnknown peak: Peak with unknown origin.\nPlacebo: Pharmaceutical preparation without active ingredient.\nBlank: Diluent/solvent used for injection.\nPlacebo peak: Peak from placebo portion.\nBlank peak: Peak from blank solution.\nHighest unknown peak: Largest unknown peak.\nSystem suitability: Ensures chromatographic system performance.\nSignal-to-noise ratio: Determines sensitivity of the method.\nQC/ARD: Quality Control/Analytical Research and Development.\nAmneal Ireland: Amneal Ireland Limited, Cahir Road, Cashel, Co. Tipperary, Ireland.\nLimit of Quantitation (LOQ): Lowest quantifiable concentration.\nLimit of Detection (LOD): Lowest detectable concentration.\nDisregard Limit: Peaks below this limit are disregarded.\nScientifically correct integration: Integration visually correct at minimum zoom level.','1. Laboratory personnel shall comply with the requirements of this procedure.\n2. Laboratory personnel must ensure they are trained to the current version.\n3. Laboratory Manager or designee ensures adherence to the procedure.\n4. Laboratory Manager or designee ensures all personnel are appropriately trained.','QC-019: 03-Oct-2016 - First Issued.\nQC-019A: 02-Oct-2019 - Updated SOP to new format, added definitions, and revised integration procedures.\nQC-019B: 08-Nov-2019 - Corrected spelling errors and included diagrams.\nQC-019C: 17-Nov-2021 - Updated manual integration approval process.','QC-019B','USP\nEDQM- Helpdesk - 04- European Pharmacopoeia & International Harmonisation'),(84,'QC-020H','EVALUATION OF SYSTEM SUITABILITY DATA FOR HPLC, GC AND UV-VIS APPLICATIONS','To provide general procedures for the conduct of HPLC, GC, and UV-Vis analysis and describe the process for evaluating system suitability data.\n---\nThis SOP applies to personnel in the QC/ARD laboratory at Amneal Ireland and is supplementary to analytical test methods.\n---\n1. General requirements for system suitability.\n2. Data acquisition and integration procedures.\n3. System suitability for HPLC, GC, and UV-Vis.\n4. Handling system suitability failures.\n5. Chromatographic adjustments to achieve system suitability.\n---\nQC-020: 30-Sep-2016 - First Issued.\nQC-020A: 27-Jun-2018 - Updated definitions and procedures.\nQC-020B: 07-Aug-2018 - Added new definitions and instructions.\nQC-020C: 20-Jun-2019 - Updated title, definitions, and procedures.\nQC-020D: 13-Aug-2020 - Updated diluent injection instructions.\nQC-020E: 25-Sep-2020 - Updated handling of extraneous peaks.\nQC-020F: 02-Feb-2022 - Updated flowchart and references.\nQC-020G: 15-Jun-2022 - Updated standard injection sequence and system suitability procedures.\nQC-020H: 13-Dec-2022 - Updated standard correlation calculation and bracketing standard criteria.\n---\n1. QC/ARD personnel must follow this procedure.\n2. QC/ARD personnel must ensure they are trained on the current revision.\n3. QC/ARD Manager (or designee) ensures adherence to the procedure.','QC-020H Evaluation of SS Data for HPLC, GC & UV-VIS App.pdf',3,2,'2025-11-17 22:03:44',NULL,NULL,NULL,1,9,NULL,1,NULL,'To provide general procedures for the conduct of HPLC, GC, and UV-Vis analysis and describe the process for evaluating system suitability data.','This SOP applies to personnel in the QC/ARD laboratory at Amneal Ireland and is supplementary to analytical test methods.','1. General requirements for system suitability.\n2. Data acquisition and integration procedures.\n3. System suitability for HPLC, GC, and UV-Vis.\n4. Handling system suitability failures.\n5. Chromatographic adjustments to achieve system suitability.','HPLC: High Performance Liquid Chromatography.\nGC: Gas Chromatography.\nUV-Vis: Ultra-Violet-Visible.\nIdeal Chromatography: Meets predefined system suitability requirements.\nPoor Chromatography: Identified by symptoms like noisy baseline, shift in retention time, or asymmetric peaks.\nNMT: Not More Than.\nNLT: Not Less Than.\nStandard: Reference standard solution used for system suitability and calibration.\nSystem Suitability: Tests to verify analytical system performance.\nRelative Retention Time (RRT): Retention time of a component relative to a reference peak.\nCapacity Factor (k’): Measure of peak location relative to void volume.\nResolution (R): Measure of separation between two adjacent peaks.\nTailing factor (T): Measure of peak symmetry.\nRelative Standard Deviation (RSD): Measure of reproducibility.\nTheoretical Plates/Column Efficiency: Measure of column performance.\nAmneal Ireland: Amneal Ireland Limited, Cahir Road, Cashel, Co. Tipperary, Ireland.\nAPI: Active Pharmaceutical Ingredient.\nIncident: Unexpected event during laboratory operations.\nApproved Document: Data entry documents approved for recording analytical method execution.','1. QC/ARD personnel must follow this procedure.\n2. QC/ARD personnel must ensure they are trained on the current revision.\n3. QC/ARD Manager (or designee) ensures adherence to the procedure.','QC-020: 30-Sep-2016 - First Issued.\nQC-020A: 27-Jun-2018 - Updated definitions and procedures.\nQC-020B: 07-Aug-2018 - Added new definitions and instructions.\nQC-020C: 20-Jun-2019 - Updated title, definitions, and procedures.\nQC-020D: 13-Aug-2020 - Updated diluent injection instructions.\nQC-020E: 25-Sep-2020 - Updated handling of extraneous peaks.\nQC-020F: 02-Feb-2022 - Updated flowchart and references.\nQC-020G: 15-Jun-2022 - Updated standard injection sequence and system suitability procedures.\nQC-020H: 13-Dec-2022 - Updated standard correlation calculation and bracketing standard criteria.','QC-020G','SOP QC-019: Integration of chromatograms in the QC/ARD Laboratories.\nSOP QC-012: Chromatographic Column Management.\nUnited States Pharmacopeia.\nP_CQCM-1026: Evaluation of Chromatographic and System Suitability Data for HPLC, UPLC, and GC Applications.\nSOP QM-010: Investigation System.\nFM-QC-008: Column receipt and usage logbook.\nSOP QC-086: Handling of Laboratory Incident in the QC/ARD and Microbiology Laboratories.\nSOP QC-001: Investigation of Out of Specification (OOS) Laboratory Results.\nFM-QC-224: Laboratory Incident Report.\nSOP QC-085: Investigation of Atypical Results in the QC Laboratory.\nGQS_0038: Investigation of Unexpected Peaks in Chromatographic Analysis.'),(85,'QC-021B','OPERATION OF EMPOWER SOFTWARE','To provide a systematic approach for the routine operation of Empower Software.\n---\nThis procedure applies to the Quality Control and Analytical Research & Development (QC/ARD) Laboratory at Amneal, Ireland.\n---\nTo provide a systematic approach for the routine operation of Empower Software.\n---\nRevision: QC-021, Date: 30-Sep-2016, CCF No.: --, Reason: First Issued\nRevision: QC-021A, Date: 17-May-2019, CCF No.: AI-CC-18-140 AI-CC-19-010, Reason: Header: New Amneal logo added. New Points added: 5.3.5 Creating an Instrument Method (IM) 5.3.5.8 Instrument Methods shall be created by a “Superuser”. The Superuser should print and sign / date the created Instrument Method and pass to the Laboratory Manger or designee for review. 5.3.5.9 Once the Instrument Method is reviewed and signed / dated by the Laboratory Manger or designee the Instrument Method should be locked by the Superuser from “Chemist” user group. The reviewed Instrument should be stored in a designated folder in the QC/ARD Laboratory. 5.3.5.10 Once locked the Instrument Method can be used for routine use. Note: Instrument methods for Headspace Gas Chromatography cannot be locked as the number of vials require updating for each sample set. Instrument methods for Headspace Gas Chromatography will be printed by the analysts and submitted as part of the chromatographic data pack for review. The instrument method will be reviewed by the data reviewer during the review process. 5.3.6: Creating a Method Set 5.3.6.7 Method Sets shall be created by the “Super User”. The Superuser should print and sign/date the created Method Set and pass to the Laboratory Manger or designee for review. 5.3.6.8 Once the Method Set is reviewed and signed / dated by the Laboratory Manger or designee the Method Set should be locked by a Superuser from “Chemist” user group. The reviewed Method Set should be stored in a designated folder in the QC/ARD Laboratory. 5.3.6.9 Once locked the Method Set can be used for routine use. 5.3.7 Creating Report Method 5.3.7.1 Report Methods shall be created for each analytical procedure in the QC/ARD Laboratory. Report Methods may be created by a Superuser or a Chemist. The Superuser or Chemist should print the created Report Method and pass to the Laboratory Manger or designee for review. 5.3.7.2 Report Methods shall include the following • Sample Set • Processing Method • Component Summary Report • Chromatogram of all injections in the relevant Sample Set A separate report Method should be created for System Suitability. Report Methods must contain all critical information as per the relevant analytical procedure 5.3.7.3 Once the Report Method is reviewed by the Laboratory Manger or designee the Report Methods should be locked by a Superuser from the “Chemist” group. 5.3.7.4 Once locked Report Methods can be used for routine use in the QC/ARD laboratory. Correct typographical error in numbering for section 5.1.1\nRevision: QC-021B, Date: 2020-01-01, CCF No.: AI-CC-19-080, Reason: Section 6.0 updated to reflect new SOP Title for SOP QC-020\n---\nThe QC/ARD personnel are responsible for complying with the requirements of this procedure.\nLaboratory manager or designee shall be responsible to ensure that the steps outlined in this procedure are followed.\nLaboratory manager or designee must ensure that all personnel performing the steps outlined in this procedure are appropriately trained.','QC-021B Operation of Empower Software.pdf',3,2,'2025-11-17 22:03:44',NULL,NULL,NULL,1,9,NULL,1,NULL,'To provide a systematic approach for the routine operation of Empower Software.','This procedure applies to the Quality Control and Analytical Research & Development (QC/ARD) Laboratory at Amneal, Ireland.','To provide a systematic approach for the routine operation of Empower Software.','Amneal Ireland: Amneal Ireland Limited Cahir Road, Cashel, Co. Tipperary, Ireland.\nProject: A user defined collection of data including but not limited to methods, results, view filters, custom fields and raw data.\nMethod: An instruction to Empower to perform a task.\nInstrument Method: Instructions to control a chromatographic instrument and collect data.\nProcessing Method: Instructions including but not limited to the following actions: identify peaks, integrate, calculate results, perform system suitability.\nReport Method: Instructions specifying the content and format of chromatographic reports including but not limited to chromatograms, calibration curves, numerical data.\nMethod Set: Collection of methods that must contain the instrument method. May also contain processing method, report method and export method.\nSample Set Method: A set of instructions that defines what samples will be run and how. Information includes but is not limited to vial position, sample name, injection volume.\nSample Set: A set of data acquired after running a sample set method.\nResult Set: A bound set of results generated from processing selected sample sets.','The QC/ARD personnel are responsible for complying with the requirements of this procedure.\nLaboratory manager or designee shall be responsible to ensure that the steps outlined in this procedure are followed.\nLaboratory manager or designee must ensure that all personnel performing the steps outlined in this procedure are appropriately trained.','Revision: QC-021, Date: 30-Sep-2016, CCF No.: --, Reason: First Issued\nRevision: QC-021A, Date: 17-May-2019, CCF No.: AI-CC-18-140 AI-CC-19-010, Reason: Header: New Amneal logo added. New Points added: 5.3.5 Creating an Instrument Method (IM) 5.3.5.8 Instrument Methods shall be created by a “Superuser”. The Superuser should print and sign / date the created Instrument Method and pass to the Laboratory Manger or designee for review. 5.3.5.9 Once the Instrument Method is reviewed and signed / dated by the Laboratory Manger or designee the Instrument Method should be locked by the Superuser from “Chemist” user group. The reviewed Instrument should be stored in a designated folder in the QC/ARD Laboratory. 5.3.5.10 Once locked the Instrument Method can be used for routine use. Note: Instrument methods for Headspace Gas Chromatography cannot be locked as the number of vials require updating for each sample set. Instrument methods for Headspace Gas Chromatography will be printed by the analysts and submitted as part of the chromatographic data pack for review. The instrument method will be reviewed by the data reviewer during the review process. 5.3.6: Creating a Method Set 5.3.6.7 Method Sets shall be created by the “Super User”. The Superuser should print and sign/date the created Method Set and pass to the Laboratory Manger or designee for review. 5.3.6.8 Once the Method Set is reviewed and signed / dated by the Laboratory Manger or designee the Method Set should be locked by a Superuser from “Chemist” user group. The reviewed Method Set should be stored in a designated folder in the QC/ARD Laboratory. 5.3.6.9 Once locked the Method Set can be used for routine use. 5.3.7 Creating Report Method 5.3.7.1 Report Methods shall be created for each analytical procedure in the QC/ARD Laboratory. Report Methods may be created by a Superuser or a Chemist. The Superuser or Chemist should print the created Report Method and pass to the Laboratory Manger or designee for review. 5.3.7.2 Report Methods shall include the following • Sample Set • Processing Method • Component Summary Report • Chromatogram of all injections in the relevant Sample Set A separate report Method should be created for System Suitability. Report Methods must contain all critical information as per the relevant analytical procedure 5.3.7.3 Once the Report Method is reviewed by the Laboratory Manger or designee the Report Methods should be locked by a Superuser from the “Chemist” group. 5.3.7.4 Once locked Report Methods can be used for routine use in the QC/ARD laboratory. Correct typographical error in numbering for section 5.1.1\nRevision: QC-021B, Date: 2020-01-01, CCF No.: AI-CC-19-080, Reason: Section 6.0 updated to reflect new SOP Title for SOP QC-020','QC-021A','SOP: QC-019 Integration of Chromatograms in the QC/ARD Laboratory\nSOP: QC-020 Evaluation of System Suitability Data for HPLC, GC and UV-Vis Applications\nSOP: QC-025 Operation and Maintenance of HPLC System\nSOP: QC-030 Operation and Maintenance of GC System'),(86,'QC-022E','CONTROL OF LABORATORY INSTRUMENTS','To describe the receipt, labelling, qualification, maintenance, re-qualification, re-validation, calibration and repair of instruments/equipment in the Quality Control/Analytical R&D (QC/ARD) and Microbiology Laboratory.\n---\nThis procedure applies to all instruments/equipment in the QC/ARD Laboratories.\n---\nTo describe the receipt, labelling, qualification, maintenance, re-qualification, re-validation, calibration and repair of instruments/equipment in the Quality Control/Analytical R&D (QC/ARD) and Microbiology Laboratory.\n---\nRevision: QC-022, Date: 03-Oct-2016, CCF No.: --, Reason: First issued.\nRevision: QC-022A, Date: 29-Mar-2018, CCF No.: AI-CC-18-014, Reason: Added equipment, re-qualification and re-validation to the Purpose section 1.1. Updated section 2.1 to include equipment. Minor grammatical corrections to section 3. Added responsibilities in section 3 for the Laboratory Manager or designee to ensure all activities are documented as per SOP QM-004, manage spare parts ordering, ensure all contractors meet SOP QA-002 (Contract Service Provider Management). Added responsibilities for persons performing work to adhere to safety signs, wear correct PPE, avoid hot surfaces, have adequate lighting, electrical shocks etc. Added acronyms PM, QC/ARD, SOP, GMP, COTS, SDS, QM, QA, IT, VMP, NIST, NSAI, and NPL to Definitions section 4. Section 4.2 has changed definition to “IQ: Installation Qualification: The documented verification that the facilities, systems, instruments and equipment as installed or modified, comply with the approved design and the manufacturer’s recommendations.” to align with VA-002. Section 4.3 has changed definition to “OQ: Operational Qualification: The documented verification that the facilities, systems, instruments and equipment as installed or modified, perform as intended throughout the anticipated operating ranges.” To align with VA-002. Added definition for Re-validation to Section 4.6. Section 5.1 Added Equipment for clarification. Section 5.1 Added “New instruments shall be assessed and introduced as per QM-013, “Change Control System” if applicable”. Section 5.1 Added “Any instrument that exists on site but has not been previously qualified shall be assessed prior to qualification of this instrument.” Section 5.1.6, responsibility changed to QC/ARD. Added “Record IQ as per VA-002, Appendix IV, “Protocol template for Installation Qualification (IQ).” To Section 5.2.4. Removed reference to presumed instruments in Section 5.2.4. Added “Any re-qualification or re-calibration activities required of the instrument will be managed under the associated Change Control as per this procedure” to Section 5.2.9. Added clarification on the instruments that require qualification following a move to Section 5.2.9. Section 5.5 has been changed from “Instrument Calibration and Preventative Maintenance” to “Instrument Calibration”. Sections 5.5 and 5.5.4 have been amended to reference section 5.4 for categorisation, and SOP QM-007 only for calibration. Section 5.5.2 has been moved to section 5.6.1. Section 5.5.3 is removed as already stated in 3.5. Section 5.5.5 is now covered in section 5.6.10. Section 5.5.6 is re-worded and moved to 5.6.14. Section 5.5.7 is moved to 5.6.11. Section 5.5.8 referencing SOP QM-007 (Calibration Policy) is removed as this SOP does not cover PMs. Section 5.6 amended from ‘Repair of Instruments’ to ‘Instrument PM’ (‘Repair of Instruments’ is now section 5.9). Section 5.6 now covers purpose of PM, forms to be used for annual and monthly PM schedules, reference instruments used, persons qualified to perform PMs, instrument classification, recording and documentation storage, use of labels etc. New section 5.7 added; Maintenance Schedule. New section 5.8 added; Periodic Re-qualification /Re-validation. References expanded to Preventative Maintenance Annual Schedule (FM-QC-123), Preventative Maintenance Monthly Schedule (FM-QC-124), Instrument PM Record – Category A Instruments (FM-QC-125), QM-004, Good Documentation Practices, QA-002, Contract Service Provider Management, QM-010, Investigation System, MF-008, Labelling of Material, Product, Room and Equipment, FM-QM-020, Calibration label, FM-MF-012, Equipment Out of Service/ON HOLD’ label. Update of Appendix II (Instrument Categorisation (FM-QC-027)) to include new instrumentation. Appendix VI and VII added as templates for annual and monthly PM schedules. Appendix VIII added (Instrument PM Record – Category A Instrument). Appendix II updated to include other instrument types. Editorial changes.\nRevision: QC-022B, Date: 18-Sep-2018, CCF No.: AI-CC-18-064, AI-CC-18-097, Reason: Section 5.1.2; replaced ‘Out of Use’ label FM-QC-026 with ‘Out of Use’ label FM-QM-112 (SOP QM-007 Calibration Policy). Section 5.2.13; PM label FM-QC-028 replaced by PM label FM-MF-040, SOP MF-008 Labelling of Material, Product, Room and Equipment. Section 5.6.2 Appendix IV amended to Appendix VI and Appendix V amended to VII to correct typographical errors. Section 5.6.7 Appendix VI amended to Appendix VIII to correct typographical error. Section 5.6.12; replaced ‘Out of Use’ label FM-MF-012 with ‘Out of Use’ label FM-QM-112 (SOP QM-007 Calibration Policy). Section 5.6.13; replaced ‘Equipment Out of Service’/On Hold’ label with ‘Out of Use’ label FM-QM-112, SOP QM-007, Calibration Policy. Changed PM status label from FM-QC-028 to FM-MF-040. Section 5.9.3; replaced ‘Out of Use’ label FM-QC-026 with ‘Out of Use’ label FM-QM-112, SOP QM-007, Calibration Policy. Removed Appendices I and III as no longer required following above changes (see points 1 and 2). Reference to FM-QM-112 Out of Use label, SOP QM-007 added. Addition of FM-MF-040 (Preventative Maintenance Status label) and FM-QM-112 (Out of Use label) to References section, points 6.18 and 6.19 respectively. General editorial changes. Updated Appendix II to include additional new instruments in QC/ARD.\nRevision: QC-022C, Date: 15-Nov-2018, CCF No.: AI-CC-18-125, Reason: Corrected error in the naming of the change controls listed for revision QC-022B. Amended Appendix VII for typographical errors; Page 2 footer in Appendix VII amended from FM-QC-123 to FM-QC-124. Page 2 heading in Appendix VII amended from Appendix VI to Appendix VII.\nRevision: QC-022D, Date: 08-Feb-2019, CCF No.: AI-CC-18-064, Reason: Update procedure to new template. Update Logo in header. Section 1.1 Include “and Microbiology”. Section 2.1 Change Laboratory to Laboratories. Section 4.13 Include “Micro”. Section 4.23 Include Definition for CSV. Section 5.2 Change Laboratory to Laboratories. Section 5.9.2 Include numbering format for Instrument Repair Requests. Section 5.9.9, Addition of “For Microbiology Equipment all repair activities must be documented in the instrument’s usage logbook”. Section 6.17, Include “SOP QM-007”. Update FM-QC-027 to new form template and put titles of form in body of the form as header is removed. Update FM-QC-027 to include new logo in header. Update FM-QC-027 to include a Hotplate. Remove Appendix numbers throughout the document and replace with form number where applicable. Add new point under section 5.5.2 – “In the event that a planned Calibration activity is unable to be completed within it’s defined Calibration schedule window QC/ARD / QA Val and QA can assess impact, if any, and document decision on instrument PM status thereafter. An “Out of Use” label will be applied to the instrument prior to the calibration activity exceeding it’s defined due date pending the outcome of the assessment. The assessment will be documented and stored with the relevant calibration schedule documentation.” Updated section 5.6.2 to remove requirement to initiate an investigation per QM-010 if a planned preventative maintenance task is completed after the allowable due date. Update section 5.6.2 to include “In the event that a planned preventative maintenance activity is unable to be completed within it’s defined PM schedule window QC/ARD / QA Val and QA to assess impact, if any, and document decision on instrument PM status thereafter. An “Out of Use” label will be applied to the instrument prior to the PM activity exceeding it’s defined PM due date (including tolerance where applicable) pending the outcome of the assessment. The assessment will be documented and stored with the relevant maintenance schedule documentation”. Updated form numbers FM-QC-029, FM-QC-030, FM-QC-123, FM-QC-124 and FM-QC-125 to new template and included new logo in header.\n---\nLaboratory personnel shall comply with the requirements of this procedure.\nLaboratory personnel must ensure that they are trained to the current version of this procedure.\nLaboratory Manager or designee shall be responsible for ensuring that the steps outlined in this procedure are followed.\nThe Laboratory Manager or designee must ensure that all personnel performing the steps outlined in this procedure are appropriately trained.\nThe Laboratory Manager or designee is responsible for establishing and implementing the laboratory instrument calibration and preventive maintenance schedule.\nThe Laboratory Manager or designee shall ensure that all activities are documented as per QM-004 (Good Documentation Practices).\nThe Laboratory Manager or designee shall ensure that all contract maintenance providers meet the requirements of SOP QA-002 (Contract Service Provider Management).\nIt is the responsibility of all persons performing calibrations/PM/re-validation/re-qualification work to adhere to all safety signs, notices and guidelines.','QC-022E Control of Laboratory Instruments.pdf',3,2,'2025-11-17 22:05:45',NULL,NULL,NULL,1,9,NULL,1,NULL,'To describe the receipt, labelling, qualification, maintenance, re-qualification, re-validation, calibration and repair of instruments/equipment in the Quality Control/Analytical R&D (QC/ARD) and Microbiology Laboratory.','This procedure applies to all instruments/equipment in the QC/ARD Laboratories.','To describe the receipt, labelling, qualification, maintenance, re-qualification, re-validation, calibration and repair of instruments/equipment in the Quality Control/Analytical R&D (QC/ARD) and Microbiology Laboratory.','AIQ: Analytical Instrument Qualification.\nIQ: Installation Qualification.\nOQ: Operational Qualification.\nPQ: Performance Qualification.\nRQ: Re-qualification.\nRV: Re-validation.\nPM: Preventive Maintenance.\nCalibration: Set of operations that establish the relationship between values indicated by a measuring instrument and the corresponding values realised by standards.\nAmneal Ireland: Amneal Ireland Limited Cahir Road, Cashel, Co. Tipperary, Ireland.\nSOP: Standard Operating Procedure.\nGMP: Good Manufacturing Practice.\nPPE: Personal Protective Equipment.\nQC/ARD-Micro: Quality Control/ Analytical Research & Development and Micro.\nCOTS: Commercial off the Shelf.\nSDS: Safety Data Sheets.\nQM: Quality Management.\nQA: Quality Assurance.\nIT: Information Technology.\nVMP: Validation Master Plan.\nNIST: National Institute of Standards and Technology.\nNSAI: National Standards Authority of Ireland.\nNPL: National Physics Laboratory.\nCSV: Computer Systems Validation.','Laboratory personnel shall comply with the requirements of this procedure.\nLaboratory personnel must ensure that they are trained to the current version of this procedure.\nLaboratory Manager or designee shall be responsible for ensuring that the steps outlined in this procedure are followed.\nThe Laboratory Manager or designee must ensure that all personnel performing the steps outlined in this procedure are appropriately trained.\nThe Laboratory Manager or designee is responsible for establishing and implementing the laboratory instrument calibration and preventive maintenance schedule.\nThe Laboratory Manager or designee shall ensure that all activities are documented as per QM-004 (Good Documentation Practices).\nThe Laboratory Manager or designee shall ensure that all contract maintenance providers meet the requirements of SOP QA-002 (Contract Service Provider Management).\nIt is the responsibility of all persons performing calibrations/PM/re-validation/re-qualification work to adhere to all safety signs, notices and guidelines.','Revision: QC-022, Date: 03-Oct-2016, CCF No.: --, Reason: First issued.\nRevision: QC-022A, Date: 29-Mar-2018, CCF No.: AI-CC-18-014, Reason: Added equipment, re-qualification and re-validation to the Purpose section 1.1. Updated section 2.1 to include equipment. Minor grammatical corrections to section 3. Added responsibilities in section 3 for the Laboratory Manager or designee to ensure all activities are documented as per SOP QM-004, manage spare parts ordering, ensure all contractors meet SOP QA-002 (Contract Service Provider Management). Added responsibilities for persons performing work to adhere to safety signs, wear correct PPE, avoid hot surfaces, have adequate lighting, electrical shocks etc. Added acronyms PM, QC/ARD, SOP, GMP, COTS, SDS, QM, QA, IT, VMP, NIST, NSAI, and NPL to Definitions section 4. Section 4.2 has changed definition to “IQ: Installation Qualification: The documented verification that the facilities, systems, instruments and equipment as installed or modified, comply with the approved design and the manufacturer’s recommendations.” to align with VA-002. Section 4.3 has changed definition to “OQ: Operational Qualification: The documented verification that the facilities, systems, instruments and equipment as installed or modified, perform as intended throughout the anticipated operating ranges.” To align with VA-002. Added definition for Re-validation to Section 4.6. Section 5.1 Added Equipment for clarification. Section 5.1 Added “New instruments shall be assessed and introduced as per QM-013, “Change Control System” if applicable”. Section 5.1 Added “Any instrument that exists on site but has not been previously qualified shall be assessed prior to qualification of this instrument.” Section 5.1.6, responsibility changed to QC/ARD. Added “Record IQ as per VA-002, Appendix IV, “Protocol template for Installation Qualification (IQ).” To Section 5.2.4. Removed reference to presumed instruments in Section 5.2.4. Added “Any re-qualification or re-calibration activities required of the instrument will be managed under the associated Change Control as per this procedure” to Section 5.2.9. Added clarification on the instruments that require qualification following a move to Section 5.2.9. Section 5.5 has been changed from “Instrument Calibration and Preventative Maintenance” to “Instrument Calibration”. Sections 5.5 and 5.5.4 have been amended to reference section 5.4 for categorisation, and SOP QM-007 only for calibration. Section 5.5.2 has been moved to section 5.6.1. Section 5.5.3 is removed as already stated in 3.5. Section 5.5.5 is now covered in section 5.6.10. Section 5.5.6 is re-worded and moved to 5.6.14. Section 5.5.7 is moved to 5.6.11. Section 5.5.8 referencing SOP QM-007 (Calibration Policy) is removed as this SOP does not cover PMs. Section 5.6 amended from ‘Repair of Instruments’ to ‘Instrument PM’ (‘Repair of Instruments’ is now section 5.9). Section 5.6 now covers purpose of PM, forms to be used for annual and monthly PM schedules, reference instruments used, persons qualified to perform PMs, instrument classification, recording and documentation storage, use of labels etc. New section 5.7 added; Maintenance Schedule. New section 5.8 added; Periodic Re-qualification /Re-validation. References expanded to Preventative Maintenance Annual Schedule (FM-QC-123), Preventative Maintenance Monthly Schedule (FM-QC-124), Instrument PM Record – Category A Instruments (FM-QC-125), QM-004, Good Documentation Practices, QA-002, Contract Service Provider Management, QM-010, Investigation System, MF-008, Labelling of Material, Product, Room and Equipment, FM-QM-020, Calibration label, FM-MF-012, Equipment Out of Service/ON HOLD’ label. Update of Appendix II (Instrument Categorisation (FM-QC-027)) to include new instrumentation. Appendix VI and VII added as templates for annual and monthly PM schedules. Appendix VIII added (Instrument PM Record – Category A Instrument). Appendix II updated to include other instrument types. Editorial changes.\nRevision: QC-022B, Date: 18-Sep-2018, CCF No.: AI-CC-18-064, AI-CC-18-097, Reason: Section 5.1.2; replaced ‘Out of Use’ label FM-QC-026 with ‘Out of Use’ label FM-QM-112 (SOP QM-007 Calibration Policy). Section 5.2.13; PM label FM-QC-028 replaced by PM label FM-MF-040, SOP MF-008 Labelling of Material, Product, Room and Equipment. Section 5.6.2 Appendix IV amended to Appendix VI and Appendix V amended to VII to correct typographical errors. Section 5.6.7 Appendix VI amended to Appendix VIII to correct typographical error. Section 5.6.12; replaced ‘Out of Use’ label FM-MF-012 with ‘Out of Use’ label FM-QM-112 (SOP QM-007 Calibration Policy). Section 5.6.13; replaced ‘Equipment Out of Service’/On Hold’ label with ‘Out of Use’ label FM-QM-112, SOP QM-007, Calibration Policy. Changed PM status label from FM-QC-028 to FM-MF-040. Section 5.9.3; replaced ‘Out of Use’ label FM-QC-026 with ‘Out of Use’ label FM-QM-112, SOP QM-007, Calibration Policy. Removed Appendices I and III as no longer required following above changes (see points 1 and 2). Reference to FM-QM-112 Out of Use label, SOP QM-007 added. Addition of FM-MF-040 (Preventative Maintenance Status label) and FM-QM-112 (Out of Use label) to References section, points 6.18 and 6.19 respectively. General editorial changes. Updated Appendix II to include additional new instruments in QC/ARD.\nRevision: QC-022C, Date: 15-Nov-2018, CCF No.: AI-CC-18-125, Reason: Corrected error in the naming of the change controls listed for revision QC-022B. Amended Appendix VII for typographical errors; Page 2 footer in Appendix VII amended from FM-QC-123 to FM-QC-124. Page 2 heading in Appendix VII amended from Appendix VI to Appendix VII.\nRevision: QC-022D, Date: 08-Feb-2019, CCF No.: AI-CC-18-064, Reason: Update procedure to new template. Update Logo in header. Section 1.1 Include “and Microbiology”. Section 2.1 Change Laboratory to Laboratories. Section 4.13 Include “Micro”. Section 4.23 Include Definition for CSV. Section 5.2 Change Laboratory to Laboratories. Section 5.9.2 Include numbering format for Instrument Repair Requests. Section 5.9.9, Addition of “For Microbiology Equipment all repair activities must be documented in the instrument’s usage logbook”. Section 6.17, Include “SOP QM-007”. Update FM-QC-027 to new form template and put titles of form in body of the form as header is removed. Update FM-QC-027 to include new logo in header. Update FM-QC-027 to include a Hotplate. Remove Appendix numbers throughout the document and replace with form number where applicable. Add new point under section 5.5.2 – “In the event that a planned Calibration activity is unable to be completed within it’s defined Calibration schedule window QC/ARD / QA Val and QA can assess impact, if any, and document decision on instrument PM status thereafter. An “Out of Use” label will be applied to the instrument prior to the calibration activity exceeding it’s defined due date pending the outcome of the assessment. The assessment will be documented and stored with the relevant calibration schedule documentation.” Updated section 5.6.2 to remove requirement to initiate an investigation per QM-010 if a planned preventative maintenance task is completed after the allowable due date. Update section 5.6.2 to include “In the event that a planned preventative maintenance activity is unable to be completed within it’s defined PM schedule window QC/ARD / QA Val and QA to assess impact, if any, and document decision on instrument PM status thereafter. An “Out of Use” label will be applied to the instrument prior to the PM activity exceeding it’s defined PM due date (including tolerance where applicable) pending the outcome of the assessment. The assessment will be documented and stored with the relevant maintenance schedule documentation”. Updated form numbers FM-QC-029, FM-QC-030, FM-QC-123, FM-QC-124 and FM-QC-125 to new template and included new logo in header.','QC-022D','FM-QC-027 : Instrument Categorisation.\nFM-QC-029 : Instrument Repair Request.\nFM-QC-030 : Instrument Repair Record Log.\nFM-QC-123 : Preventative Maintenance Annual Schedule.\nFM-QC-124 : Preventative Maintenance Monthly Schedule.\nFM-QC-125 : Instrument PM Record – Category A Instruments.\nQA-005 : Assigning Equipment Identification Number.\nVA-002 : Qualification Procedure.\nQM-007 : Calibration Policy.\nQM-013 : Change Control.\nUSP <1058> Analytical Instrument Qualification.\nEudralex Chapter 6 and Annex 15.\nQM-004 : Good Documentation Practices.\nQA-002 : Contract Service Provider Management.\nQM-010 : Investigation System.\nMF-008 : Labelling of Material, Product, Room and Equipment.\nFM-QM-020 : Calibration label (SOP QM-007).\nFM-QM-112 : OUT OF USE label (SOP QM-007).\nFM-MF-040 : Preventative Maintenance Status label.'),(87,'QC-023A','OPERATION AND CALIBRATION OF VWR 609-0185 STOPWATCHES','The purpose of this SOP is to define the procedure for the operation and calibration of the VWR 609-0185 stopwatches.\n---\nThe scope is limited to the use of the timers by the QC/ARD Department in Amneal Ireland.\n---\nThe purpose of this SOP is to define the procedure for the operation and calibration of the VWR 609-0185 stopwatches.\n---\nRevision: QC-023, Date: 30-Sep-2016, CCF No.: --, Reason: First Issued.\nRevision: QC-023A, Date: 2017-12-01, CCF No.: AI-CC-18-140, Reason: Update SOP logo and removed reference to Appendix throughout.\n---\nIt is the responsibility of all personnel within QC/ARD to adhere to the requirements outlined in this procedure.\nAll QC/ARD personnel must ensure that they are trained on the current revision of the SOP.\nIt is the responsibility of the Laboratory Manager (or designee) to ensure that the SOP is followed by all QC/ARD personnel.\nIt is the responsibility of the QC Manager (or designee) to ensure that all QC/ARD personnel are trained on the current revision of the SOP.','QC-023A Operation and Calibration of VWR 609-0185 Stopwatches.pdf',3,2,'2025-11-17 22:05:45',NULL,NULL,NULL,1,9,NULL,1,NULL,'The purpose of this SOP is to define the procedure for the operation and calibration of the VWR 609-0185 stopwatches.','The scope is limited to the use of the timers by the QC/ARD Department in Amneal Ireland.','The purpose of this SOP is to define the procedure for the operation and calibration of the VWR 609-0185 stopwatches.','QC/ARD: Quality Control/Analytical Research and Development.\nAmneal Ireland: Amneal Ireland Limited Cahir Road, Cashel, Co. Tipperary, Ireland.','It is the responsibility of all personnel within QC/ARD to adhere to the requirements outlined in this procedure.\nAll QC/ARD personnel must ensure that they are trained on the current revision of the SOP.\nIt is the responsibility of the Laboratory Manager (or designee) to ensure that the SOP is followed by all QC/ARD personnel.\nIt is the responsibility of the QC Manager (or designee) to ensure that all QC/ARD personnel are trained on the current revision of the SOP.','Revision: QC-023, Date: 30-Sep-2016, CCF No.: --, Reason: First Issued.\nRevision: QC-023A, Date: 2017-12-01, CCF No.: AI-CC-18-140, Reason: Update SOP logo and removed reference to Appendix throughout.','QC-023','FM-QC-021 : Calibration Log for Stopwatches.'),(88,'QC-024C','OPERATION AND MONITORING OF LIEBHERR FRIDGE IN THE QC/ARD LABORATORY','The purpose of this SOP is to define the procedure for the operation and monitoring of the Liebherr fridge.\n---\nThe scope is limited to fridges used by the QC/ARD Department in Amneal Ireland.\n---\nThe purpose of this SOP is to define the procedure for the operation and monitoring of the Liebherr fridge.\n---\nRevision: QC-024, Date: 17-Jan-2017, CCF No.: --, Reason: First Issued.\nRevision: QC-024A, Date: 26-Aug-2019, CCF No.: AI-CC-18-140, Reason: Updated SOP to introduce new Amneal Logo. Formatted header to remove preparers name. Section 5.3 - Updated 5.3.5 to remove Fridge Contents logbook, Appendix 1 (FM-QC-024) and to include Incoming Reference Standards Logbook (FM-QC-015). Updated 5.3.7 to remove Fridge Contents logbook, Appendix 1 (FM-QC-024) and to include Incoming Reference Standards Logbook (FM-QC-016). Added 5.3.8 and 5.3.9. Section 5.4 - Update 5.4.1 to include daily alarm check and instruction that data logger to be downloaded in the event of an alarm being encountered. Update 5.4.2 to clarify that the temperature of the fridge will be recorded every 10 minutes. Update 5.4.3 to state that the data logger will be placed in a representative location within the fridge. Section 5.4.4 – include instruction stating that the temperature data from the data logger will be downloaded on a monthly basis and that calibration cert for data logger will be saved also. Remove section 5.4.4. Add section 5.4.5 to state that all deviations from acceptance criteria should be recorded in FM-QC-025. Section 5.5 - Add clarification that maintenance is documented in FM-QC-025 in point 5.5.5. Section 5.6 - Add section in relation to use of data loggers. References Section - Remove appendix references. Remove reference to FM-QC-024 and SOP-035. Insert references to FM-QC-015 and FM-QC-016.\nRevision: QC-024B, Date: 16-Jul-2020, CCF No.: AI-CC-20-051, Reason: Section 5.3.5 updated to All standards stored in the fridge must be recorded in the Incoming Reference Standards Logbook (FM-QC-015). Section 5.3.6 updated to All items stored in the fridge must be securely sealed and clearly labelled. Section 5.3.8 and 5.3.9 was removed. Section 5.5.1 Prior to performing any maintenance remove samples / standards from the fridge. Complete the clean within a maximum period of 30 minutes to minimise the time that standards are outside of the refrigerated conditions. Section 5.5.2 updated to Clean the inside, equipment and outer walls with lukewarm water and a small amount of detergent. Do not use abrasive or acidic cleaners or chemical solvents. Note: Fridge Clean will be performed annually prior the Fridge Calibration.\nRevision: QC-024C, Date: 2021-07-01, CCF No.: AI-CC-21-049, Reason: Section 5.2 – updated instruction as per new Liebherr Fridge, AI-QC-136. Section 5.4 – added new section to describe how to operate the maximum/minimum thermometer. Section 5.5, monitoring the temperature moved from section 5.4. Section 5.5.1 - added instruction for the monitoring of the fridge using the minimum and maximum thermometer “the minimum and maximum temperatures shall be checked as per section 5.4.5 and 5.4.6. The minimum and maximum temperatures shall be recorded along with the date/time of the minimum and maximum temperatures. Section 5.5.2 - Instruction added on how to deal with excursions of temperature outside the 2°C - 8°C range. Removed section 5.6, use of temperate data loggers. Section 6.4, added reference to IT-014. Updated FM-QC-025 to include new process for monitoring refrigerator temperatures with minimum/maximum thermometer.\n---\nIt is the responsibility of all personnel within QC/ARD to adhere to the requirements outlined in this procedure.\nAll QC/ARD personnel must ensure that they are trained on the current revision of the SOP.\nIt is the responsibility of the Laboratory Manager (or designee) to ensure that the SOP is followed by all QC/ARD personnel.\nIt is the responsibility of the Laboratory Manager (or designee) to ensure that all QC/ARD personnel are trained on the current revision of the SOP.','QC-024C Op & Monitoring of LIEBHERR Fridge in QC-ARD Lab.pdf',3,2,'2025-11-17 22:05:45',NULL,NULL,NULL,1,9,NULL,1,NULL,'The purpose of this SOP is to define the procedure for the operation and monitoring of the Liebherr fridge.','The scope is limited to fridges used by the QC/ARD Department in Amneal Ireland.','The purpose of this SOP is to define the procedure for the operation and monitoring of the Liebherr fridge.','QC/ARD: Quality Control/ Analytical Research & Development.\nAmneal Ireland: Amneal Ireland Limited Cahir Road, Cashel, Co. Tipperary, Ireland.','It is the responsibility of all personnel within QC/ARD to adhere to the requirements outlined in this procedure.\nAll QC/ARD personnel must ensure that they are trained on the current revision of the SOP.\nIt is the responsibility of the Laboratory Manager (or designee) to ensure that the SOP is followed by all QC/ARD personnel.\nIt is the responsibility of the Laboratory Manager (or designee) to ensure that all QC/ARD personnel are trained on the current revision of the SOP.','Revision: QC-024, Date: 17-Jan-2017, CCF No.: --, Reason: First Issued.\nRevision: QC-024A, Date: 26-Aug-2019, CCF No.: AI-CC-18-140, Reason: Updated SOP to introduce new Amneal Logo. Formatted header to remove preparers name. Section 5.3 - Updated 5.3.5 to remove Fridge Contents logbook, Appendix 1 (FM-QC-024) and to include Incoming Reference Standards Logbook (FM-QC-015). Updated 5.3.7 to remove Fridge Contents logbook, Appendix 1 (FM-QC-024) and to include Incoming Reference Standards Logbook (FM-QC-016). Added 5.3.8 and 5.3.9. Section 5.4 - Update 5.4.1 to include daily alarm check and instruction that data logger to be downloaded in the event of an alarm being encountered. Update 5.4.2 to clarify that the temperature of the fridge will be recorded every 10 minutes. Update 5.4.3 to state that the data logger will be placed in a representative location within the fridge. Section 5.4.4 – include instruction stating that the temperature data from the data logger will be downloaded on a monthly basis and that calibration cert for data logger will be saved also. Remove section 5.4.4. Add section 5.4.5 to state that all deviations from acceptance criteria should be recorded in FM-QC-025. Section 5.5 - Add clarification that maintenance is documented in FM-QC-025 in point 5.5.5. Section 5.6 - Add section in relation to use of data loggers. References Section - Remove appendix references. Remove reference to FM-QC-024 and SOP-035. Insert references to FM-QC-015 and FM-QC-016.\nRevision: QC-024B, Date: 16-Jul-2020, CCF No.: AI-CC-20-051, Reason: Section 5.3.5 updated to All standards stored in the fridge must be recorded in the Incoming Reference Standards Logbook (FM-QC-015). Section 5.3.6 updated to All items stored in the fridge must be securely sealed and clearly labelled. Section 5.3.8 and 5.3.9 was removed. Section 5.5.1 Prior to performing any maintenance remove samples / standards from the fridge. Complete the clean within a maximum period of 30 minutes to minimise the time that standards are outside of the refrigerated conditions. Section 5.5.2 updated to Clean the inside, equipment and outer walls with lukewarm water and a small amount of detergent. Do not use abrasive or acidic cleaners or chemical solvents. Note: Fridge Clean will be performed annually prior the Fridge Calibration.\nRevision: QC-024C, Date: 2021-07-01, CCF No.: AI-CC-21-049, Reason: Section 5.2 – updated instruction as per new Liebherr Fridge, AI-QC-136. Section 5.4 – added new section to describe how to operate the maximum/minimum thermometer. Section 5.5, monitoring the temperature moved from section 5.4. Section 5.5.1 - added instruction for the monitoring of the fridge using the minimum and maximum thermometer “the minimum and maximum temperatures shall be checked as per section 5.4.5 and 5.4.6. The minimum and maximum temperatures shall be recorded along with the date/time of the minimum and maximum temperatures. Section 5.5.2 - Instruction added on how to deal with excursions of temperature outside the 2°C - 8°C range. Removed section 5.6, use of temperate data loggers. Section 6.4, added reference to IT-014. Updated FM-QC-025 to include new process for monitoring refrigerator temperatures with minimum/maximum thermometer.','QC-024B','FM-QC-025 : Fridge Temperature Logbook.\nFM-QC-016 : Reference Standards Monthly Review Log.\nFM-QC-015 : Incoming Reference Standards Logbook.\nIT-014 : Synchronisation of time for standalone equipment/instrument.'),(89,'xxxx','Travel and Expense Policy','To provide guidelines and procedures for employees who travel and incur business-related expenses.\n---\nApplies to all Amneal Ireland employees and contractors travelling on Amneal Ireland related business.\n---\nEmployees must book travel through Heffernan Travel. Corporate credit cards are issued to frequent travelers. Reimbursement for business-related expenses is provided. Non-compliance may result in delayed or denied reimbursement or termination. Airline reservations should be made at least 2 weeks in advance. Economy class for UK and Europe, Business class for flights over 10 hours. Rental cars should be intermediate size. Use of personal cars is reimbursable at 39.86 cents/km. Lodging and meals are reimbursable within limits. Travel insurance is provided by the company.\n---\nEmployees must comply with the policy. Managers must approve travel and expenses. Site Director must authorize travel and approve expense reports.','Amneal Ireland Travel Expense Policy.pdf',3,2,'2025-11-17 22:05:45',NULL,NULL,NULL,1,9,NULL,1,NULL,'To provide guidelines and procedures for employees who travel and incur business-related expenses.','Applies to all Amneal Ireland employees and contractors travelling on Amneal Ireland related business.','Employees must book travel through Heffernan Travel. Corporate credit cards are issued to frequent travelers. Reimbursement for business-related expenses is provided. Non-compliance may result in delayed or denied reimbursement or termination. Airline reservations should be made at least 2 weeks in advance. Economy class for UK and Europe, Business class for flights over 10 hours. Rental cars should be intermediate size. Use of personal cars is reimbursable at 39.86 cents/km. Lodging and meals are reimbursable within limits. Travel insurance is provided by the company.',NULL,'Employees must comply with the policy. Managers must approve travel and expenses. Site Director must authorize travel and approve expense reports.',NULL,NULL,NULL),(90,'EMP-HANDBOOK-2022','Employee Handbook August 2022','To provide employees with a comprehensive guide on company policies, procedures, and expectations to ensure a productive and compliant work environment.\n---\nAll employees of Amneal Ireland Limited and Amneal EU Limited.\n---\nEqual Opportunity, Conflict of Interest, Termination of Employment, Time & Attendance, Compensation & Benefits, Leave Provisions, Key Company Policies, Health & Safety, Code of Conduct\n---\nThis handbook supersedes and replaces all previous handbooks, personnel policies, practices, and guidelines. Effective August 2022.\n---\nEmployees: To adhere to the policies outlined in the handbook. Management: To enforce and ensure compliance with the policies. HR Department: To provide guidance and support on policy-related matters.','Employee Handbook August 2022.pdf',3,2,'2025-11-17 22:05:45',NULL,NULL,NULL,1,9,NULL,1,NULL,'To provide employees with a comprehensive guide on company policies, procedures, and expectations to ensure a productive and compliant work environment.','All employees of Amneal Ireland Limited and Amneal EU Limited.','Equal Opportunity, Conflict of Interest, Termination of Employment, Time & Attendance, Compensation & Benefits, Leave Provisions, Key Company Policies, Health & Safety, Code of Conduct','Equal Opportunity: Ensuring no discrimination based on gender, civil status, family status, sexual orientation, age, disability, race, religion, or membership of the Traveller community. Conflict of Interest: Avoiding activities that conflict with the company’s business interests. Termination of Employment: Procedures for termination and payment in lieu of notice. Time & Attendance: Policies on working hours, time off, and flexible working. Compensation & Benefits: Details on base pay, bonuses, and benefits. Leave Provisions: Policies on annual leave, sick leave, maternity leave, etc. Key Company Policies: Anti-discrimination, anti-harassment, and disciplinary policies. Health & Safety: Ensuring a safe workplace. Code of Conduct: Ethical guidelines for employees.','Employees: To adhere to the policies outlined in the handbook. Management: To enforce and ensure compliance with the policies. HR Department: To provide guidance and support on policy-related matters.','This handbook supersedes and replaces all previous handbooks, personnel policies, practices, and guidelines. Effective August 2022.','Revision 14','Employment Equality Acts 1988-2015, Equal Status Acts 2000-2018, Minimum Notice and Terms of Employment Act 1973-2005, Unfair Dismissals Act 1977-2005, Terms of Employment Information Act 1994-2012, Safety, Health and Welfare at Work Act 2005.'),(91,'HOLIDAY-SELL-SCHEME','Annual Leave Sell Scheme Policy','To allow employees to sell a portion of their unused Annual Leave for monetary value while ensuring compliance with the Organisation of Working Time Act.\n---\nAll Amneal employees who have successfully completed their probationary period.\n---\nEmployees can sell up to 3 days/24 hours of unused Annual Leave. Requests must be submitted by 31 October each year. Payment is based on the employee’s hourly rate and can be paid through payroll or put towards an AVC.\n---\nThis policy introduces the Annual Leave Sell Scheme, allowing employees to sell up to 3 days of unused Annual Leave.\n---\nEmployees: Submit requests to sell Annual Leave by the deadline. HR: Process requests and ensure compliance with the policy.','Holiday Sell Scheme.pdf',3,2,'2025-11-17 22:05:45',NULL,NULL,NULL,1,9,NULL,1,NULL,'To allow employees to sell a portion of their unused Annual Leave for monetary value while ensuring compliance with the Organisation of Working Time Act.','All Amneal employees who have successfully completed their probationary period.','Employees can sell up to 3 days/24 hours of unused Annual Leave. Requests must be submitted by 31 October each year. Payment is based on the employee’s hourly rate and can be paid through payroll or put towards an AVC.','Annual Leave: Paid time off granted to employees. AVC: Additional Voluntary Contribution to pension.','Employees: Submit requests to sell Annual Leave by the deadline. HR: Process requests and ensure compliance with the policy.','This policy introduces the Annual Leave Sell Scheme, allowing employees to sell up to 3 days of unused Annual Leave.',NULL,'Organisation of Working Time Act, Working Time Regulations.'),(92,'IT-001B','DOMAIN SECURITY ADMINISTRATION','To provide instruction and guidance for the administration of the Amneal Ireland Limited local area network (LAN) and wide area network (WAN) security devices, application and general end-user practices.\n---\nThe Amneal Ireland Limited LAN/WAN authorize users, security devices, applications, and network operating system active directory settings.\n---\n1. Enforce unique user password with minimum seven characters.\n2. Password expiry every 90 Days.\n3. System lockout threshold for invalid login attempts is Three (3).\n4. Locked-out users are automatically unlocked after 7 minutes.\n5. Users are given a generic password for password resets and are prompted to change password at first logon.\n6. Desktop and laboratory computers have local administrator password managed by IT.\n7. Anti-Virus software scans for malicious code and content.\n8. Firewall configured to prevent unauthorized intrusion.\n9. VPN access available for remote users.\n---\nIT-001 | 12-Jan-2016 | N/A | First Issued\nIT-001A | 05-May-2020 | AI-CC-18-140 | 1. Updated Amneal Logo and removed reference to Appendix\n2. Added FM-IT-053 to reference section.\n3. Removed FM-IT-001-00 from reference section.\n4. Form FM-IT-001-00 to be retired.\nIT-001B | 14-Sep-2022 | AI-CC-21-072 | 1. Add definitions section\n2. Add details for ServiceNow Self-Service Portal.\n3. Add Hiring Manager approval process\n4. Add detail for IT team /ServiceDesk to service the request.\n5. Added additional detail for usernames for employees with same name.\n---\n1. The Information Technology (IT) Manager or designee is required to ensure that this procedure is maintained and followed.\n2. It is the responsibility of Domain User and Instrument Operator to ensure login with his/her user id and logout after task completion.','IT-001B Domain Security Administration.pdf',3,2,'2025-11-17 22:05:45',NULL,NULL,NULL,1,9,NULL,1,NULL,'To provide instruction and guidance for the administration of the Amneal Ireland Limited local area network (LAN) and wide area network (WAN) security devices, application and general end-user practices.','The Amneal Ireland Limited LAN/WAN authorize users, security devices, applications, and network operating system active directory settings.','1. Enforce unique user password with minimum seven characters.\n2. Password expiry every 90 Days.\n3. System lockout threshold for invalid login attempts is Three (3).\n4. Locked-out users are automatically unlocked after 7 minutes.\n5. Users are given a generic password for password resets and are prompted to change password at first logon.\n6. Desktop and laboratory computers have local administrator password managed by IT.\n7. Anti-Virus software scans for malicious code and content.\n8. Firewall configured to prevent unauthorized intrusion.\n9. VPN access available for remote users.','HOD: Head of Department\nIT: Information Technology\nLAN: Local Area Network\nQA: Quality Assurance\nSOP: Standard Operating Procedure\nVPN: Virtual Private Network','1. The Information Technology (IT) Manager or designee is required to ensure that this procedure is maintained and followed.\n2. It is the responsibility of Domain User and Instrument Operator to ensure login with his/her user id and logout after task completion.','IT-001 | 12-Jan-2016 | N/A | First Issued\nIT-001A | 05-May-2020 | AI-CC-18-140 | 1. Updated Amneal Logo and removed reference to Appendix\n2. Added FM-IT-053 to reference section.\n3. Removed FM-IT-001-00 from reference section.\n4. Form FM-IT-001-00 to be retired.\nIT-001B | 14-Sep-2022 | AI-CC-21-072 | 1. Add definitions section\n2. Add details for ServiceNow Self-Service Portal.\n3. Add Hiring Manager approval process\n4. Add detail for IT team /ServiceDesk to service the request.\n5. Added additional detail for usernames for employees with same name.','IT-001A','FM-IT-053 : Access & Disable Electronic System Request Form'),(93,'IT-002E','COMPUTER NETWORK ACCESS, HELPDESK AND TERMINATION','This procedure outlines the guideline for providing new computer network access, helpdesk services and network access termination for the computer network.\n---\nThis procedure applies to all employees requesting computer network access, helpdesk services and network access termination from the computer network at Amneal Ireland.\n---\n1. Requesting Secure Folder Access or changing current User Access.\n2. Requests to Helpdesk.\n3. Terminating User Profile.\n4. Transfer of GxP data from original equipment to Secure Folder.\n5. Retention of data on secure folders.\n---\nIT-002 | 12-Jan-2016 | -- | First Issued\nIT-002A | 21-Dec-2017 | AI-CC-17-107 | Updated purpose, scope, definitions, and procedures.\nIT-002B | 03-May-2018 | AI-CC-18-036 | Revised section 5.2 and added section 5.5.\nIT-002C | 29-Apr-2021 | AI-CC-18-140, AI-CC-21-031 | Amneal Logo change, removed word ‘services’, replaced Department Head with HOD, and other revisions.\nIT-002D | 01-Jun-2021 | AI-CC-21-033 | Added ServiceNow portal details.\nIT-002E | [Date] | AI-CC-21-053, AIM-CC-21-009 | Returned Form FM-IT-027 into service and added MDI Functional Tester.\n---\n1. The Information Technology HOD or designee is responsible for the overall security of the Amneal Ireland computer network.\n2. IT team members who have administrator privileges are responsible for administering/managing security of the computer network and network folders.\n3. The respective HOD or designee is responsible for requesting network access for all new employees and requesting to revoke access for existing employees as required.\n4. The Human Resource HOD or designee is responsible for informing the IT department when an employee who has access to the computer network has been terminated or relieved from the services.\n5. The Head of QA or designee is responsible for approving access to the Quality Management folder/subfolders and secure network folders.','IT-002E Computer Network Access Helpdesk & Termination.pdf',3,2,'2025-11-17 22:05:45',NULL,NULL,NULL,1,9,NULL,1,NULL,'This procedure outlines the guideline for providing new computer network access, helpdesk services and network access termination for the computer network.','This procedure applies to all employees requesting computer network access, helpdesk services and network access termination from the computer network at Amneal Ireland.','1. Requesting Secure Folder Access or changing current User Access.\n2. Requests to Helpdesk.\n3. Terminating User Profile.\n4. Transfer of GxP data from original equipment to Secure Folder.\n5. Retention of data on secure folders.','IT: Information Technology.\nHOD: Head of Department.\nAll Amneal Ireland Employees: Full time permanent staff.\nAll Amneal Ireland non-Employees: Directly Supervised Contractor, contract agency person with the same duties as a permanent employee.\nAll Amneal Ireland Contractors: A contractor hired by another company who provide a regular service at Amneal, for example Cleaning Contractor.','1. The Information Technology HOD or designee is responsible for the overall security of the Amneal Ireland computer network.\n2. IT team members who have administrator privileges are responsible for administering/managing security of the computer network and network folders.\n3. The respective HOD or designee is responsible for requesting network access for all new employees and requesting to revoke access for existing employees as required.\n4. The Human Resource HOD or designee is responsible for informing the IT department when an employee who has access to the computer network has been terminated or relieved from the services.\n5. The Head of QA or designee is responsible for approving access to the Quality Management folder/subfolders and secure network folders.','IT-002 | 12-Jan-2016 | -- | First Issued\nIT-002A | 21-Dec-2017 | AI-CC-17-107 | Updated purpose, scope, definitions, and procedures.\nIT-002B | 03-May-2018 | AI-CC-18-036 | Revised section 5.2 and added section 5.5.\nIT-002C | 29-Apr-2021 | AI-CC-18-140, AI-CC-21-031 | Amneal Logo change, removed word ‘services’, replaced Department Head with HOD, and other revisions.\nIT-002D | 01-Jun-2021 | AI-CC-21-033 | Added ServiceNow portal details.\nIT-002E | [Date] | AI-CC-21-053, AIM-CC-21-009 | Returned Form FM-IT-027 into service and added MDI Functional Tester.','IT-002D','IT-001 : Domain Security Administration\nFM-IT-027 : Secure Folder Access Request form\nHR-001 : Employee Induction Process\nFM-HR-009 : Exiting Employee/Non-Employee/ Contractor Checklist'),(94,'IT-004E','DATA BACKUP, RESTORE PROCEDURE FOR SERVER SYSTEM','This procedure outlines the guidance to describe IT approach to backup and restore of the data for the server system.\n---\nThis procedure applied to software applications, data and documents held in electronic format on the server system as per Table 1 Data Backup Schedule at Amneal Ireland.\n---\n1. Backup Procedure for Acronis Backup for VMWare.\n2. Restore Procedure for Acronis Backup for VMWare.\n3. Backup schedule for Amneal Ireland Servers.\n4. Backup Storage of media.\n5. Retention of external hard drive backups for 3 months.\n---\nIT-004 | 17-Nov-2016 | -- | First Issued.\nIT-004A | 08-May-2018 | AI-CC-18-033 | Added details for Acronis Backup, NAS storage, and Onsite Fireproof Safe.\nIT-004B | 13-Dec-2018 | AIM-CC-18-031 | Added AMNLIECAESX04 link and details for HP Storage Works Tape Autoloader.\nIT-004C | 25-Feb-2020 | AI-CC-18-140, AI-CC-19-146 | Updated definitions, added backup definitions, and updated server links.\nIT-004D | 05-Aug-2021 | AIM-CC-21-019 | Added Serialisation System (VMs) to Table 1.\nIT-004E | 01-Nov-2023 | CC-AMN-23-5881 | Updated NAS Box definition, backup and restore processes, and server assignments.\n---\n1. The designated Systems Administrator or designee is responsible for ensuring the backup and restore procedure is followed.\n2. The HOD, Information Technology or designee is responsible for ensuring compliance to this procedure.','IT-004E Data Backup, Restore Procedure for Server System.pdf',3,2,'2025-11-17 22:05:45',NULL,NULL,NULL,1,9,NULL,1,NULL,'This procedure outlines the guidance to describe IT approach to backup and restore of the data for the server system.','This procedure applied to software applications, data and documents held in electronic format on the server system as per Table 1 Data Backup Schedule at Amneal Ireland.','1. Backup Procedure for Acronis Backup for VMWare.\n2. Restore Procedure for Acronis Backup for VMWare.\n3. Backup schedule for Amneal Ireland Servers.\n4. Backup Storage of media.\n5. Retention of external hard drive backups for 3 months.','Amneal Ireland: Amneal Ireland Limited, Cahir Road, Cashel, Co. Tipperary, Ireland.\nData Backup: Making copies of data to restore the original after data loss.\nFull Backup: Complete backup of all software components.\nIncremental Backup: Copies only data changed since the last backup.\nDifferential Backup: Copies all data changed since the last full backup.\nSoftware Backup: Ensures latest and correct versions are available.\nBackup for VMWare: Complete copy of the VM server.\nBackup Interval: Frequency of backups.\nMedia: Means of storing electronic data.\nCD: Compact Disc.\nDVD: Digital Versatile Disk.\nVM: Virtual Machine.\nIT: Information Technology.\nGFS: Grandfather-Father-Son Clean-up Scheme.\nZIP: Archive file format.\nSNMP: Simple Networking Monitoring Protocol.\nFTP: File Transfer Protocol.\nIDF2: Integrated Distribution Frame 2.\nQC: Quality Control.\nRestore Procedure: Returns lost data to its original condition.\nHOD: Head of Department.\nVDMK: Virtual Machine Disk.\nESX: VMware ESXi.\nIP: Internet Protocol.\nURL: Uniform Resource Locator.\nNAS Box: Network Attached Storage Box.\nBMS: Building Management System.\nQEMS: Qualified Environmental Management System.\nLocal USB HD: Local Universal Serial Bus Hard Drive.\nFull Virtual: Restores entire virtual machine.','1. The designated Systems Administrator or designee is responsible for ensuring the backup and restore procedure is followed.\n2. The HOD, Information Technology or designee is responsible for ensuring compliance to this procedure.','IT-004 | 17-Nov-2016 | -- | First Issued.\nIT-004A | 08-May-2018 | AI-CC-18-033 | Added details for Acronis Backup, NAS storage, and Onsite Fireproof Safe.\nIT-004B | 13-Dec-2018 | AIM-CC-18-031 | Added AMNLIECAESX04 link and details for HP Storage Works Tape Autoloader.\nIT-004C | 25-Feb-2020 | AI-CC-18-140, AI-CC-19-146 | Updated definitions, added backup definitions, and updated server links.\nIT-004D | 05-Aug-2021 | AIM-CC-21-019 | Added Serialisation System (VMs) to Table 1.\nIT-004E | 01-Nov-2023 | CC-AMN-23-5881 | Updated NAS Box definition, backup and restore processes, and server assignments.','IT-004D','IT-009 : Preventative maintenance for IT systems\nIT-015 : Empower & Instrument Server Data Backup, Archival & Verification\nFM-IT-052 : IT Fireproof Safe Access Form'),(95,'IT-005A','PROCEDURE TO INSTALL AND CONFIGURE A NETWORK SWITCH','The purpose of this procedure is to provide the standards and instructions to execute a correct and complete installation and functional verification of switches within the Amneal Ireland network.\n---\nThis procedure applies to all people involved in the installation of network switches running IOS operating system within the Amneal Ireland network.\n---\n1. Software Management: Verify correct IOS version for new switches.\n2. Generic commands for all switches: Default configuration, enable services, naming convention, management address, default gateway, console and VTY settings, MOTD banner, UDLD, logging, DNS, HTTP management, SNMP settings, NTP, VTP, VLAN configuration.\n3. Switch specific commands: Access switch, server switch, distribution switch, collapsed core/distribution switch, core switch.\n4. Example configuration: Basic switch configuration example.\n---\nIT-005 | 26-Feb-2019 | -- | First Issued.\nIT-005A | 01-Feb-2022 | -- | Updated procedure for new installations and configurations.\n---\n1. The Information Technology (IT) Manager or designee is required to ensure that this procedure is maintained and followed.\n2. It is the responsibility of personnel involved in the configuration of Network Switches at Amneal Ireland to follow this procedure.','IT-005A Procedure to Install and Configure a Network Switch.pdf',3,2,'2025-11-17 22:05:45',NULL,NULL,NULL,1,9,NULL,1,NULL,'The purpose of this procedure is to provide the standards and instructions to execute a correct and complete installation and functional verification of switches within the Amneal Ireland network.','This procedure applies to all people involved in the installation of network switches running IOS operating system within the Amneal Ireland network.','1. Software Management: Verify correct IOS version for new switches.\n2. Generic commands for all switches: Default configuration, enable services, naming convention, management address, default gateway, console and VTY settings, MOTD banner, UDLD, logging, DNS, HTTP management, SNMP settings, NTP, VTP, VLAN configuration.\n3. Switch specific commands: Access switch, server switch, distribution switch, collapsed core/distribution switch, core switch.\n4. Example configuration: Basic switch configuration example.','Amneal Ireland: Amneal Ireland Limited, Cahir Road, Cashel, Co. Tipperary, Ireland.\nDNS: Domain Naming System.\nHTTP: HyperText Transfer Protocol.\nHSRP: Hot Standby Routing Protocol.\nMOTD: Message Of The Day.\nNTP: Network Time Protocol.\nSNMP: Simple Network Management Protocol.\nUDLD: Unidirectional Link Detection.\nVLAN: Virtual Local Area Network.\nVTP: VLAN Trucking Protocol.\nIOS: Cisco’s Internetwork Operating System.','1. The Information Technology (IT) Manager or designee is required to ensure that this procedure is maintained and followed.\n2. It is the responsibility of personnel involved in the configuration of Network Switches at Amneal Ireland to follow this procedure.','IT-005 | 26-Feb-2019 | -- | First Issued.\nIT-005A | 01-Feb-2022 | -- | Updated procedure for new installations and configurations.','IT-005',NULL),(96,'IT-006B','PROCEDURE TO INSTALL AND CONFIGURE A WINDOWS SERVER','To provide instruction and guidance for the installation and configuration of a Windows Server at Amneal Ireland.\n---\nThe Windows Servers in operation at Amneal Ireland\n---\n1. VMware Setup\n2. Virtual Machines (VM) Setup\n3. Windows Operating System (O.S) Setup\n4. Add to Domain\n5. Anti-Virus Setup\n6. SQL Installation\n7. Installing and Configuring a Windows Server on VxRail Infrastructure\n---\nIT-006 | 26-Feb-2019 | -- | First Issued\nIT-006A | 21-Feb-2022 | AI-CC-18-140 | SOP updated to new Amneal Logo\nIT-006B | CC-ACM-2000 | CC-AMN-22-4156 | 1. Added “VM: Virtual Machine” to section 4.0 Definitions 2. Updated Section 5.5 Anti-Virus Setup for Crowdstrike on VMs. 3. Added Section 5.7 Installing and Configuring a Windows Server for new VxRail Infrastructure\n---\nThe Information Technology (IT) HOD or designee is required to ensure that this procedure is maintained and followed.\nIt is the responsibility of personnel involved in the building of Windows Servers at Amneal Ireland to follow this procedure.','IT-006B Procedure To Install And Configure A windows Server.pdf',3,2,'2025-11-17 22:05:45',NULL,NULL,NULL,1,9,NULL,1,NULL,'To provide instruction and guidance for the installation and configuration of a Windows Server at Amneal Ireland.','The Windows Servers in operation at Amneal Ireland','1. VMware Setup\n2. Virtual Machines (VM) Setup\n3. Windows Operating System (O.S) Setup\n4. Add to Domain\n5. Anti-Virus Setup\n6. SQL Installation\n7. Installing and Configuring a Windows Server on VxRail Infrastructure','Amneal Ireland: Amneal Ireland Limited, Cahir Road, Cashel, Co. Tipperary, Ireland.\nISO: Short for ISO9660, the name of the standard specification for CDs\nUSB: Universal Serial Bus. Port available on computers.\nCD/DVD: Compact Disk/Digital Versatile Disc.\nVM: Virtual Machine','The Information Technology (IT) HOD or designee is required to ensure that this procedure is maintained and followed.\nIt is the responsibility of personnel involved in the building of Windows Servers at Amneal Ireland to follow this procedure.','IT-006 | 26-Feb-2019 | -- | First Issued\nIT-006A | 21-Feb-2022 | AI-CC-18-140 | SOP updated to new Amneal Logo\nIT-006B | CC-ACM-2000 | CC-AMN-22-4156 | 1. Added “VM: Virtual Machine” to section 4.0 Definitions 2. Updated Section 5.5 Anti-Virus Setup for Crowdstrike on VMs. 3. Added Section 5.7 Installing and Configuring a Windows Server for new VxRail Infrastructure','IT-006A','21CFR Part 11: Electronic Record and Electronic Signature Rule'),(97,'IT-007C','PROCEDURE TO INSTALL BMS APPLICATION SOFTWARE','To provide instruction and guidance for the installation of BMS Application Software at Amneal Ireland.\n---\nThe BMS System in operation at Amneal Ireland.\n---\n1. Tridium Niagara Supervisor Application Installation\n---\nIT-007 | 26-Feb-2019 | N/A | First Issued\nIT-007A | 21-Feb-2022 | AI-CC-18-140 | SOP updated to new Amneal Logo\nIT-007B | 07-Mar-2022 | CC-AMN-22-1017 | Updated questionnaire onto correct template FM-QM-011.\nIT-007C | √5 ~ √k ~ 2√2 l | CC-AMN-24-3188 | 2.1 Replace ‘Windows Server’ with ‘System’ 3.2 Replace ‘Windows Server’ with ‘System’ 5.1 Replaced ‘Tridium AX’ with ‘Tridium Niagara’. 5.1.1 Added Niagara to Tridium Niagara. General editorial changes.\n---\nThe Information Technology (IT) HOD or designee is required to ensure that this procedure is maintained and followed.\nIt is the responsibility of personnel involved in the building of BMS System at Amneal Ireland to follow this procedure.','IT-007C Procedure to Install BMS Application Software.pdf',3,2,'2025-11-17 22:05:45',NULL,NULL,NULL,1,9,NULL,1,NULL,'To provide instruction and guidance for the installation of BMS Application Software at Amneal Ireland.','The BMS System in operation at Amneal Ireland.','1. Tridium Niagara Supervisor Application Installation','Amneal Ireland: Amneal Ireland Limited, Cahir Road, Cashel, Co. Tipperary, Ireland\nHOD: Head of Department','The Information Technology (IT) HOD or designee is required to ensure that this procedure is maintained and followed.\nIt is the responsibility of personnel involved in the building of BMS System at Amneal Ireland to follow this procedure.','IT-007 | 26-Feb-2019 | N/A | First Issued\nIT-007A | 21-Feb-2022 | AI-CC-18-140 | SOP updated to new Amneal Logo\nIT-007B | 07-Mar-2022 | CC-AMN-22-1017 | Updated questionnaire onto correct template FM-QM-011.\nIT-007C | √5 ~ √k ~ 2√2 l | CC-AMN-24-3188 | 2.1 Replace ‘Windows Server’ with ‘System’ 3.2 Replace ‘Windows Server’ with ‘System’ 5.1 Replaced ‘Tridium AX’ with ‘Tridium Niagara’. 5.1.1 Added Niagara to Tridium Niagara. General editorial changes.','IT-007B','21CFR Part 11: Electronic Record and Electronic Signature Rule'),(98,'IT-008A','PROCEDURE TO INSTALL QEMS APPLICATION SOFTWARE','To provide instruction and guidance for the installation of QEMS Application Software at Amneal Ireland.\n---\nThe QEMS Windows Server in operation at Amneal Ireland.\n---\n1. Trend Application Installation\n---\nIT-008 | 26-Feb-2019 | N/A | First Issued\nIT-008A | ∂1-ℓ̲2 - ∂̲3 | AI-CC-18-140 | SOP updated to new Amneal Logo\n---\nThe Information Technology (IT) Manager or designee is required to ensure that this procedure is maintained and followed.\nIt is the responsibility of personnel involved in the building of BMS Windows Server at Amneal Ireland to follow this procedure.','IT-008A Procedure To Install QEMS Application Software.pdf',3,2,'2025-11-17 22:05:45',NULL,NULL,NULL,1,9,NULL,1,NULL,'To provide instruction and guidance for the installation of QEMS Application Software at Amneal Ireland.','The QEMS Windows Server in operation at Amneal Ireland.','1. Trend Application Installation','Amneal Ireland: Amneal Ireland Limited, Cahir Road, Cashel, Co. Tipperary, Ireland.','The Information Technology (IT) Manager or designee is required to ensure that this procedure is maintained and followed.\nIt is the responsibility of personnel involved in the building of BMS Windows Server at Amneal Ireland to follow this procedure.','IT-008 | 26-Feb-2019 | N/A | First Issued\nIT-008A | ∂1-ℓ̲2 - ∂̲3 | AI-CC-18-140 | SOP updated to new Amneal Logo',NULL,'21CFR Part 11: Electronic Record and Electronic Signature Rule'),(99,'IT-009D','PREVENTIVE MAINTENANCE FOR IT SYSTEMS','This procedure will outline the process for the maintenance activities that are required for IT systems at Amneal Ireland.\n---\nIn Scope:\n1. Routine maintenance activities that are required to ensure that the IT system applications are running as expected.\n2. Quarterly checks on the IT systems to ensure optimum performance, backup and restore of servers.\n3. Hardware associated with backup and restore (tape drives & NAS boxes).\nOut of Scope:\n1. Maintenance of peripheral hardware such as label printers, scanners, client PCs etc.\n2. Maintenance of stand-alone laboratory and production hardware.\n---\n1. General IT System Requirements\n2. Quarterly Maintenance Activities\n3. Review of Application Event Logs\n4. Backup Script Checks\n5. Security Log Reviews\n6. Access Control List Reviews\n7. Database Counters Review\n8. Database and OS Defragmentation\n9. Backup and Restore Testing\n10. Server Reboot and Service Restart\n---\nIT-009 | 20-Oct-2016 | -- | First Issued\nIT-009A | 16-Mar-2017 | AI-CC-17-010 | Sections 2.1.2, 5.2, 5.1.2, 5.1.3, 5.1.4 and 5.1.7 change the word “periodic” to the word “Quarterly”.\nIT009B | 08-May-2018 | AI-CC-18-033 | 1. Additional Row added to table in Section 2.1.3 with description: Maximo – Maintenance Schedule System.\n2. Editorial changes in section 6 – References.\nIT009C | 06-May-2021 | AI-CC-18-140 | AI-CC-21-032 | Annual Logo change\n2.1.3 Added RF-Smart and SCADA\n3.1 Replaced (IT) Manager with HOD\n5.1.2 Replace Appendix I with Form\n5.2.2 Add ‘completed successfully’\n5.2.3 Added details on Event Viewer, SIEM and Falcon Crowdstrike.\n5.2.6 Added details on Defragment and Optimize Drives.\n5.2.7 Added ‘SOP’\n6.1 Replaced Appendix I with FM-IT-004\nIT009D | 06-Aug-2021 | AIM-CC-21-019 | 2.1.3 Table 1: Added MDI Packaging Line\n4.9 Added MDI: Metered-Dose Inhaler.\n---\nThe Information Technology HOD or designee is required to ensure that this procedure is maintained and followed.\nIt is the responsibility of personnel involved in the preventive maintenance activities at Amneal Ireland to follow this procedure.','IT-009D Preventative Maintenance for IT Systems.pdf',3,2,'2025-11-17 22:05:45',NULL,NULL,NULL,1,9,NULL,1,NULL,'This procedure will outline the process for the maintenance activities that are required for IT systems at Amneal Ireland.','In Scope:\n1. Routine maintenance activities that are required to ensure that the IT system applications are running as expected.\n2. Quarterly checks on the IT systems to ensure optimum performance, backup and restore of servers.\n3. Hardware associated with backup and restore (tape drives & NAS boxes).\nOut of Scope:\n1. Maintenance of peripheral hardware such as label printers, scanners, client PCs etc.\n2. Maintenance of stand-alone laboratory and production hardware.','1. General IT System Requirements\n2. Quarterly Maintenance Activities\n3. Review of Application Event Logs\n4. Backup Script Checks\n5. Security Log Reviews\n6. Access Control List Reviews\n7. Database Counters Review\n8. Database and OS Defragmentation\n9. Backup and Restore Testing\n10. Server Reboot and Service Restart','Amneal Ireland: Amneal Ireland Limited, Cahir Road, Cashel, Co. Tipperary, Ireland\nBusiness Owner: An individual who owns the relationship between the system, business process and data, ensures the system is maintained in a compliant state including providing adequate resources, and explains the system and business processes to auditors.\nDomain: Collection of workstations or user accounts in a Windows Server environment.\nDNS: Domain Name System\nDHCP: Dynamic Host Configuration Protocol.\nIT Application Owner: An individual responsible for managing the development / implementation, and/or operation of the system from a technical perspective and supervising the system upgrade. The individual who can answer questions relating to technical or business needs of the system. Provides input for the requirements and the communication planning.\nNAS: Network Attached Storage devices used to backup server data.\nSIEM: Security Information and Event Management.\nMDI: Metered-Dose Inhaler.','The Information Technology HOD or designee is required to ensure that this procedure is maintained and followed.\nIt is the responsibility of personnel involved in the preventive maintenance activities at Amneal Ireland to follow this procedure.','IT-009 | 20-Oct-2016 | -- | First Issued\nIT-009A | 16-Mar-2017 | AI-CC-17-010 | Sections 2.1.2, 5.2, 5.1.2, 5.1.3, 5.1.4 and 5.1.7 change the word “periodic” to the word “Quarterly”.\nIT009B | 08-May-2018 | AI-CC-18-033 | 1. Additional Row added to table in Section 2.1.3 with description: Maximo – Maintenance Schedule System.\n2. Editorial changes in section 6 – References.\nIT009C | 06-May-2021 | AI-CC-18-140 | AI-CC-21-032 | Annual Logo change\n2.1.3 Added RF-Smart and SCADA\n3.1 Replaced (IT) Manager with HOD\n5.1.2 Replace Appendix I with Form\n5.2.2 Add ‘completed successfully’\n5.2.3 Added details on Event Viewer, SIEM and Falcon Crowdstrike.\n5.2.6 Added details on Defragment and Optimize Drives.\n5.2.7 Added ‘SOP’\n6.1 Replaced Appendix I with FM-IT-004\nIT009D | 06-Aug-2021 | AIM-CC-21-019 | 2.1.3 Table 1: Added MDI Packaging Line\n4.9 Added MDI: Metered-Dose Inhaler.','IT-009C','FM-IT-004: IT Preventive Maintenance Recording Form\nIT-004: Data Backup, Restore Procedure for Server System\nQM-004: Good Documentation Practice'),(100,'IT-010C','PERFORMANCE MONITORING FOR IT SYSTEMS','This procedure will outline the process for the performance monitoring activities that are required for IT systems at Amneal Ireland.\n---\nIn-Scope:\n1. Performance monitoring activities that are required to ensure that the IT system applications continue to perform as expected.\n2. Monitoring of IT systems to ensure optimum performance of servers.\n3. Monitoring of IT systems to ensure optimum performance of backup process.\n4. Monitoring of IT systems to ensure optimum performance of databases.\nOut of Scope:\n1. Performance monitoring of peripheral hardware such as label printers, scanners, client PCs etc.\n2. Performance monitoring of stand-alone laboratory and production hardware.\n---\n1. General IT System Requirements\n2. Solarwinds Network Performance Monitor Configuration\n3. Network Switch and Server Alerts\n4. Node and Volume Thresholds\n5. Administrator Accounts and Email Recipients Configuration\n6. Incident Logging and Impact Assessment\n7. Performance Monitor Usage in Case of Solarwinds Failure\n---\nIT-010 | 20-Oct-2016 | -- | First Issued\nIT-010A | 16-Mar-2017 | AI-CC-17-010 | 1. Sections 2.1.2, 2.1.3, 2.1.4, 5.2.2, 5.2.1, 5.3 and 5.4 from “periodic or “periodically” to “Quarterly”. 2. Section 2.1.5 Amended Table 1 to add the following systems with descriptions; Empower -QC Lab Data Acquisition System Instrument – QC Lab File Storage\nIT-010B | 08-May-2018 | AI-CC-18-033 | 1. Section 2.1.5 Amended Table 1 to add the following with Description; Maximo – Maintenance Schedule System 2. 6.0 References - Editorial changes 3. Section 5.3.1 Replaced instruction to record processor value with “The value that the processor is pegged at should be much less that 100%.” 4. Section 5.3.1 Added “A screen shot of the “Perform” monitor window shall be taken to verify counters are running as expected.” Removed definition for C.S.V. (Computer System Validation).\nIT-010C | 04-May-2021 | AI-CC-18-140 AI-CC-21-032 | Annual Logo Change 2.1.1 Replaced ‘Quarter checks’ with ‘Monitoring’ 2.1.5 Added RF-Smart Labelling 3.1 Replace (IT) Manager with HOD\n---\nThe Information Technology HOD or designee is required to ensure that this procedure is maintained and followed.\nIt is the responsibility of personnel involved in the performance monitoring activities at Amneal Ireland to follow this procedure.','IT-010C Performance Monitoring for IT Systems.pdf',3,2,'2025-11-17 22:05:45',NULL,NULL,NULL,1,9,NULL,1,NULL,'This procedure will outline the process for the performance monitoring activities that are required for IT systems at Amneal Ireland.','In-Scope:\n1. Performance monitoring activities that are required to ensure that the IT system applications continue to perform as expected.\n2. Monitoring of IT systems to ensure optimum performance of servers.\n3. Monitoring of IT systems to ensure optimum performance of backup process.\n4. Monitoring of IT systems to ensure optimum performance of databases.\nOut of Scope:\n1. Performance monitoring of peripheral hardware such as label printers, scanners, client PCs etc.\n2. Performance monitoring of stand-alone laboratory and production hardware.','1. General IT System Requirements\n2. Solarwinds Network Performance Monitor Configuration\n3. Network Switch and Server Alerts\n4. Node and Volume Thresholds\n5. Administrator Accounts and Email Recipients Configuration\n6. Incident Logging and Impact Assessment\n7. Performance Monitor Usage in Case of Solarwinds Failure','Business Owner: An individual who owns the relationship between the system, business process and data, ensures the system is maintained in a compliant state including providing adequate resources, and explains the system and business processes to auditors.\nIT Application Owner: An individual responsible for managing the development / implementation, and/or operation of the system from a technical perspective and supervising the system upgrade. The individual who can answer questions relating to technical or business needs of the system. Provides input for the requirements and the communication planning.\nDomain: Collection of workstations or user accounts in a Windows Server environment.\nDNS: Domain Name System.\nCPU: Central Processing Unit.\nGDP: Good Documentation Practices.\nDHCP: Dynamic Host Configuration Protocol.\nSQL: Sequential Query Language.\nPerformance Monitor: Perform application run from Windows Run command field.\nAmneal Ireland: Amneal Ireland Limited, Cahir Road, Cashel, Co. Tipperary, Ireland.','The Information Technology HOD or designee is required to ensure that this procedure is maintained and followed.\nIt is the responsibility of personnel involved in the performance monitoring activities at Amneal Ireland to follow this procedure.','IT-010 | 20-Oct-2016 | -- | First Issued\nIT-010A | 16-Mar-2017 | AI-CC-17-010 | 1. Sections 2.1.2, 2.1.3, 2.1.4, 5.2.2, 5.2.1, 5.3 and 5.4 from “periodic or “periodically” to “Quarterly”. 2. Section 2.1.5 Amended Table 1 to add the following systems with descriptions; Empower -QC Lab Data Acquisition System Instrument – QC Lab File Storage\nIT-010B | 08-May-2018 | AI-CC-18-033 | 1. Section 2.1.5 Amended Table 1 to add the following with Description; Maximo – Maintenance Schedule System 2. 6.0 References - Editorial changes 3. Section 5.3.1 Replaced instruction to record processor value with “The value that the processor is pegged at should be much less that 100%.” 4. Section 5.3.1 Added “A screen shot of the “Perform” monitor window shall be taken to verify counters are running as expected.” Removed definition for C.S.V. (Computer System Validation).\nIT-010C | 04-May-2021 | AI-CC-18-140 AI-CC-21-032 | Annual Logo Change 2.1.1 Replaced ‘Quarter checks’ with ‘Monitoring’ 2.1.5 Added RF-Smart Labelling 3.1 Replace (IT) Manager with HOD','IT-010B','IT-004: Data Backup, Restore Procedure for Server System\nQM-004: Good Documentation Practices\nIT-011: Computer System Incident Management'),(192,'AAA-AAA','aaaa','aaaa','',1,8,'2025-11-28 14:30:15','2025-12-03',NULL,NULL,1,1,NULL,1,10,NULL,NULL,NULL,NULL,NULL,NULL,NULL,NULL);
/*!40000 ALTER TABLE `documents` ENABLE KEYS */;
UNLOCK TABLES;

--
-- Table structure for table `documentstatuses`
--

DROP TABLE IF EXISTS `documentstatuses`;
/*!40101 SET @saved_cs_client     = @@character_set_client */;
/*!40101 SET character_set_client = utf8 */;
CREATE TABLE `documentstatuses` (
  `StatusID` int(11) NOT NULL AUTO_INCREMENT,
  `StatusName` varchar(100) NOT NULL,
  PRIMARY KEY (`StatusID`),
  UNIQUE KEY `StatusName` (`StatusName`)
) ENGINE=InnoDB AUTO_INCREMENT=10 DEFAULT CHARSET=utf8mb4 COLLATE=utf8mb4_general_ci;
/*!40101 SET character_set_client = @saved_cs_client */;

--
-- Dumping data for table `documentstatuses`
--

LOCK TABLES `documentstatuses` WRITE;
/*!40000 ALTER TABLE `documentstatuses` DISABLE KEYS */;
INSERT INTO `documentstatuses` VALUES (3,'Approved'),(1,'Draft'),(4,'Obsolete'),(2,'Under Review');
/*!40000 ALTER TABLE `documentstatuses` ENABLE KEYS */;
UNLOCK TABLES;

--
-- Table structure for table `documenttags`
--

DROP TABLE IF EXISTS `documenttags`;
/*!40101 SET @saved_cs_client     = @@character_set_client */;
/*!40101 SET character_set_client = utf8 */;
CREATE TABLE `documenttags` (
  `DocumentID` int(11) NOT NULL,
  `TagID` int(11) NOT NULL,
  PRIMARY KEY (`DocumentID`,`TagID`),
  KEY `TagID` (`TagID`),
  CONSTRAINT `documenttags_ibfk_1` FOREIGN KEY (`DocumentID`) REFERENCES `documents` (`DocumentID`),
  CONSTRAINT `documenttags_ibfk_2` FOREIGN KEY (`TagID`) REFERENCES `tags` (`TagID`),
  CONSTRAINT `fk_doctags_document` FOREIGN KEY (`DocumentID`) REFERENCES `documents` (`DocumentID`),
  CONSTRAINT `fk_doctags_tag` FOREIGN KEY (`TagID`) REFERENCES `tags` (`TagID`)
) ENGINE=InnoDB DEFAULT CHARSET=utf8mb4 COLLATE=utf8mb4_general_ci;
/*!40101 SET character_set_client = @saved_cs_client */;

--
-- Dumping data for table `documenttags`
--

LOCK TABLES `documenttags` WRITE;
/*!40000 ALTER TABLE `documenttags` DISABLE KEYS */;
/*!40000 ALTER TABLE `documenttags` ENABLE KEYS */;
UNLOCK TABLES;

--
-- Table structure for table `documentversions`
--

DROP TABLE IF EXISTS `documentversions`;
/*!40101 SET @saved_cs_client     = @@character_set_client */;
/*!40101 SET character_set_client = utf8 */;
CREATE TABLE `documentversions` (
  `VersionID` int(11) NOT NULL AUTO_INCREMENT,
  `DocumentID` int(11) NOT NULL,
  `VersionNumber` int(11) NOT NULL,
  `RevisionLabel` varchar(50) DEFAULT NULL,
  `FilePath` varchar(500) NOT NULL,
  `OriginalFilename` varchar(255) DEFAULT NULL,
  `FileSizeBytes` bigint(20) DEFAULT NULL,
  `MimeType` varchar(100) DEFAULT NULL,
  `Checksum` varchar(255) DEFAULT NULL,
  `CreatedBy` int(11) NOT NULL,
  `CreatedAt` datetime DEFAULT current_timestamp(),
  `ChangeSummary` text DEFAULT NULL,
  `StatusID` int(11) DEFAULT NULL,
  `quiz_id` int(11) DEFAULT NULL,
  `PreparedBy` int(11) DEFAULT NULL,
  `ReviewedBy` int(11) DEFAULT NULL,
  `ApprovedBy` int(11) DEFAULT NULL,
  `EffectiveDate` date DEFAULT NULL,
  `NextReviewDate` date DEFAULT NULL,
  PRIMARY KEY (`VersionID`),
  UNIQUE KEY `uq_doc_version` (`DocumentID`,`VersionNumber`),
  KEY `DocumentID` (`DocumentID`),
  KEY `CreatedBy` (`CreatedBy`),
  KEY `fk_docversions_status` (`StatusID`),
  KEY `fk_documentversions_preparedby` (`PreparedBy`),
  KEY `fk_documentversions_reviewedby` (`ReviewedBy`),
  KEY `fk_documentversions_approvedby` (`ApprovedBy`),
  CONSTRAINT `documentversions_ibfk_1` FOREIGN KEY (`DocumentID`) REFERENCES `documents` (`DocumentID`) ON DELETE CASCADE,
  CONSTRAINT `documentversions_ibfk_2` FOREIGN KEY (`CreatedBy`) REFERENCES `people` (`people_id`),
  CONSTRAINT `fk_documentversions_approvedby` FOREIGN KEY (`ApprovedBy`) REFERENCES `people` (`people_id`) ON DELETE SET NULL,
  CONSTRAINT `fk_documentversions_preparedby` FOREIGN KEY (`PreparedBy`) REFERENCES `people` (`people_id`) ON DELETE SET NULL,
  CONSTRAINT `fk_documentversions_reviewedby` FOREIGN KEY (`ReviewedBy`) REFERENCES `people` (`people_id`) ON DELETE SET NULL,
  CONSTRAINT `fk_docversions_document` FOREIGN KEY (`DocumentID`) REFERENCES `documents` (`DocumentID`) ON DELETE CASCADE,
  CONSTRAINT `fk_docversions_status` FOREIGN KEY (`StatusID`) REFERENCES `documentstatuses` (`StatusID`) ON DELETE SET NULL
) ENGINE=InnoDB AUTO_INCREMENT=11 DEFAULT CHARSET=utf8mb4 COLLATE=utf8mb4_general_ci;
/*!40101 SET character_set_client = @saved_cs_client */;

--
-- Dumping data for table `documentversions`
--

LOCK TABLES `documentversions` WRITE;
/*!40000 ALTER TABLE `documentversions` DISABLE KEYS */;
INSERT INTO `documentversions` VALUES (3,25,1,'Initial Release','uploads/docs/25/doc25_v1.pdf','Chemical_Management_v1.pdf',378000,'application/pdf','0qn3r21n0opq91npqn0658m5202766q6604jr37qrr4292p15r93r02q06676q',29,'2025-04-20 10:30:00','Initial chemical management procedure',1,NULL,NULL,NULL,NULL,'2025-04-20',NULL),(4,33,1,'Initial Release','uploads/docs/33/doc33_v1.pdf','Environmental_Policy_v1.pdf',312000,'application/pdf','1he4i42e1fgh02eghd1669d6313777h7715ai48hhi5303g26h04i13h17787h',29,'2025-01-20 11:45:00','Initial environmental policy document',1,NULL,NULL,NULL,NULL,'2025-01-20',NULL),(5,33,2,'Rev 1','uploads/docs/33/doc33_v2.pdf','Environmental_Policy_v2.pdf',318000,'application/pdf','2if5j53f2ghi13fhie2770e7424888i8826bj59iij6414h37j15j24i28898i',29,'2025-04-10 16:00:00','Updated environmental standards and compliance measures',1,NULL,NULL,NULL,NULL,'2025-04-10',NULL),(9,192,1,'Rev 1','uploads/docs/192/doc192_v1.pdf','Risk_Assessment_1_2025-11-25 (3).pdf',61768,'application/pdf','519b67f3ab77ed3773407014c678c7d221f859b5283fc471a0377422561ded54',1,'2025-11-28 14:30:15','Initial version',NULL,NULL,NULL,NULL,NULL,'2025-12-03',NULL),(10,192,2,'AA','uploads/docs/192/doc192_v2.pdf','Task_1_Permits_Report (6).pdf',61772,'application/pdf','2e131f5d55c972096b309055993c1c49061930a7b175fbb1c3ff2041ae7f848a',1,'2025-11-28 16:33:16','cccc',NULL,NULL,NULL,NULL,NULL,NULL,NULL);
/*!40000 ALTER TABLE `documentversions` ENABLE KEYS */;
UNLOCK TABLES;

--
-- Table structure for table `energy`
--

DROP TABLE IF EXISTS `energy`;
/*!40101 SET @saved_cs_client     = @@character_set_client */;
/*!40101 SET character_set_client = utf8 */;
CREATE TABLE `energy` (
  `EnergyID` int(11) NOT NULL AUTO_INCREMENT,
  `EnergyName` varchar(100) NOT NULL,
  `EnergyTypeID` int(11) DEFAULT NULL,
  `Description` text DEFAULT NULL,
  `Examples` text DEFAULT NULL,
  PRIMARY KEY (`EnergyID`),
  KEY `EnergyTypeID` (`EnergyTypeID`),
  CONSTRAINT `energy_ibfk_1` FOREIGN KEY (`EnergyTypeID`) REFERENCES `energytype` (`EnergyTypeID`)
) ENGINE=InnoDB AUTO_INCREMENT=21 DEFAULT CHARSET=utf8mb4 COLLATE=utf8mb4_general_ci;
/*!40101 SET character_set_client = @saved_cs_client */;

--
-- Dumping data for table `energy`
--

LOCK TABLES `energy` WRITE;
/*!40000 ALTER TABLE `energy` DISABLE KEYS */;
INSERT INTO `energy` VALUES (1,'Main Electrical Supply',1,'Primary electrical power for manufacturing',NULL),(2,'Compressed Air System',2,'Compressed air for pneumatic equipment',NULL),(3,'Electrical Energy',2,'Generated by moving electrons.','Power plants, batteries, lightning.'),(4,'Thermal Energy',3,'Energy from temperature differences.','Furnaces, steam systems, geothermal sources.'),(5,'Chemical Energy',4,'Stored in chemical bonds.','Fuels, batteries, food, explosives.'),(8,'Radiant Energy',7,'Energy carried by electromagnetic waves.','Solar energy, light, infrared, ultraviolet, X-rays.'),(9,'Nuclear Energy',8,'Energy stored in atomic nuclei.','Nuclear reactors, stars.'),(10,'Acoustic Energy',9,'Energy carried by sound waves.','Sonar, medical imaging, industrial applications.'),(15,'Bioenergy',14,'Energy derived from organic matter.','Biomass, biogas, biofuels.'),(16,'Tidal Energy',15,'Energy generated from ocean tides.','Tidal power plants.'),(17,'Geothermal Energy',16,'Energy from heat within the Earth.','Hot springs, geothermal power plants.'),(18,'Hydrogen Energy',17,'Energy produced by splitting water molecules.','Fuel cells, hydrogen-powered vehicles.'),(20,'Mechanical Energy',1,'Energy from motion, position, or mechanical forces.','Falling weights, spinning turbines');
/*!40000 ALTER TABLE `energy` ENABLE KEYS */;
UNLOCK TABLES;

--
-- Table structure for table `energy_stored_category`
--

DROP TABLE IF EXISTS `energy_stored_category`;
/*!40101 SET @saved_cs_client     = @@character_set_client */;
/*!40101 SET character_set_client = utf8 */;
CREATE TABLE `energy_stored_category` (
  `StoredCategoryID` int(11) NOT NULL AUTO_INCREMENT,
  `StoredCategoryName` varchar(100) NOT NULL,
  `EnergyTypeID` int(11) NOT NULL,
  `TypicalExamples` text DEFAULT NULL,
  `ReleaseVerificationMethod` text DEFAULT NULL,
  PRIMARY KEY (`StoredCategoryID`),
  KEY `EnergyTypeID` (`EnergyTypeID`),
  CONSTRAINT `energy_stored_category_ibfk_1` FOREIGN KEY (`EnergyTypeID`) REFERENCES `energytype` (`EnergyTypeID`)
) ENGINE=InnoDB AUTO_INCREMENT=10 DEFAULT CHARSET=utf8mb4 COLLATE=utf8mb4_general_ci;
/*!40101 SET character_set_client = @saved_cs_client */;

--
-- Dumping data for table `energy_stored_category`
--

LOCK TABLES `energy_stored_category` WRITE;
/*!40000 ALTER TABLE `energy_stored_category` DISABLE KEYS */;
INSERT INTO `energy_stored_category` VALUES (1,'Electrical (Capacitive)',2,'Capacitors, UPS banks, battery strings','Discharge through resistors; meter to ≤ 50 V; insulate & ground'),(2,'Mechanical – Spring/Tension',1,'Springs in presses, valve actuators, counterbalance devices','Relax or pin springs; secure with blocks or straps; verify no rebound'),(3,'Mechanical – Flywheel/Rotational',1,'Grinders, fans, centrifuges','Coast to full stop; apply mechanical brake or blocking bar'),(4,'Gravity (Potential)',1,'Raised loader buckets, suspended loads, overhead dies','Lower to rest on stands/cribbing; use pins/blocks; check stability'),(5,'Hydraulic Pressure',1,'Press cylinders, lift tables, injection molds','De-energise pump; open bleed valves to tank; verify zero gauge pressure'),(6,'Pneumatic Pressure',1,'Air lines, accumulators, pneumatic clamps','Isolate and vent to atmosphere; lock open bleed; gauge reads 0 psi'),(7,'Thermal (Stored Heat)',3,'Steam headers, hot oil circuits, heat exchangers','Isolate, vent/condensate drain; wait to ambient; use IR gun/thermometer'),(8,'Chemical (Reactive/Stored Fuel)',4,'Gas cylinders, fuel tanks, process reagent vessels','Close & cap valves; drain or inert; check for zero flow & safe atmosphere'),(9,'Radiation (Residual Source)',7,'Sealed gamma source in NDT camera, X-ray tube voltage after shutdown','Return source to shielded position; key-lock controller; confirm shutter closed, dose rate ≈ background');
/*!40000 ALTER TABLE `energy_stored_category` ENABLE KEYS */;
UNLOCK TABLES;

--
-- Table structure for table `energytype`
--

DROP TABLE IF EXISTS `energytype`;
/*!40101 SET @saved_cs_client     = @@character_set_client */;
/*!40101 SET character_set_client = utf8 */;
CREATE TABLE `energytype` (
  `EnergyTypeID` int(11) NOT NULL AUTO_INCREMENT,
  `EnergyTypeName` varchar(100) NOT NULL,
  `Description` text DEFAULT NULL,
  PRIMARY KEY (`EnergyTypeID`)
) ENGINE=InnoDB AUTO_INCREMENT=19 DEFAULT CHARSET=utf8mb4 COLLATE=utf8mb4_general_ci;
/*!40101 SET character_set_client = @saved_cs_client */;

--
-- Dumping data for table `energytype`
--

LOCK TABLES `energytype` WRITE;
/*!40000 ALTER TABLE `energytype` DISABLE KEYS */;
INSERT INTO `energytype` VALUES (1,'Mechanical Energy','Energy associated with motion, position, and forces including gravitational, elastic, and magnetic.'),(2,'Electrical Energy','Energy generated by moving electrons.'),(3,'Thermal (Heat) Energy','Energy from temperature differences.'),(4,'Chemical Energy','Energy stored in chemical bonds.'),(7,'Radiant Energy','Energy carried by electromagnetic waves.'),(8,'Nuclear Energy','Energy stored in atomic nuclei.'),(9,'Acoustic (Sound) Energy','Energy carried by sound waves.'),(14,'Bioenergy','Energy derived from organic matter.'),(15,'Tidal Energy','Energy generated from ocean tides.'),(16,'Geothermal Energy','Energy from heat within the Earth.'),(17,'Hydrogen Energy','Energy produced by splitting water molecules.');
/*!40000 ALTER TABLE `energytype` ENABLE KEYS */;
UNLOCK TABLES;

--
-- Table structure for table `entity_process_links`
--

DROP TABLE IF EXISTS `entity_process_links`;
/*!40101 SET @saved_cs_client     = @@character_set_client */;
/*!40101 SET character_set_client = utf8 */;
CREATE TABLE `entity_process_links` (
  `id` int(11) NOT NULL AUTO_INCREMENT,
  `sourcetype` enum('Communication','Meeting','TrainingSession','ObservationReport','EventFinding') NOT NULL,
  `sourceid` bigint(11) NOT NULL,
  `processid` int(11) NOT NULL,
  `createdby` int(11) NOT NULL,
  `createdat` timestamp NOT NULL DEFAULT current_timestamp(),
  PRIMARY KEY (`id`),
  UNIQUE KEY `unique_entity_process_link` (`sourcetype`,`sourceid`,`processid`),
  KEY `idx_source` (`sourcetype`,`sourceid`),
  KEY `idx_process` (`processid`),
  KEY `fk_process_link_creator` (`createdby`),
  CONSTRAINT `fk_process_link_creator` FOREIGN KEY (`createdby`) REFERENCES `people` (`people_id`),
  CONSTRAINT `fk_process_link_process` FOREIGN KEY (`processid`) REFERENCES `process_map` (`id`) ON DELETE CASCADE
) ENGINE=InnoDB AUTO_INCREMENT=3 DEFAULT CHARSET=utf8mb4 COLLATE=utf8mb4_general_ci;
/*!40101 SET character_set_client = @saved_cs_client */;

--
-- Dumping data for table `entity_process_links`
--

LOCK TABLES `entity_process_links` WRITE;
/*!40000 ALTER TABLE `entity_process_links` DISABLE KEYS */;
INSERT INTO `entity_process_links` VALUES (1,'EventFinding',4,171,1,'2025-12-10 15:38:29');
/*!40000 ALTER TABLE `entity_process_links` ENABLE KEYS */;
UNLOCK TABLES;

--
-- Table structure for table `entity_task_links`
--

DROP TABLE IF EXISTS `entity_task_links`;
/*!40101 SET @saved_cs_client     = @@character_set_client */;
/*!40101 SET character_set_client = utf8 */;
CREATE TABLE `entity_task_links` (
  `id` int(11) NOT NULL AUTO_INCREMENT,
  `sourcetype` enum('Communication','Meeting','TrainingSession','ObservationReport','EventFinding','Investigation','RCA') NOT NULL,
  `sourceid` bigint(11) NOT NULL,
  `taskid` int(11) NOT NULL,
  `createdby` int(11) NOT NULL,
  `createdat` timestamp NOT NULL DEFAULT current_timestamp(),
  PRIMARY KEY (`id`),
  KEY `idx_source` (`sourcetype`,`sourceid`),
  KEY `idx_task` (`taskid`),
  KEY `fk_link_creator` (`createdby`),
  CONSTRAINT `fk_link_creator` FOREIGN KEY (`createdby`) REFERENCES `people` (`people_id`),
  CONSTRAINT `fk_link_task` FOREIGN KEY (`taskid`) REFERENCES `tasks` (`task_id`) ON DELETE CASCADE
) ENGINE=InnoDB AUTO_INCREMENT=3 DEFAULT CHARSET=utf8mb4 COLLATE=utf8mb4_general_ci;
/*!40101 SET character_set_client = @saved_cs_client */;

--
-- Dumping data for table `entity_task_links`
--

LOCK TABLES `entity_task_links` WRITE;
/*!40000 ALTER TABLE `entity_task_links` DISABLE KEYS */;
INSERT INTO `entity_task_links` VALUES (1,'EventFinding',54,102,1,'2025-12-09 22:01:21'),(2,'Investigation',7,106,1,'2025-12-17 15:05:55');
/*!40000 ALTER TABLE `entity_task_links` ENABLE KEYS */;
UNLOCK TABLES;

--
-- Table structure for table `env_aspects`
--

DROP TABLE IF EXISTS `env_aspects`;
/*!40101 SET @saved_cs_client     = @@character_set_client */;
/*!40101 SET character_set_client = utf8 */;
CREATE TABLE `env_aspects` (
  `aspect_id` int(11) NOT NULL AUTO_INCREMENT,
  `area` varchar(255) NOT NULL,
  `source` text NOT NULL,
  `impact` text NOT NULL,
  `category` enum('Air','Water','Waste','Energy','Noise','Land','Biodiversity','Other') DEFAULT 'Other',
  `created_at` timestamp NOT NULL DEFAULT current_timestamp(),
  `ra_id` int(11) NOT NULL,
  PRIMARY KEY (`aspect_id`),
  KEY `fk_env_aspects_ra` (`ra_id`),
  CONSTRAINT `fk_env_aspects_ra` FOREIGN KEY (`ra_id`) REFERENCES `env_ra` (`ra_id`)
) ENGINE=InnoDB DEFAULT CHARSET=utf8mb4 COLLATE=utf8mb4_general_ci;
/*!40101 SET character_set_client = @saved_cs_client */;

--
-- Dumping data for table `env_aspects`
--

LOCK TABLES `env_aspects` WRITE;
/*!40000 ALTER TABLE `env_aspects` DISABLE KEYS */;
/*!40000 ALTER TABLE `env_aspects` ENABLE KEYS */;
UNLOCK TABLES;

--
-- Table structure for table `env_controls`
--

DROP TABLE IF EXISTS `env_controls`;
/*!40101 SET @saved_cs_client     = @@character_set_client */;
/*!40101 SET character_set_client = utf8 */;
CREATE TABLE `env_controls` (
  `control_id` int(11) NOT NULL AUTO_INCREMENT,
  `aspect_id` int(11) NOT NULL,
  `description` text NOT NULL,
  `type` enum('Engineering','Administrative','PPE','Other') DEFAULT 'Other',
  `status` enum('Planned','Implemented','Not Effective','Reviewed') DEFAULT 'Planned',
  `responsible_id` int(11) DEFAULT NULL,
  `implementation_date` date DEFAULT NULL,
  `review_date` date DEFAULT NULL,
  `ra_id` int(11) NOT NULL,
  PRIMARY KEY (`control_id`),
  KEY `aspect_id` (`aspect_id`),
  KEY `responsible_id` (`responsible_id`),
  KEY `fk_env_controls_ra` (`ra_id`),
  CONSTRAINT `env_controls_ibfk_1` FOREIGN KEY (`aspect_id`) REFERENCES `env_aspects` (`aspect_id`) ON DELETE CASCADE,
  CONSTRAINT `env_controls_ibfk_2` FOREIGN KEY (`responsible_id`) REFERENCES `people` (`people_id`) ON DELETE SET NULL,
  CONSTRAINT `fk_env_controls_ra` FOREIGN KEY (`ra_id`) REFERENCES `env_ra` (`ra_id`)
) ENGINE=InnoDB DEFAULT CHARSET=utf8mb4 COLLATE=utf8mb4_general_ci;
/*!40101 SET character_set_client = @saved_cs_client */;

--
-- Dumping data for table `env_controls`
--

LOCK TABLES `env_controls` WRITE;
/*!40000 ALTER TABLE `env_controls` DISABLE KEYS */;
/*!40000 ALTER TABLE `env_controls` ENABLE KEYS */;
UNLOCK TABLES;

--
-- Table structure for table `env_impact_scores`
--

DROP TABLE IF EXISTS `env_impact_scores`;
/*!40101 SET @saved_cs_client     = @@character_set_client */;
/*!40101 SET character_set_client = utf8 */;
CREATE TABLE `env_impact_scores` (
  `score_id` int(11) NOT NULL AUTO_INCREMENT,
  `aspect_id` int(11) NOT NULL,
  `frequency` tinyint(4) DEFAULT NULL CHECK (`frequency` between 1 and 5),
  `severity` tinyint(4) DEFAULT NULL CHECK (`severity` between 1 and 5),
  `duration_cost` tinyint(4) DEFAULT NULL CHECK (`duration_cost` between 1 and 5),
  `legal_exposure` tinyint(4) DEFAULT NULL CHECK (`legal_exposure` between 1 and 5),
  `control_level` tinyint(4) DEFAULT NULL CHECK (`control_level` between 1 and 5),
  `total_score` int(11) GENERATED ALWAYS AS (`frequency` * `severity` * `duration_cost` * `legal_exposure` * `control_level`) STORED,
  `is_significant` tinyint(1) GENERATED ALWAYS AS (`total_score` >= 600) STORED,
  `ra_id` int(11) NOT NULL,
  PRIMARY KEY (`score_id`),
  KEY `aspect_id` (`aspect_id`),
  KEY `fk_env_impact_scores_ra` (`ra_id`),
  CONSTRAINT `env_impact_scores_ibfk_1` FOREIGN KEY (`aspect_id`) REFERENCES `env_aspects` (`aspect_id`) ON DELETE CASCADE,
  CONSTRAINT `fk_env_impact_scores_ra` FOREIGN KEY (`ra_id`) REFERENCES `env_ra` (`ra_id`)
) ENGINE=InnoDB DEFAULT CHARSET=utf8mb4 COLLATE=utf8mb4_general_ci;
/*!40101 SET character_set_client = @saved_cs_client */;

--
-- Dumping data for table `env_impact_scores`
--

LOCK TABLES `env_impact_scores` WRITE;
/*!40000 ALTER TABLE `env_impact_scores` DISABLE KEYS */;
/*!40000 ALTER TABLE `env_impact_scores` ENABLE KEYS */;
UNLOCK TABLES;

--
-- Table structure for table `env_ra`
--

DROP TABLE IF EXISTS `env_ra`;
/*!40101 SET @saved_cs_client     = @@character_set_client */;
/*!40101 SET character_set_client = utf8 */;
CREATE TABLE `env_ra` (
  `ra_id` int(11) NOT NULL AUTO_INCREMENT,
  `title` varchar(255) NOT NULL,
  `assessment_date` date NOT NULL,
  `reviewer_id` int(11) DEFAULT NULL,
  `description` text DEFAULT NULL,
  `status` enum('Draft','Active','Archived') DEFAULT 'Active',
  `created_at` timestamp NOT NULL DEFAULT current_timestamp(),
  PRIMARY KEY (`ra_id`)
) ENGINE=InnoDB DEFAULT CHARSET=utf8mb4 COLLATE=utf8mb4_general_ci;
/*!40101 SET character_set_client = @saved_cs_client */;

--
-- Dumping data for table `env_ra`
--

LOCK TABLES `env_ra` WRITE;
/*!40000 ALTER TABLE `env_ra` DISABLE KEYS */;
/*!40000 ALTER TABLE `env_ra` ENABLE KEYS */;
UNLOCK TABLES;

--
-- Table structure for table `env_reviews`
--

DROP TABLE IF EXISTS `env_reviews`;
/*!40101 SET @saved_cs_client     = @@character_set_client */;
/*!40101 SET character_set_client = utf8 */;
CREATE TABLE `env_reviews` (
  `review_id` int(11) NOT NULL AUTO_INCREMENT,
  `aspect_id` int(11) NOT NULL,
  `reviewer_id` int(11) DEFAULT NULL,
  `review_date` date NOT NULL,
  `notes` text DEFAULT NULL,
  `ra_id` int(11) NOT NULL,
  PRIMARY KEY (`review_id`),
  KEY `aspect_id` (`aspect_id`),
  KEY `reviewer_id` (`reviewer_id`),
  KEY `fk_env_reviews_ra` (`ra_id`),
  CONSTRAINT `env_reviews_ibfk_1` FOREIGN KEY (`aspect_id`) REFERENCES `env_aspects` (`aspect_id`) ON DELETE CASCADE,
  CONSTRAINT `env_reviews_ibfk_2` FOREIGN KEY (`reviewer_id`) REFERENCES `people` (`people_id`) ON DELETE SET NULL,
  CONSTRAINT `fk_env_reviews_ra` FOREIGN KEY (`ra_id`) REFERENCES `env_ra` (`ra_id`)
) ENGINE=InnoDB DEFAULT CHARSET=utf8mb4 COLLATE=utf8mb4_general_ci;
/*!40101 SET character_set_client = @saved_cs_client */;

--
-- Dumping data for table `env_reviews`
--

LOCK TABLES `env_reviews` WRITE;
/*!40000 ALTER TABLE `env_reviews` DISABLE KEYS */;
/*!40000 ALTER TABLE `env_reviews` ENABLE KEYS */;
UNLOCK TABLES;

--
-- Table structure for table `equipment`
--

DROP TABLE IF EXISTS `equipment`;
/*!40101 SET @saved_cs_client     = @@character_set_client */;
/*!40101 SET character_set_client = utf8 */;
CREATE TABLE `equipment` (
  `equipment_id` int(11) NOT NULL AUTO_INCREMENT,
  `quantity` int(11) DEFAULT 1,
  `item_name` varchar(255) NOT NULL,
  `equipment_type` varchar(100) DEFAULT 'General',
  `serial_number` varchar(100) DEFAULT NULL,
  `location` varchar(255) DEFAULT NULL,
  `inspection_schedule` varchar(255) DEFAULT NULL,
  `next_inspection_date` date DEFAULT NULL,
  `responsible_department` varchar(100) DEFAULT NULL,
  `purchase_date` date DEFAULT NULL,
  `status` enum('Active','Inactive','Maintenance') DEFAULT 'Active',
  `production_line_id` int(11) DEFAULT NULL,
  `department_id` int(11) DEFAULT NULL,
  `responsible_person_id` int(11) DEFAULT NULL,
  `last_maintenance_date` date DEFAULT NULL,
  `next_maintenance_due` date DEFAULT NULL,
  `created_at` timestamp NOT NULL DEFAULT current_timestamp(),
  `updated_at` timestamp NOT NULL DEFAULT current_timestamp() ON UPDATE current_timestamp(),
  PRIMARY KEY (`equipment_id`),
  KEY `production_line_id` (`production_line_id`),
  KEY `department_id` (`department_id`),
  KEY `responsible_person_id` (`responsible_person_id`),
  CONSTRAINT `equipment_ibfk_1` FOREIGN KEY (`production_line_id`) REFERENCES `prodlineregister` (`production_line_id`),
  CONSTRAINT `equipment_ibfk_2` FOREIGN KEY (`department_id`) REFERENCES `departments` (`department_id`),
  CONSTRAINT `equipment_ibfk_3` FOREIGN KEY (`responsible_person_id`) REFERENCES `people` (`people_id`)
) ENGINE=InnoDB AUTO_INCREMENT=91 DEFAULT CHARSET=utf8mb4 COLLATE=utf8mb4_general_ci;
/*!40101 SET character_set_client = @saved_cs_client */;

--
-- Dumping data for table `equipment`
--

LOCK TABLES `equipment` WRITE;
/*!40000 ALTER TABLE `equipment` DISABLE KEYS */;
INSERT INTO `equipment` VALUES (1,1,'Tablet Press Machine TP-101','Tablet Press','TP101-2020-001','Manufacturing Floor A',NULL,NULL,NULL,NULL,'Active',NULL,NULL,3,NULL,NULL,'2025-11-22 21:21:51','2025-11-22 21:21:51'),(2,1,'Blender Mixer BM-205','Mixing Equipment','BM205-2019-045','Manufacturing Floor A',NULL,NULL,NULL,NULL,'Active',NULL,NULL,3,NULL,NULL,'2025-11-22 21:21:51','2025-11-22 21:21:51'),(3,1,'HPLC System','Analytical Equipment','HPLC-2021-012','Quality Control Lab',NULL,NULL,NULL,NULL,'Active',NULL,NULL,2,NULL,NULL,'2025-11-22 21:21:51','2025-11-22 21:21:51'),(4,1,'Coating Machine CM-150','Coating Equipment','CM150-2020-078','Manufacturing Floor A',NULL,NULL,NULL,NULL,'Active',NULL,NULL,3,NULL,NULL,'2025-11-22 21:21:51','2025-11-22 21:21:51'),(12,58,'Fire Extinguishers','Fire Safety','N/A','Site wide','12 Monthly be vendor','2024-05-01','Facilities',NULL,'Active',NULL,NULL,NULL,NULL,NULL,'2025-03-25 10:06:37','2025-03-25 10:17:05'),(13,4,'AED','Medical','N/A','Security office, Labs, Male  Hop over bench, First Aid Room, Warehouse','Monthly by Safety Reps',NULL,'Safety Reps',NULL,'Active',NULL,NULL,NULL,NULL,NULL,'2025-03-25 10:06:37','2025-03-25 10:17:05'),(14,5,'First Aid Kits','Medical','N/A','Security office, Labs, CNC Corridor, First Aid Room, Office Kiosk, Warehouse','Monthly by Safety Reps',NULL,'Safety Reps',NULL,'Active',NULL,NULL,NULL,NULL,NULL,'2025-03-25 10:06:37','2025-03-25 10:17:05'),(15,5,'Burns Kits','Medical','N/A','Security office, Labs, CNC Corridor, First Aid Room, Office Kiosk, Warehouse','Monthly by Safety Reps',NULL,'Safety Reps',NULL,'Active',NULL,NULL,NULL,NULL,NULL,'2025-03-25 10:06:37','2025-03-25 10:17:05'),(16,3,'Diphoterine Stations','Medical','N/A','Labs, CNC Corridor, Drumstore','Monthly by Safety Reps',NULL,'Safety Reps',NULL,'Active',NULL,NULL,NULL,NULL,NULL,'2025-03-25 10:06:37','2025-03-25 10:17:05'),(17,1,'Stretcher board - Horizonal Stretcher','Rescue','N/A','ER Room','6 Monthly by vendor','2023-12-12','Facilities',NULL,'Active',NULL,NULL,NULL,NULL,NULL,'2025-03-25 10:06:37','2025-03-25 10:17:05'),(18,1,'Stretcher board - Collapsible Horizonal Stretcher','Rescue','N/A','ER Room','6 Monthly by vendor','2023-12-12','Facilities',NULL,'Active',NULL,NULL,NULL,NULL,NULL,'2025-03-25 10:06:37','2025-03-25 10:17:05'),(19,1,'Winch stands','Rescue','N/A','ER Room','6 Monthly by vendor','2023-12-12','Facilities',NULL,'Active',NULL,NULL,NULL,NULL,NULL,'2025-03-25 10:06:37','2025-03-25 10:17:05'),(20,1,'Tripod','Rescue','4503','ER Room','6 Monthly by vendor','2023-12-12','Facilities',NULL,'Active',NULL,NULL,NULL,NULL,NULL,'2025-03-25 10:06:37','2025-03-25 10:17:05'),(21,1,'G Save rescue retractable 26759','Rescue','N/A','ER Room','6 Monthly by vendor','2023-12-12','Facilities',NULL,'Active',NULL,NULL,NULL,NULL,NULL,'2025-03-25 10:06:37','2025-03-25 10:17:05'),(22,2,'Gas monitor  + charger','Monitoring','N/A','Maintenance Workshop','12 Monthly be vendor','2023-10-30','EHS',NULL,'Active',NULL,NULL,NULL,NULL,NULL,'2025-03-25 10:06:37','2025-03-25 10:17:05'),(23,1,'Noise Monitor','General','N/A','Down stairs office','12 Monthly be vendor','2023-10-30','EHS',NULL,'Active',NULL,NULL,NULL,NULL,NULL,'2025-03-25 10:24:59','2025-03-25 10:24:59'),(24,10,'Pagers','General','N/A','Security Office and signed out to ERT members','Weekly by Security',NULL,'Security',NULL,'Active',NULL,NULL,NULL,NULL,NULL,'2025-03-25 10:24:59','2025-03-25 10:24:59'),(25,10,'ERT Radio and chargers','General','N/A','Security Office','Weekly by Security',NULL,'Security',NULL,'Active',NULL,NULL,NULL,NULL,NULL,'2025-03-25 10:24:59','2025-03-25 10:24:59'),(26,1,'Laynard with Safety Hook','General','16630925','Order Picker','6 Monthly by vendor','2023-12-12','Facilities',NULL,'Active',NULL,NULL,NULL,NULL,NULL,'2025-03-25 10:24:59','2025-03-25 10:24:59'),(27,1,'Safety Harness','General','17952609','Order Picker','6 Monthly by vendor','2023-12-12','Facilities',NULL,'Active',NULL,NULL,NULL,NULL,NULL,'2025-03-25 10:24:59','2025-03-25 10:24:59'),(28,1,'Laynard with Safety Hook','General','15871690','ER Room','6 Monthly by vendor','2023-12-12','Facilities',NULL,'Active',NULL,NULL,NULL,NULL,NULL,'2025-03-25 10:24:59','2025-03-25 10:24:59'),(29,1,'Laynard with Safety Hook','General','15971697','ER Room','6 Monthly by vendor','2023-12-12','Facilities',NULL,'Active',NULL,NULL,NULL,NULL,NULL,'2025-03-25 10:24:59','2025-03-25 10:24:59'),(30,1,'Laynard with Safety Hook','General','16630905','ER Room','6 Monthly by vendor','2023-12-12','Facilities',NULL,'Active',NULL,NULL,NULL,NULL,NULL,'2025-03-25 10:24:59','2025-03-25 10:24:59'),(31,1,'Laynard with Safety Hook','General','16630914','ER Room','6 Monthly by vendor','2023-12-12','Facilities',NULL,'Active',NULL,NULL,NULL,NULL,NULL,'2025-03-25 10:24:59','2025-03-25 10:24:59'),(32,1,'Laynard with Safety Hook','General','17663817','ER Room','6 Monthly by vendor','2023-12-12','Facilities',NULL,'Active',NULL,NULL,NULL,NULL,NULL,'2025-03-25 10:24:59','2025-03-25 10:24:59'),(33,1,'Laynard with Safety Hook','General','17663819','ER Room','6 Monthly by vendor','2023-12-12','Facilities',NULL,'Active',NULL,NULL,NULL,NULL,NULL,'2025-03-25 10:28:47','2025-03-25 10:28:47'),(34,1,'Laynard with Safety Hook','General','17569020','ER Room','6 Monthly by vendor','2023-12-12','Facilities',NULL,'Active',NULL,NULL,NULL,NULL,NULL,'2025-03-25 10:28:47','2025-03-25 10:28:47'),(35,1,'Safety Harness ','General','1012762','ER Room','6 Monthly by vendor','2023-12-12','Facilities',NULL,'Active',NULL,NULL,NULL,NULL,NULL,'2025-03-25 10:28:47','2025-03-25 10:28:47'),(36,1,'Mobile Fall arrest device','General','16854710','ER Room','6 Monthly by vendor','2023-12-12','Facilities',NULL,'Active',NULL,NULL,NULL,NULL,NULL,'2025-03-25 10:28:47','2025-03-25 10:28:47'),(37,1,'Mobile Fall arrest device','General','16854709','ER Room','6 Monthly by vendor','2023-12-12','Facilities',NULL,'Active',NULL,NULL,NULL,NULL,NULL,'2025-03-25 10:28:47','2025-03-25 10:28:47'),(38,1,'Safety Harness','General','1605045','ER Room','6Monthly by vendor','2023-12-12','Facilities',NULL,'Active',NULL,NULL,NULL,NULL,NULL,'2025-03-25 10:28:47','2025-03-25 10:28:47'),(39,1,'Safety Harness','General','17880593','ER Room','6 Monthly by vendor','2023-12-12','Facilities',NULL,'Active',NULL,NULL,NULL,NULL,NULL,'2025-03-25 10:28:47','2025-03-25 10:28:47'),(40,1,'Safety Harness','General','17880598','ER Room','6 Monthly by vendor','2023-12-12','Facilities',NULL,'Active',NULL,NULL,NULL,NULL,NULL,'2025-03-25 10:28:47','2025-03-25 10:28:47'),(41,1,'Safety Harness','General','17952588','ER Room','6 Monthly by vendor','2023-12-12','Facilities',NULL,'Active',NULL,NULL,NULL,NULL,NULL,'2025-03-25 10:28:47','2025-03-25 10:28:47'),(42,1,'Safety Harness','General','17952610','ER Room','6 Monthly by vendor','2023-12-12','Facilities',NULL,'Active',NULL,NULL,NULL,NULL,NULL,'2025-03-25 10:28:47','2025-03-25 10:28:47'),(43,1,'Web Sling','General','164424','ER Room','6 Monthly by vendor','2023-12-12','Facilities',NULL,'Active',NULL,NULL,NULL,NULL,NULL,'2025-03-25 10:28:47','2025-03-25 10:28:47'),(44,1,'Web Sling','General','S0515/1139','ER Room','6 Monthly by vendor','2023-12-12','Facilities',NULL,'Active',NULL,NULL,NULL,NULL,NULL,'2025-03-25 10:28:47','2025-03-25 10:28:47'),(45,1,'Lifting beam','General','4284W & CL42884','South Building','6 Monthly by vendor','2023-12-12','Facilities',NULL,'Active',NULL,NULL,NULL,NULL,NULL,'2025-03-25 10:28:47','2025-03-25 10:28:47'),(46,1,'Lifting beam in lift shaft 1','General','No ID','lift car','6 Monthly by vendor','2023-12-12','Facilities',NULL,'Active',NULL,NULL,NULL,NULL,NULL,'2025-03-25 10:28:47','2025-03-25 10:28:47'),(47,1,'Lifting beam in lift shaft 2','General','No ID','lift car','6 Monthly by vendor','2023-12-12','Facilities',NULL,'Active',NULL,NULL,NULL,NULL,NULL,'2025-03-25 10:28:47','2025-03-25 10:28:47'),(48,1,'Manual Lifting Safety Winch with wire rope','General','26759','ER Room','6 Monthly by vendor','2023-12-12','Facilities',NULL,'Active',NULL,NULL,NULL,NULL,NULL,'2025-03-25 10:28:47','2025-03-25 10:28:47'),(49,1,'Manual Lifting Safety Winch with wire rope','General','1613017','ER Room','6 Monthly by vendor','2023-12-12','Facilities',NULL,'Active',NULL,NULL,NULL,NULL,NULL,'2025-03-25 10:28:47','2025-03-25 10:28:47'),(50,1,'Stacker. High Lift 400kg','General','PJ4120','Adello','12 Monthly be vendor','2023-12-12','Facilities',NULL,'Active',NULL,NULL,NULL,NULL,NULL,'2025-03-25 10:28:47','2025-03-25 10:28:47'),(51,1,'Drum handler PB1:2018','General','106465','Maintenance Stores','12 Monthly be vendor','2023-12-12','Facilities',NULL,'Active',NULL,NULL,NULL,NULL,NULL,'2025-03-25 10:28:47','2025-03-25 10:28:47'),(52,1,'Pallet truck (W&J)','General','160-01-08','Warehouse','12 Monthly be vendor','2023-12-12','Facilities',NULL,'Active',NULL,NULL,NULL,NULL,NULL,'2025-03-25 10:28:47','2025-03-25 10:28:47'),(53,1,'Pallet Truck: Pfaff','General','2546107285','Warehouse','12 Monthly be vendor','2023-12-12','Facilities',NULL,'Active',NULL,NULL,NULL,NULL,NULL,'2025-03-25 10:28:47','2025-03-25 10:28:47'),(54,1,'Pallet Truck: Pfaff','General','2546107286','Warehouse','12 Monthly be vendor','2023-12-12','Facilities',NULL,'Active',NULL,NULL,NULL,NULL,NULL,'2025-03-25 10:28:47','2025-03-25 10:28:47'),(55,1,'Manual High Lift Pallet Truck','General','1707066','Production','12 Monthly be vendor','2023-12-12','Facilities',NULL,'Active',NULL,NULL,NULL,NULL,NULL,'2025-03-25 10:28:47','2025-03-25 10:28:47'),(56,1,'Linde Ride on Pallet Truck (insurance Inspection)','General','CT1131J01622','Warehouse','12 Monthly be vendor','2023-12-12','Facilities',NULL,'Active',NULL,NULL,NULL,NULL,NULL,'2025-03-25 10:28:47','2025-03-25 10:28:47'),(57,1,'Linde Ride on Pallet Truck (Linde Service)','General','CT1131J01622','Warehouse','12 Monthly be vendor','2023-12-12','Warehouse',NULL,'Active',NULL,NULL,NULL,NULL,NULL,'2025-03-25 10:28:47','2025-03-25 10:28:47'),(58,1,'Linde Ride on Pallet Truck (insurance Inspection)','General','CT1131J01624','Warehouse','12 Monthly be vendor','2023-12-12','Facilities',NULL,'Active',NULL,NULL,NULL,NULL,NULL,'2025-03-25 10:28:47','2025-03-25 10:28:47'),(59,1,'Linde Ride on Pallet Truck (Linde Service)','General','CT1131J01624','Warehouse','12 Monthly be vendor','2023-12-12','Warehouse',NULL,'Active',NULL,NULL,NULL,NULL,NULL,'2025-03-25 10:28:47','2025-03-25 10:28:47'),(60,1,'Electric Pedestrian Pallet Truck (insurance Inspection)','General','91530425','Warehouse','12 Monthly be vendor','2023-12-12','Facilities',NULL,'Active',NULL,NULL,NULL,NULL,NULL,'2025-03-25 10:28:47','2025-03-25 10:28:47'),(61,1,'Electric Pedestrian Pallet Truck (Linde Service)','General','91530425','Warehouse','12 Monthly be vendor','2023-12-12','Warehouse',NULL,'Active',NULL,NULL,NULL,NULL,NULL,'2025-03-25 10:28:47','2025-03-25 10:28:47'),(62,1,'Electric Pedestrian Pallet Truck (insurance Inspection)','General','W4X131G01897','Warehouse','12 Monthly be vendor','2023-12-12','Facilities',NULL,'Active',NULL,NULL,NULL,NULL,NULL,'2025-03-25 10:28:47','2025-03-25 10:28:47'),(63,1,'Electric Pedestrian Pallet Truck (Linde Service)','General','W4X131G01897','Warehouse','12 Monthly be vendor','2023-12-12','Warehouse',NULL,'Active',NULL,NULL,NULL,NULL,NULL,'2025-03-25 10:28:47','2025-03-25 10:28:47'),(64,1,'Electric Fork Lift Reach Truck (insurance Inspection)','General','615231V00201','Warehouse','12 Monthly be vendor','2023-12-12','Facilities',NULL,'Active',NULL,NULL,NULL,NULL,NULL,'2025-03-25 10:28:47','2025-03-25 10:28:47'),(65,1,'Electric Fork Lift Reach Truck (Linde Service)','General','615231V00201','Warehouse','12 Monthly be vendor','2023-12-12','Warehouse',NULL,'Active',NULL,NULL,NULL,NULL,NULL,'2025-03-25 10:28:47','2025-03-25 10:28:47'),(66,1,'Forklift Reach Truck (insurance Inspection)','General','H2X386G03946','Warehouse','12 Monthly be vendor','2023-12-12','Facilities',NULL,'Active',NULL,NULL,NULL,NULL,NULL,'2025-03-25 10:28:47','2025-03-25 10:28:47'),(67,1,'Forklift Reach Truck (Linde Service)','General','H2X386G03946','Warehouse','12 Monthly be vendor','2023-12-12','Warehouse',NULL,'Active',NULL,NULL,NULL,NULL,NULL,'2025-03-25 10:28:47','2025-03-25 10:28:47'),(68,1,'Forklift Reach Truck (insurance Inspection)','General','P21120H04638','Drumstore and Warehouse','12 Monthly be vendor','2023-12-12','Facilities',NULL,'Active',NULL,NULL,NULL,NULL,NULL,'2025-03-25 10:28:47','2025-03-25 10:28:47'),(69,1,'Forklift Reach Truck (Linde Service)','General','P21120H04638','Drumstore and Warehouse','12 Monthly be vendor','2023-12-12','Warehouse',NULL,'Active',NULL,NULL,NULL,NULL,NULL,'2025-03-25 10:28:47','2025-03-25 10:28:47'),(70,1,'Pallet Inverter','General','N/A','Warehouse','12 Monthly be vendor','2023-12-12','Warehouse',NULL,'Active',NULL,NULL,NULL,NULL,NULL,'2025-03-25 10:28:47','2025-03-25 10:28:47'),(71,2,'Cardboard Baler','General','N/A','Warehouse','12 Monthly be vendor','2023-12-12','Warehouse',NULL,'Active',NULL,NULL,NULL,NULL,NULL,'2025-03-25 10:28:47','2025-03-25 10:28:47'),(72,1,'Drum handler  ','General','PB1:2018','Drumstore  ','13 Monthly be vendor','2023-12-12','Facilities',NULL,'Active',NULL,NULL,NULL,NULL,NULL,'2025-03-25 10:28:47','2025-03-25 10:28:47'),(73,1,'Manual Pallet Truck ','General','1935','Production','12 Monthly be vendor','2023-12-12','Facilities',NULL,'Active',NULL,NULL,NULL,NULL,NULL,'2025-03-25 10:28:47','2025-03-25 10:28:47'),(74,1,'Manual Pallet Truck ','General','G16011938','Production','12 Monthly be vendor','2023-12-12','Facilities',NULL,'Active',NULL,NULL,NULL,NULL,NULL,'2025-03-25 10:28:47','2025-03-25 10:28:47'),(75,1,'Roll Lifter','General','MLI508-A1736','XP-03','12 Monthly be vendor','2023-12-12','Facilities',NULL,'Active',NULL,NULL,NULL,NULL,NULL,'2025-03-25 10:28:47','2025-03-25 10:28:47'),(76,1,'Racking Drumstore','General','N/A','Drumstore','12 Monthly be vendor',NULL,'Drumstore',NULL,'Active',NULL,NULL,NULL,NULL,NULL,'2025-03-25 10:28:47','2025-03-25 10:28:47'),(77,1,'Racking Warehouse','General','N/A','Warehouse','12 Monthly be vendor','2023-09-09','Warehouse',NULL,'Active',NULL,NULL,NULL,NULL,NULL,'2025-03-25 10:28:47','2025-03-25 10:28:47'),(78,1,'Sollvent Extraction hood ','General','N/A','Drumstore','12 Monthly be vendor','2023-10-26','Facilities',NULL,'Active',NULL,NULL,NULL,NULL,NULL,'2025-03-25 10:28:47','2025-03-25 10:28:47'),(79,1,'Dock Leveller (South Building)','General','08/7208/6','South Building','12 Monthly be vendor','2023-12-22','Facilities',NULL,'Active',NULL,NULL,NULL,NULL,NULL,'2025-03-25 10:28:47','2025-03-25 10:28:47'),(80,1,'Dock Leveller (Warehouse)','General','67239','Warehouse','12 Monthly be vendor','2023-12-22','Facilities',NULL,'Active',NULL,NULL,NULL,NULL,NULL,'2025-03-25 10:28:47','2025-03-25 10:28:47'),(81,1,'Dock Leveller (Warehouse)','General','67240','Warehouse','12 Monthly be vendor','2023-12-22','Facilities',NULL,'Active',NULL,NULL,NULL,NULL,NULL,'2025-03-25 10:28:47','2025-03-25 10:28:47'),(82,1,'Passenger/Goods lift','General','Mid Western Lifts CE0041:2002','South Building','12 Monthly be vendor',NULL,'nan',NULL,'Active',NULL,NULL,NULL,NULL,NULL,'2025-03-25 10:28:47','2025-03-25 10:28:47'),(83,1,'Passenger/Goods lift','General','Ellickson: MRL 2009','Office','12 Monthly be vendor','2023-12-22','Facilities',NULL,'Active',NULL,NULL,NULL,NULL,NULL,'2025-03-25 10:28:47','2025-03-25 10:28:47'),(84,1,'Fixed Sissor Platform','General','84258-1','Boilerhouse','6 Monthly by vendor','2023-06-22','Facilities',NULL,'Active',NULL,NULL,NULL,NULL,NULL,'2025-03-25 10:28:47','2025-03-25 10:28:47'),(85,1,'Foil roll Lifter','General','ML1508-A1736','XP-01','12 Monthly be vendor','2023-12-22','Facilities',NULL,'Active',NULL,NULL,NULL,NULL,NULL,'2025-03-25 10:28:47','2025-03-25 10:28:47'),(86,1,'Foil roll Lifter','General','F2035','Assembly Room','12 Monthly be vendor','2023-12-22','Facilities',NULL,'Inactive',NULL,NULL,NULL,NULL,NULL,'2025-03-25 10:28:47','2025-03-26 08:19:51'),(87,1,'Peco lift','General','39374415G','CNC Corridor','6 Monthly by vendor','2023-12-22','Facilities',NULL,'Active',NULL,NULL,NULL,NULL,NULL,'2025-03-25 10:28:47','2025-03-25 10:28:47'),(88,1,'Mixer A','General',NULL,NULL,NULL,NULL,NULL,NULL,'Active',NULL,NULL,NULL,NULL,NULL,'2025-11-14 06:24:43','2025-11-14 06:24:43'),(89,1,'Tablet Mill','General',NULL,NULL,NULL,NULL,NULL,NULL,'Active',NULL,NULL,NULL,NULL,NULL,'2025-11-14 06:24:43','2025-11-14 06:24:43'),(90,1,'Granulator','General',NULL,NULL,NULL,NULL,NULL,NULL,'Active',NULL,NULL,5,NULL,NULL,'2025-11-14 06:24:43','2025-11-27 20:08:59');
/*!40000 ALTER TABLE `equipment` ENABLE KEYS */;
UNLOCK TABLES;

--
-- Table structure for table `events`
--

DROP TABLE IF EXISTS `events`;
/*!40101 SET @saved_cs_client     = @@character_set_client */;
/*!40101 SET character_set_client = utf8 */;
CREATE TABLE `events` (
  `event_id` int(11) NOT NULL AUTO_INCREMENT,
  `event_type` enum('OFI','Adverse Event','Defects','NonCompliance') NOT NULL,
  `reported_by` int(11) NOT NULL,
  `reported_date` timestamp NOT NULL DEFAULT current_timestamp(),
  `description` text DEFAULT NULL,
  `status` enum('Open','Under Investigation','Assessed','Change Control Requested','Change Control Logged','Monitoring','Effectiveness Review','Closed') DEFAULT 'Open',
  `event_subcategory` varchar(50) DEFAULT NULL,
  `likelihood` int(11) DEFAULT NULL,
  `severity` int(11) DEFAULT NULL,
  `risk_rating` int(11) DEFAULT NULL,
  `department_id` int(11) DEFAULT NULL,
  `cc_title` varchar(255) DEFAULT NULL,
  `cc_justification` text DEFAULT NULL,
  `cc_change_from` text DEFAULT NULL,
  `cc_change_to` text DEFAULT NULL,
  `cc_change_type` enum('Major','Minor') DEFAULT NULL,
  `cc_logged_ref` varchar(50) DEFAULT NULL,
  `cc_logged_date` date DEFAULT NULL,
  PRIMARY KEY (`event_id`),
  KEY `reported_by` (`reported_by`),
  CONSTRAINT `events_ibfk_1` FOREIGN KEY (`reported_by`) REFERENCES `people` (`people_id`) ON DELETE CASCADE ON UPDATE CASCADE
) ENGINE=InnoDB AUTO_INCREMENT=101 DEFAULT CHARSET=utf8mb4 COLLATE=utf8mb4_general_ci;
/*!40101 SET character_set_client = @saved_cs_client */;

--
-- Dumping data for table `events`
--

LOCK TABLES `events` WRITE;
/*!40000 ALTER TABLE `events` DISABLE KEYS */;
INSERT INTO `events` VALUES (1,'OFI',2217,'2025-11-22 00:00:00','Opportunity to improve granulation process efficiency','Open','Process Improvement',3,1,3,NULL,NULL,NULL,NULL,NULL,NULL,NULL,NULL),(2,'Adverse Event',2063,'2025-12-20 21:42:20','Tablet hardness variation detected in batch','Under Investigation','Quality Issue',4,3,12,NULL,NULL,NULL,NULL,NULL,NULL,NULL,NULL),(3,'Defects',3,'2025-11-17 21:42:20','Packaging material defect identified','Assessed','Material Defect',2,2,4,2,NULL,NULL,NULL,NULL,NULL,NULL,NULL),(4,'NonCompliance',2,'2025-12-21 21:42:20','Deviation from standard operating procedure','Closed','SOP Deviation',3,4,12,1,NULL,NULL,NULL,NULL,NULL,NULL,NULL),(16,'OFI',8,'2024-09-29 15:04:17','Opportunity for Improvement reported.','Open',NULL,1,1,1,NULL,NULL,NULL,NULL,NULL,NULL,NULL,NULL),(17,'Adverse Event',28,'2024-05-07 15:04:17','Adverse event recorded in the system.','Under Investigation',NULL,1,2,2,NULL,NULL,NULL,NULL,NULL,NULL,NULL,NULL),(46,'OFI',2,'2025-03-20 14:30:00','Lean process improvement identified.','Assessed',NULL,2,2,4,NULL,NULL,NULL,NULL,NULL,NULL,NULL,NULL),(47,'Adverse Event',10,'2025-12-18 10:45:00','Minor workplace accident reported.','Assessed',NULL,2,2,4,NULL,NULL,NULL,NULL,NULL,NULL,NULL,NULL),(50,'OFI',10,'2025-03-16 12:10:00','Software automation improvement suggested.','Change Control Logged',NULL,2,3,6,NULL,NULL,NULL,NULL,NULL,NULL,NULL,NULL),(51,'NonCompliance',4,'2025-11-21 00:00:00','aaa','Open',NULL,2,4,8,NULL,NULL,NULL,NULL,NULL,NULL,NULL,NULL),(54,'NonCompliance',2,'2025-12-21 19:52:04','ccc','Assessed',NULL,3,3,9,NULL,NULL,NULL,NULL,NULL,NULL,NULL,NULL),(55,'Adverse Event',5,'2025-11-21 20:28:30','hhh','Open',NULL,1,1,1,NULL,NULL,NULL,NULL,NULL,NULL,NULL,NULL),(56,'NonCompliance',2,'2025-11-21 00:00:00','cc-0005','Open','Material',3,3,9,42,NULL,NULL,NULL,NULL,NULL,NULL,NULL),(100,'NonCompliance',1355,'2026-04-03 07:57:23','test','Open','Documentation',2,4,8,40,NULL,NULL,NULL,NULL,NULL,NULL,NULL);
/*!40000 ALTER TABLE `events` ENABLE KEYS */;
UNLOCK TABLES;

--
-- Table structure for table `finding_details`
--

DROP TABLE IF EXISTS `finding_details`;
/*!40101 SET @saved_cs_client     = @@character_set_client */;
/*!40101 SET character_set_client = utf8 */;
CREATE TABLE `finding_details` (
  `finding_id` int(11) NOT NULL AUTO_INCREMENT,
  `event_id` int(11) NOT NULL,
  `compliance_reference` varchar(255) DEFAULT NULL,
  `corrective_action` text DEFAULT NULL,
  PRIMARY KEY (`finding_id`),
  KEY `event_id` (`event_id`),
  CONSTRAINT `finding_details_ibfk_1` FOREIGN KEY (`event_id`) REFERENCES `operational_events` (`event_id`)
) ENGINE=InnoDB DEFAULT CHARSET=utf8mb4 COLLATE=utf8mb4_general_ci;
/*!40101 SET character_set_client = @saved_cs_client */;

--
-- Dumping data for table `finding_details`
--

LOCK TABLES `finding_details` WRITE;
/*!40000 ALTER TABLE `finding_details` DISABLE KEYS */;
/*!40000 ALTER TABLE `finding_details` ENABLE KEYS */;
UNLOCK TABLES;

--
-- Table structure for table `findings`
--

DROP TABLE IF EXISTS `findings`;
/*!40101 SET @saved_cs_client     = @@character_set_client */;
/*!40101 SET character_set_client = utf8 */;
CREATE TABLE `findings` (
  `finding_id` int(11) NOT NULL AUTO_INCREMENT,
  `finding_description` text NOT NULL,
  `reported_by` int(11) DEFAULT NULL,
  `department_id` int(11) DEFAULT NULL,
  `status` enum('Open','In Progress','Resolved','Closed') NOT NULL DEFAULT 'Open',
  `created_date` timestamp NOT NULL DEFAULT current_timestamp(),
  PRIMARY KEY (`finding_id`)
) ENGINE=InnoDB AUTO_INCREMENT=3 DEFAULT CHARSET=utf8mb4 COLLATE=utf8mb4_general_ci;
/*!40101 SET character_set_client = @saved_cs_client */;

--
-- Dumping data for table `findings`
--

LOCK TABLES `findings` WRITE;
/*!40000 ALTER TABLE `findings` DISABLE KEYS */;
INSERT INTO `findings` VALUES (1,'Test Finding 1',NULL,NULL,'Open','2025-11-12 09:09:22'),(2,'Test Finding 2',NULL,NULL,'Open','2025-11-12 09:11:06');
/*!40000 ALTER TABLE `findings` ENABLE KEYS */;
UNLOCK TABLES;

--
-- Table structure for table `glossary`
--

DROP TABLE IF EXISTS `glossary`;
/*!40101 SET @saved_cs_client     = @@character_set_client */;
/*!40101 SET character_set_client = utf8 */;
CREATE TABLE `glossary` (
  `id` int(11) NOT NULL AUTO_INCREMENT,
  `term` varchar(255) NOT NULL,
  `definition` text NOT NULL,
  `category` varchar(100) DEFAULT NULL,
  `source` varchar(255) DEFAULT NULL,
  `created_at` timestamp NOT NULL DEFAULT current_timestamp(),
  `updated_at` timestamp NOT NULL DEFAULT current_timestamp() ON UPDATE current_timestamp(),
  PRIMARY KEY (`id`)
) ENGINE=InnoDB AUTO_INCREMENT=673 DEFAULT CHARSET=utf8mb4 COLLATE=utf8mb4_general_ci;
/*!40101 SET character_set_client = @saved_cs_client */;

--
-- Dumping data for table `glossary`
--

LOCK TABLES `glossary` WRITE;
/*!40000 ALTER TABLE `glossary` DISABLE KEYS */;
INSERT INTO `glossary` VALUES (1,'963','This refers to the Trend 963 application software for the QEMS.','Software','System Documentation','2025-02-13 09:12:26','2025-02-13 09:12:26'),(2,'%','Percentage (Unit of humidity).','Measurement','Scientific Standards','2025-02-13 09:12:26','2025-02-13 09:12:26'),(3,'° C','Degree Centigrade (Unit of temperature).','Measurement','Scientific Standards','2025-02-13 09:12:26','2025-02-13 09:12:26'),(4,'° F','Degree Fahrenheit (Unit of temperature).','Measurement','Scientific Standards','2025-02-13 09:12:26','2025-02-13 09:12:26'),(5,'2D Scan','A form of barcode scanning. This term is used interchangeably with all forms of barcodes.','Technology','Logistics System','2025-02-13 09:12:26','2025-02-13 09:12:26'),(6,'AC','Air Conditioning.','Facilities','Building Management System','2025-02-13 09:12:26','2025-02-13 09:12:26'),(7,'ACK','Acknowledgement.','General','IT Terminology','2025-02-13 09:12:26','2025-02-13 09:12:26'),(8,'Acronis','Backup software package provided from VMWare.','IT','System Documentation','2025-02-13 09:12:26','2025-02-13 09:12:26'),(9,'Acronis True Image, Norton Ghost or Snapshot','Software products which can backup and restore all files in a selected memory in relative order.','IT','System Documentation','2025-02-13 09:12:26','2025-02-13 09:12:26'),(10,'Action Clean of Area','Vacuum, clean and inspect the affected area and clean the relevant cleaning agent on that monthly cycle. Document in the cleaning logbook in XP-07.','Housekeeping','SOP Documentation','2025-02-13 09:12:26','2025-02-13 09:12:26'),(11,'Action Limit','This is an in-house limit which is defined based on trend analysis. This limit is less than specification limits. It is set to ensure that the manufacturing environment is maintained in a controlled state and if reached it indicates that action is required.','Quality Control','Manufacturing Standards','2025-02-13 09:12:26','2025-02-13 09:12:26'),(12,'Action Limits','Health-based exposure limits (MACO based on PDE value) and shall be identified in product matrix.','Regulatory','Pharmaceutical Compliance','2025-02-13 09:12:26','2025-02-13 09:12:26'),(13,'Active','Active Pharmaceutical Ingredient (API) used in batch manufacturing.','Pharmaceutical','Product Documentation','2025-02-13 09:12:26','2025-02-13 09:12:26'),(14,'Administrator','This access level has full administrative abilities.','IT','System Permissions','2025-02-13 09:12:26','2025-02-13 09:12:26'),(15,'ADR Sheet','Adverse Drug Reaction Sheet.','Pharmaceutical','Pharmacovigilance','2025-02-13 09:12:26','2025-02-13 09:12:26'),(16,'ADVAIR','Fluticasone Propionate and Salmeterol Inhalation Powder.','Pharmaceutical','Product Information','2025-02-13 09:12:26','2025-02-13 09:12:26'),(17,'Adverse Event','Any undesirable event/medical occurrence associated with the use of a drug/pharmaceutical product in humans, whether or not considered as drug-related.','Pharmaceutical','Pharmacovigilance','2025-02-13 09:12:26','2025-02-13 09:12:26'),(18,'Adverse Trend','A drift from normal operating control of the environment.','Quality Control','Manufacturing Compliance','2025-02-13 09:12:26','2025-02-13 09:12:26'),(19,'AF2 Form','Approved form for notifying HSA of construction activity.','Regulatory','Compliance Documentation','2025-02-13 09:12:26','2025-02-13 09:12:26'),(20,'Affected Employees','Employees whose work or work areas could be affected by an incident or near miss and the resulting corrective action.','EHS','Workplace Safety','2025-02-13 09:12:26','2025-02-13 09:12:26'),(21,'AHU','Air Handling Unit.','Facilities','Building Management System','2025-02-13 09:12:26','2025-02-13 09:12:26'),(22,'Air Dry','Allowing a hose to hang open on the hooks above the sink in the washroom until there is no moisture present when visually inspected.','Housekeeping','Cleaning SOPs','2025-02-13 09:12:26','2025-02-13 09:12:26'),(23,'Alert Limit','Alert Limit shall be the Lowest MACO value from the Product Matrix, ensuring cleaning process capability.','Quality Control','Manufacturing Standards','2025-02-13 09:12:26','2025-02-13 09:12:26'),(24,'Alert Limit','This is an in-house limit defined based on trend analysis. The alert limit is a barrier before the final limits or specification is reached.','Quality Control','Manufacturing Compliance','2025-02-13 09:12:26','2025-02-13 09:12:26'),(25,'All Amneal Ireland Contractors','A contractor hired by another company who provides a regular service at Amneal, e.g., Cleaning Contractor.','Human Resources','Contractor Management','2025-02-13 09:12:26','2025-02-13 09:12:26'),(26,'All Amneal Ireland Employees','Full-time permanent staff.','Human Resources','HR Policies','2025-02-13 09:12:26','2025-02-13 09:12:26'),(27,'All Amneal Ireland Non-Employees','Directly Supervised Contractor, contract agency personnel with the same duties as a permanent employee.','Human Resources','Contractor Management','2025-02-13 09:12:26','2025-02-13 09:12:26'),(28,'Amneal Ireland','Amneal Ireland Limited, Cahir Road, Cashel, Co. Tipperary.','Corporate','Company Information','2025-02-13 09:12:26','2025-02-13 09:12:26'),(29,'Amneal Ireland Limited (Amneal Ireland)','A wholly owned Amneal Company with a legally registered address at 70 Sir John Rogerson s Quay, Dublin 2, D02 R296, Ireland.','Corporate','Company Information','2025-02-13 09:12:26','2025-02-13 09:12:26'),(30,'Amneal Ireland Permanent Employee','Employees who have received a permanent employment contract with Amneal Ireland.','Human Resources','HR Policies','2025-02-13 09:12:26','2025-02-13 09:12:26'),(31,'Amneal Pharmaceuticals LLC','A wholly owned Amneal Company, based in New Jersey, USA.','Corporate','Company Information','2025-02-13 09:12:26','2025-02-13 09:12:26'),(32,'ANDA','Abbreviated New Drug Application.','Regulatory','Pharmaceutical Compliance','2025-02-13 09:12:26','2025-02-13 09:12:26'),(33,'ANSI','American National Standards Institute.','Regulatory','Standards Organization','2025-02-13 09:12:26','2025-02-13 09:12:26'),(34,'AO','Analog Output.','Technology','Instrumentation','2025-02-13 09:12:26','2025-02-13 09:12:26'),(35,'API','Active Pharmaceutical Ingredient.','Pharmaceutical','Product Documentation','2025-02-13 09:12:26','2025-02-13 09:12:26'),(36,'APIC','Aspects of Cleaning Validation in Active Pharmaceutical Ingredients.','Quality Assurance','Cleaning Validation','2025-02-13 09:12:26','2025-02-13 09:12:26'),(37,'Application Owner','An individual responsible for ensuring an application meets user requirements.','IT','System Management','2025-02-13 09:12:26','2025-02-13 09:12:26'),(38,'Approved Contractors List (ACL)','List of contractors approved for site work.','Human Resources','Contractor Management','2025-02-13 09:12:26','2025-02-13 09:12:26'),(39,'Approved Document','Data entry documents approved for recording the execution of an analytical method.','Quality Control','Documentation Procedures','2025-02-13 09:12:26','2025-02-13 09:12:26'),(40,'AQL','Acceptance Quality Level.','Quality Control','Manufacturing Standards','2025-02-13 09:12:26','2025-02-13 09:12:26'),(41,'Archived Data','Data removed from primary storage for long-term retention.','IT','Data Management','2025-02-13 09:12:26','2025-02-13 09:12:26'),(42,'ARD','Analytical Research and Development.','Pharmaceutical','Research & Development','2025-02-13 09:12:26','2025-02-13 09:12:26'),(43,'Area/Line Clearance','Verification to ensure no residual product, labels, or materials from previous batches.','Manufacturing','Production SOPs','2025-02-13 09:12:26','2025-02-13 09:12:26'),(44,'ARN','Amneal Receipt Number.','Supply Chain','Inventory Management','2025-02-13 09:12:26','2025-02-13 09:12:26'),(45,'As Built','Indicates a drawing has been verified to match installed conditions.','Engineering','Facility Documentation','2025-02-13 09:12:26','2025-02-13 09:12:26'),(46,'Asset','Any instrument, equipment, location, or utility item.','Facilities','Asset Management','2025-02-13 09:12:26','2025-02-13 09:12:26'),(47,'Assignable / Definitive Cause','Root cause identified for an out-of-specification or aberrant result.','Quality Control','Deviation Management','2025-02-13 09:12:26','2025-02-13 09:12:26'),(48,'ASTM','American Society for Testing and Materials.','Regulatory','Standards Organization','2025-02-13 09:12:26','2025-02-13 09:12:26'),(49,'At Rest/Static Condition','When the Cleanroom is maintained to qualified conditions without any activity.','Quality Control','Manufacturing Compliance','2025-02-13 09:15:07','2025-02-13 09:15:07'),(50,'ATC','Automatic Temperature Control.','Facilities','Building Management System','2025-02-13 09:15:07','2025-02-13 09:15:07'),(51,'ATEX','Technical guidance for hazard analysis in explosive environments.','Safety','EHS Regulations','2025-02-13 09:15:07','2025-02-13 09:15:07'),(52,'Atypical Results','A result within specification limits but unexpected or irregular.','Quality Control','Deviation Management','2025-02-13 09:15:07','2025-02-13 09:15:07'),(53,'Audit Trail','A system that traces detailed transactions.','Quality Assurance','Data Integrity Guidelines','2025-02-13 09:15:07','2025-02-13 09:15:07'),(54,'Authorized Persons','Individuals designated to apply locks/tags for servicing using LOTO.','Safety','LOTO Procedures','2025-02-13 09:15:07','2025-02-13 09:15:07'),(55,'AVL','Approved Vendor List.','Supply Chain','Vendor Management System','2025-02-13 09:15:07','2025-02-13 09:15:07'),(56,'AVP','Annual Validation Plan documenting periodic re-qualifications.','Quality Assurance','Validation Plans','2025-02-13 09:15:07','2025-02-13 09:15:07'),(57,'B/N','Batch Number: Unique identifier for batch manufacturing.','Manufacturing','Production Records','2025-02-13 09:15:07','2025-02-13 09:15:07'),(58,'Back-Pack Vacuum','General-purpose vacuum used in various areas.','Facilities','Housekeeping Procedures','2025-02-13 09:15:07','2025-02-13 09:15:07'),(59,'Backup','Process of copying data for recovery.','IT','Backup Policies','2025-02-13 09:15:07','2025-02-13 09:15:07'),(60,'Backup Interval','Frequency of scheduled backups (e.g., daily, weekly, etc.).','IT','Data Retention Policies','2025-02-13 09:15:07','2025-02-13 09:15:07'),(61,'Batch','A controlled manufacturing process under GMP conditions.','Manufacturing','Production Standards','2025-02-13 09:15:07','2025-02-13 09:15:07'),(62,'Batch Downtime','Time when batch production stops due to equipment or process issues.','Manufacturing','Production Logs','2025-02-13 09:15:07','2025-02-13 09:15:07'),(63,'Batch ID','Unique identifier for batch tracking.','Manufacturing','Production Management','2025-02-13 09:15:07','2025-02-13 09:15:07'),(64,'BDP','Beclomethasone Dipropionate.','Pharmaceutical','Product Information','2025-02-13 09:15:07','2025-02-13 09:15:07'),(65,'BFF','Budesonide and Formoterol Fumarate Dihydrate Inhalation Aerosol.','Pharmaceutical','Product Information','2025-02-13 09:15:07','2025-02-13 09:15:07'),(66,'BH','Brookhaven.','Corporate','Company Information','2025-02-13 09:15:07','2025-02-13 09:15:07'),(67,'Bio Medical Waste','Discarded medicines, damaged or rejected filled containers.','Environmental','Waste Management Guidelines','2025-02-13 09:15:07','2025-02-13 09:15:07'),(68,'Biological Hazard','Hazards including viruses, bacteria, fungi, etc.','Safety','EHS Regulations','2025-02-13 09:15:07','2025-02-13 09:15:07'),(69,'Biological Incident','Unintended exposure or release of potentially infectious material.','Safety','Incident Reporting','2025-02-13 09:15:07','2025-02-13 09:15:07'),(70,'Biological Waste','Contaminated materials such as sample plates, gloves, pipettes, etc.','Environmental','Waste Disposal Procedures','2025-02-13 09:15:07','2025-02-13 09:15:07'),(71,'Biomedical Database','Databases such as Embase for medical literature searches.','IT','Research & Data Management','2025-02-13 09:15:07','2025-02-13 09:15:07'),(72,'BMR','Batch Manufacturing Record: Document detailing batch production.','Manufacturing','Production Documentation','2025-02-13 09:15:07','2025-02-13 09:15:07'),(73,'BMS','Building Management System.','Facilities','Building Control System','2025-02-13 09:15:07','2025-02-13 09:15:07'),(74,'BMS Alarms','Alerts configured in QEMS system.','Facilities','Alarm Management','2025-02-13 09:15:07','2025-02-13 09:15:07'),(75,'BONA FIDES','Check to validate suppliers, customers, or subcontractors.','Regulatory','Compliance Procedures','2025-02-13 09:15:07','2025-02-13 09:15:07'),(76,'BOV','Bottom Outlet Valve.','Engineering','Equipment Documentation','2025-02-13 09:15:07','2025-02-13 09:15:07'),(77,'BPR','Batch Packaging Record: Outlines packaging process for a batch.','Manufacturing','Packaging Documentation','2025-02-13 09:15:07','2025-02-13 09:15:07'),(78,'Breach','A tear or compromise.','Safety','Inspection Guidelines','2025-02-13 09:15:07','2025-02-13 09:15:07'),(79,'Breach of Integrity Clean','Cleaning process performed after contamination events.','Quality Assurance','Cleaning SOPs','2025-02-13 09:15:07','2025-02-13 09:15:07'),(80,'BTU','British Thermal Units.','Facilities','Energy Management','2025-02-13 09:15:07','2025-02-13 09:15:07'),(81,'BU','Blend Uniformity.','Quality Control','Manufacturing SOPs','2025-02-13 09:15:07','2025-02-13 09:15:07'),(82,'BUD','Budesonide.','Pharmaceutical','Product Information','2025-02-13 09:15:07','2025-02-13 09:15:07'),(83,'Business Continuity','Processes ensuring critical business functions remain operational.','IT','Disaster Recovery Planning','2025-02-13 09:15:07','2025-02-13 09:15:07'),(84,'Business Owner','Individual responsible for system compliance and maintenance.','IT','System Governance','2025-02-13 09:15:07','2025-02-13 09:15:07'),(85,'C of A','Certificate of Analysis.','Quality Control','Product Certification','2025-02-13 09:15:07','2025-02-13 09:15:07'),(86,'C of C','Certificate of Conformance.','Quality Control','Supplier Compliance','2025-02-13 09:15:07','2025-02-13 09:15:07'),(87,'C of Q','Certificate of Quality.','Quality Control','Product Certification','2025-02-13 09:15:07','2025-02-13 09:15:07'),(88,'CA','Compressed Air.','Engineering','Utilities Management','2025-02-13 09:15:07','2025-02-13 09:15:07'),(89,'CAL','Calibration.','Quality Control','Equipment Maintenance','2025-02-13 09:15:07','2025-02-13 09:15:07'),(90,'CAPA','Corrective and Preventive Actions to address process issues.','Quality Assurance','Deviation Management','2025-02-13 09:15:07','2025-02-13 09:15:07'),(91,'Case','Software term equivalent to an Amneal shipper.','IT','Logistics System','2025-02-13 09:15:07','2025-02-13 09:15:07'),(92,'Causal Factor','Factors contributing to a hazard or failure.','Risk Management','Root Cause Analysis','2025-02-13 09:15:07','2025-02-13 09:15:07'),(93,'Causality Assessment','Determines likelihood of a drug causing adverse events.','Pharmaceutical','Pharmacovigilance','2025-02-13 09:15:07','2025-02-13 09:15:07'),(94,'Causative Error','Laboratory error causing out-of-specification results.','Quality Control','Deviation Management','2025-02-13 09:15:07','2025-02-13 09:15:07'),(95,'CC','Change Control.','Quality Assurance','Change Management','2025-02-13 09:15:07','2025-02-13 09:15:07'),(96,'CCF','Change Control Form.','Quality Assurance','Change Management','2025-02-13 09:15:07','2025-02-13 09:15:07'),(97,'CCTV','Closed Circuit TV system for security monitoring.','Security','Surveillance Systems','2025-02-13 09:15:07','2025-02-13 09:15:07'),(98,'CD/DVD','Compact Disc/Digital Versatile Disc.','IT','Storage Media','2025-02-13 09:15:07','2025-02-13 09:15:07'),(99,'CDC','Centers for Disease Control and Prevention.','Regulatory','Health & Safety Guidelines','2025-02-13 09:15:07','2025-02-13 09:15:07'),(100,'CE Mark','CE marking indicates that the equipment meets all applicable safety requirements of the EU Directive.','Regulatory','Compliance Standards','2025-02-13 09:18:07','2025-02-13 09:18:07'),(101,'CEHT','Clean Equipment Hold Time.','Quality Control','Cleaning Validation','2025-02-13 09:18:07','2025-02-13 09:18:07'),(102,'CFU','Colony Forming Unit.','Microbiology','Laboratory Guidelines','2025-02-13 09:18:07','2025-02-13 09:18:07'),(103,'cGMP','Current Good Manufacturing Practice.','Regulatory','Quality Assurance','2025-02-13 09:18:07','2025-02-13 09:18:07'),(104,'Chamfer','Damaged edge on a blister.','Manufacturing','Packaging Guidelines','2025-02-13 09:18:07','2025-02-13 09:18:07'),(105,'Change Parts','Component purchased to improve equipment availability.','Engineering','Equipment Management','2025-02-13 09:18:07','2025-02-13 09:18:07'),(106,'Checked By','A second-person review for accuracy and compliance.','Quality Assurance','Data Integrity Standards','2025-02-13 09:18:07','2025-02-13 09:18:07'),(107,'CHW','Chilled Water.','Facilities','Building Management','2025-02-13 09:18:07','2025-02-13 09:18:07'),(108,'CL','Cleaning.','Quality Control','Sanitation Procedures','2025-02-13 09:18:07','2025-02-13 09:18:07'),(109,'Classified Rooms','Rooms classified per ISO 14644 standards.','Facilities','Cleanroom Classification','2025-02-13 09:18:07','2025-02-13 09:18:07'),(110,'Cleaning Development','Design and development stage of Cleaning Validation.','Quality Assurance','Validation Lifecycle','2025-02-13 09:18:07','2025-02-13 09:18:07'),(111,'Cleaning Validation','Documented evidence that cleaning processes remove residues.','Quality Assurance','Validation Protocols','2025-02-13 09:18:07','2025-02-13 09:18:07'),(112,'Cleaning Verification','Stage confirming cleaning effectiveness.','Quality Assurance','Sanitation Standards','2025-02-13 09:18:07','2025-02-13 09:18:07'),(113,'Clinical Team','Amneal LLC Clinical Regulatory Affairs team.','Pharmaceutical','Clinical Trials Management','2025-02-13 09:18:07','2025-02-13 09:18:07'),(114,'Clinical Trial/Study','Investigation verifying clinical and pharmacological effects.','Pharmaceutical','Clinical Research','2025-02-13 09:18:07','2025-02-13 09:18:07'),(115,'Closed Signal','A resolved signal in periodic benefit-risk reports.','Pharmacovigilance','Risk Management','2025-02-13 09:18:07','2025-02-13 09:18:07'),(116,'CMMS','Computerized Maintenance Management System.','Maintenance','Asset Management','2025-02-13 09:18:07','2025-02-13 09:18:07'),(117,'CNC','Controlled Non-Classified.','Facilities','Cleanroom Standards','2025-02-13 09:18:07','2025-02-13 09:18:07'),(118,'CO','Commercial.','Business','Company Operations','2025-02-13 09:18:07','2025-02-13 09:18:07'),(119,'Co. Co.','County Council.','Regulatory','Local Government','2025-02-13 09:18:07','2025-02-13 09:18:07'),(120,'COC','Certificate of Conformance.','Quality Control','Supplier Certification','2025-02-13 09:18:07','2025-02-13 09:18:07'),(121,'Code Requestor','Person initiating paperwork for material code assignment.','Supply Chain','Inventory Management','2025-02-13 09:18:07','2025-02-13 09:18:07'),(122,'Coded Material','Raw or packaging material assigned a unique code.','Supply Chain','Inventory System','2025-02-13 09:18:07','2025-02-13 09:18:07'),(123,'Combination Product','Product composed of drug, device, or biological component.','Pharmaceutical','Product Classification','2025-02-13 09:18:07','2025-02-13 09:18:07'),(124,'Commissioning','Managed approach for system installation and validation.','Engineering','Equipment Qualification','2025-02-13 09:18:07','2025-02-13 09:18:07'),(125,'Complete Clean (C)','Cleaning as per validated method.','Quality Control','Cleaning Procedures','2025-02-13 09:18:07','2025-02-13 09:18:07'),(126,'Concurrent Validation','Studies conducted during routine production.','Quality Assurance','Validation Studies','2025-02-13 09:18:07','2025-02-13 09:18:07'),(127,'Confirmed OOS','Confirmed Out of Specification result after investigation.','Quality Control','Deviation Handling','2025-02-13 09:18:07','2025-02-13 09:18:07'),(128,'Consignee','Person receiving the parcel.','Logistics','Shipping Documentation','2025-02-13 09:18:07','2025-02-13 09:18:07'),(129,'Containment Barrier','Temporary airlock to prevent contamination.','Safety','Facility Management','2025-02-13 09:18:07','2025-02-13 09:18:07'),(130,'Contaminated Waste','Waste exposed to harmful substances.','Environmental','Waste Disposal Procedures','2025-02-13 09:18:07','2025-02-13 09:18:07'),(131,'Contract Agency Personnel','Non-permanent staff hired through an agency.','Human Resources','Contractor Management','2025-02-13 09:18:07','2025-02-13 09:18:07'),(132,'Contract Laboratory Requirement','Document detailing specifications for validated test methods.','Quality Control','Lab Standards','2025-02-13 09:18:07','2025-02-13 09:18:07'),(133,'Contractor','External service provider for regular tasks.','Facilities','Vendor List','2025-02-13 09:18:07','2025-02-13 09:18:07'),(134,'Contractor EHS Qualification Form','Form used in contractor approval process based on safety requirements.','EHS','EHS Policy','2025-02-13 09:18:07','2025-02-13 09:18:07'),(135,'Contractor Personal Lock','Padlock used by contractors for securing isolation points.','Safety','LOTO Procedures','2025-02-13 09:18:07','2025-02-13 09:18:07'),(136,'Contractor Personnel','All non-company employees working on behalf of a contractor.','Human Resources','HR Records','2025-02-13 09:18:07','2025-02-13 09:18:07'),(137,'Control Measures','Actions or systems designed to eliminate or mitigate risks.','Risk Management','Safety Guidelines','2025-02-13 09:18:07','2025-02-13 09:18:07'),(138,'Controlled Copy','Photocopied version of an approved document for reference.','Quality Assurance','Document Control System','2025-02-13 09:18:07','2025-02-13 09:18:07'),(139,'Controlled Substances','Substances regulated under drug misuse laws.','Regulatory','Compliance Manual','2025-02-13 09:18:07','2025-02-13 09:18:07'),(140,'Controls','Actions taken to minimize hazard exposure.','Risk Management','Safety Procedures','2025-02-13 09:18:07','2025-02-13 09:18:07'),(141,'Corrective Maintenance','Unplanned maintenance activities to restore equipment.','Maintenance','CMMS','2025-02-13 09:18:07','2025-02-13 09:18:07'),(142,'COSHH','Control of Substances Hazardous to Health regulations.','EHS','Regulatory Framework','2025-02-13 09:18:07','2025-02-13 09:18:07'),(143,'Courier','Approved logistics provider for deliveries.','Supply Chain','Logistics System','2025-02-13 09:18:07','2025-02-13 09:18:07'),(144,'Courier Receipts','Documentation confirming delivery and receipt of shipments.','Supply Chain','Logistics System','2025-02-13 09:18:07','2025-02-13 09:18:07'),(145,'CPP','Critical Process Parameter affecting product quality.','Quality Control','Manufacturing SOP','2025-02-13 09:18:07','2025-02-13 09:18:07'),(146,'CPU','Central Processing Unit of a computer system.','IT','Hardware Documentation','2025-02-13 09:18:07','2025-02-13 09:18:07'),(147,'CQA','Critical Quality Attributes defining product quality.','Quality Control','Manufacturing Guidelines','2025-02-13 09:18:07','2025-02-13 09:18:07'),(148,'CE Mark','CE marking indicates that the equipment meets all applicable safety requirements of the EU Directive.','Regulatory','Compliance Standards','2025-02-13 09:20:19','2025-02-13 09:20:19'),(149,'CEHT','Clean Equipment Hold Time.','Quality Control','Cleaning Validation','2025-02-13 09:20:19','2025-02-13 09:20:19'),(150,'CFU','Colony Forming Unit.','Microbiology','Laboratory Guidelines','2025-02-13 09:20:19','2025-02-13 09:20:19'),(151,'cGMP','Current Good Manufacturing Practice.','Regulatory','Quality Assurance','2025-02-13 09:20:19','2025-02-13 09:20:19'),(152,'Chamfer','Damaged edge on a blister.','Manufacturing','Packaging Guidelines','2025-02-13 09:20:19','2025-02-13 09:20:19'),(153,'Change Parts','Component purchased to improve equipment availability.','Engineering','Equipment Management','2025-02-13 09:20:19','2025-02-13 09:20:19'),(154,'Checked By','A second-person review for accuracy and compliance.','Quality Assurance','Data Integrity Standards','2025-02-13 09:20:19','2025-02-13 09:20:19'),(155,'CHW','Chilled Water.','Facilities','Building Management','2025-02-13 09:20:19','2025-02-13 09:20:19'),(156,'CL','Cleaning.','Quality Control','Sanitation Procedures','2025-02-13 09:20:19','2025-02-13 09:20:19'),(157,'Classified Rooms','Rooms classified per ISO 14644 standards.','Facilities','Cleanroom Classification','2025-02-13 09:20:19','2025-02-13 09:20:19'),(158,'Cleaning Development','Design and development stage of Cleaning Validation.','Quality Assurance','Validation Lifecycle','2025-02-13 09:20:19','2025-02-13 09:20:19'),(159,'Cleaning Validation','Documented evidence that cleaning processes remove residues.','Quality Assurance','Validation Protocols','2025-02-13 09:20:19','2025-02-13 09:20:19'),(160,'Cleaning Verification','Stage confirming cleaning effectiveness.','Quality Assurance','Sanitation Standards','2025-02-13 09:20:19','2025-02-13 09:20:19'),(161,'Clinical Team','Amneal LLC Clinical Regulatory Affairs team.','Pharmaceutical','Clinical Trials Management','2025-02-13 09:20:19','2025-02-13 09:20:19'),(162,'Clinical Trial/Study','Investigation verifying clinical and pharmacological effects.','Pharmaceutical','Clinical Research','2025-02-13 09:20:19','2025-02-13 09:20:19'),(163,'Closed Signal','A resolved signal in periodic benefit-risk reports.','Pharmacovigilance','Risk Management','2025-02-13 09:20:19','2025-02-13 09:20:19'),(164,'CMMS','Computerized Maintenance Management System.','Maintenance','Asset Management','2025-02-13 09:20:19','2025-02-13 09:20:19'),(165,'CNC','Controlled Non-Classified.','Facilities','Cleanroom Standards','2025-02-13 09:20:19','2025-02-13 09:20:19'),(166,'CO','Commercial.','Business','Company Operations','2025-02-13 09:20:19','2025-02-13 09:20:19'),(167,'Co. Co.','County Council.','Regulatory','Local Government','2025-02-13 09:20:19','2025-02-13 09:20:19'),(168,'COC','Certificate of Conformance.','Quality Control','Supplier Certification','2025-02-13 09:20:19','2025-02-13 09:20:19'),(169,'Code Requestor','Person initiating paperwork for material code assignment.','Supply Chain','Inventory Management','2025-02-13 09:20:19','2025-02-13 09:20:19'),(170,'Coded Material','Raw or packaging material assigned a unique code.','Supply Chain','Inventory System','2025-02-13 09:20:19','2025-02-13 09:20:19'),(171,'Combination Product','Product composed of drug, device, or biological component.','Pharmaceutical','Product Classification','2025-02-13 09:20:19','2025-02-13 09:20:19'),(172,'Commissioning','Managed approach for system installation and validation.','Engineering','Equipment Qualification','2025-02-13 09:20:19','2025-02-13 09:20:19'),(173,'Complete Clean (C)','Cleaning as per validated method.','Quality Control','Cleaning Procedures','2025-02-13 09:20:19','2025-02-13 09:20:19'),(174,'Concurrent Validation','Studies conducted during routine production.','Quality Assurance','Validation Studies','2025-02-13 09:20:19','2025-02-13 09:20:19'),(175,'Confirmed OOS','Confirmed Out of Specification result after investigation.','Quality Control','Deviation Handling','2025-02-13 09:20:19','2025-02-13 09:20:19'),(176,'Consignee','Person receiving the parcel.','Logistics','Shipping Documentation','2025-02-13 09:20:19','2025-02-13 09:20:19'),(177,'Containment Barrier','Temporary airlock to prevent contamination.','Safety','Facility Management','2025-02-13 09:20:19','2025-02-13 09:20:19'),(178,'Contaminated Waste','Waste exposed to harmful substances.','Environmental','Waste Disposal Procedures','2025-02-13 09:20:19','2025-02-13 09:20:19'),(179,'Contract Agency Personnel','Non-permanent staff hired through an agency.','Human Resources','Contractor Management','2025-02-13 09:20:19','2025-02-13 09:20:19'),(180,'Contract Laboratory Requirement','Document detailing specifications for validated test methods.','Quality Control','Lab Standards','2025-02-13 09:20:19','2025-02-13 09:20:19'),(181,'Contractor','External service provider for regular tasks.','Facilities','Vendor List','2025-02-13 09:20:19','2025-02-13 09:20:19'),(182,'Contractor EHS Qualification Form','Form used in contractor approval process based on safety requirements.','EHS','EHS Policy','2025-02-13 09:20:19','2025-02-13 09:20:19'),(183,'Contractor Personal Lock','Padlock used by contractors for securing isolation points.','Safety','LOTO Procedures','2025-02-13 09:20:19','2025-02-13 09:20:19'),(184,'Contractor Personnel','All non-company employees working on behalf of a contractor.','Human Resources','HR Records','2025-02-13 09:20:19','2025-02-13 09:20:19'),(185,'Control Measures','Actions or systems designed to eliminate or mitigate risks.','Risk Management','Safety Guidelines','2025-02-13 09:20:19','2025-02-13 09:20:19'),(186,'Controlled Copy','Photocopied version of an approved document for reference.','Quality Assurance','Document Control System','2025-02-13 09:20:19','2025-02-13 09:20:19'),(187,'Controlled Substances','Substances regulated under drug misuse laws.','Regulatory','Compliance Manual','2025-02-13 09:20:19','2025-02-13 09:20:19'),(188,'Controls','Actions taken to minimize hazard exposure.','Risk Management','Safety Procedures','2025-02-13 09:20:19','2025-02-13 09:20:19'),(189,'Corrective Maintenance','Unplanned maintenance activities to restore equipment.','Maintenance','CMMS','2025-02-13 09:20:19','2025-02-13 09:20:19'),(190,'COSHH','Control of Substances Hazardous to Health regulations.','EHS','Regulatory Framework','2025-02-13 09:20:19','2025-02-13 09:20:19'),(191,'Courier','Approved logistics provider for deliveries.','Supply Chain','Logistics System','2025-02-13 09:20:19','2025-02-13 09:20:19'),(192,'Courier Receipts','Documentation confirming delivery and receipt of shipments.','Supply Chain','Logistics System','2025-02-13 09:20:19','2025-02-13 09:20:19'),(193,'CPP','Critical Process Parameter affecting product quality.','Quality Control','Manufacturing SOP','2025-02-13 09:20:19','2025-02-13 09:20:19'),(194,'CPU','Central Processing Unit of a computer system.','IT','Hardware Documentation','2025-02-13 09:20:19','2025-02-13 09:20:19'),(195,'CQA','Critical Quality Attributes defining product quality.','Quality Control','Manufacturing Guidelines','2025-02-13 09:20:19','2025-02-13 09:20:19'),(196,'Critical Alarm','An alarm indicating serious impact on product quality or compliance.','Quality Assurance','BMS System','2025-02-13 09:20:19','2025-02-13 09:20:19'),(197,'Critical Items','Product contact materials requiring certification before use.','Quality Control','Supplier Qualification','2025-02-13 09:20:19','2025-02-13 09:20:19'),(198,'Critical System/Equipment','Systems that directly affect product quality.','Quality Control','Manufacturing Guidelines','2025-02-13 09:20:19','2025-02-13 09:20:19'),(199,'CRO','Contract Research Organization conducting outsourced research.','Regulatory','Clinical Trial Agreements','2025-02-13 09:20:19','2025-02-13 09:20:19'),(200,'CRT','Controlled Room Temperature for storing materials.','Storage','Warehouse Guidelines','2025-02-13 09:20:19','2025-02-13 09:20:19'),(201,'CSIM','Computer System Incident Management process.','IT','IT Support Manual','2025-02-13 09:20:19','2025-02-13 09:20:19'),(202,'CSR','Certificate Signature Request for regulatory compliance.','Regulatory','Compliance System','2025-02-13 09:20:19','2025-02-13 09:20:19'),(203,'CUB','Central Utilities Building.','Facilities','Site Plans','2025-02-13 09:20:19','2025-02-13 09:20:19'),(204,'Current Activity','Any active process or batch in progress.','Manufacturing','Production Logs','2025-02-13 09:20:19','2025-02-13 09:20:19'),(205,'CVR','Cleaning Validation Report documenting cleaning effectiveness.','Quality Assurance','Validation Documents','2025-02-13 09:20:19','2025-02-13 09:20:19'),(206,'Cycle Count','Recurring inventory auditing process.','Inventory','Stock Control System','2025-02-13 09:20:19','2025-02-13 09:20:19'),(207,'E.G','Example.','General','Common Usage','2025-02-13 09:24:05','2025-02-13 09:24:05'),(208,'EEL','Environmental Exposure Limit refers to the maximum concentration of a substance allowed in the environment to protect human health and the ecosystem.','Environmental','Regulatory Guidelines','2025-02-13 09:24:05','2025-02-13 09:24:05'),(209,'EHS','Environmental Health and Safety.','EHS','Company Policy','2025-02-13 09:24:05','2025-02-13 09:24:05'),(210,'EHS Specialist','An appropriately trained person who implements an effective Legionella Program.','EHS','EHS Policy','2025-02-13 09:24:05','2025-02-13 09:24:05'),(211,'Electronic System','A physical interconnection of components gathering information.','IT','System Documentation','2025-02-13 09:24:05','2025-02-13 09:24:05'),(212,'Elimination','Highest level in the hierarchy of controls involving removal of a hazard.','EHS','Risk Management Guidelines','2025-02-13 09:24:05','2025-02-13 09:24:05'),(213,'EM','Environmental Monitoring.','Environmental','Regulatory Standards','2025-02-13 09:24:05','2025-02-13 09:24:05'),(214,'EMA','European Medicines Agency.','Regulatory','EU Pharmaceutical Standards','2025-02-13 09:24:05','2025-02-13 09:24:05'),(215,'EMAS','Management tool to evaluate, report, and improve environmental performance.','Environmental','EU Environmental Regulations','2025-02-13 09:24:05','2025-02-13 09:24:05'),(216,'Emergency Maintenance','Maintenance tasks performed immediately to avoid downtime or hazards.','Maintenance','SOP MT-005','2025-02-13 09:24:05','2025-02-13 09:24:05'),(217,'EN','EN followed by numbers represents relevant European Standards.','Regulatory','EU Standards','2025-02-13 09:24:05','2025-02-13 09:24:05'),(218,'End Time','Post Line clearance completion.','Production','Manufacturing Logs','2025-02-13 09:24:05','2025-02-13 09:24:05'),(219,'Energy Control Procedure Form (ECP)','Documented instruction for isolating hazardous energy sources.','EHS','LOTO Procedures','2025-02-13 09:24:05','2025-02-13 09:24:05'),(220,'ENG','Engineering.','Engineering','Technical Documents','2025-02-13 09:24:05','2025-02-13 09:24:05'),(221,'Engineering Control','Methods to eliminate or reduce exposure to hazards through system modifications.','EHS','Risk Prevention Measures','2025-02-13 09:24:05','2025-02-13 09:24:05'),(222,'Engineering Documentation','Documents maintained as live records through the plant lifecycle.','Engineering','System Documentation','2025-02-13 09:24:05','2025-02-13 09:24:05'),(223,'Engineering Material','Material used for Engineering runs only.','Engineering','Equipment Maintenance','2025-02-13 09:24:05','2025-02-13 09:24:05'),(224,'Engineering System','Defined operational function consisting of components such as piping, hardware, and instrumentation.','Engineering','Facility Operations','2025-02-13 09:24:05','2025-02-13 09:24:05'),(225,'Environmental Event','Any spill, permit violation, or non-compliance with environmental regulations.','Environmental','EPA Compliance','2025-02-13 09:24:05','2025-02-13 09:24:05'),(226,'EOLV','End of Line Valves.','Engineering','Piping & Instrumentation','2025-02-13 09:24:05','2025-02-13 09:24:05'),(227,'EPA','Environmental Protection Agency (Ireland).','Regulatory','Environmental Authority','2025-02-13 09:24:05','2025-02-13 09:24:05'),(228,'EQ Room','Equilibration Room.','Facilities','Building Management','2025-02-13 09:24:05','2025-02-13 09:24:05'),(229,'Equipment Downtime','Time when equipment stops working and requires maintenance.','Maintenance','CMMS','2025-02-13 09:24:05','2025-02-13 09:24:05'),(230,'Equipment Train','A series of equipment used for manufacturing a product.','Manufacturing','Production Guidelines','2025-02-13 09:24:05','2025-02-13 09:24:05'),(231,'Equipment, Machinery or Systems','Any system using energy that may present injury risks.','Engineering','Safety Compliance','2025-02-13 09:24:05','2025-02-13 09:24:05'),(232,'Equivalent and Effective Protection','Machine safety features including interlocks, emergency stops, and safety guarding.','Safety','EHS Standards','2025-02-13 09:24:05','2025-02-13 09:24:05'),(233,'Ergonomic Hazard','Physical factors causing musculoskeletal injuries, e.g., poor workstation setup.','EHS','Workplace Safety Guidelines','2025-02-13 09:24:05','2025-02-13 09:24:05'),(234,'ERT','Emergency Response Team.','EHS','Crisis Management','2025-02-13 09:24:05','2025-02-13 09:24:05'),(235,'ES','Environmental Safety.','Environmental','Environmental Compliance','2025-02-13 09:24:05','2025-02-13 09:24:05'),(236,'E-Stop','Emergency Stop.','Safety','Equipment Safety Standards','2025-02-13 09:24:05','2025-02-13 09:24:05'),(237,'ESXi','VMware solution for deploying virtual machines.','IT','System Virtualization','2025-02-13 09:24:05','2025-02-13 09:24:05'),(238,'EWC','European Waste Catalogue.','Environmental','Waste Management','2025-02-13 09:24:05','2025-02-13 09:24:05'),(239,'EXC','Excipient.','Pharmaceutical','Formulation Guidelines','2025-02-13 09:24:05','2025-02-13 09:24:05'),(240,'Exhibit/Submission Batch','Batch executed under GMP to validate manufacturing processes.','Pharmaceutical','Regulatory Approval','2025-02-13 09:24:05','2025-02-13 09:24:05'),(241,'Expectedness/Listedness','Classification of adverse events based on reference safety information.','Pharmacovigilance','Drug Safety Monitoring','2025-02-13 09:24:05','2025-02-13 09:24:05'),(242,'Expedited Report','Valid Individual Case Safety Reports (ICSRs) requiring fast submission.','Pharmacovigilance','Regulatory Compliance','2025-02-13 09:24:05','2025-02-13 09:24:05'),(243,'Experimental/Engineering Study','Early-stage technical activities to enhance process understanding.','Research','Process Development','2025-02-13 09:24:05','2025-02-13 09:24:05'),(244,'Face Mask (Medical Mask)','Protective barrier device compliant with EN 14683.','Safety','PPE Standards','2025-02-13 09:24:05','2025-02-13 09:24:05'),(245,'Face Mask (Non-Medical Mask)','Non-regulated mask that may limit the spread of infectious agents.','Safety','Company Policy','2025-02-13 09:24:05','2025-02-13 09:24:05'),(246,'Face Shield','Protective device covering eyes and face against splashes or hazards.','Safety','PPE Standards','2025-02-13 09:24:05','2025-02-13 09:24:05'),(247,'FAT','Factory Acceptance Test to verify system functionality before delivery.','Engineering','Equipment Qualification','2025-02-13 09:24:05','2025-02-13 09:24:05'),(248,'FDA','Food and Drug Administration (USA).','Regulatory','US Pharmaceutical Standards','2025-02-13 09:24:05','2025-02-13 09:24:05'),(249,'FFD','Formoterol Fumarate Dihydrate.','Pharmaceutical','Active Ingredient','2025-02-13 09:24:05','2025-02-13 09:24:05'),(250,'Final Test Result','The reported result on a Certificate of Analysis.','Quality Control','Testing & Release','2025-02-13 09:24:05','2025-02-13 09:24:05'),(251,'Firmware','Permanent software embedded in a device.','IT','Hardware Management','2025-02-13 09:24:05','2025-02-13 09:24:05'),(252,'First-Aid','Immediate medical treatment for minor injuries.','EHS','Workplace Safety Procedures','2025-02-13 09:24:05','2025-02-13 09:24:05'),(253,'FMEA','Failure Mode and Effect Analysis for risk evaluation.','Risk Management','Quality Assurance','2025-02-13 09:24:05','2025-02-13 09:24:05'),(254,'Format File','Dataset of machine parameters required for product processing.','Manufacturing','Equipment Setup','2025-02-13 09:24:05','2025-02-13 09:24:05'),(255,'FP','Finished Product.','Pharmaceutical','Product Release','2025-02-13 09:24:05','2025-02-13 09:24:05'),(256,'FQ','Facility/Area Qualification verifying compliance with GMP requirements.','Quality Control','Facility Certification','2025-02-13 09:24:05','2025-02-13 09:24:05'),(257,'Frequency Report','Frequency of Adverse Event reports for an active moiety from Oracle Argus Safety Database.','Pharmacovigilance','Drug Safety Monitoring','2025-02-13 09:32:50','2025-02-13 09:32:50'),(258,'FRV','Fire Riser Valve.','Facilities','Fire Safety System','2025-02-13 09:32:50','2025-02-13 09:32:50'),(259,'Full Backup','A complete backup of all software components including OS, custom code, and data.','IT','Backup Management','2025-02-13 09:32:50','2025-02-13 09:32:50'),(260,'Full Comparison','A report generated by programming systems to highlight differences.','IT','Software Change Management','2025-02-13 09:32:50','2025-02-13 09:32:50'),(261,'GDP','Good Documentation Practices.','Quality Assurance','Compliance Standards','2025-02-13 09:32:50','2025-02-13 09:32:50'),(262,'GHS','Globally Harmonized System of Classification and Labelling of Chemicals.','Regulatory','Chemical Safety Regulations','2025-02-13 09:32:50','2025-02-13 09:32:50'),(263,'GMP','Good Manufacturing Practice.','Regulatory','Manufacturing Compliance','2025-02-13 09:32:50','2025-02-13 09:32:50'),(264,'GMP Study','Studies performed to generate information supporting technology transfer.','Quality Assurance','Process Validation','2025-02-13 09:32:50','2025-02-13 09:32:50'),(265,'GEP','Good Engineering Practices.','Engineering','Technical Standards','2025-02-13 09:32:50','2025-02-13 09:32:50'),(266,'Gowning Materials','Includes Tyvek suits, coveralls, cleanroom shoe covers, gloves.','Safety','PPE Standards','2025-02-13 09:32:50','2025-02-13 09:32:50'),(267,'GQS','Global Quality Standard.','Quality Assurance','Global Compliance','2025-02-13 09:32:50','2025-02-13 09:32:50'),(268,'GTS','Global Tracking System.','Logistics','Supply Chain Management','2025-02-13 09:32:50','2025-02-13 09:32:50'),(269,'GxP','Good Manufacturing, Clinical, and Laboratory Practices.','Regulatory','Pharmaceutical Compliance','2025-02-13 09:32:50','2025-02-13 09:32:50'),(270,'HAC','Hazard Area Classification.','Safety','Risk Management','2025-02-13 09:32:50','2025-02-13 09:32:50'),(271,'Halogenated Waste','Organic solvent waste containing chlorine, fluorine, bromine, or iodine.','Environmental','Hazardous Waste Disposal','2025-02-13 09:32:50','2025-02-13 09:32:50'),(272,'Harm','Damage to human health or the environment.','Risk Management','Safety Guidelines','2025-02-13 09:32:50','2025-02-13 09:32:50'),(273,'Hasp','A steel hasp allowing multiple padlocks for isolation.','Safety','LOTO Procedures','2025-02-13 09:32:50','2025-02-13 09:32:50'),(274,'Hazard','A potential source of harm or adverse health effect.','Risk Management','EHS Standards','2025-02-13 09:32:50','2025-02-13 09:32:50'),(275,'Hazard Assessment','Process of identifying and controlling workplace hazards.','EHS','Risk Assessment','2025-02-13 09:32:50','2025-02-13 09:32:50'),(276,'Hazardous Energy / Material','Any source of energy that may cause injury if not properly controlled.','EHS','LOTO Standards','2025-02-13 09:32:50','2025-02-13 09:32:50'),(277,'Hazardous Energy Control Program','A program including procedures, training, and devices to control hazardous energy.','EHS','Workplace Safety','2025-02-13 09:32:50','2025-02-13 09:32:50'),(278,'Hazardous Waste','Any waste that poses risks to health or the environment.','Environmental','Waste Management Regulations','2025-02-13 09:32:50','2025-02-13 09:32:50'),(279,'HAZOP','Hazard and Operability Study: A structured, systematic, detailed qualitative risk assessment technique that uses guide words to systematically evaluate deviations from design intent in a process flow diagram (PFD) or piping & instrumentation diagram (P&ID).','Risk Management','Process Safety Analysis','2025-02-13 09:32:50','2025-11-12 16:32:52'),(280,'HBELs','Health-Based Exposure Limits.','Regulatory','Toxicology Standards','2025-02-13 09:32:50','2025-02-13 09:32:50'),(281,'HDD','Hard Disk Drive.','IT','Hardware Management','2025-02-13 09:32:50','2025-02-13 09:32:50'),(282,'HEPA','High Efficiency Particulate Air filter.','Facilities','Cleanroom Air Filtration','2025-02-13 09:32:50','2025-02-13 09:32:50'),(283,'HFA','Hydrofluoroalkane.','Pharmaceutical','Propellant Standard','2025-02-13 09:32:50','2025-02-13 09:32:50'),(284,'HFA 134a','1,1,1,2 - Tetrafluoroethane (ZEPHEX 134a).','Pharmaceutical','Propellant Standard','2025-02-13 09:32:50','2025-02-13 09:32:50'),(285,'HFA 227','1,1,1,2,3,3,3 - Heptafluoropropane Propellant.','Pharmaceutical','Propellant Standard','2025-02-13 09:32:50','2025-02-13 09:32:50'),(286,'HH','Harro Hoefliger.','Manufacturing','Equipment Supplier','2025-02-13 09:32:50','2025-02-13 09:32:50'),(287,'Hierarchy of Control','Selecting and applying safety controls from elimination to PPE.','EHS','Workplace Safety','2025-02-13 09:32:50','2025-02-13 09:32:50'),(288,'HMI','Human Machine Interface.','Automation','Control System Interface','2025-02-13 09:32:50','2025-02-13 09:32:50'),(289,'HOD','Head of Department.','HR','Company Structure','2025-02-13 09:32:50','2025-02-13 09:32:50'),(290,'HR','Human Resources.','HR','Employee Management','2025-02-13 09:32:50','2025-02-13 09:32:50'),(291,'HSA','Health and Safety Authority Ireland.','Regulatory','Workplace Safety Authority','2025-02-13 09:32:50','2025-02-13 09:32:50'),(292,'HSRP','Hot Standby Routing Protocol.','IT','Network Redundancy','2025-02-13 09:32:50','2025-02-13 09:32:50'),(293,'HTTP','Hypertext Transfer Protocol.','IT','Web Communication Standard','2025-02-13 09:32:50','2025-02-13 09:32:50'),(294,'HVAC','Heating, Ventilation, and Air Conditioning.','Facilities','Building Management','2025-02-13 09:32:50','2025-02-13 09:32:50'),(295,'HW4 View Data','A module allowing users to view and analyze recorded data.','IT','System Monitoring','2025-02-13 09:32:50','2025-02-13 09:32:50'),(296,'Hypothesis/Investigative Testing','Testing performed to support root cause investigations.','Quality Assurance','Deviation Management','2025-02-13 09:32:50','2025-02-13 09:32:50'),(297,'Hz','Hertz - Unit of frequency.','Measurement','Technical Standards','2025-02-13 09:32:50','2025-02-13 09:32:50'),(298,'IBC','Intermediate Bulk Containers.','Logistics','Material Handling','2025-02-13 09:32:50','2025-02-13 09:32:50'),(299,'IDF2','Integrated Distribution Frame 2 - Second communications room.','IT','Network Infrastructure','2025-02-13 09:32:50','2025-02-13 09:32:50'),(300,'IFC','Issue for Construction - Drawing issued for construction phase.','Engineering','Project Documentation','2025-02-13 09:32:50','2025-02-13 09:32:50'),(301,'IFD','Issue for Design - Initial design concept version.','Engineering','Project Documentation','2025-02-13 09:32:50','2025-02-13 09:32:50'),(302,'Illness','Non-traumatic physiological harm due to work-related exposure.','EHS','Workplace Health Monitoring','2025-02-13 09:32:50','2025-02-13 09:32:50'),(303,'IMP','Investigational Medicinal Product used in clinical trials.','Pharmaceutical','Clinical Research Regulations','2025-02-13 09:32:50','2025-02-13 09:32:50'),(304,'In Operation','When personnel are present and normal operations are being carried out.','Manufacturing','Operational Procedures','2025-02-13 09:36:47','2025-02-13 09:36:47'),(305,'In Vivo Product/Samples','Samples or products used in the living body, such as in clinical trials.','Pharmaceutical','Clinical Testing','2025-02-13 09:36:47','2025-02-13 09:36:47'),(306,'In-active Material','All other non-active materials used in batch manufacturing.','Manufacturing','Material Classification','2025-02-13 09:36:47','2025-02-13 09:36:47'),(307,'Incident','A work-related injury, environmental event, equipment damage, or unplanned event.','EHS','Incident Reporting System','2025-02-13 09:36:47','2025-02-13 09:36:47'),(308,'Incident Management','Process to minimize impact and restore normal service operation.','IT','Service Management','2025-02-13 09:36:47','2025-02-13 09:36:47'),(309,'Incomplete Case','Software terminology for a partially filled shipper.','Logistics','Shipping Management','2025-02-13 09:36:47','2025-02-13 09:36:47'),(310,'Indirect Impact','A system that does not directly affect product quality but supports direct impact systems.','Quality Assurance','Manufacturing Controls','2025-02-13 09:36:47','2025-02-13 09:36:47'),(311,'ICSR','Individual Case Safety Report - Format for reporting adverse reactions to medicinal products.','Pharmacovigilance','Drug Safety Monitoring','2025-02-13 09:36:47','2025-02-13 09:36:47'),(312,'Injury','A traumatic wound caused by external forces or workplace incidents.','EHS','Workplace Safety','2025-02-13 09:36:47','2025-02-13 09:36:47'),(313,'Instrument','Measuring equipment used to generate reportable data.','Quality Control','Laboratory Equipment','2025-02-13 09:36:47','2025-02-13 09:36:47'),(314,'Instrument Method','Instructions to control an analytical instrument and collect data.','Quality Assurance','Laboratory Procedures','2025-02-13 09:36:47','2025-02-13 09:36:47'),(315,'Invalid Result','A result determined to be invalid due to an assignable root cause.','Quality Control','Deviation Investigation','2025-02-13 09:36:47','2025-02-13 09:36:47'),(316,'Invoice','Document required for customs to determine the value of imported goods.','Logistics','Shipping Documentation','2025-02-13 09:36:47','2025-02-13 09:36:47'),(317,'IOQ','Installation & Operational Qualification.','Quality Assurance','Validation Procedures','2025-02-13 09:36:47','2025-02-13 09:36:47'),(318,'IOS','Cisco’s Internetwork Operating System.','IT','Network Infrastructure','2025-02-13 09:36:47','2025-02-13 09:36:47'),(319,'IP','Internet Protocol for data transmission.','IT','Networking Standards','2025-02-13 09:36:47','2025-02-13 09:36:47'),(320,'IPA','Isopropyl Alcohol.','Laboratory','Chemical Handling','2025-02-13 09:36:47','2025-02-13 09:36:47'),(321,'IPC','In Process Checks.','Quality Assurance','Manufacturing Procedures','2025-02-13 09:36:47','2025-02-13 09:36:47'),(322,'IPQA','In-Process Quality Assurance - Procedures ensuring product quality during manufacturing.','Quality Assurance','Process Monitoring','2025-02-13 09:36:47','2025-02-13 09:36:47'),(323,'IQ','Installation Qualification - Verification that equipment meets design and manufacturer recommendations.','Quality Assurance','Equipment Qualification','2025-02-13 09:36:47','2025-02-13 09:36:47'),(324,'IRD','Inhalation Research and Development Department.','Pharmaceutical','R&D Division','2025-02-13 09:36:47','2025-02-13 09:36:47'),(325,'ISO','International Organization for Standardization.','Regulatory','Global Compliance Standards','2025-02-13 09:36:47','2025-02-13 09:36:47'),(326,'ISO 14001','Criteria for an Environmental Management System.','Environmental','ISO Standards','2025-02-13 09:36:47','2025-02-13 09:36:47'),(327,'ISO 45001','Criteria for a Health and Safety Management System.','EHS','ISO Standards','2025-02-13 09:36:47','2025-02-13 09:36:47'),(328,'Isolation Device','Device designed to isolate and control hazardous energy sources.','Safety','LOTO Procedures','2025-02-13 09:36:47','2025-02-13 09:36:47'),(329,'Issue','System performance problems that do not impact business significantly.','IT','Incident Management','2025-02-13 09:36:47','2025-02-13 09:36:47'),(330,'IT','Information Technology.','IT','Company Infrastructure','2025-02-13 09:36:47','2025-02-13 09:36:47'),(331,'IT Application Owner','Responsible for managing development, implementation, and operation of an IT system.','IT','System Ownership','2025-02-13 09:36:47','2025-02-13 09:36:47'),(332,'Job Plan','A plan of tasks to be performed, managed in Maximo CMMS.','Maintenance','Work Order Management','2025-02-13 09:36:47','2025-02-13 09:36:47'),(333,'Kanban 1','Contains miscellaneous materials.','Logistics','Inventory System','2025-02-13 09:36:47','2025-02-13 09:36:47'),(334,'Kanban 2 and 3','Contains gowning materials.','Logistics','Inventory System','2025-02-13 09:36:47','2025-02-13 09:36:47'),(335,'kN','Kilonewton - Unit of force.','Measurement','Technical Standards','2025-02-13 09:36:47','2025-02-13 09:36:47'),(336,'L','Labeled.','Manufacturing','Packaging Requirements','2025-02-13 09:36:47','2025-02-13 09:36:47'),(337,'Litre','Unit of volume.','Measurement','Technical Standards','2025-02-13 09:36:47','2025-02-13 09:36:47'),(338,'LabX','Proprietary Mettler software.','Laboratory','Software Management','2025-02-13 09:36:47','2025-02-13 09:36:47'),(339,'Lack of Effect','Evidence of a product performing below expected levels.','Pharmacovigilance','Adverse Event Monitoring','2025-02-13 09:36:47','2025-02-13 09:36:47'),(340,'LAN','Local Area Network.','IT','Network Infrastructure','2025-02-13 09:36:47','2025-02-13 09:36:47'),(341,'LAW','Laboratory Analytical Worksheet.','Quality Assurance','Lab Documentation','2025-02-13 09:36:47','2025-02-13 09:36:47'),(342,'LCD','Liquid Crystal Display.','Electronics','Display Technology','2025-02-13 09:36:47','2025-02-13 09:36:47'),(343,'LCP','Local Control Panel.','Automation','Control System Interface','2025-02-13 09:36:47','2025-02-13 09:36:47'),(344,'LED','Light Emitting Diode.','Electronics','Lighting Technology','2025-02-13 09:36:47','2025-02-13 09:36:47'),(345,'LEL','Lower Explosive Limit - Minimum concentration of a flammable gas needed for ignition.','Safety','Fire Safety Regulations','2025-02-13 09:36:47','2025-02-13 09:36:47'),(346,'Line break and Isolation Permit','A document identifying plant, equipment, or area to be isolated, along with locked energy sources.','Safety','Permit to Work System','2025-02-13 09:52:14','2025-02-13 09:52:14'),(347,'Localised Clean (L)','Clean with a wipe saturated with 70/30% IPA.','Cleaning','Sanitation SOP','2025-02-13 09:52:14','2025-02-13 09:52:14'),(348,'Lockout/Tagout Condition','Application of lockout/tagout devices to secure hazardous energy sources in a neutral or zero-energy state.','Safety','LOTO Procedures','2025-02-13 09:52:14','2025-02-13 09:52:14'),(349,'Lockout/Tagout Device','Devices such as locks, tags, chains used to secure energy isolation.','Safety','LOTO Equipment','2025-02-13 09:52:14','2025-02-13 09:52:14'),(350,'Logbook','A controlled document that provides a chronological record of activities and occurrences.','Documentation','Record-Keeping System','2025-02-13 09:52:14','2025-02-13 09:52:14'),(351,'Lost Time Case','A work-related injury causing lost workdays beyond the shift when it occurred.','EHS','Incident Reporting System','2025-02-13 09:52:14','2025-02-13 09:52:14'),(352,'LOT','Batch Number.','Manufacturing','Production Records','2025-02-13 09:52:14','2025-02-13 09:52:14'),(353,'LOTO','Lock Out Tag Out - Placement of a lockout device on an energy-isolating device to prevent activation.','Safety','Energy Control Procedures','2025-02-13 09:52:14','2025-02-13 09:52:14'),(354,'LPHW','Low Pressure Hot Water.','Facilities','HVAC Systems','2025-02-13 09:52:14','2025-02-13 09:52:14'),(355,'LRDD','Largest Recommended Daily Dose.','Pharmaceutical','Dosage Guidelines','2025-02-13 09:52:14','2025-02-13 09:52:14'),(356,'LTA','Lost Time Accident - Work-related injury resulting in more than 3 lost workdays.','EHS','Incident Classification','2025-02-13 09:52:14','2025-02-13 09:52:14'),(357,'Lubricants','Substance reducing friction, heat, and wear between solid surfaces.','Maintenance','Equipment Care','2025-02-13 09:52:14','2025-02-13 09:52:14'),(358,'LUT','Luminescence Sensor.','Automation','Sensor Technology','2025-02-13 09:52:14','2025-02-13 09:52:14'),(359,'MA','Manufacturer’s Authorization.','Regulatory','Pharmaceutical Licensing','2025-02-13 09:52:14','2025-02-13 09:52:14'),(360,'mA','Milliamp - Unit of electric current.','Measurement','Electrical Standards','2025-02-13 09:52:14','2025-02-13 09:52:14'),(361,'MACO','Maximum Allowable Carry Over - Limits for residual carryover.','Quality Control','Cleaning Validation','2025-02-13 09:52:14','2025-02-13 09:52:14'),(362,'Maintenance','Cleaning, inspection, and repair required to maintain equipment functionality.','Facilities','Maintenance Standards','2025-02-13 09:52:14','2025-02-13 09:52:14'),(363,'Malfunction','Failure of a device or system to function as intended.','Quality Assurance','Equipment Management','2025-02-13 09:52:14','2025-02-13 09:52:14'),(364,'Manufacturing Date','Date of the first step where the active ingredient is combined with other ingredients.','Manufacturing','Batch Records','2025-02-13 09:52:14','2025-02-13 09:52:14'),(365,'Manufacturing Equipment','Equipment directly involved in product manufacturing.','Manufacturing','Production Equipment','2025-02-13 09:52:14','2025-02-13 09:52:14'),(366,'Manufacturing Hoses','Hoses used in manufacturing and cleaning processes.','Manufacturing','Equipment Components','2025-02-13 09:52:14','2025-02-13 09:52:14'),(367,'MAS','Microbial Air Sampler.','Microbiology','Environmental Monitoring','2025-02-13 09:52:14','2025-02-13 09:52:14'),(368,'Material','Raw Material/Packaging Material used in production.','Supply Chain','Inventory System','2025-02-13 09:52:14','2025-02-13 09:52:14'),(369,'Material Air Lock (MAL)','Rooms used for transferring materials.','Manufacturing','Facility Design','2025-02-13 09:52:14','2025-02-13 09:52:14'),(370,'Material Receipt','Process of verifying and wiping down received materials.','Supply Chain','Warehouse Operations','2025-02-13 09:52:14','2025-02-13 09:52:14'),(371,'MAV','Manual Activation Valve.','Engineering','Fluid Control','2025-02-13 09:52:14','2025-02-13 09:52:14'),(372,'MCP','Manual Call Point - Fire alarm activation point.','Safety','Fire Protection System','2025-02-13 09:52:14','2025-02-13 09:52:14'),(373,'MDD','Maximum Daily Dose.','Pharmaceutical','Dosage Regulation','2025-02-13 09:52:14','2025-02-13 09:52:14'),(374,'MDI','Metered-Dose Inhaler.','Pharmaceutical','Product Type','2025-02-13 09:52:14','2025-02-13 09:52:14'),(375,'MDR','Medical Device Report - Reporting requirement for device-related incidents.','Regulatory','Pharmacovigilance','2025-02-13 09:52:14','2025-02-13 09:52:14'),(376,'Measurement Report','Report generated by DPI Checkweigher with calculated results.','Quality Control','Weighing System','2025-02-13 09:52:14','2025-02-13 09:52:14'),(377,'MedDRA','Medical Dictionary for Regulatory Activities.','Pharmaceutical','Regulatory Terminology','2025-02-13 09:52:14','2025-02-13 09:52:14'),(378,'Media','Any electronic storage medium such as tape, DVDs, or hard disks.','IT','Data Management','2025-02-13 09:52:14','2025-02-13 09:52:14'),(379,'Medical Attention Cases','Treatment administered by a physician beyond first aid.','EHS','Incident Classification','2025-02-13 09:52:14','2025-02-13 09:52:14'),(380,'Medical Treatment','Any treatment administered by a medical professional beyond first aid.','EHS','Workplace Safety','2025-02-13 09:52:14','2025-02-13 09:52:14'),(381,'Method','Instruction to Empower to perform a task.','Quality Control','Laboratory Procedures','2025-02-13 09:52:14','2025-02-13 09:52:14'),(382,'Method Set','Collection of methods including instrument, processing, and reporting.','Quality Control','Laboratory Standards','2025-02-13 09:52:14','2025-02-13 09:52:14'),(383,'Method Statement','Document outlining details for completing a job safely.','Safety','Work Execution Planning','2025-02-13 09:52:14','2025-02-13 09:52:14'),(384,'MF','Manufacturing.','Manufacturing','Operational Classification','2025-02-13 09:52:14','2025-02-13 09:52:14'),(385,'Micro','Microbiology.','Laboratory','Scientific Discipline','2025-02-13 09:52:14','2025-02-13 09:52:14'),(386,'Miscellaneous Materials','Non-product items used in production, such as gloves and wipes.','Manufacturing','Consumables Management','2025-02-13 09:52:14','2025-02-13 09:52:14'),(387,'MM','Material Management.','Supply Chain','Inventory Tracking','2025-02-13 09:52:14','2025-02-13 09:52:14'),(388,'mm','Millimeter - Unit of measurement.','Measurement','Technical Standards','2025-02-13 09:52:14','2025-02-13 09:52:14'),(389,'MOC','Material of Construction.','Engineering','Material Selection','2025-02-13 09:52:14','2025-02-13 09:52:14'),(390,'Monthly Clean','Routine cleaning performed monthly in the manufacturing area.','Cleaning','Sanitation Procedures','2025-02-13 09:52:14','2025-02-13 09:52:14'),(391,'MOTD','Message of the Day - IT system message.','IT','System Administration','2025-02-13 09:52:14','2025-02-13 09:52:14'),(392,'Moveable Equipment','Equipment that can be moved without requiring requalification.','Manufacturing','Equipment Management','2025-02-13 09:52:14','2025-02-13 09:52:14'),(393,'MS','Miscellaneous Stock - Includes consumables and product contact parts.','Inventory','Stock Classification','2025-02-13 09:52:14','2025-02-13 09:52:14'),(394,'MS Material Code','A unique code used to identify Miscellaneous Stock, including consumables and product contact parts.','Inventory','Stock Management System','2025-02-13 09:54:24','2025-02-13 09:54:24'),(395,'MSA','Measurement System Analysis.','Quality Control','Validation Standards','2025-02-13 09:54:24','2025-02-13 09:54:24'),(396,'MSC','Material Stock Card.','Inventory','Warehouse Management','2025-02-13 09:54:24','2025-02-13 09:54:24'),(397,'MSDS','Material Safety Data Sheet.','EHS','Chemical Safety Guidelines','2025-02-13 09:54:24','2025-02-13 09:54:24'),(398,'MT','Maintenance (Engineering).','Maintenance','Equipment Management','2025-02-13 09:54:24','2025-02-13 09:54:24'),(399,'MTC','Manual Temperature Control.','Engineering','Process Control','2025-02-13 09:54:24','2025-02-13 09:54:24'),(400,'MV','Manual Valve.','Engineering','Fluid Control','2025-02-13 09:54:24','2025-02-13 09:54:24'),(401,'N/A','Not Applicable.','General','Common Terminology','2025-02-13 09:54:24','2025-02-13 09:54:24'),(402,'NAS','Network Attached Storage devices used for server backups.','IT','Data Management','2025-02-13 09:54:24','2025-02-13 09:54:24'),(403,'NATR','Network Address Translation Router.','IT','Networking','2025-02-13 09:54:24','2025-02-13 09:54:24'),(404,'Newly Identified Signal','A safety signal first identified during the reporting interval, requiring further evaluation.','Pharmacovigilance','Risk Management','2025-02-13 09:54:24','2025-02-13 09:54:24'),(405,'Nilfisk Vacuum','General-purpose vacuum used by operators and contractors.','Facilities','Cleaning Equipment','2025-02-13 09:54:24','2025-02-13 09:54:24'),(406,'NM','Newton Metre - Unit of torque.','Measurement','Physics','2025-02-13 09:54:24','2025-02-13 09:54:24'),(407,'NMT','Not More Than - Common term in pharmaceutical specifications.','Pharmaceutical','Dosage Limits','2025-02-13 09:54:24','2025-02-13 09:54:24'),(408,'No Impact','Equipment/system with no impact, either directly or indirectly, on product quality.','Manufacturing','Quality Risk Management','2025-02-13 09:54:24','2025-02-13 09:54:24'),(409,'NOE','Notification of Event.','Regulatory','Incident Management','2025-02-13 09:54:24','2025-02-13 09:54:24'),(410,'NOI','Notice of Investigation.','Regulatory','Compliance Procedures','2025-02-13 09:54:24','2025-02-13 09:54:24'),(411,'Non-Cleaning Samples','Samples other than Cleaning Validation/Verification samples.','Quality Control','Laboratory Testing','2025-02-13 09:54:24','2025-02-13 09:54:24'),(412,'Non-Critical Alarm','An alarm notifying an event that does not impact product quality or safety.','Automation','BMS System','2025-02-13 09:54:24','2025-02-13 09:54:24'),(413,'Non-Halogenated Waste','Solvent waste that does not contain halogenic atoms.','EHS','Waste Disposal Procedures','2025-02-13 09:54:24','2025-02-13 09:54:24'),(414,'Non-Moveable Equipment','Equipment that requires requalification if moved.','Manufacturing','Equipment Management','2025-02-13 09:54:24','2025-02-13 09:54:24'),(415,'Non-Serialised','Recipe created for batches without an established shelf life.','Manufacturing','Batch Processing','2025-02-13 09:54:24','2025-02-13 09:54:24'),(416,'Notifiable Incident','An occurrence requiring notification to regulatory authorities (EPA, HSA, etc.).','EHS','Incident Reporting','2025-02-13 09:54:24','2025-02-13 09:54:24'),(417,'NPA','Notification of Pest Activity.','Facilities','Pest Control Management','2025-02-13 09:54:24','2025-02-13 09:54:24'),(418,'NTIN','National Trade Identity Number.','Regulatory','Product Identification','2025-02-13 09:54:24','2025-02-13 09:54:24'),(419,'NTP','Network Time Protocol for computer time synchronization.','IT','System Configuration','2025-02-13 09:54:24','2025-02-13 09:54:24'),(420,'Observation','Trainee watches the trainer carry out a task.','Training','Workplace Learning','2025-02-13 09:54:24','2025-02-13 09:54:24'),(421,'Obvious Error','A clear cause of an OOS laboratory result, identified through observation.','Quality Control','Deviation Management','2025-02-13 09:54:24','2025-02-13 09:54:24'),(422,'ODPC','Office of the Data Protection Commissioner.','Regulatory','Data Protection Laws','2025-02-13 09:54:24','2025-02-13 09:54:24'),(423,'OEL','Occupational Exposure Limit - Maximum allowable concentration of a hazardous substance in the workplace.','EHS','Workplace Safety','2025-02-13 09:54:24','2025-02-13 09:54:24'),(424,'OEM','Original Equipment Manufacturer.','Engineering','Supplier Classification','2025-02-13 09:54:24','2025-02-13 09:54:24'),(425,'OH','Occupational Health.','EHS','Employee Well-being','2025-02-13 09:54:24','2025-02-13 09:54:24'),(426,'OJT','On-The-Job Training - Training where a supervisor shows an employee how to perform a task.','Training','Employee Development','2025-02-13 09:54:24','2025-02-13 09:54:24'),(427,'ONG Automation','Service provider for SCADA systems.','Engineering','Automation Systems','2025-02-13 09:54:24','2025-02-13 09:54:24'),(428,'Ongoing Signal','A safety signal identified before the reporting interval, still under evaluation.','Pharmacovigilance','Safety Monitoring','2025-02-13 09:54:24','2025-02-13 09:54:24'),(429,'On-Site Staff Personal Safety Lock','A GREEN padlock used for personal isolation under LOTO.','Safety','LOTO Procedures','2025-02-13 09:54:24','2025-02-13 09:54:24'),(430,'OOS','Out Of Specification - A result falling outside of specification limits.','Quality Control','Deviation Management','2025-02-13 09:54:24','2025-02-13 09:54:24'),(431,'OQ','Operational Qualification - Ensures equipment operates as intended.','Validation','Qualification Procedures','2025-02-13 09:54:24','2025-02-13 09:54:24'),(432,'Oracle ARGUS Safety','Pharmacovigilance software used for electronic case processing.','IT','Safety Reporting Systems','2025-02-13 09:54:24','2025-02-13 09:54:24'),(433,'Organizational Chart','A diagram illustrating the structure of an organization and reporting relationships.','Business','Corporate Structure','2025-02-13 09:54:24','2025-02-13 09:54:24'),(434,'Original Data','The first or source capture of data, including all subsequent information required for full reconstruction.','Quality Assurance','Data Integrity','2025-02-13 09:54:24','2025-02-13 09:54:24'),(435,'Original Drawing','An approved and effective drawing; changes require a new revision per Change Control Procedure.','Engineering','Technical Documentation','2025-02-13 09:54:24','2025-02-13 09:54:24'),(436,'Originator','Person who performs or verifies an activity and records it.','Quality Assurance','Documentation Procedures','2025-02-13 09:54:24','2025-02-13 09:54:24'),(437,'O-Ring','Gasket/Seal used in equipment.','Engineering','Sealing Components','2025-02-13 09:54:24','2025-02-13 09:54:24'),(438,'Owner','Person responsible for requiring a parcel to be shipped off-site.','Logistics','Shipping Management','2025-02-13 09:54:24','2025-02-13 09:54:24'),(439,'OWS','Operator Workstation.','IT','Automation Systems','2025-02-13 09:54:24','2025-02-13 09:54:24'),(440,'Pa','Pascal - Unit of pressure.','Measurement','Physics','2025-02-13 09:54:24','2025-02-13 09:54:24'),(441,'Pack List','Document accompanying a shipment that details content, description, weight, dimension, value, sender, and consignee information.','Logistics','Shipping Documentation','2025-02-13 09:56:45','2025-02-13 09:56:45'),(442,'PAL','Personnel Airlock.','Facilities','Cleanroom Management','2025-02-13 09:56:45','2025-02-13 09:56:45'),(443,'Partial Clean (P)','Dry wipe and/or vacuum.','Sanitation','Cleaning Procedures','2025-02-13 09:56:45','2025-02-13 09:56:45'),(444,'PAT','Portable Appliance Test.','Electrical Safety','Equipment Testing','2025-02-13 09:56:45','2025-02-13 09:56:45'),(445,'Patch','Software update to fix or improve a program.','IT','Software Management','2025-02-13 09:56:45','2025-02-13 09:56:45'),(446,'PBRER','Periodic Benefit Risk Evaluation Report.','Pharmacovigilance','Safety Reporting','2025-02-13 09:56:45','2025-02-13 09:56:45'),(447,'pC/N','Nominal Force Sensitivity.','Physics','Measurement Standards','2025-02-13 09:56:45','2025-02-13 09:56:45'),(448,'PD','Product Development.','Manufacturing','Research & Development','2025-02-13 09:56:45','2025-02-13 09:56:45'),(449,'PDA','Pre-Delivery Assessment.','Logistics','Shipping Inspection','2025-02-13 09:56:45','2025-02-13 09:56:45'),(450,'PDE','Permitted Daily Exposure - Substance-specific dose limit for daily exposure.','Regulatory','Safety Compliance','2025-02-13 09:56:45','2025-02-13 09:56:45'),(451,'PDF','Portable Document Format.','IT','Document Management','2025-02-13 09:56:45','2025-02-13 09:56:45'),(452,'PDQ','Software package for efficient security patch deployment.','IT','Software Deployment','2025-02-13 09:56:45','2025-02-13 09:56:45'),(453,'PEG','Polyethylene Glycol.','Pharmaceutical','Chemical Composition','2025-02-13 09:56:45','2025-02-13 09:56:45'),(454,'Perforated/Binded Book','A logbook where pages can be removed; pages are sequentially numbered.','Quality Assurance','Record-Keeping','2025-02-13 09:56:45','2025-02-13 09:56:45'),(455,'Performance Monitor','Windows application performance monitoring tool.','IT','System Performance','2025-02-13 09:56:45','2025-02-13 09:56:45'),(456,'Performed By','Step where an activity is executed and documented according to ALCOA principles.','Quality Assurance','Data Integrity','2025-02-13 09:56:45','2025-02-13 09:56:45'),(457,'Periodic Re-Qualification (PRQ)','Scheduled verification to ensure equipment remains in a qualified state.','Validation','Equipment Qualification','2025-02-13 09:56:45','2025-02-13 09:56:45'),(458,'PEST','Pest Control - Includes flies and insects.','Facilities','Pest Management','2025-02-13 09:56:45','2025-02-13 09:56:45'),(459,'PG','Pressure Gauge.','Measurement','Instrumentation','2025-02-13 09:56:45','2025-02-13 09:56:45'),(460,'Pharmacovigilance','Detection, assessment, and prevention of adverse drug effects.','Pharmaceutical','Safety Monitoring','2025-02-13 09:56:45','2025-02-13 09:56:45'),(461,'Physical Hazard','Environmental factors like heights, noise, and radiation that pose risks to employees.','EHS','Workplace Safety','2025-02-13 09:56:45','2025-02-13 09:56:45'),(462,'PIV','Post Indicator Valve.','Fire Safety','Emergency Systems','2025-02-13 09:56:45','2025-02-13 09:56:45'),(463,'Placebo','A substance with no active therapeutic effect.','Pharmaceutical','Clinical Trials','2025-02-13 09:56:45','2025-02-13 09:56:45'),(464,'PLC','Programmable Logic Controller.','Automation','Industrial Control Systems','2025-02-13 09:56:45','2025-02-13 09:56:45'),(465,'PM','Packaging Material.','Manufacturing','Packaging Operations','2025-02-13 09:56:45','2025-02-13 09:56:45'),(466,'PM Material Code','Unique code for identifying packaging materials.','Inventory','Stock Management','2025-02-13 09:56:45','2025-02-13 09:56:45'),(467,'PO','Purchase Order.','Procurement','Supply Chain','2025-02-13 09:56:45','2025-02-13 09:56:45'),(468,'Post Batch Clean','Cleaning performed after batch activities in manufacturing.','Sanitation','Cleaning Procedures','2025-02-13 09:56:45','2025-02-13 09:56:45'),(469,'Potential Organism of Concern','An organism that can be harmful based on the nature of the product and patient population.','Microbiology','Contamination Control','2025-02-13 09:56:45','2025-02-13 09:56:45'),(470,'Potentially Affected Employees','Employees who might benefit from incident or near-miss reports.','EHS','Incident Management','2025-02-13 09:56:45','2025-02-13 09:56:45'),(471,'PPA','Pressure Plate Assembly.','Engineering','Mechanical Systems','2025-02-13 09:56:45','2025-02-13 09:56:45'),(472,'PPE','Personal Protective Equipment - Gear used to protect against health and safety risks.','EHS','Safety Standards','2025-02-13 09:56:45','2025-02-13 09:56:45'),(473,'PPM','Parts Per Million.','Measurement','Chemical Concentration','2025-02-13 09:56:45','2025-02-13 09:56:45'),(474,'PQ','Performance Qualification - Verifies equipment effectiveness under real conditions.','Validation','Qualification Procedures','2025-02-13 09:56:45','2025-02-13 09:56:45'),(475,'Practice','Trainee carries out the task under supervision.','Training','Workplace Learning','2025-02-13 09:56:45','2025-02-13 09:56:45'),(476,'Preventative Maintenance (PM)','Scheduled maintenance to extend equipment lifespan and prevent failures.','Maintenance','Equipment Management','2025-02-13 09:56:45','2025-02-13 09:56:45'),(477,'Previous Activity','The last recorded activity involving product or materials in a specific room.','Manufacturing','Batch Processing','2025-02-13 09:56:45','2025-02-13 09:56:45'),(478,'Primary Packaging','First layer of packaging that directly contains the product.','Manufacturing','Packaging Operations','2025-02-13 09:56:45','2025-02-13 09:56:45'),(479,'Procedural Rejects','Rejected materials from setup, challenges, or in-process checks.','Quality Control','Manufacturing Processes','2025-02-13 09:56:45','2025-02-13 09:56:45'),(480,'Process Equipment','Equipment specifically used for product manufacturing.','Manufacturing','Equipment Classification','2025-02-13 09:56:45','2025-02-13 09:56:45'),(481,'Process Rejects','Rejected items during manufacturing and packaging, including damaged or improperly filled containers.','Quality Control','Production Standards','2025-02-13 09:56:45','2025-02-13 09:56:45'),(482,'Process Validation','Validation process to ensure consistent production quality.','Quality Assurance','Regulatory Compliance','2025-02-13 09:56:45','2025-02-13 09:56:45'),(483,'Processing Method','Set of instructions used to process data, analyze results, and ensure compliance.','Quality Control','Laboratory Methods','2025-02-13 09:56:45','2025-02-13 09:56:45'),(484,'Product Complaint','Any report of concern regarding product quality, efficacy, or packaging.','Quality Assurance','Customer Feedback Management','2025-02-13 09:56:45','2025-02-13 09:56:45'),(485,'Project','A user-defined collection of data including methods, results, filters, and raw data.','IT','Data Management','2025-02-13 09:58:06','2025-02-13 09:58:06'),(486,'Project Documentation','Documentation generated for a project and maintained only for its duration.','Project Management','Document Control','2025-02-13 09:58:06','2025-02-13 09:58:06'),(487,'Project Drawing','A drawing created for a specific project, with revision tracking.','Engineering','Design & Drafting','2025-02-13 09:58:06','2025-02-13 09:58:06'),(488,'Prospective Validation','Validation for new processes and equipment before routine production begins.','Quality Assurance','Validation Procedures','2025-02-13 09:58:06','2025-02-13 09:58:06'),(489,'PSC','Pesticides Control Service Number.','Regulatory','Environmental Compliance','2025-02-13 09:58:06','2025-02-13 09:58:06'),(490,'Psychosocial Hazard','Workplace factors that can impact mental health, such as stress or harassment.','EHS','Workplace Safety','2025-02-13 09:58:06','2025-02-13 09:58:06'),(491,'PTFE','Polytetrafluoroethylene.','Chemicals','Material Science','2025-02-13 09:58:06','2025-02-13 09:58:06'),(492,'PTH','Pass Through Hatch.','Facilities','Cleanroom Management','2025-02-13 09:58:06','2025-02-13 09:58:06'),(493,'PVP','Pre-Validation Plan.','Quality Assurance','Validation Lifecycle','2025-02-13 09:58:06','2025-02-13 09:58:06'),(494,'PW','Purified Water.','Manufacturing','Water Systems','2025-02-13 09:58:06','2025-02-13 09:58:06'),(495,'QA','Quality Assurance.','Quality Control','Regulatory Compliance','2025-02-13 09:58:06','2025-02-13 09:58:06'),(496,'QC','Quality Control.','Quality Control','Laboratory Testing','2025-02-13 09:58:06','2025-02-13 09:58:06'),(497,'QEMS','Qualified Environmental Monitoring System.','EHS','Environmental Monitoring','2025-02-13 09:58:06','2025-02-13 09:58:06'),(498,'QMS','Quality Management System.','Quality Control','Regulatory Compliance','2025-02-13 09:58:06','2025-02-13 09:58:06'),(499,'QP','Qualified Person responsible for certifying batch release.','Regulatory','Pharmaceutical Standards','2025-02-13 09:58:06','2025-02-13 09:58:06'),(500,'QRM','Quality Risk Management, aimed at reducing risks and ensuring high-quality products.','Risk Management','Quality Assurance','2025-02-13 09:58:06','2025-02-13 09:58:06'),(501,'QTA','Quality Technical Agreement.','Regulatory','Supplier Compliance','2025-02-13 09:58:06','2025-02-13 09:58:06'),(502,'Qualification','A training process where a trainee performs tasks under supervision.','Training','Workforce Development','2025-02-13 09:58:06','2025-02-13 09:58:06'),(503,'Quality Unit','A department ensuring quality and regulatory compliance.','Quality Assurance','Organizational Structure','2025-02-13 09:58:06','2025-02-13 09:58:06'),(504,'Quarterly Clean','A manufacturing area cleaning process conducted every three months.','Sanitation','Cleaning Procedures','2025-02-13 09:58:06','2025-02-13 09:58:06'),(505,'R&D','Research and Development.','Pharmaceutical','Product Innovation','2025-02-13 09:58:06','2025-02-13 09:58:06'),(506,'RA','Regulatory Affairs.','Regulatory','Compliance Management','2025-02-13 09:58:06','2025-02-13 09:58:06'),(507,'RAM','Random Access Memory.','IT','Computer Hardware','2025-02-13 09:58:06','2025-02-13 09:58:06'),(508,'Raw Data','Original records and documentation in their generated format.','Data Integrity','Laboratory Compliance','2025-02-13 09:58:06','2025-02-13 09:58:06'),(509,'Raw Material (RM)','Active Pharmaceutical Ingredient or formulation excipient.','Manufacturing','Supply Chain','2025-02-13 09:58:06','2025-02-13 09:58:06'),(510,'Recordable Injury/Illness','Work-related injury requiring medical treatment beyond first aid.','EHS','Workplace Safety','2025-02-13 09:58:06','2025-02-13 09:58:06'),(511,'Re-dilution','Repeating a dilution step to verify accuracy.','Quality Control','Laboratory Methods','2025-02-13 09:58:06','2025-02-13 09:58:06'),(512,'Regulatory Authority','Government agencies overseeing regulatory compliance (e.g., EPA, HSA).','Regulatory','Government Agencies','2025-02-13 09:58:06','2025-02-13 09:58:06'),(513,'Re-injection','Repeating an injection in chromatographic methods for accuracy confirmation.','Quality Control','Laboratory Methods','2025-02-13 09:58:06','2025-02-13 09:58:06'),(514,'Remeasurement','Repeating the measurement of a sample for root cause investigation.','Quality Control','Deviation Handling','2025-02-13 09:58:06','2025-02-13 09:58:06'),(515,'REMS','Risk Evaluation and Mitigation Strategy.','Regulatory','Pharmaceutical Risk Management','2025-02-13 09:58:06','2025-02-13 09:58:06'),(516,'Report Method','Instructions defining the format of chromatographic reports.','Quality Control','Laboratory Documentation','2025-02-13 09:58:06','2025-02-13 09:58:06'),(517,'Reportable Result','Final analytical result as defined by the approved test method.','Quality Control','Laboratory Testing','2025-02-13 09:58:06','2025-02-13 09:58:06'),(518,'Re-preparation','Repeating a sample preparation step to verify accuracy.','Quality Control','Laboratory Methods','2025-02-13 09:58:06','2025-02-13 09:58:06'),(519,'Resample','Collecting a new sample if the original is insufficient or compromised.','Quality Control','Sampling Procedures','2025-02-13 09:58:06','2025-02-13 09:58:06'),(520,'Responsible Person','Individual responsible for the implementation of specific programs (e.g., Legionella).','EHS','Safety Compliance','2025-02-13 09:58:06','2025-02-13 09:58:06'),(521,'Restore','Copying back data to recover a system after data loss.','IT','Data Recovery','2025-02-13 09:58:06','2025-02-13 09:58:06'),(522,'Restricted Workday Case','When an employee is restricted from performing routine job functions due to injury.','EHS','Workplace Safety','2025-02-13 09:58:06','2025-02-13 09:58:06'),(523,'Result Set','A defined set of results generated from processed data.','IT','Data Processing','2025-02-13 09:58:06','2025-02-13 09:58:06'),(524,'Retest','Repeating a test using the original sample, if available.','Quality Control','Laboratory Testing','2025-02-13 09:58:06','2025-02-13 09:58:06'),(525,'Retired Drawing','A drawing that has been replaced or made obsolete.','Engineering','Document Control','2025-02-13 09:58:06','2025-02-13 09:58:06'),(526,'RH','Relative Humidity.','Measurement','Environmental Monitoring','2025-02-13 09:58:06','2025-02-13 09:58:06'),(527,'Risk','The likelihood of harm occurring due to exposure to a hazard.','Risk Management','EHS & Compliance','2025-02-13 09:58:06','2025-02-13 09:58:06'),(528,'Risk Analysis','Systematic process to understand and reduce risks.','Risk Management','Safety Procedures','2025-02-13 09:58:06','2025-02-13 09:58:06'),(529,'Risk Assessment','Overall process of identifying hazards, analyzing risks, and implementing controls.','Risk Management','Safety & Compliance','2025-02-13 09:58:06','2025-02-13 09:58:06'),(530,'Risk Assessment','The process of identifying hazards, assessing risks, and determining control measures.','Risk Management','Safety & Compliance','2025-02-13 10:04:55','2025-02-13 10:04:55'),(531,'Risk Control Measure','Workplace EHS safeguards using the hierarchy of control.','EHS','Workplace Safety','2025-02-13 10:04:55','2025-02-13 10:04:55'),(532,'RLD (Reference Listed Drug)','The innovator or marketed product used as a reference for drug development.','Regulatory','Pharmaceutical Standards','2025-02-13 10:04:55','2025-02-13 10:04:55'),(533,'RM Material Code','A unique identifier for Raw Materials.','Manufacturing','Inventory Management','2025-02-13 10:04:55','2025-02-13 10:04:55'),(534,'Root Cause Analysis (RCA)','A method for identifying the root causes of failures to prevent recurrence.','Quality Assurance','Deviation Investigation','2025-02-13 10:04:55','2025-02-13 10:04:55'),(535,'Root-Cause','The fundamental reason for a failure or breakdown in a process.','Quality Assurance','Problem-Solving Techniques','2025-02-13 10:04:55','2025-02-13 10:04:55'),(536,'RPE','Respiratory Protective Equipment designed to protect against inhalation hazards.','EHS','PPE Standards','2025-02-13 10:04:55','2025-02-13 10:04:55'),(537,'RPM','Revolutions Per Minute, a measurement of rotational speed.','Measurement','Mechanical Systems','2025-02-13 10:04:55','2025-02-13 10:04:55'),(538,'RQ','Re-qualification of equipment, instruments, or systems after modifications.','Quality Assurance','Validation Procedures','2025-02-13 10:04:55','2025-02-13 10:04:55'),(539,'RR','Residual Risk: Risk remaining after implementing control measures.','Risk Management','Safety Procedures','2025-02-13 10:04:55','2025-02-13 10:04:55'),(540,'RSD','Relative Standard Deviation, a measure of precision in data analysis.','Quality Control','Statistical Analysis','2025-02-13 10:04:55','2025-02-13 10:04:55'),(541,'RTP','Rapid Transfer Port.','Facilities','Cleanroom Management','2025-02-13 10:04:55','2025-02-13 10:04:55'),(542,'Safety Hazard','Conditions that create unsafe working environments, such as exposed wires.','EHS','Workplace Safety','2025-02-13 10:04:55','2025-02-13 10:04:55'),(543,'Sample Set','A collection of data obtained after running a sample set method.','Quality Control','Laboratory Procedures','2025-02-13 10:04:55','2025-02-13 10:04:55'),(544,'Sample Set Method','A predefined set of instructions for sample analysis, including vial position and volume.','Quality Control','Laboratory Testing','2025-02-13 10:04:55','2025-02-13 10:04:55'),(545,'SB','Stability testing for pharmaceuticals.','Quality Control','Product Development','2025-02-13 10:04:55','2025-02-13 10:04:55'),(546,'SC','Supply Chain.','Logistics','Inventory Management','2025-02-13 10:04:55','2025-02-13 10:04:55'),(547,'SCADA','Supervisory Control and Data Acquisition, used for industrial automation.','Engineering','Automation Systems','2025-02-13 10:04:55','2025-02-13 10:04:55'),(548,'SCP','Short Cutting Piece.','Manufacturing','Mechanical Components','2025-02-13 10:04:55','2025-02-13 10:04:55'),(549,'SD','Secure Digital, a type of memory card.','IT','Data Storage','2025-02-13 10:04:55','2025-02-13 10:04:55'),(550,'SD Card','A removable memory storage card.','IT','Data Storage','2025-02-13 10:04:55','2025-02-13 10:04:55'),(551,'SDS','Safety Data Sheet, providing hazard information on substances.','EHS','Chemical Safety','2025-02-13 10:04:55','2025-02-13 10:04:55'),(552,'Secondary Packaging','Packaging that encloses primary packaging.','Manufacturing','Packaging Procedures','2025-02-13 10:04:55','2025-02-13 10:04:55'),(553,'Senior Operator','An experienced manufacturing staff member fully trained in their area.','Manufacturing','Workforce Development','2025-02-13 10:04:55','2025-02-13 10:04:55'),(554,'Serialised','A batch tracking system where shelf life is defined.','Manufacturing','Product Lifecycle Management','2025-02-13 10:04:55','2025-02-13 10:04:55'),(555,'Serious Adverse Event (SAE)','A medical event that results in death, hospitalization, or life-threatening conditions.','Pharmacovigilance','Drug Safety Monitoring','2025-02-13 10:04:55','2025-02-13 10:04:55'),(556,'Serious Injury','An injury causing permanent impairment or life-threatening conditions.','EHS','Workplace Safety','2025-02-13 10:04:55','2025-02-13 10:04:55'),(557,'Service & Maintenance','Activities including equipment installation, cleaning, and repair.','Engineering','Equipment Management','2025-02-13 10:04:55','2025-02-13 10:04:55'),(558,'Service Provider','An external organization providing specialized services.','Business','Vendor Management','2025-02-13 10:04:55','2025-02-13 10:04:55'),(559,'SG','Sight Glass, used for fluid level monitoring.','Engineering','Process Control','2025-02-13 10:04:55','2025-02-13 10:04:55'),(560,'Shipping Label','Label containing tracking and delivery information.','Logistics','Shipping Documentation','2025-02-13 10:04:55','2025-02-13 10:04:55'),(561,'SHWW','Safety, Health & Welfare at Work regulations.','Regulatory','Workplace Safety','2025-02-13 10:04:55','2025-02-13 10:04:55'),(562,'SIEM','Security Information and Event Management system.','IT','Cybersecurity','2025-02-13 10:04:55','2025-02-13 10:04:55'),(563,'Signal','Data suggesting a new or known association between an intervention and an event.','Pharmacovigilance','Drug Safety','2025-02-13 10:04:55','2025-02-13 10:04:55'),(564,'Significant Event','EHS incidents and other events requiring prompt reporting.','EHS','Incident Management','2025-02-13 10:04:55','2025-02-13 10:04:55'),(565,'Significant Figure','A digit that is known with certainty in a number.','Measurement','Scientific Analysis','2025-02-13 10:04:55','2025-02-13 10:04:55'),(566,'Simulations','Training method replicating real-world scenarios for operators.','Training','Workforce Development','2025-02-13 10:04:55','2025-02-13 10:04:55'),(567,'Single Form','A document issued individually rather than in a logbook.','Document Control','SOP Compliance','2025-02-13 10:04:55','2025-02-13 10:04:55'),(568,'Site Contact','Person responsible for overseeing contractor activities.','Facilities','Contractor Management','2025-02-13 10:04:55','2025-02-13 10:04:55'),(569,'SLA','Service Level Agreement defining service expectations.','Business','Vendor Contracts','2025-02-13 10:04:55','2025-02-13 10:04:55'),(570,'SLT','Site Leadership Team at Amneal Ireland.','Organizational','Company Structure','2025-02-13 10:04:55','2025-02-13 10:04:55'),(571,'SME','Subject Matter Expert.','Training','Workforce Development','2025-02-13 10:04:55','2025-02-13 10:04:55'),(572,'SMF','Site Master File containing facility and compliance details.','Regulatory','Documentation Standards','2025-02-13 10:04:55','2025-02-13 10:04:55'),(573,'SNMP','Simple Network Management Protocol.','IT','Network Monitoring','2025-02-13 10:04:55','2025-02-13 10:04:55'),(574,'SNTP','Sample Network Time Protocol.','IT','Network Synchronization','2025-02-13 10:04:55','2025-02-13 10:04:55'),(575,'Software Backup','A backup ensuring the availability of the latest software versions.','IT','Data Security','2025-02-13 10:04:55','2025-02-13 10:04:55'),(576,'SOP','Standard Operating Procedure defining required steps for consistency.','Quality Assurance','Regulatory Compliance','2025-02-13 10:04:55','2025-02-13 10:04:55'),(577,'SOX','Regulations ensuring financial disclosures are accurate and validated.','Regulatory','Corporate Compliance','2025-02-13 10:04:55','2025-02-13 10:04:55'),(578,'Spare Parts','Replacement components for equipment to prevent downtime.','Maintenance','Asset Management','2025-02-13 10:04:55','2025-02-13 10:04:55'),(579,'Spare Parts Inventory','A record listing key inventory details such as part description, supplier, stock levels, and reorder quantities.','Inventory','Asset Management','2025-02-13 10:06:47','2025-02-13 10:06:47'),(580,'Specification Limit','A limit used according to EudraLex cleanroom classification (ISO7 & 8).','Quality Control','Regulatory Compliance','2025-02-13 10:06:47','2025-02-13 10:06:47'),(581,'Sporicidal/IPA Clean (SP /IPA)','Cleaning procedure using Sporicidal for 15 minutes followed by 70/30% IPA for 1 minute.','Cleaning','Sanitation Procedures','2025-02-13 10:06:47','2025-02-13 10:06:47'),(582,'SQL','Structured Query Language, used for managing and querying databases.','IT','Database Management','2025-02-13 10:06:47','2025-02-13 10:06:47'),(583,'SR','Service Request.','Maintenance','Work Order Management','2025-02-13 10:06:47','2025-02-13 10:06:47'),(584,'SRDD','Smallest Recommended Daily Dose.','Pharmaceutical','Dosage Guidelines','2025-02-13 10:06:47','2025-02-13 10:06:47'),(585,'SS','Stainless Steel.','Material','Engineering Standards','2025-02-13 10:06:47','2025-02-13 10:06:47'),(586,'SSP','Small Scale Production.','Manufacturing','Production Process','2025-02-13 10:06:47','2025-02-13 10:06:47'),(587,'Stage Gate Report','A report outlining progress at each stage of technology transfer.','Manufacturing','Technology Transfer','2025-02-13 10:06:47','2025-02-13 10:06:47'),(588,'Standalone Equipment/Instrument','Equipment that operates independently and is not linked to a computer server.','Engineering','Instrumentation','2025-02-13 10:06:47','2025-02-13 10:06:47'),(589,'Start Time','Time recorded after area/line sign-off is complete.','Operations','Production Scheduling','2025-02-13 10:06:47','2025-02-13 10:06:47'),(590,'STD','Standard Mode.','Operations','System Configuration','2025-02-13 10:06:47','2025-02-13 10:06:47'),(591,'Stock Take','Physical verification of inventory levels to ensure accuracy.','Inventory','Stock Management','2025-02-13 10:06:47','2025-02-13 10:06:47'),(592,'Study Learnings','Recorded observations and issues encountered during study execution.','Research','Study Documentation','2025-02-13 10:06:47','2025-02-13 10:06:47'),(593,'Study Report/Technical Report','A report summarizing findings from an Experimental/Engineering study.','Research','Study Documentation','2025-02-13 10:06:47','2025-02-13 10:06:47'),(594,'Substitution','Replacing a hazardous operation or substance with a safer alternative.','EHS','Workplace Safety','2025-02-13 10:06:47','2025-02-13 10:06:47'),(595,'Superseded Drawing','A drawing replaced by a new revision and no longer effective.','Engineering','Document Control','2025-02-13 10:06:47','2025-02-13 10:06:47'),(596,'Supervisor','Direct team leader or lead technician overseeing operations.','Operations','Workforce Management','2025-02-13 10:06:47','2025-02-13 10:06:47'),(597,'SWT','Shot Weight Tester.','Manufacturing','Quality Control','2025-02-13 10:06:47','2025-02-13 10:06:47'),(598,'Synchronisation','Process of aligning operations or time-sensitive activities.','IT','System Integration','2025-02-13 10:06:47','2025-02-13 10:06:47'),(599,'System Boundaries','Defines the scope of an equipment, system, or facility.','Engineering','System Design','2025-02-13 10:06:47','2025-02-13 10:06:47'),(600,'System Lock','An approved padlock with a unique key for isolating equipment.','EHS','LOTO Procedures','2025-02-13 10:06:47','2025-02-13 10:06:47'),(601,'System Owner','Responsible individual for procurement, operation, and maintenance of an information system.','IT','System Administration','2025-02-13 10:06:47','2025-02-13 10:06:47'),(602,'T.O.','Tare Over.','Measurement','Weight Calibration','2025-02-13 10:06:47','2025-02-13 10:06:47'),(603,'T.U.','Tare Under.','Measurement','Weight Calibration','2025-02-13 10:06:47','2025-02-13 10:06:47'),(604,'Tag','A durable tag identifying the person isolating plant, equipment, or an area.','EHS','LOTO Procedures','2025-02-13 10:06:47','2025-02-13 10:06:47'),(605,'Technology Transfer','Process of transferring product and process knowledge between sites.','Manufacturing','Process Optimization','2025-02-13 10:06:47','2025-02-13 10:06:47'),(606,'Temp','Temperature.','Measurement','Scientific Standards','2025-02-13 10:06:47','2025-02-13 10:06:47'),(607,'Tertiary Packaging','Packaging that encloses secondary packaging.','Logistics','Supply Chain Management','2025-02-13 10:06:47','2025-02-13 10:06:47'),(608,'Tiamo','Tiamo 2.5 multi-software.','IT','Software Management','2025-02-13 10:06:47','2025-02-13 10:06:47'),(609,'TNI','Training Needs Identification Matrix.','HR','Workforce Development','2025-02-13 10:06:47','2025-02-13 10:06:47'),(610,'Trainer','A supervisor or lead operator responsible for training employees.','Training','Employee Development','2025-02-13 10:06:47','2025-02-13 10:06:47'),(611,'Training Program','Supporting materials for training, such as PowerPoint presentations.','Training','Workforce Development','2025-02-13 10:06:47','2025-02-13 10:06:47'),(612,'Trend','A shift in data identified through statistical analysis.','Quality Control','Data Monitoring','2025-02-13 10:06:47','2025-02-13 10:06:47'),(613,'Trend Analysis','Process of collecting and analyzing information to identify patterns.','Quality Control','Data Interpretation','2025-02-13 10:06:47','2025-02-13 10:06:47'),(614,'TRSF','Test Request Submission Form.','Quality Control','Laboratory Documentation','2025-02-13 10:06:47','2025-02-13 10:06:47'),(615,'TRV','Turbo Rapid Variable.','Engineering','Process Control','2025-02-13 10:06:47','2025-02-13 10:06:47'),(616,'TSA','Tryptic Soy Agar, used for microbial testing.','Microbiology','Quality Testing','2025-02-13 10:06:47','2025-02-13 10:06:47'),(617,'TSDF','Treatment, Storage & Disposal Facility.','EHS','Waste Management','2025-02-13 10:06:47','2025-02-13 10:06:47'),(618,'TSS','Tabular Summary of Safety Signals.','Pharmacovigilance','Safety Monitoring','2025-02-13 10:06:47','2025-02-13 10:06:47'),(619,'TWA','Time-Weighted Average, used for worker exposure assessment.','EHS','Occupational Safety','2025-02-13 10:06:47','2025-02-13 10:06:47'),(620,'UDLD','Uni-Directional Link Detection.','IT','Network Security','2025-02-13 10:06:47','2025-02-13 10:06:47'),(621,'UE','Unplanned Event.','Operations','Incident Management','2025-02-13 10:06:47','2025-02-13 10:06:47'),(622,'Ullage','Loss of liquid due to evaporation or leakage.','Manufacturing','Inventory Control','2025-02-13 10:06:47','2025-02-13 10:06:47'),(623,'Unconfirmed OOS','An Out of Specification result that has not yet been confirmed.','Quality Control','Deviation Management','2025-02-13 10:06:47','2025-02-13 10:06:47'),(624,'Uncontrolled/Reference Copy','A document copy for reference only, not subject to revision tracking.','Document Control','Regulatory Compliance','2025-02-13 10:06:47','2025-02-13 10:06:47'),(625,'Unexpected Adverse Drug Reaction','An ADR whose severity, specificity, or outcome is inconsistent with product labeling.','Pharmacovigilance','Regulatory Compliance','2025-02-13 10:08:05','2025-02-13 10:08:05'),(626,'UOM','Unit of Measure.','Measurement','Standard Units','2025-02-13 10:08:05','2025-02-13 10:08:05'),(627,'UPS','Uninterrupted Power Supply, providing emergency power.','IT','Power Management','2025-02-13 10:08:05','2025-02-13 10:08:05'),(628,'URS','User Requirement Specification, defining user expectations before procurement.','IT','System Requirements','2025-02-13 10:08:05','2025-02-13 10:08:05'),(629,'USB','Universal Serial Bus, a common computer port.','IT','Hardware','2025-02-13 10:08:05','2025-02-13 10:08:05'),(630,'Utensil','Reusable item in contact with product (e.g., scissors, trays, glass beaker).','Manufacturing','Equipment Management','2025-02-13 10:08:05','2025-02-13 10:08:05'),(631,'UV','Ultraviolet radiation.','Science','Light Spectrum','2025-02-13 10:08:05','2025-02-13 10:08:05'),(632,'v/v','Volume per volume concentration measurement.','Chemistry','Solution Preparation','2025-02-13 10:08:05','2025-02-13 10:08:05'),(633,'Validated Signal','A signal validated as a new or known association in pharmacovigilance.','Pharmacovigilance','Drug Safety','2025-02-13 10:08:05','2025-02-13 10:08:05'),(634,'VAP','Valve Air Piping.','Engineering','Pneumatics','2025-02-13 10:08:05','2025-02-13 10:08:05'),(635,'VAS','Viable Air Sample.','Microbiology','Environmental Monitoring','2025-02-13 10:08:05','2025-02-13 10:08:05'),(636,'Vendors','Suppliers providing goods or services.','Business','Supply Chain','2025-02-13 10:08:05','2025-02-13 10:08:05'),(637,'Verified By','Real-time witness verification of critical manufacturing activities.','Quality Assurance','Audit Process','2025-02-13 10:08:05','2025-02-13 10:08:05'),(638,'Virtual Machine (VM)','Software-based computer running an OS and applications.','IT','System Virtualization','2025-02-13 10:08:05','2025-02-13 10:08:05'),(639,'Visitor','Person on-site without physical contract activity.','HR','Workplace Safety','2025-02-13 10:08:05','2025-02-13 10:08:05'),(640,'Visual Room Status Display Board','A board displaying activity and requirements per processing room.','Operations','Workplace Organization','2025-02-13 10:08:05','2025-02-13 10:08:05'),(641,'VLAN','Virtual Local Area Network.','IT','Network Infrastructure','2025-02-13 10:08:05','2025-02-13 10:08:05'),(642,'VM','Virtual Machine.','IT','Cloud Computing','2025-02-13 10:08:05','2025-02-13 10:08:05'),(643,'VPN','Virtual Private Network for secure communication.','IT','Cybersecurity','2025-02-13 10:08:05','2025-02-13 10:08:05'),(644,'VSD','Variable Speed Drive.','Engineering','Motor Control','2025-02-13 10:08:05','2025-02-13 10:08:05'),(645,'VTP','VLAN Trunking Protocol.','IT','Networking','2025-02-13 10:08:05','2025-02-13 10:08:05'),(646,'W/C','Weigh Cell.','Measurement','Calibration','2025-02-13 10:08:05','2025-02-13 10:08:05'),(647,'W/O','Work Order.','Operations','Maintenance Management','2025-02-13 10:08:05','2025-02-13 10:08:05'),(648,'Waste','Material or by-product discarded as no longer useful.','Environmental','Waste Management','2025-02-13 10:08:05','2025-02-13 10:08:05'),(649,'Weekly Clean','Cleaning process performed once per week in manufacturing.','Sanitation','Facility Hygiene','2025-02-13 10:08:05','2025-02-13 10:08:05'),(650,'WF','Work Flow.','Operations','Process Optimization','2025-02-13 10:08:05','2025-02-13 10:08:05'),(651,'WFI','Water for Injection.','Pharmaceutical','Sterile Water','2025-02-13 10:08:05','2025-02-13 10:08:05'),(652,'Working Instruction','Defines operating procedures and training requirements for equipment.','Operations','Documentation','2025-02-13 10:08:05','2025-02-13 10:08:05'),(653,'Work-related Injury Illness','Injury or illness acquired at work or due to the work environment.','EHS','Workplace Safety','2025-02-13 10:08:05','2025-02-13 10:08:05'),(654,'WPH','Work Place Holder.','HR','Employee Management','2025-02-13 10:08:05','2025-02-13 10:08:05'),(655,'WSUS','Windows Server Update Services.','IT','System Updates','2025-02-13 10:08:05','2025-02-13 10:08:05'),(656,'WTF','Waste Transfer Form.','Environmental','Waste Tracking','2025-02-13 10:08:05','2025-02-13 10:08:05'),(657,'Zero Energy State','Full isolation or release of all energy sources to prevent hazards.','EHS','LOTO Procedures','2025-02-13 10:08:05','2025-02-13 10:08:05'),(658,'ZIP','Compressed archive file format.','IT','File Management','2025-02-13 10:08:05','2025-02-13 10:08:05'),(659,'ZIV','Zone Isolation Valve.','Engineering','Fluid Systems','2025-02-13 10:08:05','2025-02-13 10:08:05'),(660,'Standardized Solutions','Solutions of known concentration used in quantitative determinations.','Chemistry','Analytical Testing','2025-02-13 10:08:05','2025-02-13 10:08:05'),(661,'Test Solutions','Solutions of defined concentration for specific tests.','Chemistry','Laboratory Analysis','2025-02-13 10:08:05','2025-02-13 10:08:05'),(662,'Indicators','Reagents used to detect chemical changes (e.g., pH changes).','Chemistry','Analytical Chemistry','2025-02-13 10:08:05','2025-02-13 10:08:05'),(663,'Buffers','Solutions that resist pH changes.','Chemistry','Solution Stability','2025-02-13 10:08:05','2025-02-13 10:08:05'),(664,'Sample Solutions','Prepared test samples for analytical determinations.','Chemistry','Quality Control','2025-02-13 10:08:05','2025-02-13 10:08:05'),(665,'Internal Standard (IS)','Reference standard used in chromatographic analysis.','Chemistry','Analytical Testing','2025-02-13 10:08:05','2025-02-13 10:08:05'),(666,'Reference Material (RS)','Material used for calibration or assay.','Chemistry','Quality Assurance','2025-02-13 10:08:05','2025-02-13 10:08:05'),(667,'Primary Reference Standard (PRS)','Certified reference standard meeting specific criteria.','Chemistry','Quality Testing','2025-02-13 10:08:05','2025-02-13 10:08:05'),(668,'Compendial Reference Standard (CRS)','Reference standard certified by official pharmacopoeias (USP, Ph. Eur.).','Chemistry','Pharmacopoeial Compliance','2025-02-13 10:08:05','2025-02-13 10:08:05'),(669,'In-house Reference Standards (HRS)','Reference standards certified by the internal QC department.','Quality Control','Internal Standardization','2025-02-13 10:08:05','2025-02-13 10:08:05'),(670,'Amneal Ireland Reference Standard (AIRS) Number','Unique reference number assigned by Amneal Ireland QC.','Quality Control','Reference Documentation','2025-02-13 10:08:05','2025-02-13 10:08:05'),(671,'SOR','Safety Observation Report.','EHS','Incident Reporting','2025-02-13 10:08:05','2025-02-13 10:08:05'),(672,'HAZID','Hazard Identification Study: A qualitative, systematic, early-stage risk assessment technique used to identify major hazards, threats, and potential accident scenarios in a process or facility. It is a broad screening tool typically conducted in the design/concept phase.','Risk Management','Process Safety Analysis','2025-11-12 16:32:52','2025-11-12 16:32:52');
/*!40000 ALTER TABLE `glossary` ENABLE KEYS */;
UNLOCK TABLES;

--
-- Table structure for table `haz_comment`
--

DROP TABLE IF EXISTS `haz_comment`;
/*!40101 SET @saved_cs_client     = @@character_set_client */;
/*!40101 SET character_set_client = utf8 */;
CREATE TABLE `haz_comment` (
  `HazardCommentID` int(11) NOT NULL,
  `HazComment` text NOT NULL,
  PRIMARY KEY (`HazardCommentID`)
) ENGINE=InnoDB DEFAULT CHARSET=utf8mb4 COLLATE=utf8mb4_general_ci;
/*!40101 SET character_set_client = @saved_cs_client */;

--
-- Dumping data for table `haz_comment`
--

LOCK TABLES `haz_comment` WRITE;
/*!40000 ALTER TABLE `haz_comment` DISABLE KEYS */;
/*!40000 ALTER TABLE `haz_comment` ENABLE KEYS */;
UNLOCK TABLES;

--
-- Table structure for table `haz_controllink`
--

DROP TABLE IF EXISTS `haz_controllink`;
/*!40101 SET @saved_cs_client     = @@character_set_client */;
/*!40101 SET character_set_client = utf8 */;
CREATE TABLE `haz_controllink` (
  `HazContrLnkID` int(11) NOT NULL,
  `HazardID` int(11) NOT NULL,
  `ContID` int(11) NOT NULL,
  PRIMARY KEY (`HazContrLnkID`)
) ENGINE=InnoDB DEFAULT CHARSET=utf8mb4 COLLATE=utf8mb4_general_ci;
/*!40101 SET character_set_client = @saved_cs_client */;

--
-- Dumping data for table `haz_controllink`
--

LOCK TABLES `haz_controllink` WRITE;
/*!40000 ALTER TABLE `haz_controllink` DISABLE KEYS */;
/*!40000 ALTER TABLE `haz_controllink` ENABLE KEYS */;
UNLOCK TABLES;

--
-- Table structure for table `hazard_assessment_signoffs`
--

DROP TABLE IF EXISTS `hazard_assessment_signoffs`;
/*!40101 SET @saved_cs_client     = @@character_set_client */;
/*!40101 SET character_set_client = utf8 */;
CREATE TABLE `hazard_assessment_signoffs` (
  `signoff_id` int(11) NOT NULL AUTO_INCREMENT,
  `assessment_id` int(11) NOT NULL,
  `signer_role` varchar(50) NOT NULL,
  `signer_id` int(11) NOT NULL,
  `signature_date` datetime NOT NULL DEFAULT current_timestamp(),
  PRIMARY KEY (`signoff_id`),
  KEY `fk_signoffs_assessment` (`assessment_id`),
  KEY `fk_signoffs_signer` (`signer_id`),
  CONSTRAINT `fk_signoffs_assessment` FOREIGN KEY (`assessment_id`) REFERENCES `process_hazard_assessments` (`assessment_id`) ON DELETE CASCADE,
  CONSTRAINT `fk_signoffs_signer` FOREIGN KEY (`signer_id`) REFERENCES `people` (`people_id`) ON DELETE CASCADE
) ENGINE=InnoDB AUTO_INCREMENT=6 DEFAULT CHARSET=utf8mb4 COLLATE=utf8mb4_general_ci;
/*!40101 SET character_set_client = @saved_cs_client */;

--
-- Dumping data for table `hazard_assessment_signoffs`
--

LOCK TABLES `hazard_assessment_signoffs` WRITE;
/*!40000 ALTER TABLE `hazard_assessment_signoffs` DISABLE KEYS */;
INSERT INTO `hazard_assessment_signoffs` VALUES (1,1,'Assessed By',1,'2025-12-13 22:26:10'),(2,1,'Reviewed By',5,'2025-12-13 22:26:10'),(3,1,'Approved By',6,'2025-12-13 22:26:10'),(4,2,'Assessed By',7,'2025-12-13 22:26:10'),(5,2,'Reviewed By',11,'2025-12-13 22:26:10');
/*!40000 ALTER TABLE `hazard_assessment_signoffs` ENABLE KEYS */;
UNLOCK TABLES;

--
-- Table structure for table `hazard_control_actions`
--

DROP TABLE IF EXISTS `hazard_control_actions`;
/*!40101 SET @saved_cs_client     = @@character_set_client */;
/*!40101 SET character_set_client = utf8 */;
CREATE TABLE `hazard_control_actions` (
  `action_id` int(11) NOT NULL AUTO_INCREMENT,
  `hazard_id` int(11) NOT NULL,
  `control_id` int(11) DEFAULT NULL,
  `description` text NOT NULL,
  `owner_id` int(11) NOT NULL,
  `due_date` date DEFAULT NULL,
  `status` enum('Pending','In Progress','Completed') NOT NULL DEFAULT 'Pending',
  `completion_date` date DEFAULT NULL,
  `created_at` timestamp NOT NULL DEFAULT current_timestamp(),
  PRIMARY KEY (`action_id`),
  KEY `fk_actions_hazard` (`hazard_id`),
  KEY `fk_actions_control` (`control_id`),
  KEY `fk_actions_owner` (`owner_id`),
  CONSTRAINT `fk_actions_control` FOREIGN KEY (`control_id`) REFERENCES `controls` (`control_id`) ON DELETE SET NULL,
  CONSTRAINT `fk_actions_hazard` FOREIGN KEY (`hazard_id`) REFERENCES `hazards` (`hazard_id`) ON DELETE CASCADE,
  CONSTRAINT `fk_actions_owner` FOREIGN KEY (`owner_id`) REFERENCES `people` (`people_id`)
) ENGINE=InnoDB AUTO_INCREMENT=9 DEFAULT CHARSET=utf8mb4 COLLATE=utf8mb4_general_ci;
/*!40101 SET character_set_client = @saved_cs_client */;

--
-- Dumping data for table `hazard_control_actions`
--

LOCK TABLES `hazard_control_actions` WRITE;
/*!40000 ALTER TABLE `hazard_control_actions` DISABLE KEYS */;
INSERT INTO `hazard_control_actions` VALUES (7,4,19,'Procure advanced gas detectors',8,'2026-03-15','Pending',NULL,'2025-12-13 22:26:10'),(8,4,20,'Conduct emergency response training',10,'2026-01-15','Completed','2025-12-20','2025-12-13 22:26:10');
/*!40000 ALTER TABLE `hazard_control_actions` ENABLE KEYS */;
UNLOCK TABLES;

--
-- Table structure for table `hazard_type`
--

DROP TABLE IF EXISTS `hazard_type`;
/*!40101 SET @saved_cs_client     = @@character_set_client */;
/*!40101 SET character_set_client = utf8 */;
CREATE TABLE `hazard_type` (
  `hazard_type_id` int(11) NOT NULL AUTO_INCREMENT,
  `type_name` varchar(255) NOT NULL,
  `description` text DEFAULT NULL,
  PRIMARY KEY (`hazard_type_id`),
  UNIQUE KEY `type_name` (`type_name`)
) ENGINE=InnoDB AUTO_INCREMENT=17 DEFAULT CHARSET=utf8mb4 COLLATE=utf8mb4_general_ci;
/*!40101 SET character_set_client = @saved_cs_client */;

--
-- Dumping data for table `hazard_type`
--

LOCK TABLES `hazard_type` WRITE;
/*!40000 ALTER TABLE `hazard_type` DISABLE KEYS */;
INSERT INTO `hazard_type` VALUES (1,'Chemical','Hazards related to chemicals such as corrosive, toxic, or reactive substances.'),(2,'Biological','Hazards related to exposure to infectious agents or biological toxins.'),(3,'Physical','Hazards caused by physical conditions such as noise, vibration, or temperature extremes.'),(4,'Ergonomic','Hazards related to repetitive strain injuries, poor posture, or improper workstation setup.'),(5,'Electrical','Hazards involving electricity, such as electric shock, arc flashes, or exposed wires.'),(10,'Work at Height','Auto-created from questionnaire'),(11,'Confined Space','Auto-created from questionnaire'),(12,'Chemical Exposure Hazard','Auto-created from questionnaire'),(13,'ATEX / Classified Area','Auto-created from questionnaire'),(14,'Hot Work','Auto-created from questionnaire'),(15,'Energy Isolation','Auto-created from questionnaire'),(16,'Electrical/Static Hazard','Auto-created from questionnaire');
/*!40000 ALTER TABLE `hazard_type` ENABLE KEYS */;
UNLOCK TABLES;

--
-- Table structure for table `hazards`
--

DROP TABLE IF EXISTS `hazards`;
/*!40101 SET @saved_cs_client     = @@character_set_client */;
/*!40101 SET character_set_client = utf8 */;
CREATE TABLE `hazards` (
  `hazard_id` int(11) NOT NULL AUTO_INCREMENT,
  `task_id` int(11) NOT NULL,
  `hazard_type_id` int(11) NOT NULL,
  `assessment_id` int(11) DEFAULT NULL,
  `process_step` varchar(255) DEFAULT NULL,
  `existing_controls` text DEFAULT NULL,
  `initial_likelihood` int(11) DEFAULT NULL,
  `initial_severity` int(11) DEFAULT NULL,
  `residual_likelihood` int(11) DEFAULT NULL,
  `residual_severity` int(11) DEFAULT NULL,
  `hazard_description` text NOT NULL,
  `RAID` int(10) unsigned DEFAULT NULL,
  PRIMARY KEY (`hazard_id`),
  KEY `task_id` (`task_id`),
  KEY `hazard_type_id` (`hazard_type_id`),
  KEY `fk_hazards_ra` (`RAID`),
  KEY `idx_hazards_task` (`task_id`),
  KEY `idx_hazards_assessment` (`assessment_id`),
  CONSTRAINT `fk_hazards_assessment` FOREIGN KEY (`assessment_id`) REFERENCES `process_hazard_assessments` (`assessment_id`) ON DELETE CASCADE,
  CONSTRAINT `fk_hazards_ra` FOREIGN KEY (`RAID`) REFERENCES `ra_registert` (`RAID`),
  CONSTRAINT `hazards_ibfk_1` FOREIGN KEY (`task_id`) REFERENCES `tasks` (`task_id`) ON DELETE CASCADE,
  CONSTRAINT `hazards_ibfk_2` FOREIGN KEY (`hazard_type_id`) REFERENCES `hazard_type` (`hazard_type_id`) ON DELETE CASCADE
) ENGINE=InnoDB AUTO_INCREMENT=106 DEFAULT CHARSET=utf8mb4 COLLATE=utf8mb4_general_ci;
/*!40101 SET character_set_client = @saved_cs_client */;

--
-- Dumping data for table `hazards`
--

LOCK TABLES `hazards` WRITE;
/*!40000 ALTER TABLE `hazards` DISABLE KEYS */;
INSERT INTO `hazards` VALUES (2,101,13,NULL,NULL,NULL,NULL,NULL,NULL,NULL,'asas',NULL),(4,101,13,NULL,NULL,NULL,NULL,NULL,NULL,NULL,'asas',NULL),(28,103,4,3,NULL,NULL,5,5,1,5,'dfgdf',NULL),(29,102,1,3,NULL,NULL,4,5,1,5,'cbvcv',NULL),(30,104,11,2,NULL,NULL,4,5,1,2,'Confined space work (vessels, pits, tanks) identified in questionnaire',NULL),(31,104,16,2,NULL,NULL,3,3,1,2,'Electrical work identified in questionnaire',NULL),(34,4,11,NULL,NULL,NULL,NULL,NULL,NULL,NULL,'Confined space work (vessels, pits, tanks) identified in questionnaire',NULL),(46,2,10,NULL,NULL,NULL,NULL,NULL,NULL,NULL,'Work at height, roof access, or scaffolding identified in questionnaire',NULL),(47,2,11,NULL,NULL,NULL,NULL,NULL,NULL,NULL,'Confined space work (vessels, pits, tanks) identified in questionnaire',NULL),(48,2,15,NULL,NULL,NULL,NULL,NULL,NULL,NULL,'Steam work identified in questionnaire',NULL),(49,2,15,NULL,NULL,NULL,NULL,NULL,NULL,NULL,'Compressed_air work identified in questionnaire',NULL),(50,2,15,1,NULL,NULL,5,1,1,2,'Gases work identified in questionnaire',NULL),(51,11,11,1,NULL,NULL,4,2,1,2,'Confined space work (vessels, pits, tanks) identified in questionnaire',NULL),(58,10,11,2,'','',2,5,1,2,'xcv',NULL),(77,10,11,2,'','',2,5,1,2,'xcv',NULL),(105,1,13,1,'sdsa','asdsa',2,5,1,5,'sad',NULL);
/*!40000 ALTER TABLE `hazards` ENABLE KEYS */;
UNLOCK TABLES;

--
-- Table structure for table `hira_approvals`
--

DROP TABLE IF EXISTS `hira_approvals`;
/*!40101 SET @saved_cs_client     = @@character_set_client */;
/*!40101 SET character_set_client = utf8 */;
CREATE TABLE `hira_approvals` (
  `ApprovalID` int(11) NOT NULL AUTO_INCREMENT,
  `HiraID` bigint(20) NOT NULL,
  `ApprovedBy` int(11) NOT NULL,
  `ApprovalStatusID` int(11) NOT NULL,
  `ApprovalDate` datetime DEFAULT current_timestamp(),
  PRIMARY KEY (`ApprovalID`),
  KEY `HiraID` (`HiraID`),
  CONSTRAINT `hira_approvals_ibfk_1` FOREIGN KEY (`HiraID`) REFERENCES `hira_register` (`hira_id`)
) ENGINE=InnoDB AUTO_INCREMENT=2 DEFAULT CHARSET=utf8mb4 COLLATE=utf8mb4_general_ci;
/*!40101 SET character_set_client = @saved_cs_client */;

--
-- Dumping data for table `hira_approvals`
--

LOCK TABLES `hira_approvals` WRITE;
/*!40000 ALTER TABLE `hira_approvals` DISABLE KEYS */;
INSERT INTO `hira_approvals` VALUES (1,1,23,1,'2025-10-23 10:43:05');
/*!40000 ALTER TABLE `hira_approvals` ENABLE KEYS */;
UNLOCK TABLES;

--
-- Table structure for table `hira_hazard_links`
--

DROP TABLE IF EXISTS `hira_hazard_links`;
/*!40101 SET @saved_cs_client     = @@character_set_client */;
/*!40101 SET character_set_client = utf8 */;
CREATE TABLE `hira_hazard_links` (
  `hira_hazard_link_id` bigint(20) NOT NULL AUTO_INCREMENT,
  `hira_id` bigint(20) NOT NULL,
  `hazard_id` int(11) NOT NULL,
  `stage_id` int(11) NOT NULL,
  `source_component_id` bigint(20) DEFAULT NULL,
  `target_component_id` bigint(20) DEFAULT NULL,
  `exposure` tinyint(4) DEFAULT NULL,
  `detectability` tinyint(4) DEFAULT NULL,
  `comments` text DEFAULT NULL,
  PRIMARY KEY (`hira_hazard_link_id`),
  KEY `stage_id` (`stage_id`),
  KEY `idx_hira_links_hira` (`hira_id`),
  CONSTRAINT `hira_hazard_links_ibfk_1` FOREIGN KEY (`hira_id`) REFERENCES `hira_register` (`hira_id`),
  CONSTRAINT `hira_hazard_links_ibfk_2` FOREIGN KEY (`stage_id`) REFERENCES `lifecycle_stages` (`stage_id`)
) ENGINE=InnoDB AUTO_INCREMENT=2 DEFAULT CHARSET=utf8mb4 COLLATE=utf8mb4_general_ci;
/*!40101 SET character_set_client = @saved_cs_client */;

--
-- Dumping data for table `hira_hazard_links`
--

LOCK TABLES `hira_hazard_links` WRITE;
/*!40000 ALTER TABLE `hira_hazard_links` DISABLE KEYS */;
INSERT INTO `hira_hazard_links` VALUES (1,1,16,4,NULL,NULL,3,3,'Seeded for demo');
/*!40000 ALTER TABLE `hira_hazard_links` ENABLE KEYS */;
UNLOCK TABLES;

--
-- Table structure for table `hira_register`
--

DROP TABLE IF EXISTS `hira_register`;
/*!40101 SET @saved_cs_client     = @@character_set_client */;
/*!40101 SET character_set_client = utf8 */;
CREATE TABLE `hira_register` (
  `hira_id` bigint(20) NOT NULL AUTO_INCREMENT,
  `scope_type` enum('Project','Task','Permit','Change','Batch','Generic') NOT NULL,
  `scope_id` bigint(20) NOT NULL,
  `stage_id` int(11) NOT NULL,
  `assessor_id` int(11) DEFAULT NULL,
  `assessment_date` datetime DEFAULT current_timestamp(),
  `status` enum('Draft','In Review','Approved','Rejected','Closed') DEFAULT 'Draft',
  `notes` text DEFAULT NULL,
  PRIMARY KEY (`hira_id`),
  KEY `stage_id` (`stage_id`),
  KEY `idx_hira_register_scope` (`scope_type`,`scope_id`,`stage_id`),
  CONSTRAINT `hira_register_ibfk_1` FOREIGN KEY (`stage_id`) REFERENCES `lifecycle_stages` (`stage_id`)
) ENGINE=InnoDB AUTO_INCREMENT=5 DEFAULT CHARSET=utf8mb4 COLLATE=utf8mb4_general_ci;
/*!40101 SET character_set_client = @saved_cs_client */;

--
-- Dumping data for table `hira_register`
--

LOCK TABLES `hira_register` WRITE;
/*!40000 ALTER TABLE `hira_register` DISABLE KEYS */;
INSERT INTO `hira_register` VALUES (1,'Project',101,4,23,'2025-10-23 10:28:57','Approved','Auto-created on stage entry'),(2,'Task',102,1,NULL,'2025-12-02 09:02:31','Draft','Auto-created from questionnaire. Key hazards: Work at Height, Confined Space, Potent API / High-hazard Chemicals, ATEX / Classified Area, Hot Work, Energy Isolation, Energy Isolation'),(3,'Task',103,1,NULL,'2025-12-04 08:09:44','Draft','Auto-created from questionnaire. Key hazards: Work at Height'),(4,'Task',104,1,NULL,'2025-12-05 21:32:17','Draft','Auto-created from questionnaire. Key hazards: Confined Space, High-hazard Chemicals, Electrical');
/*!40000 ALTER TABLE `hira_register` ENABLE KEYS */;
UNLOCK TABLES;

--
-- Table structure for table `incident_details`
--

DROP TABLE IF EXISTS `incident_details`;
/*!40101 SET @saved_cs_client     = @@character_set_client */;
/*!40101 SET character_set_client = utf8 */;
CREATE TABLE `incident_details` (
  `incident_id` int(11) NOT NULL AUTO_INCREMENT,
  `event_id` int(11) NOT NULL,
  `severity` enum('Low','Medium','High','Critical') NOT NULL,
  `root_cause` text DEFAULT NULL,
  `corrective_action` text DEFAULT NULL,
  PRIMARY KEY (`incident_id`),
  KEY `event_id` (`event_id`),
  CONSTRAINT `incident_details_ibfk_1` FOREIGN KEY (`event_id`) REFERENCES `operational_events` (`event_id`)
) ENGINE=InnoDB DEFAULT CHARSET=utf8mb4 COLLATE=utf8mb4_general_ci;
/*!40101 SET character_set_client = @saved_cs_client */;

--
-- Dumping data for table `incident_details`
--

LOCK TABLES `incident_details` WRITE;
/*!40000 ALTER TABLE `incident_details` DISABLE KEYS */;
/*!40000 ALTER TABLE `incident_details` ENABLE KEYS */;
UNLOCK TABLES;

--
-- Table structure for table `ingredients`
--

DROP TABLE IF EXISTS `ingredients`;
/*!40101 SET @saved_cs_client     = @@character_set_client */;
/*!40101 SET character_set_client = utf8 */;
CREATE TABLE `ingredients` (
  `ingredient_id` int(11) NOT NULL AUTO_INCREMENT,
  `ingredient_name` varchar(100) NOT NULL,
  `unit_of_measure` varchar(20) NOT NULL,
  `cost_per_unit` decimal(10,2) NOT NULL,
  PRIMARY KEY (`ingredient_id`)
) ENGINE=InnoDB AUTO_INCREMENT=11 DEFAULT CHARSET=utf8mb4 COLLATE=utf8mb4_general_ci;
/*!40101 SET character_set_client = @saved_cs_client */;

--
-- Dumping data for table `ingredients`
--

LOCK TABLES `ingredients` WRITE;
/*!40000 ALTER TABLE `ingredients` DISABLE KEYS */;
INSERT INTO `ingredients` VALUES (1,'Acetone','liters',5.25),(2,'Citric Acid','kg',3.10),(3,'Ethanol','liters',4.50),(4,'Sodium Bicarbonate','kg',2.00),(5,'Hydrochloric Acid','liters',6.75),(6,'Calcium Carbonate','kg',1.95),(7,'Magnesium Sulfate','kg',2.50),(8,'Water','liters',0.50),(9,'Glycerin','liters',7.25),(10,'Potassium Nitrate','kg',4.00);
/*!40000 ALTER TABLE `ingredients` ENABLE KEYS */;
UNLOCK TABLES;

--
-- Table structure for table `inventory`
--

DROP TABLE IF EXISTS `inventory`;
/*!40101 SET @saved_cs_client     = @@character_set_client */;
/*!40101 SET character_set_client = utf8 */;
CREATE TABLE `inventory` (
  `InventoryID` int(11) NOT NULL AUTO_INCREMENT,
  `MaterialID` int(11) DEFAULT NULL,
  `Quantity` decimal(10,2) DEFAULT NULL,
  `Location` varchar(100) DEFAULT NULL,
  `ExpirationDate` date DEFAULT NULL,
  `BatchNumber` varchar(50) DEFAULT NULL,
  PRIMARY KEY (`InventoryID`),
  KEY `MaterialID` (`MaterialID`),
  CONSTRAINT `inventory_ibfk_1` FOREIGN KEY (`MaterialID`) REFERENCES `materials` (`MaterialID`)
) ENGINE=InnoDB DEFAULT CHARSET=utf8mb4 COLLATE=utf8mb4_general_ci;
/*!40101 SET character_set_client = @saved_cs_client */;

--
-- Dumping data for table `inventory`
--

LOCK TABLES `inventory` WRITE;
/*!40000 ALTER TABLE `inventory` DISABLE KEYS */;
/*!40000 ALTER TABLE `inventory` ENABLE KEYS */;
UNLOCK TABLES;

--
-- Table structure for table `investigations`
--

DROP TABLE IF EXISTS `investigations`;
/*!40101 SET @saved_cs_client     = @@character_set_client */;
/*!40101 SET character_set_client = utf8 */;
CREATE TABLE `investigations` (
  `investigation_id` bigint(20) unsigned NOT NULL AUTO_INCREMENT,
  `event_id` int(11) NOT NULL COMMENT 'FK to existing event table (e.g. operational_events.event_id)',
  `investigation_type` enum('Incident','Near Miss','Breakdown','Energy Deviation','Quality','EHS','Other') NOT NULL,
  `trigger_reason` text DEFAULT NULL,
  `lead_id` int(11) DEFAULT NULL COMMENT 'FK to people.people_id',
  `team_notes` text DEFAULT NULL COMMENT 'Free text list of investigators/team',
  `scope_description` text DEFAULT NULL,
  `status` enum('Open','In Progress','Awaiting Actions','Monitoring','Closed') NOT NULL DEFAULT 'Open',
  `opened_at` timestamp NOT NULL DEFAULT current_timestamp(),
  `closed_at` timestamp NULL DEFAULT NULL,
  `root_cause_summary` text DEFAULT NULL COMMENT 'Short narrative summary of the root cause(s)',
  `lessons_learned` text DEFAULT NULL,
  PRIMARY KEY (`investigation_id`),
  KEY `fk_investigation_event` (`event_id`),
  KEY `fk_investigation_lead` (`lead_id`),
  CONSTRAINT `fk_investigation_event` FOREIGN KEY (`event_id`) REFERENCES `events` (`event_id`) ON DELETE CASCADE,
  CONSTRAINT `fk_investigation_lead` FOREIGN KEY (`lead_id`) REFERENCES `people` (`people_id`)
) ENGINE=InnoDB AUTO_INCREMENT=11 DEFAULT CHARSET=utf8mb4 COLLATE=utf8mb4_general_ci;
/*!40101 SET character_set_client = @saved_cs_client */;

--
-- Dumping data for table `investigations`
--

LOCK TABLES `investigations` WRITE;
/*!40000 ALTER TABLE `investigations` DISABLE KEYS */;
INSERT INTO `investigations` VALUES (1,2,'Incident','zxfdasfasd',5,NULL,'sdfsd','Closed','2025-12-16 20:11:23','2026-03-27 12:23:42','dfgdfg','fghfdg'),(2,1,'Energy Deviation','',4424,NULL,'ssasa','Closed','2025-12-16 20:15:20','2026-03-27 12:22:11','fgdgdfg','ddfgdfg'),(6,17,'Energy Deviation','',4424,NULL,'cvbncvb','Open','2025-12-16 20:37:42',NULL,NULL,NULL),(7,54,'Energy Deviation','',2227,NULL,'bnmbn','Open','2025-12-16 20:41:03',NULL,NULL,NULL),(8,55,'EHS','',4423,NULL,'vbnvn','Open','2025-12-16 20:43:12',NULL,NULL,NULL),(9,46,'EHS','',4424,NULL,'','Open','2026-03-27 12:13:51',NULL,NULL,NULL),(10,4,'EHS','',4417,NULL,'sddd','Closed','2026-03-27 13:18:57','2026-04-02 11:53:00','dsfsadf\nsdfasdf','asdfasdf');
/*!40000 ALTER TABLE `investigations` ENABLE KEYS */;
UNLOCK TABLES;

--
-- Table structure for table `jobs`
--

DROP TABLE IF EXISTS `jobs`;
/*!40101 SET @saved_cs_client     = @@character_set_client */;
/*!40101 SET character_set_client = utf8 */;
CREATE TABLE `jobs` (
  `job_id` int(11) NOT NULL AUTO_INCREMENT,
  `task_id` int(11) NOT NULL,
  `job_name` varchar(255) NOT NULL,
  `job_description` text DEFAULT NULL,
  `assigned_to` int(11) DEFAULT NULL,
  `status` enum('Not Started','In Progress','Completed') DEFAULT 'Not Started',
  `start_date` date DEFAULT NULL,
  `finish_date` date DEFAULT NULL,
  `created_at` timestamp NOT NULL DEFAULT current_timestamp(),
  PRIMARY KEY (`job_id`),
  KEY `assigned_to` (`assigned_to`),
  KEY `idx_task` (`task_id`),
  CONSTRAINT `fk_jobs_task` FOREIGN KEY (`task_id`) REFERENCES `tasks` (`task_id`) ON DELETE CASCADE ON UPDATE CASCADE,
  CONSTRAINT `jobs_ibfk_1` FOREIGN KEY (`task_id`) REFERENCES `tasks` (`task_id`) ON DELETE CASCADE,
  CONSTRAINT `jobs_ibfk_2` FOREIGN KEY (`assigned_to`) REFERENCES `people` (`people_id`) ON DELETE SET NULL
) ENGINE=InnoDB DEFAULT CHARSET=utf8mb4 COLLATE=utf8mb4_general_ci;
/*!40101 SET character_set_client = @saved_cs_client */;

--
-- Dumping data for table `jobs`
--

LOCK TABLES `jobs` WRITE;
/*!40000 ALTER TABLE `jobs` DISABLE KEYS */;
/*!40000 ALTER TABLE `jobs` ENABLE KEYS */;
UNLOCK TABLES;

--
-- Table structure for table `kpi_data`
--

DROP TABLE IF EXISTS `kpi_data`;
/*!40101 SET @saved_cs_client     = @@character_set_client */;
/*!40101 SET character_set_client = utf8 */;
CREATE TABLE `kpi_data` (
  `id` int(11) NOT NULL AUTO_INCREMENT,
  `year` int(11) NOT NULL,
  `month_id` int(11) DEFAULT NULL,
  `sor` int(11) DEFAULT NULL,
  `action_raised` int(11) DEFAULT NULL,
  `first_aid` int(11) DEFAULT NULL,
  `hsa` int(11) DEFAULT NULL,
  `epa` int(11) DEFAULT 0,
  `days_lost` int(11) DEFAULT NULL,
  `ehs_ncr` int(11) DEFAULT NULL,
  `people_trained` int(11) DEFAULT 0,
  `safety_meeting` int(11) DEFAULT NULL,
  `action_closed_percentage` float DEFAULT NULL,
  `gas_change_percentage` float DEFAULT NULL,
  `electricity_change_percentage` float DEFAULT NULL,
  `total_energy_change_percentage` float DEFAULT NULL,
  `water_change_percentage` float DEFAULT NULL,
  `co2_emission_change_percentage` float DEFAULT NULL,
  `hazardous_waste_change_percentage` float DEFAULT NULL,
  `non_hazardous_waste_change_percentage` float DEFAULT NULL,
  `co2_em_change_baseline` float DEFAULT NULL,
  `electricity_reading` float DEFAULT 0,
  `gas_reading` float DEFAULT 0,
  `non_hazardous_reading` float DEFAULT 0,
  `hazardous_reading` float DEFAULT 0,
  `water_reading` float DEFAULT 0,
  `co2_tonnes` float DEFAULT 0,
  PRIMARY KEY (`id`),
  UNIQUE KEY `idx_year_month` (`year`,`month_id`)
) ENGINE=InnoDB AUTO_INCREMENT=86 DEFAULT CHARSET=utf8mb4 COLLATE=utf8mb4_general_ci;
/*!40101 SET character_set_client = @saved_cs_client */;

--
-- Dumping data for table `kpi_data`
--

LOCK TABLES `kpi_data` WRITE;
/*!40000 ALTER TABLE `kpi_data` DISABLE KEYS */;
INSERT INTO `kpi_data` VALUES (35,2022,1,NULL,NULL,NULL,NULL,0,NULL,NULL,0,NULL,NULL,NULL,NULL,NULL,NULL,NULL,NULL,NULL,NULL,306609,408237,0,0,0,192.164),(36,2022,2,NULL,NULL,NULL,NULL,0,NULL,NULL,0,NULL,NULL,NULL,NULL,NULL,NULL,NULL,NULL,NULL,NULL,291358,345442,0,0,0,192.879),(37,2022,3,NULL,NULL,NULL,NULL,0,NULL,NULL,0,NULL,NULL,NULL,NULL,NULL,NULL,NULL,NULL,NULL,NULL,319211,383367,0,0,0,202.288),(38,2022,4,NULL,NULL,NULL,NULL,0,NULL,NULL,0,NULL,NULL,NULL,NULL,NULL,NULL,NULL,NULL,NULL,NULL,313703,360900,0,0,0,186.015),(39,2022,5,NULL,NULL,NULL,NULL,0,NULL,NULL,0,NULL,NULL,NULL,NULL,NULL,NULL,NULL,NULL,NULL,NULL,318142,243925,0,0,0,171.638),(40,2022,6,NULL,NULL,NULL,NULL,0,NULL,NULL,0,NULL,NULL,NULL,NULL,NULL,NULL,NULL,NULL,NULL,NULL,304917,183297,0,0,0,168.298),(41,2022,7,NULL,NULL,NULL,NULL,0,NULL,NULL,0,NULL,NULL,NULL,NULL,NULL,NULL,NULL,NULL,NULL,NULL,336599,158710,0,0,0,166.759),(42,2022,8,NULL,NULL,NULL,NULL,0,NULL,NULL,0,NULL,NULL,NULL,NULL,NULL,NULL,NULL,NULL,NULL,NULL,333412,158816,0,0,0,176.149),(43,2022,9,NULL,NULL,NULL,NULL,0,NULL,NULL,0,NULL,NULL,NULL,NULL,NULL,NULL,NULL,NULL,NULL,NULL,354924,245856,0,0,0,177.064),(44,2022,10,NULL,NULL,NULL,NULL,0,NULL,NULL,0,NULL,NULL,NULL,NULL,NULL,NULL,NULL,NULL,NULL,NULL,286344,182531,0,0,0,190.682),(45,2022,11,NULL,NULL,NULL,NULL,0,NULL,NULL,0,NULL,NULL,NULL,NULL,NULL,NULL,NULL,NULL,NULL,NULL,250836,205711,0,0,0,194.761),(46,2022,12,NULL,NULL,NULL,NULL,0,NULL,NULL,0,NULL,NULL,NULL,NULL,NULL,NULL,NULL,NULL,NULL,NULL,279905,314246,0,0,0,197.543),(47,2023,1,NULL,NULL,NULL,NULL,0,NULL,NULL,0,NULL,NULL,NULL,NULL,NULL,NULL,NULL,NULL,NULL,NULL,277944,262152,2335,0,42.54,142.049),(48,2023,2,NULL,NULL,NULL,NULL,0,NULL,NULL,0,NULL,NULL,NULL,NULL,NULL,NULL,NULL,NULL,NULL,NULL,262845,194876,1108,0,74.82,123.476),(49,2023,3,NULL,NULL,NULL,NULL,0,NULL,NULL,0,NULL,NULL,NULL,NULL,NULL,NULL,NULL,NULL,NULL,NULL,300104,277167,875,0,112.2,152.169),(50,2023,4,NULL,NULL,NULL,NULL,0,NULL,NULL,0,NULL,NULL,NULL,NULL,NULL,NULL,NULL,NULL,NULL,NULL,296291,257004,910,0,164.3,146.829),(51,2023,5,NULL,NULL,NULL,NULL,0,NULL,NULL,0,NULL,NULL,NULL,NULL,NULL,NULL,NULL,NULL,NULL,NULL,315607,210661,1629,0,77.35,143.485),(52,2023,6,NULL,NULL,NULL,NULL,0,NULL,NULL,0,NULL,NULL,NULL,NULL,NULL,NULL,NULL,NULL,NULL,NULL,338038,186857,3415,0,61.22,145.746),(53,2023,7,NULL,NULL,NULL,NULL,0,NULL,NULL,0,NULL,NULL,NULL,NULL,NULL,NULL,NULL,NULL,NULL,NULL,315768,166078,3526,0,159.14,134.41),(54,2023,8,NULL,NULL,NULL,NULL,0,NULL,NULL,0,NULL,NULL,NULL,NULL,NULL,NULL,NULL,NULL,NULL,NULL,328842,168971,1352,0,95.16,139.16),(55,2023,9,NULL,NULL,NULL,NULL,0,NULL,NULL,0,NULL,NULL,NULL,NULL,NULL,NULL,NULL,NULL,NULL,NULL,325866,176506,1032,0,62.59,139.756),(56,2023,10,NULL,NULL,NULL,NULL,0,NULL,NULL,0,NULL,NULL,NULL,NULL,NULL,NULL,NULL,NULL,NULL,NULL,321581,242297,2996,0,180.5,151.861),(57,2023,11,NULL,NULL,NULL,NULL,0,NULL,NULL,0,NULL,NULL,NULL,NULL,NULL,NULL,NULL,NULL,NULL,NULL,289200,254804,3485,0,89.96,149.642),(58,2023,12,NULL,NULL,NULL,NULL,0,NULL,NULL,0,NULL,NULL,NULL,NULL,NULL,NULL,NULL,NULL,NULL,NULL,301788,318472,824,0,38.2,161.16),(59,2024,1,NULL,NULL,NULL,NULL,0,NULL,NULL,0,NULL,NULL,NULL,NULL,NULL,NULL,NULL,NULL,NULL,NULL,301237,333597,1551,115,189.93,163.847),(60,2024,2,NULL,NULL,NULL,NULL,0,NULL,NULL,0,NULL,NULL,NULL,NULL,NULL,NULL,NULL,NULL,NULL,NULL,281643,248941,3215,4001,122.02,140.346),(61,2024,3,NULL,NULL,NULL,NULL,0,NULL,NULL,0,NULL,NULL,NULL,NULL,NULL,NULL,NULL,NULL,NULL,NULL,290365,280500,1304,115,18.76,149.558),(62,2024,4,NULL,NULL,NULL,NULL,0,NULL,NULL,0,NULL,NULL,NULL,NULL,NULL,NULL,NULL,NULL,NULL,NULL,263187,204875,5116,0,59.29,125.488),(63,2024,5,NULL,NULL,NULL,NULL,0,NULL,NULL,0,NULL,NULL,NULL,NULL,NULL,NULL,NULL,NULL,NULL,NULL,290414,199606,1396,218,56.56,133.071),(64,2024,6,NULL,NULL,NULL,NULL,0,NULL,NULL,0,NULL,NULL,NULL,NULL,NULL,NULL,NULL,NULL,NULL,NULL,282136,182010,7678,6186,65.47,127.412),(65,2024,7,NULL,NULL,NULL,NULL,0,NULL,NULL,0,NULL,NULL,NULL,NULL,NULL,NULL,NULL,NULL,NULL,NULL,270385,172205,3143,4208,21.1,121.112),(66,2024,8,NULL,NULL,NULL,NULL,0,NULL,NULL,0,NULL,NULL,NULL,NULL,NULL,NULL,NULL,NULL,NULL,NULL,262051,178959,4281,94,14.49,119.84),(67,2024,9,NULL,NULL,NULL,NULL,0,NULL,NULL,0,NULL,NULL,NULL,NULL,NULL,NULL,NULL,NULL,NULL,NULL,314486,198737,1481,0,23.33,140.549),(68,2024,10,NULL,NULL,NULL,NULL,0,NULL,NULL,0,NULL,NULL,NULL,NULL,NULL,NULL,NULL,NULL,NULL,NULL,349171,233640,8173,1693,19.26,158.699),(69,2024,11,NULL,NULL,NULL,NULL,0,NULL,NULL,0,NULL,NULL,NULL,NULL,NULL,NULL,NULL,NULL,NULL,NULL,333936,242231,5230,0,22.39,155.607),(70,2024,12,NULL,NULL,NULL,NULL,0,NULL,NULL,0,NULL,NULL,NULL,NULL,NULL,NULL,NULL,NULL,NULL,NULL,309570,266651,1817,70,0,152.84),(71,2025,1,NULL,NULL,NULL,NULL,0,NULL,NULL,0,NULL,NULL,NULL,NULL,NULL,NULL,NULL,NULL,NULL,NULL,331948,320848,3748,210,0,171.012),(72,2025,2,NULL,NULL,NULL,NULL,0,NULL,NULL,0,NULL,NULL,NULL,NULL,NULL,NULL,NULL,NULL,NULL,NULL,306198,291115,3022,80,281.51,153.334),(73,2025,3,NULL,NULL,NULL,NULL,0,NULL,NULL,0,NULL,NULL,NULL,NULL,NULL,NULL,NULL,NULL,NULL,NULL,325698,306988,1332,10218,33.32,166.198),(74,2025,4,NULL,NULL,NULL,NULL,0,NULL,NULL,0,NULL,NULL,NULL,NULL,NULL,NULL,NULL,NULL,NULL,NULL,316752,243584,4029,0,72.32,151.976),(75,2025,5,NULL,NULL,NULL,NULL,0,NULL,NULL,0,NULL,NULL,NULL,NULL,NULL,NULL,NULL,NULL,NULL,NULL,255665,191345,3873,0,51.58,120.336),(76,2025,6,NULL,NULL,NULL,NULL,0,NULL,NULL,0,NULL,NULL,NULL,NULL,NULL,NULL,NULL,NULL,NULL,NULL,247885,180917,1293,0,56.18,115.734),(77,2025,7,NULL,NULL,NULL,NULL,0,NULL,NULL,0,NULL,NULL,NULL,NULL,NULL,NULL,NULL,NULL,NULL,NULL,286481,176528,4370,23,64.5,127.113),(78,2025,8,NULL,NULL,NULL,NULL,0,NULL,NULL,0,NULL,NULL,NULL,NULL,NULL,NULL,NULL,NULL,NULL,NULL,278038,164890,1443,5362,77.38,122.054),(79,2025,9,NULL,NULL,NULL,NULL,0,NULL,NULL,0,NULL,NULL,NULL,NULL,NULL,NULL,NULL,NULL,NULL,NULL,258194,194403,3531,116,0,121.764),(80,2025,10,NULL,NULL,NULL,NULL,0,NULL,NULL,0,NULL,NULL,NULL,NULL,NULL,NULL,NULL,NULL,NULL,NULL,280418,250558,4651,0,0,140.287),(81,2025,11,NULL,NULL,NULL,NULL,0,NULL,NULL,0,NULL,NULL,NULL,NULL,NULL,NULL,NULL,NULL,NULL,NULL,302364,298672,8999,21631,179.6,157.081),(82,2025,12,NULL,NULL,NULL,NULL,0,NULL,NULL,0,NULL,NULL,NULL,NULL,NULL,NULL,NULL,NULL,NULL,NULL,279484,294932,1537,0,0,149.042),(83,2026,1,10,21,1,0,0,0,72,13,0,50,NULL,NULL,NULL,NULL,NULL,NULL,NULL,NULL,309621,386518,8739,66,0,177.309),(84,2026,2,22,41,1,0,0,0,72,31,0,81,NULL,NULL,NULL,NULL,NULL,NULL,NULL,NULL,277426,343406,6018,72,0,158.203),(85,2026,3,NULL,NULL,NULL,NULL,0,NULL,NULL,0,NULL,NULL,NULL,NULL,NULL,NULL,NULL,NULL,NULL,NULL,0,0,0,0,130.84,0);
/*!40000 ALTER TABLE `kpi_data` ENABLE KEYS */;
UNLOCK TABLES;

--
-- Table structure for table `kpi_metrics`
--

DROP TABLE IF EXISTS `kpi_metrics`;
/*!40101 SET @saved_cs_client     = @@character_set_client */;
/*!40101 SET character_set_client = utf8 */;
CREATE TABLE `kpi_metrics` (
  `id` int(11) NOT NULL AUTO_INCREMENT,
  `category` varchar(50) NOT NULL,
  `name` varchar(100) NOT NULL,
  `key_name` varchar(100) NOT NULL,
  `unit` varchar(20) DEFAULT NULL,
  `is_percentage` tinyint(1) DEFAULT 0,
  PRIMARY KEY (`id`),
  UNIQUE KEY `key_name` (`key_name`)
) ENGINE=InnoDB AUTO_INCREMENT=50 DEFAULT CHARSET=utf8mb4 COLLATE=utf8mb4_general_ci;
/*!40101 SET character_set_client = @saved_cs_client */;

--
-- Dumping data for table `kpi_metrics`
--

LOCK TABLES `kpi_metrics` WRITE;
/*!40000 ALTER TABLE `kpi_metrics` DISABLE KEYS */;
INSERT INTO `kpi_metrics` VALUES (1,'Health & Safety','NCR & Incident','ehs_ncr','count',0),(2,'Health & Safety','Total of SOR','sor','count',0),(3,'Health & Safety','Days Lost','days_lost','days',0),(4,'Health & Safety','Action Raised','action_raised','count',0),(5,'Health & Safety','First Aid','first_aid','count',0),(6,'Health & Safety','SOR % Action Closed','action_closed_percentage','%',1),(7,'Health & Safety','HSA Inspections','hsa','count',0),(8,'Health & Safety','EPA Inspections','epa','count',0),(9,'Health & Safety','People Trained','people_trained','count',0),(10,'Health & Safety','Safety Committee Meeting','safety_meeting','count',0),(11,'Energy','Electricity Usage','electricity_usage','kWh',0),(12,'Energy','Gas Usage','gas_usage','m3',0),(13,'Energy','Total Energy','total_energy','kWh',0),(14,'Energy','CO2 Emissions','co2_emissions','kg',0),(15,'Energy','CO2 vs Baseline','co2_em_change_baseline','%',1),(16,'Waste','Hazardous Waste','hazardous_waste','kg',0),(17,'Waste','Non-Hazardous Waste','non_hazardous_waste','kg',0),(18,'Waste','Water Usage','water_usage','m3',0),(29,'Energy','Electricity Usage','electricity_change_percentage','kWh',0),(30,'Energy','Gas Usage','gas_change_percentage','m3',0),(31,'Energy','Total Energy','total_energy_change_percentage','kWh',0),(32,'Energy','CO2 Emissions','co2_emission_change_percentage','kg',0),(34,'Waste','Hazardous Waste','hazardous_waste_change_percentage','kg',0),(35,'Waste','Non-Hazardous Waste','non_hazardous_waste_change_percentage','kg',0),(36,'Waste','Water Usage','water_change_percentage','m3',0),(37,'Energy','Electricity Monthly Reading','electricity_reading','kWh',0),(38,'Energy','Gas Monthly Reading','gas_reading','m3',0),(39,'Waste','Non-Hazardous Waste Reading','non_hazardous_reading','kg',0),(40,'Waste','Hazardous Waste Reading','hazardous_reading','kg',0),(41,'Waste','Water Monthly Reading','water_reading','m3',0),(42,'Energy','CO2 Tonnes','co2_tonnes','t',0);
/*!40000 ALTER TABLE `kpi_metrics` ENABLE KEYS */;
UNLOCK TABLES;

--
-- Table structure for table `kpi_values`
--

DROP TABLE IF EXISTS `kpi_values`;
/*!40101 SET @saved_cs_client     = @@character_set_client */;
/*!40101 SET character_set_client = utf8 */;
CREATE TABLE `kpi_values` (
  `id` int(11) NOT NULL AUTO_INCREMENT,
  `metric_id` int(11) NOT NULL,
  `year` int(11) NOT NULL,
  `month_id` int(11) NOT NULL,
  `actual_value` decimal(15,2) DEFAULT 0.00,
  `target_value` decimal(15,2) DEFAULT 0.00,
  PRIMARY KEY (`id`),
  UNIQUE KEY `idx_unique_entry` (`metric_id`,`year`,`month_id`),
  CONSTRAINT `kpi_values_ibfk_1` FOREIGN KEY (`metric_id`) REFERENCES `kpi_metrics` (`id`) ON DELETE CASCADE
) ENGINE=InnoDB AUTO_INCREMENT=949 DEFAULT CHARSET=utf8mb4 COLLATE=utf8mb4_general_ci;
/*!40101 SET character_set_client = @saved_cs_client */;

--
-- Dumping data for table `kpi_values`
--

LOCK TABLES `kpi_values` WRITE;
/*!40000 ALTER TABLE `kpi_values` DISABLE KEYS */;
INSERT INTO `kpi_values` VALUES (123,38,2022,1,408237.00,0.00),(124,37,2022,1,306609.00,0.00),(125,38,2022,2,345442.00,0.00),(126,37,2022,2,291358.00,0.00),(127,38,2022,3,383367.00,0.00),(128,37,2022,3,319211.00,0.00),(129,38,2022,4,360900.00,0.00),(130,37,2022,4,313703.00,0.00),(131,38,2022,5,243925.00,0.00),(132,37,2022,5,318142.00,0.00),(133,38,2022,6,183297.00,0.00),(134,37,2022,6,304917.00,0.00),(135,38,2022,7,158710.00,0.00),(136,37,2022,7,336599.00,0.00),(137,38,2022,8,158816.00,0.00),(138,37,2022,8,333412.00,0.00),(139,38,2022,9,245856.00,0.00),(140,37,2022,9,354924.00,0.00),(141,38,2022,10,182531.00,0.00),(142,37,2022,10,286344.00,0.00),(143,38,2022,11,205711.00,0.00),(144,37,2022,11,250836.00,0.00),(145,38,2022,12,314246.00,0.00),(146,37,2022,12,279905.00,0.00),(147,38,2023,1,262152.00,0.00),(148,37,2023,1,277944.00,0.00),(149,39,2023,1,2335.00,0.00),(150,41,2023,1,42.54,0.00),(151,38,2023,2,194876.00,0.00),(152,37,2023,2,262845.00,0.00),(153,39,2023,2,1108.00,0.00),(154,41,2023,2,74.82,0.00),(155,38,2023,3,277167.00,0.00),(156,37,2023,3,300104.00,0.00),(157,39,2023,3,875.00,0.00),(158,41,2023,3,112.20,0.00),(159,38,2023,4,257004.00,0.00),(160,37,2023,4,296291.00,0.00),(161,39,2023,4,910.00,0.00),(162,41,2023,4,164.30,0.00),(163,38,2023,5,210661.00,0.00),(164,37,2023,5,315607.00,0.00),(165,39,2023,5,1629.00,0.00),(166,41,2023,5,77.35,0.00),(167,38,2023,6,186857.00,0.00),(168,37,2023,6,338038.00,0.00),(169,39,2023,6,3415.00,0.00),(170,41,2023,6,61.22,0.00),(171,38,2023,7,166078.00,0.00),(172,37,2023,7,315768.00,0.00),(173,39,2023,7,3526.00,0.00),(174,41,2023,7,159.14,0.00),(175,38,2023,8,168971.00,0.00),(176,37,2023,8,328842.00,0.00),(177,39,2023,8,1352.00,0.00),(178,41,2023,8,95.16,0.00),(179,38,2023,9,176506.00,0.00),(180,37,2023,9,325866.00,0.00),(181,39,2023,9,1032.00,0.00),(182,41,2023,9,62.59,0.00),(183,38,2023,10,242297.00,0.00),(184,37,2023,10,321581.00,0.00),(185,39,2023,10,2996.00,0.00),(186,41,2023,10,180.50,0.00),(187,38,2023,11,254804.00,0.00),(188,37,2023,11,289200.00,0.00),(189,39,2023,11,3485.00,0.00),(190,41,2023,11,89.96,0.00),(191,38,2023,12,318472.00,0.00),(192,37,2023,12,301788.00,0.00),(193,39,2023,12,824.00,0.00),(194,41,2023,12,38.20,0.00),(195,38,2024,1,333597.00,0.00),(196,37,2024,1,301237.00,0.00),(197,39,2024,1,1551.00,0.00),(198,40,2024,1,115.00,0.00),(199,41,2024,1,189.93,0.00),(200,38,2024,2,248941.00,0.00),(201,37,2024,2,281643.00,0.00),(202,39,2024,2,3215.00,0.00),(203,40,2024,2,4001.00,0.00),(204,41,2024,2,122.02,0.00),(205,38,2024,3,280500.00,0.00),(206,37,2024,3,290365.00,0.00),(207,39,2024,3,1304.00,0.00),(208,40,2024,3,115.00,0.00),(209,41,2024,3,18.76,0.00),(210,38,2024,4,204875.00,0.00),(211,37,2024,4,263187.00,0.00),(212,39,2024,4,5116.00,0.00),(213,41,2024,4,59.29,0.00),(214,38,2024,5,199606.00,0.00),(215,37,2024,5,290414.00,0.00),(216,39,2024,5,1396.00,0.00),(217,40,2024,5,218.00,0.00),(218,41,2024,5,56.56,0.00),(219,38,2024,6,182010.00,0.00),(220,37,2024,6,282136.00,0.00),(221,39,2024,6,7678.00,0.00),(222,40,2024,6,6186.00,0.00),(223,41,2024,6,65.47,0.00),(224,38,2024,7,172205.00,0.00),(225,37,2024,7,270385.00,0.00),(226,39,2024,7,3143.00,0.00),(227,40,2024,7,4208.00,0.00),(228,41,2024,7,21.10,0.00),(229,38,2024,8,178959.00,0.00),(230,37,2024,8,262051.00,0.00),(231,39,2024,8,4281.00,0.00),(232,40,2024,8,94.00,0.00),(233,41,2024,8,14.49,0.00),(234,38,2024,9,198737.00,0.00),(235,37,2024,9,314486.00,0.00),(236,39,2024,9,1481.00,0.00),(237,41,2024,9,23.33,0.00),(238,38,2024,10,233640.00,0.00),(239,37,2024,10,349171.00,0.00),(240,39,2024,10,8173.00,0.00),(241,40,2024,10,1693.00,0.00),(242,41,2024,10,19.26,0.00),(243,38,2024,11,242231.00,0.00),(244,37,2024,11,333936.00,0.00),(245,39,2024,11,5230.00,0.00),(246,41,2024,11,22.39,0.00),(247,38,2024,12,266651.00,0.00),(248,37,2024,12,309570.00,0.00),(249,39,2024,12,1817.00,0.00),(250,40,2024,12,70.00,0.00),(251,38,2025,1,320848.00,0.00),(252,37,2025,1,331948.00,0.00),(253,39,2025,1,3748.00,0.00),(254,40,2025,1,210.00,0.00),(255,38,2025,2,291115.00,0.00),(256,37,2025,2,306198.00,0.00),(257,39,2025,2,3022.00,0.00),(258,40,2025,2,80.00,0.00),(259,41,2025,2,281.51,0.00),(260,38,2025,3,306988.00,0.00),(261,37,2025,3,325698.00,0.00),(262,39,2025,3,1332.00,0.00),(263,40,2025,3,10218.00,0.00),(264,41,2025,3,33.32,0.00),(265,38,2025,4,243584.00,0.00),(266,37,2025,4,316752.00,0.00),(267,39,2025,4,4029.00,0.00),(268,41,2025,4,72.32,0.00),(269,38,2025,5,191345.00,0.00),(270,37,2025,5,255665.00,0.00),(271,39,2025,5,3873.00,0.00),(272,41,2025,5,51.58,0.00),(273,38,2025,6,180917.00,0.00),(274,37,2025,6,247885.00,0.00),(275,39,2025,6,1293.00,0.00),(276,41,2025,6,56.18,0.00),(277,38,2025,7,176528.00,0.00),(278,37,2025,7,286481.00,0.00),(279,39,2025,7,4370.00,0.00),(280,40,2025,7,23.00,0.00),(281,41,2025,7,64.50,0.00),(282,38,2025,8,164890.00,0.00),(283,37,2025,8,278038.00,0.00),(284,39,2025,8,1443.00,0.00),(285,40,2025,8,5362.00,0.00),(286,41,2025,8,77.38,0.00),(287,38,2025,9,194403.00,0.00),(288,37,2025,9,258194.00,0.00),(289,39,2025,9,3531.00,0.00),(290,40,2025,9,116.00,0.00),(291,38,2025,10,250558.00,0.00),(292,37,2025,10,280418.00,0.00),(293,39,2025,10,4651.00,0.00),(294,38,2025,11,298672.00,0.00),(295,37,2025,11,302364.00,0.00),(296,39,2025,11,8999.00,0.00),(297,40,2025,11,21631.00,0.00),(298,41,2025,11,179.60,0.00),(299,38,2025,12,294932.00,0.00),(300,37,2025,12,279484.00,0.00),(301,39,2025,12,1537.00,0.00),(302,38,2026,1,386518.00,0.00),(303,37,2026,1,309621.00,0.00),(304,39,2026,1,8739.00,0.00),(305,40,2026,1,66.00,0.00),(306,38,2026,2,343406.00,0.00),(307,37,2026,2,277426.00,0.00),(308,39,2026,2,6018.00,0.00),(309,40,2026,2,72.00,0.00),(310,38,2026,3,322355.00,0.00),(311,37,2026,3,301629.00,0.00),(312,39,2026,3,4781.00,0.00),(313,41,2026,3,51.56,0.00),(314,42,2022,1,192.16,0.00),(315,42,2022,2,192.88,0.00),(316,42,2022,3,202.29,0.00),(317,42,2022,4,186.02,0.00),(318,42,2022,5,171.64,0.00),(319,42,2022,6,168.30,0.00),(320,42,2022,7,166.76,0.00),(321,42,2022,8,176.15,0.00),(322,42,2022,9,177.06,0.00),(323,42,2022,10,190.68,0.00),(324,42,2022,11,194.76,0.00),(325,42,2022,12,197.54,0.00),(326,42,2023,1,142.05,0.00),(327,42,2023,2,123.48,0.00),(328,42,2023,3,152.17,0.00),(329,42,2023,4,146.83,0.00),(330,42,2023,5,143.49,0.00),(331,42,2023,6,145.75,0.00),(332,42,2023,7,134.41,0.00),(333,42,2023,8,139.16,0.00),(334,42,2023,9,139.76,0.00),(335,42,2023,10,151.86,0.00),(336,42,2023,11,149.64,0.00),(337,42,2023,12,161.16,0.00),(338,42,2024,1,163.85,0.00),(339,42,2024,2,140.35,0.00),(340,42,2024,3,149.56,0.00),(341,42,2024,4,125.49,0.00),(342,42,2024,5,133.07,0.00),(343,42,2024,6,127.41,0.00),(344,42,2024,7,121.11,0.00),(345,42,2024,8,119.84,0.00),(346,42,2024,9,140.55,0.00),(347,42,2024,10,158.70,0.00),(348,42,2024,11,155.61,0.00),(349,42,2024,12,152.84,0.00),(350,42,2025,1,171.01,0.00),(351,42,2025,2,153.33,0.00),(352,42,2025,3,166.20,0.00),(353,42,2025,4,151.98,0.00),(354,42,2025,5,120.34,0.00),(355,42,2025,6,115.73,0.00),(356,42,2025,7,127.11,0.00),(357,42,2025,8,122.05,0.00),(358,42,2025,9,121.76,0.00),(359,42,2025,10,140.29,0.00),(360,42,2025,11,157.08,0.00),(361,42,2025,12,149.04,0.00),(362,42,2026,1,177.31,0.00),(363,42,2026,2,158.20,0.00),(364,42,2026,3,162.00,0.00),(365,8,2022,1,0.00,0.00),(366,9,2022,1,0.00,0.00),(367,39,2022,1,0.00,0.00),(368,40,2022,1,0.00,0.00),(369,41,2022,1,0.00,0.00),(370,8,2022,2,0.00,0.00),(371,9,2022,2,0.00,0.00),(372,39,2022,2,0.00,0.00),(373,40,2022,2,0.00,0.00),(374,41,2022,2,0.00,0.00),(375,8,2022,3,0.00,0.00),(376,9,2022,3,0.00,0.00),(377,39,2022,3,0.00,0.00),(378,40,2022,3,0.00,0.00),(379,41,2022,3,0.00,0.00),(380,8,2022,4,0.00,0.00),(381,9,2022,4,0.00,0.00),(382,39,2022,4,0.00,0.00),(383,40,2022,4,0.00,0.00),(384,41,2022,4,0.00,0.00),(385,8,2022,5,0.00,0.00),(386,9,2022,5,0.00,0.00),(387,39,2022,5,0.00,0.00),(388,40,2022,5,0.00,0.00),(389,41,2022,5,0.00,0.00),(390,8,2022,6,0.00,0.00),(391,9,2022,6,0.00,0.00),(392,39,2022,6,0.00,0.00),(393,40,2022,6,0.00,0.00),(394,41,2022,6,0.00,0.00),(395,8,2022,7,0.00,0.00),(396,9,2022,7,0.00,0.00),(397,39,2022,7,0.00,0.00),(398,40,2022,7,0.00,0.00),(399,41,2022,7,0.00,0.00),(400,8,2022,8,0.00,0.00),(401,9,2022,8,0.00,0.00),(402,39,2022,8,0.00,0.00),(403,40,2022,8,0.00,0.00),(404,41,2022,8,0.00,0.00),(405,8,2022,9,0.00,0.00),(406,9,2022,9,0.00,0.00),(407,39,2022,9,0.00,0.00),(408,40,2022,9,0.00,0.00),(409,41,2022,9,0.00,0.00),(410,8,2022,10,0.00,0.00),(411,9,2022,10,0.00,0.00),(412,39,2022,10,0.00,0.00),(413,40,2022,10,0.00,0.00),(414,41,2022,10,0.00,0.00),(415,8,2022,11,0.00,0.00),(416,9,2022,11,0.00,0.00),(417,39,2022,11,0.00,0.00),(418,40,2022,11,0.00,0.00),(419,41,2022,11,0.00,0.00),(420,8,2022,12,0.00,0.00),(421,9,2022,12,0.00,0.00),(422,39,2022,12,0.00,0.00),(423,40,2022,12,0.00,0.00),(424,41,2022,12,0.00,0.00),(425,8,2023,1,0.00,0.00),(426,9,2023,1,0.00,0.00),(428,40,2023,1,0.00,0.00),(430,8,2023,2,0.00,0.00),(431,9,2023,2,0.00,0.00),(433,40,2023,2,0.00,0.00),(435,8,2023,3,0.00,0.00),(436,9,2023,3,0.00,0.00),(438,40,2023,3,0.00,0.00),(440,8,2023,4,0.00,0.00),(441,9,2023,4,0.00,0.00),(443,40,2023,4,0.00,0.00),(445,8,2023,5,0.00,0.00),(446,9,2023,5,0.00,0.00),(448,40,2023,5,0.00,0.00),(450,8,2023,6,0.00,0.00),(451,9,2023,6,0.00,0.00),(453,40,2023,6,0.00,0.00),(455,8,2023,7,0.00,0.00),(456,9,2023,7,0.00,0.00),(458,40,2023,7,0.00,0.00),(460,8,2023,8,0.00,0.00),(461,9,2023,8,0.00,0.00),(463,40,2023,8,0.00,0.00),(465,8,2023,9,0.00,0.00),(466,9,2023,9,0.00,0.00),(468,40,2023,9,0.00,0.00),(470,8,2023,10,0.00,0.00),(471,9,2023,10,0.00,0.00),(473,40,2023,10,0.00,0.00),(475,8,2023,11,0.00,0.00),(476,9,2023,11,0.00,0.00),(478,40,2023,11,0.00,0.00),(480,8,2023,12,0.00,0.00),(481,9,2023,12,0.00,0.00),(483,40,2023,12,0.00,0.00),(485,8,2024,1,0.00,0.00),(486,9,2024,1,0.00,0.00),(490,8,2024,2,0.00,0.00),(491,9,2024,2,0.00,0.00),(495,8,2024,3,0.00,0.00),(496,9,2024,3,0.00,0.00),(500,8,2024,4,0.00,0.00),(501,9,2024,4,0.00,0.00),(503,40,2024,4,0.00,0.00),(505,8,2024,5,0.00,0.00),(506,9,2024,5,0.00,0.00),(510,8,2024,6,0.00,0.00),(511,9,2024,6,0.00,0.00),(515,8,2024,7,0.00,0.00),(516,9,2024,7,0.00,0.00),(520,8,2024,8,0.00,0.00),(521,9,2024,8,0.00,0.00),(525,8,2024,9,0.00,0.00),(526,9,2024,9,0.00,0.00),(528,40,2024,9,0.00,0.00),(530,8,2024,10,0.00,0.00),(531,9,2024,10,0.00,0.00),(535,8,2024,11,0.00,0.00),(536,9,2024,11,0.00,0.00),(538,40,2024,11,0.00,0.00),(540,8,2024,12,0.00,0.00),(541,9,2024,12,0.00,0.00),(544,41,2024,12,0.00,0.00),(545,8,2025,1,0.00,0.00),(546,9,2025,1,0.00,0.00),(549,41,2025,1,0.00,0.00),(550,8,2025,2,0.00,0.00),(551,9,2025,2,0.00,0.00),(555,8,2025,3,0.00,0.00),(556,9,2025,3,0.00,0.00),(560,8,2025,4,0.00,0.00),(561,9,2025,4,0.00,0.00),(563,40,2025,4,0.00,0.00),(565,8,2025,5,0.00,0.00),(566,9,2025,5,0.00,0.00),(568,40,2025,5,0.00,0.00),(570,8,2025,6,0.00,0.00),(571,9,2025,6,0.00,0.00),(573,40,2025,6,0.00,0.00),(575,8,2025,7,0.00,0.00),(576,9,2025,7,0.00,0.00),(580,8,2025,8,0.00,0.00),(581,9,2025,8,0.00,0.00),(585,8,2025,9,0.00,0.00),(586,9,2025,9,0.00,0.00),(589,41,2025,9,0.00,0.00),(590,8,2025,10,0.00,0.00),(591,9,2025,10,0.00,0.00),(593,40,2025,10,0.00,0.00),(594,41,2025,10,0.00,0.00),(595,8,2025,11,0.00,0.00),(596,9,2025,11,0.00,0.00),(600,8,2025,12,0.00,0.00),(601,9,2025,12,0.00,0.00),(603,40,2025,12,0.00,0.00),(604,41,2025,12,0.00,0.00),(605,1,2026,1,72.00,0.00),(606,2,2026,1,10.00,0.00),(607,3,2026,1,0.00,0.00),(608,4,2026,1,21.00,0.00),(609,5,2026,1,1.00,0.00),(610,6,2026,1,50.00,0.00),(611,7,2026,1,0.00,0.00),(612,8,2026,1,0.00,0.00),(613,9,2026,1,13.00,0.00),(614,10,2026,1,0.00,0.00),(617,41,2026,1,0.00,0.00),(618,1,2026,2,73.00,0.00),(619,2,2026,2,22.00,0.00),(620,3,2026,2,0.00,0.00),(621,4,2026,2,41.00,0.00),(622,5,2026,2,1.00,0.00),(623,6,2026,2,81.00,0.00),(624,7,2026,2,0.00,0.00),(625,8,2026,2,0.00,0.00),(626,9,2026,2,31.00,0.00),(627,10,2026,2,0.00,0.00),(630,41,2026,2,0.00,0.00),(631,8,2026,3,0.00,0.00),(632,9,2026,3,63.00,0.00),(634,40,2026,3,8165.00,0.00),(638,32,2026,2,3.20,0.00),(643,29,2026,2,-9.40,0.00),(647,30,2026,2,18.00,0.00),(650,34,2026,2,-10.00,0.00),(653,35,2026,2,99.10,0.00),(657,31,2026,2,15.60,0.00),(658,36,2026,2,-100.00,0.00),(659,15,2026,2,-9.00,0.00),(661,6,2026,3,81.50,0.00),(662,4,2026,3,99.00,0.00),(663,32,2026,3,-2.50,0.00),(664,15,2026,3,-4.00,0.00),(666,3,2026,3,0.00,0.00),(667,1,2026,3,73.00,0.00),(668,29,2026,3,-7.40,0.00),(671,5,2026,3,1.00,0.00),(672,30,2026,3,5.00,0.00),(675,34,2026,3,-20.10,0.00),(676,7,2026,3,0.00,0.00),(678,35,2026,3,258.90,0.00),(680,10,2026,3,1.00,0.00),(681,2,2026,3,27.00,0.00),(682,31,2026,3,3.90,0.00),(683,36,2026,3,54.70,0.00),(853,6,2026,4,0.00,0.00),(854,4,2026,4,0.00,0.00),(855,32,2026,4,-100.00,0.00),(856,15,2026,4,0.00,0.00),(857,42,2026,4,0.00,0.00),(858,3,2026,4,0.00,0.00),(859,1,2026,4,0.00,0.00),(860,29,2026,4,-100.00,0.00),(861,37,2026,4,0.00,0.00),(862,8,2026,4,0.00,0.00),(863,5,2026,4,0.00,0.00),(864,30,2026,4,-99.70,0.00),(865,38,2026,4,789.44,0.00),(866,40,2026,4,25.20,0.00),(867,34,2026,4,0.00,0.00),(868,7,2026,4,0.00,0.00),(869,39,2026,4,150.75,0.00),(870,35,2026,4,-96.30,0.00),(871,9,2026,4,0.00,0.00),(872,10,2026,4,0.00,0.00),(873,2,2026,4,0.00,0.00),(874,31,2026,4,-99.70,0.00),(875,36,2026,4,-82.90,0.00),(876,41,2026,4,12.35,0.00),(901,6,2025,1,0.00,0.00),(902,4,2025,1,0.00,0.00),(903,32,2025,1,5.00,0.00),(904,15,2025,1,-4.00,0.00),(906,3,2025,1,0.00,0.00),(907,1,2025,1,0.00,0.00),(908,29,2025,1,10.20,0.00),(911,5,2025,1,0.00,0.00),(912,30,2025,1,-3.80,0.00),(915,34,2025,1,82.60,0.00),(916,7,2025,1,0.00,0.00),(918,35,2025,1,141.70,0.00),(920,10,2025,1,0.00,0.00),(921,2,2025,1,0.00,0.00),(922,31,2025,1,-2.80,0.00),(923,36,2025,1,-100.00,0.00);
/*!40000 ALTER TABLE `kpi_values` ENABLE KEYS */;
UNLOCK TABLES;

--
-- Table structure for table `lifecycle_stages`
--

DROP TABLE IF EXISTS `lifecycle_stages`;
/*!40101 SET @saved_cs_client     = @@character_set_client */;
/*!40101 SET character_set_client = utf8 */;
CREATE TABLE `lifecycle_stages` (
  `stage_id` int(11) NOT NULL AUTO_INCREMENT,
  `stage_name` varchar(60) NOT NULL,
  `stage_order` tinyint(4) NOT NULL,
  `is_active` tinyint(4) DEFAULT 1,
  PRIMARY KEY (`stage_id`)
) ENGINE=InnoDB AUTO_INCREMENT=17 DEFAULT CHARSET=utf8mb4 COLLATE=utf8mb4_general_ci;
/*!40101 SET character_set_client = @saved_cs_client */;

--
-- Dumping data for table `lifecycle_stages`
--

LOCK TABLES `lifecycle_stages` WRITE;
/*!40000 ALTER TABLE `lifecycle_stages` DISABLE KEYS */;
INSERT INTO `lifecycle_stages` VALUES (1,'URS',1,1),(2,'Concept & Design',2,1),(3,'Procurement/Fabrication',3,1),(4,'Installation & Commissioning',4,1),(5,'Operation',5,1),(6,'Maintenance/Servicing',6,1),(7,'Modification/Change Control',7,1),(8,'Decommissioning/Disposal',8,1),(9,'URS',1,1),(10,'Concept & Design',2,1),(11,'Procurement/Fabrication',3,1),(12,'Installation & Commissioning',4,1),(13,'Operation',5,1),(14,'Maintenance/Servicing',6,1),(15,'Modification/Change Control',7,1),(16,'Decommissioning/Disposal',8,1);
/*!40000 ALTER TABLE `lifecycle_stages` ENABLE KEYS */;
UNLOCK TABLES;

--
-- Table structure for table `manufacturing_steps`
--

DROP TABLE IF EXISTS `manufacturing_steps`;
/*!40101 SET @saved_cs_client     = @@character_set_client */;
/*!40101 SET character_set_client = utf8 */;
CREATE TABLE `manufacturing_steps` (
  `step_id` int(11) NOT NULL AUTO_INCREMENT,
  `step_name` varchar(100) NOT NULL,
  `step_order` int(11) NOT NULL,
  `duration` int(11) NOT NULL,
  PRIMARY KEY (`step_id`)
) ENGINE=InnoDB AUTO_INCREMENT=11 DEFAULT CHARSET=utf8mb4 COLLATE=utf8mb4_general_ci;
/*!40101 SET character_set_client = @saved_cs_client */;

--
-- Dumping data for table `manufacturing_steps`
--

LOCK TABLES `manufacturing_steps` WRITE;
/*!40000 ALTER TABLE `manufacturing_steps` DISABLE KEYS */;
INSERT INTO `manufacturing_steps` VALUES (1,'Mix Ingredients',1,60),(2,'Heat Mixture',2,45),(3,'Cool Mixture',3,30),(4,'Filter Solution',4,25),(5,'Add Preservatives',5,15),(6,'Stir Continuously',6,20),(7,'Quality Inspection',7,10),(8,'Fill Containers',8,35),(9,'Seal Containers',9,20),(10,'Label Containers',10,15);
/*!40000 ALTER TABLE `manufacturing_steps` ENABLE KEYS */;
UNLOCK TABLES;

--
-- Table structure for table `materials`
--

DROP TABLE IF EXISTS `materials`;
/*!40101 SET @saved_cs_client     = @@character_set_client */;
/*!40101 SET character_set_client = utf8 */;
CREATE TABLE `materials` (
  `MaterialID` int(11) NOT NULL AUTO_INCREMENT,
  `MaterialName` varchar(100) NOT NULL,
  `MaterialType` varchar(50) DEFAULT NULL,
  `is_hazardous` tinyint(1) DEFAULT 0,
  `Description` text DEFAULT NULL,
  `UnitOfMeasure` varchar(20) DEFAULT NULL,
  `StorageConditions` varchar(100) DEFAULT NULL,
  PRIMARY KEY (`MaterialID`)
) ENGINE=InnoDB AUTO_INCREMENT=9 DEFAULT CHARSET=utf8mb4 COLLATE=utf8mb4_general_ci;
/*!40101 SET character_set_client = @saved_cs_client */;

--
-- Dumping data for table `materials`
--

LOCK TABLES `materials` WRITE;
/*!40000 ALTER TABLE `materials` DISABLE KEYS */;
INSERT INTO `materials` VALUES (1,'Aspirin','API',0,'Pain reliever','kg','Room temperature'),(2,'Lactose','Excipient',0,'Filler','kg','Cool, dry place'),(3,'Paracetamol','API',0,'Pain and fever reliever','kg','Room temperature'),(4,'Magnesium Stearate','Excipient',0,'Lubricant','kg','Cool, dry place'),(5,'Ibuprofen','API',0,'Pain reliever and anti-inflammatory','kg','Room temperature'),(6,'Starch','Excipient',0,'Binder and disintegrant','kg','Cool, dry place'),(7,'Vitamin C','API',0,'Antioxidant and immune booster','kg','Room temperature'),(8,'Gelatin','Excipient',0,'Capsule shell','kg','Cool, dry place');
/*!40000 ALTER TABLE `materials` ENABLE KEYS */;
UNLOCK TABLES;

--
-- Table structure for table `measurementunit`
--

DROP TABLE IF EXISTS `measurementunit`;
/*!40101 SET @saved_cs_client     = @@character_set_client */;
/*!40101 SET character_set_client = utf8 */;
CREATE TABLE `measurementunit` (
  `UnitID` bigint(20) unsigned NOT NULL AUTO_INCREMENT,
  `UnitName` varchar(20) NOT NULL,
  `created_at` timestamp NOT NULL DEFAULT current_timestamp(),
  `updated_at` timestamp NOT NULL DEFAULT current_timestamp() ON UPDATE current_timestamp(),
  PRIMARY KEY (`UnitID`),
  UNIQUE KEY `UnitName` (`UnitName`)
) ENGINE=InnoDB AUTO_INCREMENT=4 DEFAULT CHARSET=utf8mb4 COLLATE=utf8mb4_general_ci;
/*!40101 SET character_set_client = @saved_cs_client */;

--
-- Dumping data for table `measurementunit`
--

LOCK TABLES `measurementunit` WRITE;
/*!40000 ALTER TABLE `measurementunit` DISABLE KEYS */;
INSERT INTO `measurementunit` VALUES (1,'kg','2025-02-25 15:06:13','2025-02-25 15:06:13'),(2,'liter','2025-02-25 15:06:13','2025-02-25 15:06:13'),(3,'ton','2025-02-25 15:06:13','2025-02-25 15:06:13');
/*!40000 ALTER TABLE `measurementunit` ENABLE KEYS */;
UNLOCK TABLES;

--
-- Table structure for table `milestones`
--

DROP TABLE IF EXISTS `milestones`;
/*!40101 SET @saved_cs_client     = @@character_set_client */;
/*!40101 SET character_set_client = utf8 */;
CREATE TABLE `milestones` (
  `milestone_id` int(11) NOT NULL AUTO_INCREMENT,
  `project_id` int(11) NOT NULL,
  `milestone_name` varchar(255) NOT NULL,
  `description` text DEFAULT NULL,
  `due_date` date DEFAULT NULL,
  `status` enum('Not Started','In Progress','Completed') DEFAULT 'Not Started',
  PRIMARY KEY (`milestone_id`),
  KEY `project_id` (`project_id`),
  CONSTRAINT `fk_milestone_project` FOREIGN KEY (`project_id`) REFERENCES `projects` (`project_id`)
) ENGINE=InnoDB DEFAULT CHARSET=utf8mb4 COLLATE=utf8mb4_unicode_ci;
/*!40101 SET character_set_client = @saved_cs_client */;

--
-- Dumping data for table `milestones`
--

LOCK TABLES `milestones` WRITE;
/*!40000 ALTER TABLE `milestones` DISABLE KEYS */;
/*!40000 ALTER TABLE `milestones` ENABLE KEYS */;
UNLOCK TABLES;

--
-- Table structure for table `ofi_details`
--

DROP TABLE IF EXISTS `ofi_details`;
/*!40101 SET @saved_cs_client     = @@character_set_client */;
/*!40101 SET character_set_client = utf8 */;
CREATE TABLE `ofi_details` (
  `ofi_id` int(11) NOT NULL AUTO_INCREMENT,
  `event_id` int(11) NOT NULL,
  `recommended_improvement` text NOT NULL,
  `implementation_status` enum('Pending','Implemented') DEFAULT 'Pending',
  PRIMARY KEY (`ofi_id`),
  KEY `event_id` (`event_id`),
  CONSTRAINT `ofi_details_ibfk_1` FOREIGN KEY (`event_id`) REFERENCES `operational_events` (`event_id`)
) ENGINE=InnoDB DEFAULT CHARSET=utf8mb4 COLLATE=utf8mb4_general_ci;
/*!40101 SET character_set_client = @saved_cs_client */;

--
-- Dumping data for table `ofi_details`
--

LOCK TABLES `ofi_details` WRITE;
/*!40000 ALTER TABLE `ofi_details` DISABLE KEYS */;
/*!40000 ALTER TABLE `ofi_details` ENABLE KEYS */;
UNLOCK TABLES;

--
-- Table structure for table `operational_events`
--

DROP TABLE IF EXISTS `operational_events`;
/*!40101 SET @saved_cs_client     = @@character_set_client */;
/*!40101 SET character_set_client = utf8 */;
CREATE TABLE `operational_events` (
  `event_id` int(11) NOT NULL AUTO_INCREMENT,
  `event_type` enum('Incident','Finding','OFI','Observation') NOT NULL,
  `event_subcategory` enum('Near Miss','Audit Finding','Regulatory Deviation','Good Practice') DEFAULT NULL,
  `description` text NOT NULL,
  `reported_by` int(11) NOT NULL,
  `department_id` int(11) NOT NULL,
  `status` enum('Open','In Progress','Closed') DEFAULT 'Open',
  `created_at` timestamp NOT NULL DEFAULT current_timestamp(),
  `updated_at` timestamp NOT NULL DEFAULT current_timestamp() ON UPDATE current_timestamp(),
  `likelihood` tinyint(1) DEFAULT NULL CHECK (`likelihood` between 1 and 5),
  `severity` tinyint(1) DEFAULT NULL CHECK (`severity` between 1 and 5),
  `risk_rating` int(11) DEFAULT NULL,
  `event_date` datetime DEFAULT NULL,
  `secondary_category_text` varchar(100) DEFAULT NULL,
  PRIMARY KEY (`event_id`),
  KEY `reported_by` (`reported_by`),
  KEY `department_id` (`department_id`),
  CONSTRAINT `operational_events_ibfk_1` FOREIGN KEY (`reported_by`) REFERENCES `people` (`people_id`),
  CONSTRAINT `operational_events_ibfk_2` FOREIGN KEY (`department_id`) REFERENCES `departments` (`department_id`)
) ENGINE=InnoDB AUTO_INCREMENT=11 DEFAULT CHARSET=utf8mb4 COLLATE=utf8mb4_general_ci;
/*!40101 SET character_set_client = @saved_cs_client */;

--
-- Dumping data for table `operational_events`
--

LOCK TABLES `operational_events` WRITE;
/*!40000 ALTER TABLE `operational_events` DISABLE KEYS */;
INSERT INTO `operational_events` VALUES (1,'Incident',NULL,'Chemical Spill in Lab',2,3,'Open','2025-03-13 13:50:14','2025-03-13 13:50:14',NULL,NULL,NULL,NULL,NULL),(2,'Finding',NULL,'test',7,12,'Open','2025-11-21 17:00:43','2025-11-21 17:00:43',2,3,6,NULL,'Training'),(3,'Finding',NULL,'test',7,12,'Open','2025-11-21 17:01:28','2025-11-21 17:01:28',2,3,6,NULL,'Training'),(4,'Incident',NULL,'test',29,42,'Open','2025-11-21 17:05:18','2025-11-21 17:05:18',2,2,4,NULL,'Injuries'),(5,'Finding',NULL,'test',2,8,'Open','2025-11-21 17:07:48','2025-11-21 17:07:48',2,3,6,NULL,'Equipment'),(6,'Finding',NULL,'test',28,8,'Open','2025-11-21 17:12:52','2025-11-21 17:12:52',1,3,3,NULL,'Material'),(7,'Finding',NULL,'ddss',7,43,'Open','2025-11-21 17:16:57','2025-11-21 17:16:57',2,3,6,NULL,'Material'),(8,'Finding',NULL,'sss',30,8,'Open','2025-11-21 17:33:55','2025-11-21 17:33:55',3,2,6,NULL,'Material'),(9,'Finding',NULL,'ss',2,13,'Open','2025-11-21 17:45:19','2025-11-21 17:45:19',2,3,6,NULL,'Material'),(10,'',NULL,'aaa',5,10,'Open','2025-11-21 18:02:31','2025-11-21 18:02:31',4,1,4,NULL,NULL);
/*!40000 ALTER TABLE `operational_events` ENABLE KEYS */;
UNLOCK TABLES;

--
-- Table structure for table `people`
--

DROP TABLE IF EXISTS `people`;
/*!40101 SET @saved_cs_client     = @@character_set_client */;
/*!40101 SET character_set_client = utf8 */;
CREATE TABLE `people` (
  `people_id` int(11) NOT NULL AUTO_INCREMENT,
  `FirstName` varchar(50) NOT NULL,
  `LastName` varchar(50) NOT NULL,
  `DateOfBirth` date DEFAULT NULL,
  `Email` varchar(100) DEFAULT NULL,
  `PhoneNumber` varchar(15) DEFAULT NULL,
  `Position` varchar(100) DEFAULT NULL,
  `company_id` int(11) DEFAULT NULL,
  `department_id` int(11) DEFAULT NULL,
  `IsActive` tinyint(1) DEFAULT 1,
  PRIMARY KEY (`people_id`),
  KEY `idx_position` (`Position`),
  KEY `idx_people_active` (`IsActive`),
  KEY `idx_people_company` (`company_id`),
  KEY `idx_people_department` (`department_id`),
  CONSTRAINT `fk_people_company` FOREIGN KEY (`company_id`) REFERENCES `vendor` (`company_id`) ON DELETE SET NULL ON UPDATE CASCADE,
  CONSTRAINT `fk_people_department` FOREIGN KEY (`department_id`) REFERENCES `departments` (`department_id`) ON DELETE SET NULL ON UPDATE CASCADE
) ENGINE=InnoDB AUTO_INCREMENT=4426 DEFAULT CHARSET=utf8mb4 COLLATE=utf8mb4_general_ci;
/*!40101 SET character_set_client = @saved_cs_client */;

--
-- Dumping data for table `people`
--

LOCK TABLES `people` WRITE;
/*!40000 ALTER TABLE `people` DISABLE KEYS */;
INSERT INTO `people` VALUES (1,'John','Smith',NULL,'john.smith@amneal.com',NULL,'Process Engineer',NULL,1,1),(2,'John','Doe','2024-11-06','john.doe@example.com','0862009741','Engineer',1,1,1),(3,'Ed','Murphy','2003-12-10','Ed@gg.com','0873266024','Technician',1,1,1),(4,'Ted','Rice','1965-10-16','ted@ddff.com','0862103256','Engineer',1,1,1),(5,'Olivier','Gras','1968-06-25','Olivier.Gras@amneal.com','0862009741','EHS Lead',1,9,1),(6,'John','Smyth','1985-03-14','john.doe@example.com','0861234567','Engineer',2,2,1),(7,'Jane','Smith','1990-07-22','jane.smith@example.com','0862345678','Technician',2,2,1),(8,'Alice','Johnson','1978-11-10','alice.johnson@example.com','0863456789','Manager',2,3,1),(9,'Bob','Brown','1995-02-28','bob.brown@example.com','0864567890','Analyst',2,3,1),(10,'Charlie','Davis','1982-05-05','charlie.davis@example.com','0865678901','Project Coordinator',3,3,1),(11,'Emily','White','1993-08-17','emily.white@example.com','0866789012','Pharmacist',3,4,1),(17,'Garry','Flyn','2024-10-29','sdfsd@xgfd.com','0877846340','Manager',3,4,1),(23,'System','Approver','1995-02-28','system.approver@example.com','0864567890','Project Coordinator',4,4,1),(28,'Andre','OMera','1971-06-25','Andrewras@gmail.com','0862550524','Manager',4,5,1),(29,'John','ODwyer','0195-06-12','john.odwyer@amneal.com','0872888476','Manager',1,5,1),(30,'System','Admin',NULL,'admin@amneal.ie',NULL,'Technician',5,6,1),(31,'N/A','N/A',NULL,'admin@amneal.ie',NULL,'Technician',5,6,1),(32,'Permit','-',NULL,'permit@amneal.com',NULL,'Technician',1,1,1),(33,'Ben','Percell',NULL,'ben.purcell@amneal.com',NULL,'Manager',1,5,1),(34,'Zita','ORourke',NULL,'',NULL,'Contractor',NULL,NULL,1),(35,'Winifred','Delahunty',NULL,'',NULL,'Contractor',NULL,NULL,1),(36,'Wilson','Varghese',NULL,'',NULL,'Contractor',NULL,NULL,1),(37,'Willie','Peacham',NULL,'',NULL,'Contractor',NULL,NULL,1),(38,'Willie','Carolan',NULL,'',NULL,'Contractor',NULL,NULL,1),(39,'William','Moore',NULL,'william.moore@amneal.com',NULL,'Facilities Supervisor',1,NULL,1),(40,'William','Fanning',NULL,'William.Fanning@amneal.com',NULL,'QC Specialist',1,NULL,1),(41,'William','Scanlon',NULL,'',NULL,'Contractor',NULL,NULL,1),(42,'William','Ryan',NULL,'',NULL,'Contractor',NULL,NULL,1),(43,'William','Nash',NULL,'',NULL,'Contractor',NULL,NULL,1),(44,'William','Mcdonald',NULL,'',NULL,'Contractor',NULL,NULL,1),(45,'William','Leen',NULL,'',NULL,'Contractor',NULL,NULL,1),(46,'William','Kiely',NULL,'',NULL,'Contractor',NULL,NULL,1),(47,'William','Kelly',NULL,'',NULL,'Contractor',NULL,NULL,1),(48,'William','Keane',NULL,'',NULL,'Contractor',NULL,NULL,1),(49,'William','Kavanagh',NULL,'',NULL,'Contractor',NULL,NULL,1),(50,'William','Hickey',NULL,'',NULL,'Contractor',NULL,NULL,1),(51,'William','Hennessy',NULL,'',NULL,'Contractor',NULL,NULL,1),(52,'William','Farrell',NULL,'',NULL,'Contractor',NULL,NULL,1),(53,'William','Donohoe',NULL,'',NULL,'Contractor',NULL,NULL,1),(54,'William','Coughlan',NULL,'',NULL,'Contractor',NULL,NULL,1),(55,'Wilbert','Jansen',NULL,'',NULL,'Contractor',NULL,NULL,1),(56,'Wesley','Ronan',NULL,'',NULL,'Contractor',NULL,NULL,1),(57,'Wayne','OLeary',NULL,'',NULL,'Contractor',NULL,NULL,1),(58,'Wayne','OCallaghan',NULL,'',NULL,'Contractor',NULL,NULL,1),(59,'Wayne','King',NULL,'',NULL,'Contractor',NULL,NULL,1),(60,'Wayne','OLeary',NULL,'',NULL,'Contractor',NULL,NULL,1),(61,'Vytautas','Merkelis',NULL,'',NULL,'Contractor',NULL,NULL,1),(62,'Vladimir','Valev',NULL,'',NULL,'Contractor',NULL,NULL,1),(63,'Vlad','Pepedi',NULL,'',NULL,'Contractor',NULL,NULL,1),(64,'Vita','Sirika',NULL,'',NULL,'Contractor',NULL,NULL,1),(65,'Vit','Malohlava',NULL,'',NULL,'Contractor',NULL,NULL,1),(66,'Vincent','McCartghy',NULL,'',NULL,'Contractor',NULL,NULL,1),(67,'Vincent','Brennan',NULL,'',NULL,'Contractor',NULL,NULL,1),(68,'Vincent','Slattery',NULL,'',NULL,'Contractor',NULL,NULL,1),(69,'Vijay','Sharma',NULL,'',NULL,'Operations',1,NULL,1),(70,'Velentina','Lazarova',NULL,'',NULL,'Contractor',NULL,NULL,1),(71,'Veacescau','Corovakie',NULL,'',NULL,'Contractor',NULL,NULL,1),(72,'Vangelis','Los',NULL,'',NULL,'Contractor',NULL,NULL,1),(73,'Valerie','Obrien',NULL,'',NULL,NULL,NULL,NULL,1),(74,'Twadar','Korpar',NULL,'',NULL,'Contractor',NULL,NULL,1),(75,'Trevor','Traynor',NULL,'',NULL,'Contractor',NULL,NULL,1),(76,'Trevor','Trainer',NULL,'',NULL,'Contractor',NULL,NULL,1),(77,'Trevor','Melbourne',NULL,'',NULL,'Contractor',NULL,NULL,1),(78,'Trevor','Keating',NULL,'',NULL,'Contractor',NULL,NULL,1),(79,'Trevor','Greene',NULL,'',NULL,'Contractor',NULL,NULL,1),(80,'Trevor','Fitzgerald',NULL,'',NULL,'Contractor',NULL,NULL,1),(81,'Trevor','Cowman',NULL,'',NULL,'Contractor',NULL,NULL,1),(82,'Trevor','Bradley',NULL,'',NULL,'Contractor',NULL,NULL,1),(83,'Trevor','Bell',NULL,'',NULL,'Contractor',NULL,NULL,1),(84,'Tracey','Walsh',NULL,'Tracey.Walsh@amneal.com',NULL,'GO',1,NULL,1),(85,'Torsten','Leibacher',NULL,'',NULL,'Contractor',NULL,NULL,1),(86,'Tony','Padden',NULL,'',NULL,'Contractor',NULL,NULL,1),(87,'Tony','ODriscoll',NULL,'',NULL,'Contractor',NULL,NULL,1),(88,'Tony','Murphy',NULL,'',NULL,'Contractor',NULL,NULL,1),(89,'Tony','Mccormack',NULL,'',NULL,'Contractor',NULL,NULL,1),(90,'Tony','Love',NULL,'',NULL,'Contractor',NULL,NULL,1),(91,'Tony','Love',NULL,'',NULL,'Contractor',NULL,NULL,1),(92,'Tony','Leahy',NULL,'',NULL,'Contractor',NULL,NULL,1),(93,'Tony','Keohane',NULL,'',NULL,'Contractor',NULL,NULL,1),(94,'Tony','Kennedy',NULL,'',NULL,'Contractor',NULL,NULL,1),(95,'Tony','Kavanagh',NULL,'',NULL,'Contractor',NULL,NULL,1),(96,'Tony','Curtin',NULL,'',NULL,'Contractor',NULL,NULL,1),(97,'Tony','Barry',NULL,'',NULL,'Contractor',NULL,NULL,1),(98,'Tony','Barnes',NULL,'',NULL,'Contractor',NULL,NULL,1),(99,'Toni','OSullivan',NULL,'',NULL,'Contractor',NULL,NULL,1),(100,'Tommy','Perry',NULL,'',NULL,'Contractor',NULL,NULL,1),(101,'Tommy','Feeley',NULL,'',NULL,'Contractor',NULL,NULL,1),(102,'Tomica','brezovec',NULL,'',NULL,'Contractor',NULL,NULL,1),(103,'Tomasz','Sajkowski',NULL,'',NULL,'Contractor',NULL,NULL,1),(104,'Tom','Slattery',NULL,'',NULL,'Contractor',NULL,NULL,1),(105,'Tom','Seakens',NULL,'',NULL,'Contractor',NULL,NULL,1),(106,'Tom','Rossiter',NULL,'',NULL,'Contractor',NULL,NULL,1),(107,'Tom','Ralph',NULL,'',NULL,'Contractor',NULL,NULL,1),(108,'Tom','Quinn',NULL,'',NULL,'Contractor',NULL,NULL,1),(109,'Tom','Phelan',NULL,'',NULL,'Contractor',NULL,NULL,1),(110,'Tom','OBrien',NULL,'',NULL,'Contractor',NULL,NULL,1),(111,'Tom','OBrien',NULL,'',NULL,'Contractor',NULL,NULL,1),(112,'Tom','Mcgrath',NULL,'',NULL,'Contractor',NULL,NULL,1),(113,'Tom','Mccormack',NULL,'',NULL,'Contractor',NULL,NULL,1),(114,'Tom','Mcconnell',NULL,'',NULL,'Contractor',NULL,NULL,1),(115,'Tom','Mc cormack',NULL,'',NULL,'Contractor',NULL,NULL,1),(116,'Tom','Kelly',NULL,'',NULL,'Contractor',NULL,NULL,1),(117,'Tom','Hough',NULL,'',NULL,'Contractor',NULL,NULL,1),(118,'Tom','Gaul',NULL,'',NULL,'Contractor',NULL,NULL,1),(119,'Tom','Farmer',NULL,'',NULL,'Contractor',NULL,NULL,1),(120,'Tom','Curran',NULL,'',NULL,'Contractor',NULL,NULL,1),(121,'Tom','Byron',NULL,'',NULL,'Contractor',NULL,NULL,1),(122,'Tom','regan',NULL,'',NULL,'Contractor',NULL,NULL,1),(123,'Tom','ferris',NULL,'',NULL,'Contractor',NULL,NULL,1),(124,'Toby','willmott',NULL,'',NULL,'Contractor',NULL,NULL,1),(125,'Tina','Barry',NULL,'',NULL,'Contractor',NULL,NULL,1),(126,'Timo','Schindler',NULL,'',NULL,'Contractor',NULL,NULL,1),(127,'Timmy','lilies',NULL,'',NULL,'Contractor',NULL,NULL,1),(128,'Tim','Cotter',NULL,'',NULL,'Contractor',NULL,NULL,1),(129,'Tim','Coleman',NULL,'',NULL,'Contractor',NULL,NULL,1),(130,'Tim','Angland',NULL,'',NULL,'Contractor',NULL,NULL,1),(131,'Tilda','murray',NULL,'',NULL,'Contractor',NULL,NULL,1),(132,'Tiernan','Brennan',NULL,'',NULL,'Contractor',NULL,NULL,1),(133,'Thomas','D\'Alton',NULL,'',NULL,NULL,NULL,NULL,1),(134,'Thomas','Sharkey',NULL,'',NULL,'Contractor',NULL,NULL,1),(135,'Thomas','Rice',NULL,'',NULL,'Contractor',NULL,NULL,1),(136,'Thomas','Quinn bailie',NULL,'',NULL,'Contractor',NULL,NULL,1),(137,'Thomas','Purcell',NULL,'',NULL,'Contractor',NULL,NULL,1),(138,'Thomas','Peters',NULL,'',NULL,'Contractor',NULL,NULL,1),(139,'Thomas','OSullivan',NULL,'',NULL,'Contractor',NULL,NULL,1),(140,'Thomas','OConnor',NULL,'',NULL,'Contractor',NULL,NULL,1),(141,'Thomas','Nolan',NULL,'',NULL,'Contractor',NULL,NULL,1),(142,'Thomas','Newman',NULL,'',NULL,'Contractor',NULL,NULL,1),(143,'Thomas','Morrissey',NULL,'',NULL,'Contractor',NULL,NULL,1),(144,'Thomas','Mealy',NULL,'',NULL,'Contractor',NULL,NULL,1),(145,'Thomas','Martin',NULL,'',NULL,'Contractor',NULL,NULL,1),(146,'Thomas','Kutty',NULL,'',NULL,'Contractor',NULL,NULL,1),(147,'Thomas','Kiely',NULL,'',NULL,'Contractor',NULL,NULL,1),(148,'Thomas','Kelly',NULL,'',NULL,'Contractor',NULL,NULL,1),(149,'Thomas','Kavanagh',NULL,'',NULL,'Contractor',NULL,NULL,1),(150,'Thomas','Kane',NULL,'',NULL,'Contractor',NULL,NULL,1),(151,'Thomas','Galvin',NULL,'',NULL,'Contractor',NULL,NULL,1),(152,'Thomas','Carroll',NULL,'',NULL,'Contractor',NULL,NULL,1),(153,'Thomas','Cambridge',NULL,'',NULL,'Contractor',NULL,NULL,1),(154,'Thomas','Braun',NULL,'',NULL,'Contractor',NULL,NULL,1),(155,'Thomas','Bellen',NULL,'',NULL,'Contractor',NULL,NULL,1),(156,'Thomas','ralph',NULL,'',NULL,'Contractor',NULL,NULL,1),(157,'Thomas','doherty',NULL,'',NULL,'Contractor',NULL,NULL,1),(158,'Thomas','Butler',NULL,'',NULL,'Contractor',NULL,NULL,1),(159,'Tery','Scanlon',NULL,'',NULL,'Contractor',NULL,NULL,1),(160,'Taylor','Zhao',NULL,'',NULL,'Contractor',NULL,NULL,1),(161,'Tatianna','Slattery',NULL,'',NULL,'Contractor',NULL,NULL,1),(162,'Tara','Spencer',NULL,'',NULL,'Contractor',NULL,NULL,1),(163,'Taght','Buckley',NULL,'',NULL,'Contractor',NULL,NULL,1),(164,'Tadhg','Riordan',NULL,'',NULL,'Contractor',NULL,NULL,1),(165,'Tadhg','Buckley',NULL,'',NULL,'Contractor',NULL,NULL,1),(166,'Tadgh','Prendergast',NULL,'',NULL,'Contractor',NULL,NULL,1),(167,'Tadgh','OHanlon',NULL,'',NULL,'Contractor',NULL,NULL,1),(168,'Tadgh','Mccarthy',NULL,'',NULL,'Contractor',NULL,NULL,1),(169,'Tadgh','Buckley',NULL,'',NULL,'Contractor',NULL,NULL,1),(170,'T.j.','Kelly',NULL,'',NULL,'Contractor',NULL,NULL,1),(171,'Szimon','Sara',NULL,'',NULL,'Contractor',NULL,NULL,1),(172,'Sylwia','Boguska',NULL,'Sylwia.Boguska@amneal.com',NULL,'GO',1,NULL,1),(173,'Syed','Ali',NULL,'',NULL,'Contractor',NULL,NULL,1),(174,'Swathi','Saji',NULL,'Swathi.Saji@amneal.com',NULL,'IPQA Personnel',1,NULL,1),(175,'Suzanne','Dunne',NULL,'',NULL,'Contractor',NULL,NULL,1),(176,'Susan','Landy',NULL,'',NULL,'Contractor',NULL,NULL,1),(177,'Susan','Lambert',NULL,'',NULL,'Contractor',NULL,NULL,1),(178,'Susan','Byrne',NULL,'',NULL,'Contractor',NULL,NULL,1),(179,'Styanly','Anchan',NULL,'',NULL,'QC Lab Analyst',1,NULL,1),(180,'Stuart','OKennedy',NULL,'',NULL,'Contractor',NULL,NULL,1),(181,'Stuart','Bird',NULL,'',NULL,'Contractor',NULL,NULL,1),(182,'Stphen','Murphy',NULL,'',NULL,'Contractor',NULL,NULL,1),(183,'Steven','Quirke',NULL,'',NULL,'Contractor',NULL,NULL,1),(184,'Steven','Palmer',NULL,'',NULL,'Contractor',NULL,NULL,1),(185,'Steven','Foster',NULL,'',NULL,'Contractor',NULL,NULL,1),(186,'Steven','Curran',NULL,'',NULL,'Contractor',NULL,NULL,1),(187,'Steven','Bowes',NULL,'',NULL,'Contractor',NULL,NULL,1),(188,'Steven','barnikel',NULL,'',NULL,'Contractor',NULL,NULL,1),(189,'Steve','Mcdonnell',NULL,'',NULL,'Contractor',NULL,NULL,1),(190,'Steve','Evered',NULL,'',NULL,'Contractor',NULL,NULL,1),(191,'Steve','Everard',NULL,'',NULL,'Contractor',NULL,NULL,1),(192,'Steve','Daly',NULL,'',NULL,'Contractor',NULL,NULL,1),(193,'Stephn','Mulcahy',NULL,'',NULL,'Contractor',NULL,NULL,1),(194,'Stephen','Downling',NULL,'',NULL,NULL,NULL,NULL,1),(195,'Stephen','Thompson',NULL,'',NULL,'Contractor',NULL,NULL,1),(196,'Stephen','Staunton',NULL,'',NULL,'Contractor',NULL,NULL,1),(197,'Stephen','Smith',NULL,'',NULL,'Contractor',NULL,NULL,1),(198,'Stephen','Quirke',NULL,'',NULL,'Contractor',NULL,NULL,1),(199,'Stephen','Prendergast',NULL,'',NULL,'Contractor',NULL,NULL,1),(200,'Stephen','ODriscoll',NULL,'',NULL,'Contractor',NULL,NULL,1),(201,'Stephen','OBrien',NULL,'',NULL,'Contractor',NULL,NULL,1),(202,'Stephen','Murphy',NULL,'',NULL,'Contractor',NULL,NULL,1),(203,'Stephen','Mc guick',NULL,'',NULL,'Contractor',NULL,NULL,1),(204,'Stephen','Malone',NULL,'',NULL,'Contractor',NULL,NULL,1),(205,'Stephen','Landon',NULL,'',NULL,'Contractor',NULL,NULL,1),(206,'Stephen','Kirwan',NULL,'',NULL,'Contractor',NULL,NULL,1),(207,'Stephen','Kinsella',NULL,'',NULL,'Contractor',NULL,NULL,1),(208,'Stephen','Kennefick',NULL,'',NULL,'Contractor',NULL,NULL,1),(209,'Stephen','Holohan',NULL,'',NULL,'Contractor',NULL,NULL,1),(210,'Stephen','Hayes',NULL,'',NULL,'Contractor',NULL,NULL,1),(211,'Stephen','Halligan',NULL,'',NULL,'Contractor',NULL,NULL,1),(212,'Stephen','Goold',NULL,'',NULL,'Contractor',NULL,NULL,1),(213,'Stephen','Flynn',NULL,'',NULL,'Contractor',NULL,NULL,1),(214,'Stephen','Ennis',NULL,'',NULL,'Contractor',NULL,NULL,1),(215,'Stephen','Doyle',NULL,'',NULL,'Contractor',NULL,NULL,1),(216,'Stephen','Delaney',NULL,'',NULL,'Contractor',NULL,NULL,1),(217,'Stephen','Cloona',NULL,'',NULL,'Contractor',NULL,NULL,1),(218,'Stephen','Clancy',NULL,'',NULL,'Contractor',NULL,NULL,1),(219,'Stephen','Byrne',NULL,'',NULL,'Contractor',NULL,NULL,1),(220,'Stephen','ONeill',NULL,'',NULL,'Contractor',NULL,NULL,1),(221,'Stephen','shea',NULL,'',NULL,'Contractor',NULL,NULL,1),(222,'Stephen','malone',NULL,'',NULL,'Contractor',NULL,NULL,1),(223,'Stephen','clancy',NULL,'',NULL,'Contractor',NULL,NULL,1),(224,'Stephan','OSullivan',NULL,'',NULL,'Contractor',NULL,NULL,1),(225,'Stephan','Mulcahy',NULL,'',NULL,'Contractor',NULL,NULL,1),(226,'Stephan','Lonergan',NULL,'',NULL,'Contractor',NULL,NULL,1),(227,'Stephan','Kinsella',NULL,'',NULL,'Contractor',NULL,NULL,1),(228,'Stephan','Foran',NULL,'',NULL,'Contractor',NULL,NULL,1),(229,'Stephan','Flood',NULL,'',NULL,'Contractor',NULL,NULL,1),(230,'Stephan','Ennis',NULL,'',NULL,'Contractor',NULL,NULL,1),(231,'Stephan','Coughlan',NULL,'',NULL,'Contractor',NULL,NULL,1),(232,'Stephan','Actan',NULL,'',NULL,'Contractor',NULL,NULL,1),(233,'Stelian','Stamule',NULL,'',NULL,'Contractor',NULL,NULL,1),(234,'Steffen','Schile',NULL,'',NULL,'Contractor',NULL,NULL,1),(235,'Stefan','Ryan',NULL,'',NULL,'Contractor',NULL,NULL,1),(236,'Stamuli','Stelian',NULL,'',NULL,'Contractor',NULL,NULL,1),(237,'Stacey','Coffey',NULL,'',NULL,'Contractor',NULL,NULL,1),(238,'Sophie','Knox',NULL,'',NULL,'Contractor',NULL,NULL,1),(239,'Sonia','OConnell',NULL,'',NULL,'Contractor',NULL,NULL,1),(240,'Sofiane','Guerdi',NULL,'',NULL,'Contractor',NULL,NULL,1),(241,'Sobharani','Uppada',NULL,'',NULL,'Contractor',NULL,NULL,1),(242,'Slawomir','Wlodarczyk',NULL,'',NULL,'Contractor',NULL,NULL,1),(243,'Slawomir','Osika',NULL,'',NULL,'Contractor',NULL,NULL,1),(244,'Slawomir','Krawczyk',NULL,'',NULL,'Contractor',NULL,NULL,1),(245,'Slawohir','Pedzich',NULL,'',NULL,'Contractor',NULL,NULL,1),(246,'Siobhan','ODonnell',NULL,'Siobhan.ODonnell@amneal.com',NULL,'Administrative',1,NULL,1),(247,'Siobhan','Leonard',NULL,'',NULL,'External',NULL,NULL,1),(248,'Siobhan','Doherty',NULL,'',NULL,'Contractor',NULL,NULL,1),(249,'Sinead','Phelan',NULL,'',NULL,'Contractor',NULL,NULL,1),(250,'Simon','Cooper',NULL,'simon.cooper@amneal.com',NULL,NULL,1,NULL,1),(251,'Simon','Boyd',NULL,'',NULL,'Contractor',NULL,NULL,1),(252,'Simon','Ward',NULL,'',NULL,'Contractor',NULL,NULL,1),(253,'Simon','OMeara',NULL,'',NULL,'Contractor',NULL,NULL,1),(254,'Simon','King',NULL,'',NULL,'Contractor',NULL,NULL,1),(255,'Simon','Doyle',NULL,'',NULL,'Contractor',NULL,NULL,1),(256,'Shaun','Forde',NULL,'',NULL,'Contractor',NULL,NULL,1),(257,'Shaun','Costigan',NULL,'',NULL,'Contractor',NULL,NULL,1),(258,'Shannon','Fitzgerald',NULL,'',NULL,'Contractor',NULL,NULL,1),(259,'Shane','Woods',NULL,'Shane.Woods@amneal.com',NULL,'Engineer Support',1,NULL,1),(260,'Shane','Lynch',NULL,'',NULL,'GO',1,NULL,1),(261,'Shane','Connelly',NULL,'',NULL,'Contractor',NULL,NULL,1),(262,'Shane','Shanahan',NULL,'',NULL,'Contractor',NULL,NULL,1),(263,'Shane','Ryan',NULL,'',NULL,'Contractor',NULL,NULL,1),(264,'Shane','Pomphrett',NULL,'',NULL,'Contractor',NULL,NULL,1),(265,'Shane','OSullivan',NULL,'',NULL,'Contractor',NULL,NULL,1),(266,'Shane','OShaughney',NULL,'',NULL,'Contractor',NULL,NULL,1),(267,'Shane','ODwyer',NULL,'',NULL,'Contractor',NULL,NULL,1),(268,'Shane','Noonan',NULL,'',NULL,'Contractor',NULL,NULL,1),(269,'Shane','Moriarty',NULL,'',NULL,'Contractor',NULL,NULL,1),(270,'Shane','Molyneaux',NULL,'',NULL,'Contractor',NULL,NULL,1),(271,'Shane','Meade',NULL,'',NULL,'Contractor',NULL,NULL,1),(272,'Shane','Mcgrath',NULL,'',NULL,'Contractor',NULL,NULL,1),(273,'Shane','Mccarthy',NULL,'',NULL,'Contractor',NULL,NULL,1),(274,'Shane','Madigan',NULL,'',NULL,'Contractor',NULL,NULL,1),(275,'Shane','Lonegan',NULL,'',NULL,'Contractor',NULL,NULL,1),(276,'Shane','Lennon',NULL,'',NULL,'Contractor',NULL,NULL,1),(277,'Shane','Lawlor',NULL,'',NULL,'Contractor',NULL,NULL,1),(278,'Shane','Lanigan',NULL,'',NULL,'Contractor',NULL,NULL,1),(279,'Shane','Holton',NULL,'',NULL,'Contractor',NULL,NULL,1),(280,'Shane','Hanrahan',NULL,'',NULL,'Contractor',NULL,NULL,1),(281,'Shane','Grogan',NULL,'',NULL,'Contractor',NULL,NULL,1),(282,'Shane','Greene',NULL,'',NULL,'Contractor',NULL,NULL,1),(283,'Shane','Egan',NULL,'',NULL,'Contractor',NULL,NULL,1),(284,'Shane','Donnelly',NULL,'',NULL,'Contractor',NULL,NULL,1),(285,'Shane','Hanrahan',NULL,'',NULL,'Analyst',NULL,NULL,1),(286,'Shane','ryan',NULL,'',NULL,'Contractor',NULL,NULL,1),(287,'Shane','OSullivan',NULL,'',NULL,'Contractor',NULL,NULL,1),(288,'Sergiy','Galchuk',NULL,'',NULL,'Contractor',NULL,NULL,1),(289,'Sergiu','Muresan',NULL,'',NULL,'Contractor',NULL,NULL,1),(290,'Sergiu','Mereacre',NULL,'',NULL,'Contractor',NULL,NULL,1),(291,'Sergiu','Bors',NULL,'',NULL,'Contractor',NULL,NULL,1),(292,'Sergiej','Nikitin',NULL,'',NULL,'Contractor',NULL,NULL,1),(293,'Sergejs','Konovalovs',NULL,'',NULL,'Contractor',NULL,NULL,1),(294,'Serena','ODwyer',NULL,'',NULL,'Contractor',NULL,NULL,1),(295,'Seosamh','Regan',NULL,'',NULL,'Contractor',NULL,NULL,1),(296,'Sebastian','Andrzejewski',NULL,'',NULL,'Contractor',NULL,NULL,1),(297,'Sean-lee','Kelly',NULL,'',NULL,'Contractor',NULL,NULL,1),(298,'Sean','Barlow',NULL,'',NULL,'Microbiology Personnel',1,NULL,1),(299,'Sean','OConnor',NULL,'',NULL,'Warehouse Personnel',1,NULL,1),(300,'Sean','ORiordan',NULL,'',NULL,'Contractor',1,NULL,1),(301,'Sean','Walsh',NULL,'',NULL,'Contractor',NULL,NULL,1),(302,'Sean','Ryan',NULL,'',NULL,'Contractor',NULL,NULL,1),(303,'Sean','Quilty',NULL,'',NULL,'Contractor',NULL,NULL,1),(304,'Sean','OSullivan',NULL,'',NULL,'Contractor',NULL,NULL,1),(305,'Sean','Murphy',NULL,'',NULL,'Contractor',NULL,NULL,1),(306,'Sean','Mulholland',NULL,'',NULL,'Contractor',NULL,NULL,1),(307,'Sean','Moloney',NULL,'',NULL,'Contractor',NULL,NULL,1),(308,'Sean','Mcglynn',NULL,'',NULL,'Contractor',NULL,NULL,1),(309,'Sean','Mcgee',NULL,'',NULL,'Contractor',NULL,NULL,1),(310,'Sean','Loonam',NULL,'',NULL,'Contractor',NULL,NULL,1),(311,'Sean','Kennedy',NULL,'',NULL,'Contractor',NULL,NULL,1),(312,'Sean','Kelly',NULL,'',NULL,'Contractor',NULL,NULL,1),(313,'Sean','Kelleher',NULL,'',NULL,'Contractor',NULL,NULL,1),(314,'Sean','Heron',NULL,'',NULL,'Contractor',NULL,NULL,1),(315,'Sean','Healy',NULL,'',NULL,'Contractor',NULL,NULL,1),(316,'Sean','Guerin',NULL,'',NULL,'Contractor',NULL,NULL,1),(317,'Sean','Flynn',NULL,'',NULL,'Contractor',NULL,NULL,1),(318,'Sean','Fitzpatrick',NULL,'',NULL,'Contractor',NULL,NULL,1),(319,'Sean','Crotty',NULL,'',NULL,'Contractor',NULL,NULL,1),(320,'Sean','Coloe',NULL,'',NULL,'Contractor',NULL,NULL,1),(321,'Sean','Coding',NULL,'',NULL,'Contractor',NULL,NULL,1),(322,'Sean','Arrowsmith',NULL,'',NULL,'Contractor',NULL,NULL,1),(323,'Sean','mc mahon',NULL,'',NULL,'Contractor',NULL,NULL,1),(324,'Seamus','ODonohoe',NULL,'',NULL,'Contractor',NULL,NULL,1),(325,'Seamus','Mcgrath',NULL,'',NULL,'Contractor',NULL,NULL,1),(326,'Seamus','Mc donald',NULL,'',NULL,'Contractor',NULL,NULL,1),(327,'Seamus','Holohan',NULL,'',NULL,'Contractor',NULL,NULL,1),(328,'Seamus','Greene',NULL,'',NULL,'Contractor',NULL,NULL,1),(329,'Seamus','Dunphy',NULL,'',NULL,'Contractor',NULL,NULL,1),(330,'Seamus','Delahunty',NULL,'',NULL,'Contractor',NULL,NULL,1),(331,'Seamus','Corcoran',NULL,'',NULL,'Contractor',NULL,NULL,1),(332,'Seamus','Copse',NULL,'',NULL,'Contractor',NULL,NULL,1),(333,'Seamus','Armstrong',NULL,'',NULL,'Contractor',NULL,NULL,1),(334,'Seamus','jordan',NULL,'',NULL,'Contractor',NULL,NULL,1),(335,'Seamus','Greene',NULL,'',NULL,'Contractor',NULL,NULL,1),(336,'Scout','Hanna',NULL,'',NULL,'Contractor',NULL,NULL,1),(337,'Scott','Hatch',NULL,'scott.hatch@amneal.com',NULL,NULL,1,NULL,1),(338,'Scott','Lee',NULL,'',NULL,'Contractor',NULL,NULL,1),(339,'Saulius','Novikovas',NULL,'',NULL,'Contractor',NULL,NULL,1),(340,'Sasha','Turcen',NULL,'',NULL,'Contractor',NULL,NULL,1),(341,'Sarah','Brassil',NULL,'sarah.brassil@amneal.com',NULL,'HR Generalist',1,NULL,1),(342,'Sarah','Kingston',NULL,'',NULL,'Contractor',NULL,NULL,1),(343,'Sarah','Jones',NULL,'',NULL,'Contractor',NULL,NULL,1),(344,'Sarah','Boles',NULL,'',NULL,'Contractor',NULL,NULL,1),(345,'Sanraj','Datta',NULL,'',NULL,'QC Specialist',NULL,NULL,1),(346,'Sanjay','Shah',NULL,'',NULL,'Contractor',NULL,NULL,1),(347,'Sandris','beckovs',NULL,'',NULL,'Contractor',NULL,NULL,1),(348,'Sandra','Maher',NULL,'',NULL,'Contractor',NULL,NULL,1),(349,'Sandor','dezmeri',NULL,'',NULL,'Contractor',NULL,NULL,1),(350,'Sander','Dezmeri',NULL,'',NULL,'Contractor',NULL,NULL,1),(351,'Samantha','OBrien',NULL,'Samantha.obrien@gmail.com',NULL,'GO',1,NULL,1),(352,'SaiLohit','Cherukuvada',NULL,'',NULL,'Analyst',1,NULL,1),(353,'Sabrina','Cummins',NULL,'',NULL,'Contractor',NULL,NULL,1),(354,'Ryan','Hennessy',NULL,'',NULL,'Contractor',NULL,NULL,1),(355,'Ryan','bradley',NULL,'',NULL,'Contractor',NULL,NULL,1),(356,'Russell','Saunders',NULL,'',NULL,'Contractor',NULL,NULL,1),(357,'Roy','Werst',NULL,'',NULL,'Contractor',NULL,NULL,1),(358,'Ross','Kelleher',NULL,'',NULL,'Contractor',NULL,NULL,1),(359,'Ross','Hollands',NULL,'',NULL,'Contractor',NULL,NULL,1),(360,'Ross','Geraghty',NULL,'',NULL,'Contractor',NULL,NULL,1),(361,'Ross','Darcy',NULL,'',NULL,'Contractor',NULL,NULL,1),(362,'Ross','Andrews',NULL,'',NULL,'Contractor',NULL,NULL,1),(363,'Rosie','OSullivan',NULL,'',NULL,'Contractor',NULL,NULL,1),(364,'Rosie','OSullivan',NULL,'',NULL,'Contractor',NULL,NULL,1),(365,'Rory','O\'connell',NULL,'',NULL,'Contractor',NULL,NULL,1),(366,'Rory','OConnell',NULL,'',NULL,'Contractor',NULL,NULL,1),(367,'Rory','Kavanagh',NULL,'',NULL,'Contractor',NULL,NULL,1),(368,'Ronan','Harrington',NULL,'',NULL,'Contractor',NULL,NULL,1),(369,'Ronan','Ftzgerald',NULL,'',NULL,'Contractor',NULL,NULL,1),(370,'Ronan','Dunphy',NULL,'',NULL,'Contractor',NULL,NULL,1),(371,'Ronaldas','Cicirka',NULL,'',NULL,'Contractor',NULL,NULL,1),(372,'Romuald','Kolodziej',NULL,'',NULL,'Contractor',NULL,NULL,1),(373,'Romans','Zaicevs',NULL,'',NULL,'Contractor',NULL,NULL,1),(374,'Rolf','Siegmund',NULL,'',NULL,'Contractor',NULL,NULL,1),(375,'Robyn','Spencer',NULL,'',NULL,'Contractor',NULL,NULL,1),(376,'Robert','Duggan',NULL,'robert.duggan@amneal.com',NULL,NULL,1,NULL,1),(377,'Robert','Wilkinson',NULL,'',NULL,'Contractor',NULL,NULL,1),(378,'Robert','Vaughan',NULL,'',NULL,'Contractor',NULL,NULL,1),(379,'Robert','Tobin',NULL,'',NULL,'Contractor',NULL,NULL,1),(380,'Robert','Sikora',NULL,'',NULL,'Contractor',NULL,NULL,1),(381,'Robert','Radzabov',NULL,'',NULL,'Contractor',NULL,NULL,1),(382,'Robert','Power',NULL,'',NULL,'Contractor',NULL,NULL,1),(383,'Robert','ONeill',NULL,'',NULL,'Contractor',NULL,NULL,1),(384,'Robert','Nowak',NULL,'',NULL,'Contractor',NULL,NULL,1),(385,'Robert','Mulcahy',NULL,'',NULL,'Contractor',NULL,NULL,1),(386,'Robert','Milligan',NULL,'',NULL,'Contractor',NULL,NULL,1),(387,'Robert','Mckelvey',NULL,'',NULL,'Contractor',NULL,NULL,1),(388,'Robert','Mccarthy',NULL,'',NULL,'Contractor',NULL,NULL,1),(389,'Robert','Mc kelvey',NULL,'',NULL,'Contractor',NULL,NULL,1),(390,'Robert','Mazurek',NULL,'',NULL,'Contractor',NULL,NULL,1),(391,'Robert','Lynch',NULL,'',NULL,'Contractor',NULL,NULL,1),(392,'Robert','Keane',NULL,'',NULL,'Contractor',NULL,NULL,1),(393,'Robert','Doyle',NULL,'',NULL,'Contractor',NULL,NULL,1),(394,'Robert','Doherty',NULL,'',NULL,'Contractor',NULL,NULL,1),(395,'Robert','Davern',NULL,'',NULL,'Contractor',NULL,NULL,1),(396,'Robert','Curran',NULL,'',NULL,'Contractor',NULL,NULL,1),(397,'Robert','Casey',NULL,'',NULL,'Contractor',NULL,NULL,1),(398,'Robert','Breedy',NULL,'',NULL,'Contractor',NULL,NULL,1),(399,'Robert','sikora',NULL,'',NULL,'Contractor',NULL,NULL,1),(400,'Robert','mulcahy',NULL,'',NULL,'Contractor',NULL,NULL,1),(401,'Robert','mc kelvey',NULL,'',NULL,'Contractor',NULL,NULL,1),(402,'Robert','malone',NULL,'',NULL,'Contractor',NULL,NULL,1),(403,'Rob','Carney',NULL,'',NULL,'Contractor',NULL,NULL,1),(404,'Rizwan','Changez',NULL,'',NULL,'Contractor',NULL,NULL,1),(405,'Riddhesh','Sahu',NULL,'riddhesh.sahu@amneal.com',NULL,NULL,1,NULL,1),(406,'Rick','Mccarthy',NULL,'',NULL,'Contractor',NULL,NULL,1),(407,'Richie','Ryan',NULL,'',NULL,'GO',1,NULL,1),(408,'Richie','Stirling',NULL,'',NULL,'Contractor',NULL,NULL,1),(409,'Richie','Power',NULL,'',NULL,'Contractor',NULL,NULL,1),(410,'Richard','Ronayne',NULL,'',NULL,'Contractor',NULL,NULL,1),(411,'Richard','Peacock',NULL,'',NULL,'Contractor',NULL,NULL,1),(412,'Richard','Murphy',NULL,'',NULL,'Contractor',NULL,NULL,1),(413,'Richard','Mulvihill',NULL,'',NULL,'Contractor',NULL,NULL,1),(414,'Richard','Moran',NULL,'',NULL,'Contractor',NULL,NULL,1),(415,'Richard','Duggan',NULL,'',NULL,'Contractor',NULL,NULL,1),(416,'Richard','Cullinane',NULL,'',NULL,'Contractor',NULL,NULL,1),(417,'Richard','Cooper',NULL,'',NULL,'Contractor',NULL,NULL,1),(418,'Richard','Barry',NULL,'',NULL,'Contractor',NULL,NULL,1),(419,'Renata','Styrna',NULL,'',NULL,'Contractor',NULL,NULL,1),(420,'Renata','Sieja',NULL,'',NULL,'Contractor',NULL,NULL,1),(421,'Remigius','Skawinski',NULL,'',NULL,'Contractor',NULL,NULL,1),(422,'Regina','Robinson',NULL,'',NULL,'Contractor',NULL,NULL,1),(423,'Rebecca','OCallaghan',NULL,'',NULL,'Contractor',NULL,NULL,1),(424,'Rebecca','Grant',NULL,'',NULL,'Contractor',NULL,NULL,1),(425,'Raymond','Burgess',NULL,'',NULL,'Contractor',NULL,NULL,1),(426,'Ray','Waters',NULL,'',NULL,'Contractor',NULL,NULL,1),(427,'Ray','Sparling',NULL,'',NULL,'Contractor',NULL,NULL,1),(428,'Ray','Power',NULL,'',NULL,'Contractor',NULL,NULL,1),(429,'Ray','Nash',NULL,'',NULL,'Contractor',NULL,NULL,1),(430,'Ray','Hill',NULL,'',NULL,'Contractor',NULL,NULL,1),(431,'Ray','Harding',NULL,'',NULL,'Contractor',NULL,NULL,1),(432,'Ray','Cummins',NULL,'',NULL,'Contractor',NULL,NULL,1),(433,'Ray','Connety',NULL,'',NULL,'Contractor',NULL,NULL,1),(434,'Ray','Bergin',NULL,'',NULL,'Contractor',NULL,NULL,1),(435,'Raviteja','Udatha',NULL,'',NULL,'Quality Assurance 1st',NULL,NULL,1),(436,'Ravi','Achanta',NULL,'',NULL,'Contractor',NULL,NULL,1),(437,'Raru','Silaghi',NULL,'',NULL,'Contractor',NULL,NULL,1),(438,'Ramon','Kelderman',NULL,'',NULL,'Contractor',NULL,NULL,1),(439,'Ramon','Iamayo',NULL,'',NULL,'Contractor',NULL,NULL,1),(440,'Rakesh','Shekhar',NULL,'',NULL,'Contractor',NULL,NULL,1),(441,'Rajesh','Jain',NULL,'rajesh.jain@amneal.com',NULL,NULL,1,NULL,1),(442,'Raja','Vunnam',NULL,'raja.vunnam@amneal.com',NULL,'Contractor',NULL,NULL,1),(443,'Rafal','Turczyn',NULL,'',NULL,'Contractor',NULL,NULL,1),(444,'Rafal','Kozuch',NULL,'',NULL,'Contractor',NULL,NULL,1),(445,'Radu','Vataman',NULL,'',NULL,'Contractor',NULL,NULL,1),(446,'Pruthvi','Patel',NULL,'',NULL,'Analyst',1,NULL,1),(447,'Priyanka','Kharat',NULL,'Priyanka.Kharat@amneal.com',NULL,'Microbiology Personnel',1,NULL,1),(448,'Priti','Paranjpe',NULL,'Priti.Paranjpe@amneal.com',NULL,'QC Specialist',1,NULL,1),(449,'Prem Kishore','Patnala',NULL,'PremKishore@amneal.com',NULL,'Analyst',1,NULL,1),(450,'Prasad','Jagannath Khile',NULL,'',NULL,'Operations',1,NULL,1),(451,'Praise Chinonso','Onyeacho',NULL,'',NULL,'Microbiology Personnel',1,NULL,1),(452,'Pradeep','Singh',NULL,'pradeep.singh@amneal.com',NULL,'Operations',1,NULL,1),(453,'Poulius','Navickis',NULL,'',NULL,'Contractor',NULL,NULL,1),(454,'PJ','Whitty',NULL,'',NULL,'Contractor',NULL,NULL,1),(455,'Pj','Roche',NULL,'',NULL,'Contractor',NULL,NULL,1),(456,'Pj','Lawler',NULL,'',NULL,'Contractor',NULL,NULL,1),(457,'Pj','Houlihan',NULL,'',NULL,'Contractor',NULL,NULL,1),(458,'PJ','Flanagan',NULL,'',NULL,'Contractor',NULL,NULL,1),(459,'Piotr','Rogalski',NULL,'',NULL,'Contractor',NULL,NULL,1),(460,'Piotr','Lewandowski',NULL,'',NULL,'Contractor',NULL,NULL,1),(461,'Philip','Heaton',NULL,'Philip.Heaton@gmail.com',NULL,'GO',1,NULL,1),(462,'Philip','Schuele',NULL,'',NULL,'Contractor',NULL,NULL,1),(463,'Philip','Renouf',NULL,'',NULL,'Contractor',NULL,NULL,1),(464,'Philip','Mcgavin',NULL,'',NULL,'Contractor',NULL,NULL,1),(465,'Philip','Kenna',NULL,'',NULL,'Contractor',NULL,NULL,1),(466,'Philip','French',NULL,'',NULL,'Contractor',NULL,NULL,1),(467,'Philip','Fay',NULL,'',NULL,'Contractor',NULL,NULL,1),(468,'Philip','Ellis',NULL,'',NULL,'Contractor',NULL,NULL,1),(469,'Philip','Eisenmann',NULL,'',NULL,'Contractor',NULL,NULL,1),(470,'Philip','Duffy',NULL,'',NULL,'Contractor',NULL,NULL,1),(471,'Phil','Newman',NULL,'',NULL,'Contractor',NULL,NULL,1),(472,'Peter','Tiernan',NULL,'',NULL,'Contractor',NULL,NULL,1),(473,'Peter','Sutton',NULL,'',NULL,'Contractor',NULL,NULL,1),(474,'Peter','Suttle',NULL,'',NULL,'Contractor',NULL,NULL,1),(475,'Peter','Scott',NULL,'',NULL,'Contractor',NULL,NULL,1),(476,'Peter','Rees',NULL,'',NULL,'Contractor',NULL,NULL,1),(477,'Peter','OConnor',NULL,'',NULL,'Contractor',NULL,NULL,1),(478,'Peter','OBrien',NULL,'',NULL,'Contractor',NULL,NULL,1),(479,'Peter','OSullivan',NULL,'',NULL,'Contractor',NULL,NULL,1),(480,'Peter','OFarrell',NULL,'',NULL,'Contractor',NULL,NULL,1),(481,'Peter','Norton',NULL,'',NULL,'Contractor',NULL,NULL,1),(482,'Peter','Hyland',NULL,'',NULL,'Contractor',NULL,NULL,1),(483,'Peter','Hogan',NULL,'',NULL,'Contractor',NULL,NULL,1),(484,'Peter','Greensade',NULL,'',NULL,'Contractor',NULL,NULL,1),(485,'Peter','Gough',NULL,'',NULL,'Contractor',NULL,NULL,1),(486,'Peter','Gardner',NULL,'',NULL,'Contractor',NULL,NULL,1),(487,'Peter','Deavy',NULL,'',NULL,'Contractor',NULL,NULL,1),(488,'Peter','Curran',NULL,'',NULL,'Contractor',NULL,NULL,1),(489,'Peter','Crowther',NULL,'',NULL,'Contractor',NULL,NULL,1),(490,'Peter','Canning',NULL,'',NULL,'Contractor',NULL,NULL,1),(491,'Peter','Bridgeland',NULL,'',NULL,'Contractor',NULL,NULL,1),(492,'Peter','walker',NULL,'',NULL,'Contractor',NULL,NULL,1),(493,'Peter','OGrady',NULL,'',NULL,'Contractor',NULL,NULL,1),(494,'Perter','Howie',NULL,'',NULL,'IT Manager',1,NULL,1),(495,'Pearse','Murphy',NULL,'',NULL,'Contractor',NULL,NULL,1),(496,'Pearse','Moloney',NULL,'',NULL,'Contractor',NULL,NULL,1),(497,'Pearse','Brady',NULL,'',NULL,'Contractor',NULL,NULL,1),(498,'Peader','Raftery',NULL,'',NULL,'Contractor',NULL,NULL,1),(499,'Paval','Zak',NULL,'',NULL,'Contractor',NULL,NULL,1),(500,'Paval','Zak',NULL,'',NULL,'Analyst',NULL,NULL,1),(501,'Pauline','Comerford',NULL,'',NULL,'Contractor',NULL,NULL,1),(502,'Paul','ODonnell',NULL,'Paul.odonnell@amneal.com',NULL,'Engineer Support',1,NULL,1),(503,'Paul','Mugodi',NULL,'paul.mugodi@gmail.com',NULL,'GO',1,NULL,1),(504,'Paul','McCarthy',NULL,'Paul.McCarthy@amneal.com',NULL,'Project Engineer',1,NULL,1),(505,'Paul','Delaney',NULL,'paul.delaney@amneal.com',NULL,'Technical Director',1,NULL,1),(506,'Paul','Birkenhead',NULL,'paul.birkenhead@amneal.com',NULL,'Operations',1,NULL,1),(507,'Paul','Tuite',NULL,'',NULL,'Contractor',NULL,NULL,1),(508,'Paul','Stenson',NULL,'',NULL,'Contractor',NULL,NULL,1),(509,'Paul','Sinnamon',NULL,'',NULL,'Contractor',NULL,NULL,1),(510,'Paul','Russell',NULL,'',NULL,'Contractor',NULL,NULL,1),(511,'Paul','Picard',NULL,'',NULL,'Contractor',NULL,NULL,1),(512,'Paul','OSullivan',NULL,'',NULL,'Contractor',NULL,NULL,1),(513,'Paul','ODwyer',NULL,'',NULL,'Contractor',NULL,NULL,1),(514,'Paul','OSullivan',NULL,'',NULL,'Contractor',NULL,NULL,1),(515,'Paul','ORiordan',NULL,'',NULL,'Contractor',NULL,NULL,1),(516,'Paul','OReilly',NULL,'',NULL,'Contractor',NULL,NULL,1),(517,'Paul','ODwyer',NULL,'',NULL,'Contractor',NULL,NULL,1),(518,'Paul','Noonan',NULL,'',NULL,'Contractor',NULL,NULL,1),(519,'Paul','Murray',NULL,'',NULL,'Contractor',NULL,NULL,1),(520,'Paul','Mulhern',NULL,'',NULL,'Contractor',NULL,NULL,1),(521,'Paul','Molloy',NULL,'',NULL,'Contractor',NULL,NULL,1),(522,'Paul','Mcnulty',NULL,'',NULL,'Contractor',NULL,NULL,1),(523,'Paul','Mcguire',NULL,'',NULL,'Contractor',NULL,NULL,1),(524,'Paul','Mcgee',NULL,'',NULL,'Contractor',NULL,NULL,1),(525,'Paul','Lonergan',NULL,'',NULL,'Contractor',NULL,NULL,1),(526,'Paul','Kelly',NULL,'',NULL,'Contractor',NULL,NULL,1),(527,'Paul','Hooban',NULL,'',NULL,'Contractor',NULL,NULL,1),(528,'Paul','Harrington',NULL,'',NULL,'Contractor',NULL,NULL,1),(529,'Paul','Grace',NULL,'',NULL,'Contractor',NULL,NULL,1),(530,'Paul','Gleeson',NULL,'',NULL,'Contractor',NULL,NULL,1),(531,'Paul','Geaney',NULL,'',NULL,'Contractor',NULL,NULL,1),(532,'Paul','Gaffney',NULL,'',NULL,'Contractor',NULL,NULL,1),(533,'Paul','Finn',NULL,'',NULL,'Contractor',NULL,NULL,1),(534,'Paul','Dowdall',NULL,'',NULL,'Contractor',NULL,NULL,1),(535,'Paul','Dowd',NULL,'',NULL,'Contractor',NULL,NULL,1),(536,'Paul','Dennehy',NULL,'',NULL,'Contractor',NULL,NULL,1),(537,'Paul','Delaney - C',NULL,'',NULL,'Contractor',NULL,NULL,1),(538,'Paul','Cremin',NULL,'',NULL,'Contractor',NULL,NULL,1),(539,'Paul','Coveney',NULL,'',NULL,'Contractor',NULL,NULL,1),(540,'Paul','Corcoran',NULL,'',NULL,'Contractor',NULL,NULL,1),(541,'Paul','Condon',NULL,'',NULL,'Contractor',NULL,NULL,1),(542,'Paul','Casey',NULL,'',NULL,'Contractor',NULL,NULL,1),(543,'Paul','Callanan',NULL,'',NULL,'Contractor',NULL,NULL,1),(544,'Paul','Byrne',NULL,'',NULL,'Contractor',NULL,NULL,1),(545,'Paul','Brunkard',NULL,'',NULL,'Contractor',NULL,NULL,1),(546,'Paul','quinland',NULL,'',NULL,'Contractor',NULL,NULL,1),(547,'Paul','mc nulty',NULL,'',NULL,'Contractor',NULL,NULL,1),(548,'Paul','Ryan',NULL,'',NULL,'Contractor',NULL,NULL,1),(549,'Paul','ORiardon',NULL,'',NULL,'Contractor',NULL,NULL,1),(550,'Paul','OMahoney',NULL,'',NULL,'Contractor',NULL,NULL,1),(551,'Patryk','Zablocki',NULL,'',NULL,'Contractor',NULL,NULL,1),(552,'Patryk','Rozeslanski',NULL,'',NULL,'Contractor',NULL,NULL,1),(553,'Patrick','OBrien',NULL,'patrick.obrien@amneal.com',NULL,'Facilities Personnel',1,NULL,1),(554,'Patrick','Murphy',NULL,'patrick.murphy@amneal.com',NULL,'Operations',1,NULL,1),(555,'Patrick','McGuire',NULL,'patrick.mcguire@amneal.com',NULL,'Administrative',1,NULL,1),(556,'Patrick','Lynch',NULL,'Patrick.Lynch@amneal.com',NULL,'GO',1,NULL,1),(557,'Patrick','Donnelly',NULL,'patrick.donnelly@amneal.com',NULL,'Engineer Support',1,NULL,1),(558,'Patrick','McNeill',NULL,'pat.mcneill@amneal.com',NULL,'Maintenance',1,NULL,1),(559,'Patrick','Fitzgerald',NULL,'',NULL,'Contractor',NULL,NULL,1),(560,'Patrick','Skehan',NULL,'',NULL,'Contractor',NULL,NULL,1),(561,'Patrick','Rozeslanski',NULL,'',NULL,'Contractor',NULL,NULL,1),(562,'Patrick','Power',NULL,'',NULL,'Contractor',NULL,NULL,1),(563,'Patrick','OShea',NULL,'',NULL,'Contractor',NULL,NULL,1),(564,'Patrick','OBrien',NULL,'',NULL,'Contractor',NULL,NULL,1),(565,'Patrick','Lyng',NULL,'',NULL,'Contractor',NULL,NULL,1),(566,'Patrick','Long',NULL,'',NULL,'Contractor',NULL,NULL,1),(567,'Patrick','Long',NULL,'',NULL,'Contractor',NULL,NULL,1),(568,'Patrick','Kehoe',NULL,'',NULL,'Contractor',NULL,NULL,1),(569,'Patrick','Keenan',NULL,'',NULL,'Contractor',NULL,NULL,1),(570,'Patrick','Johnson',NULL,'',NULL,'Contractor',NULL,NULL,1),(571,'Patrick','Fox',NULL,'',NULL,'Contractor',NULL,NULL,1),(572,'Patrick','Flynn',NULL,'',NULL,'Contractor',NULL,NULL,1),(573,'Patrick','Dunleavy',NULL,'',NULL,'Contractor',NULL,NULL,1),(574,'Patrick','Cosgrove',NULL,'',NULL,'Contractor',NULL,NULL,1),(575,'Patrick','Brown',NULL,'',NULL,'Contractor',NULL,NULL,1),(576,'Patrick','rozeslanski',NULL,'',NULL,'Contractor',NULL,NULL,1),(577,'Patrick','brennan',NULL,'',NULL,'Contractor',NULL,NULL,1),(578,'Patrick','Flynn',NULL,'',NULL,NULL,NULL,NULL,1),(579,'Patricia','Carroll',NULL,'',NULL,'Contractor',NULL,NULL,1),(580,'Pat','Hynes',NULL,'Pat.Hynes@amneal.com',NULL,'Maintenance',1,NULL,1),(581,'Pat','Hickey',NULL,'',NULL,'Contractor',NULL,NULL,1),(582,'Pat','Winkle',NULL,'',NULL,'Contractor',NULL,NULL,1),(583,'Pat','Winkle',NULL,'',NULL,'Contractor',NULL,NULL,1),(584,'Pat','Whyte',NULL,'',NULL,'Contractor',NULL,NULL,1),(585,'Pat','Walsh',NULL,'',NULL,'Contractor',NULL,NULL,1),(586,'Pat','Stakelum',NULL,'',NULL,'Contractor',NULL,NULL,1),(587,'Pat','Sisk',NULL,'',NULL,'Contractor',NULL,NULL,1),(588,'Pat','Ryan',NULL,'',NULL,'Contractor',NULL,NULL,1),(589,'Pat','Reynolds',NULL,'',NULL,'Contractor',NULL,NULL,1),(590,'Pat','Mcgrogan',NULL,'',NULL,'Contractor',NULL,NULL,1),(591,'Pat','Mccann',NULL,'',NULL,'Contractor',NULL,NULL,1),(592,'Pat','Logue',NULL,'',NULL,'Contractor',NULL,NULL,1),(593,'Pat','Kichall',NULL,'',NULL,'Contractor',NULL,NULL,1),(594,'Pat','Kelleher',NULL,'',NULL,'Contractor',NULL,NULL,1),(595,'Pat','Hegarty',NULL,'',NULL,'Contractor',NULL,NULL,1),(596,'Pat','Forrest',NULL,'',NULL,'Contractor',NULL,NULL,1),(597,'Pat','Fitzgerald',NULL,'',NULL,'Contractor',NULL,NULL,1),(598,'Pat','Corolan',NULL,'',NULL,'Contractor',NULL,NULL,1),(599,'Pat','Corcoran',NULL,'',NULL,'Contractor',NULL,NULL,1),(600,'Pat','Connolly',NULL,'',NULL,'Contractor',NULL,NULL,1),(601,'Pat','Carroll',NULL,'',NULL,'Contractor',NULL,NULL,1),(602,'Pat','Boyle',NULL,'',NULL,'Contractor',NULL,NULL,1),(603,'Pat','Bennett',NULL,'',NULL,'Contractor',NULL,NULL,1),(604,'Pat','stakelum',NULL,'',NULL,'Contractor',NULL,NULL,1),(605,'Paras','Shah',NULL,'',NULL,'IT Manager',1,NULL,1),(606,'Pamela','Hannigan',NULL,'',NULL,'Contractor',NULL,NULL,1),(607,'Padraig','Mcsweeney',NULL,'',NULL,'Contractor',NULL,NULL,1),(608,'Padraig','Mcevoy',NULL,'',NULL,'Contractor',NULL,NULL,1),(609,'Padraig','Lee',NULL,'',NULL,'Contractor',NULL,NULL,1),(610,'Padraig','Donnelly',NULL,'',NULL,'Contractor',NULL,NULL,1),(611,'Padraic','Murray',NULL,'',NULL,'Contractor',NULL,NULL,1),(612,'Paddy','Winston',NULL,'',NULL,'Contractor',NULL,NULL,1),(613,'Paddy','Ryan',NULL,'',NULL,'Contractor',NULL,NULL,1),(614,'Paddy','Power',NULL,'',NULL,'Contractor',NULL,NULL,1),(615,'Paddy','Massey',NULL,'',NULL,'Contractor',NULL,NULL,1),(616,'Paddy','Lalor',NULL,'',NULL,'Contractor',NULL,NULL,1),(617,'Paddy','Kelly',NULL,'',NULL,'Contractor',NULL,NULL,1),(618,'Paddy','Flannery',NULL,'',NULL,'Contractor',NULL,NULL,1),(619,'Paddy','Fenton',NULL,'',NULL,'Contractor',NULL,NULL,1),(620,'Paddy','Doran',NULL,'',NULL,'Contractor',NULL,NULL,1),(621,'Paddy','Devoy',NULL,'',NULL,'Contractor',NULL,NULL,1),(622,'Paddy','Butler',NULL,'',NULL,'Contractor',NULL,NULL,1),(623,'Paddy','Brown',NULL,'',NULL,'Contractor',NULL,NULL,1),(624,'Paddy','Anglim',NULL,'',NULL,'Contractor',NULL,NULL,1),(625,'P.j.','Mulryan',NULL,'',NULL,'Contractor',NULL,NULL,1),(626,'P','J mc carthy',NULL,'',NULL,'Contractor',NULL,NULL,1),(627,'Owen','OMahoney',NULL,'',NULL,'Contractor',NULL,NULL,1),(628,'Owen','OKeeffe',NULL,'',NULL,'Contractor',NULL,NULL,1),(629,'Owen','Murphy',NULL,'',NULL,'Contractor',NULL,NULL,1),(630,'Owen','Corrigan',NULL,'',NULL,'Contractor',NULL,NULL,1),(631,'Owen','Burke',NULL,'',NULL,'Contractor',NULL,NULL,1),(632,'Owen','OKeeffe',NULL,'',NULL,'Contractor',NULL,NULL,1),(633,'Ovidiu','Bondarescu',NULL,'',NULL,'Contractor',NULL,NULL,1),(634,'Oskars','Samoilenko',NULL,'',NULL,'Contractor',NULL,NULL,1),(635,'Oskars','Leitis',NULL,'',NULL,'Contractor',NULL,NULL,1),(636,'Orlaith','murphy',NULL,'',NULL,'Contractor',NULL,NULL,1),(637,'Orla','Jacob',NULL,'',NULL,'Contractor',NULL,NULL,1),(638,'Oluwashilekunayo','Ajayi',NULL,'Oluwashilekunayo.Ajayi@amneal.com',NULL,'Analyst',1,NULL,1),(639,'Ollie','Power',NULL,'',NULL,'Contractor',NULL,NULL,1),(641,'Oliver','Lynch',NULL,'Oliver.lynch@gmail.com',NULL,'IT Personnel',1,NULL,1),(642,'Oliver','Moynihan',NULL,'',NULL,'Contractor',NULL,NULL,1),(643,'Oliver','Mannion',NULL,'',NULL,'Contractor',NULL,NULL,1),(644,'Olive','Hennessy',NULL,'',NULL,'Administrative',1,NULL,1),(645,'Olimpiu','Crisan',NULL,'',NULL,'Contractor',NULL,NULL,1),(646,'Olegs','Korkakins',NULL,'',NULL,'Contractor',NULL,NULL,1),(647,'Oleg','Vulpe',NULL,'',NULL,'Contractor',NULL,NULL,1),(648,'Oleg','Corovciuc',NULL,'',NULL,'Contractor',NULL,NULL,1),(649,'Oisin','Brennan',NULL,'',NULL,'Contractor',NULL,NULL,1),(650,'Nuala','ORegan',NULL,'nuala.oregan@amneal.com',NULL,NULL,1,NULL,1),(651,'Nuala','OBrien',NULL,'',NULL,'Contractor',NULL,NULL,1),(652,'Norman','Forsythe',NULL,'',NULL,'Contractor',NULL,NULL,1),(653,'Noreen','Ryan',NULL,'',NULL,'Contractor',NULL,NULL,1),(654,'Nojciech','Mich',NULL,'',NULL,'Contractor',NULL,NULL,1),(655,'Noel','Walsh',NULL,'',NULL,'Contractor',NULL,NULL,1),(656,'Noel','Morton',NULL,'',NULL,'Contractor',NULL,NULL,1),(657,'Noel','Lanigan',NULL,'',NULL,'Contractor',NULL,NULL,1),(658,'Noel','Duff',NULL,'',NULL,'Contractor',NULL,NULL,1),(659,'Noel','Connors',NULL,'',NULL,'Contractor',NULL,NULL,1),(660,'Noel','Clohessy',NULL,'',NULL,'Contractor',NULL,NULL,1),(661,'Noel','Buckley',NULL,'',NULL,'Contractor',NULL,NULL,1),(662,'Noel','Brown',NULL,'',NULL,'Contractor',NULL,NULL,1),(663,'Noel','Brawn',NULL,'',NULL,'Contractor',NULL,NULL,1),(664,'Noel','Moloney',NULL,'',NULL,NULL,NULL,NULL,1),(665,'Noble','George',NULL,'',NULL,'Contractor',NULL,NULL,1),(666,'Nill','Tobin',NULL,'',NULL,'Contractor',NULL,NULL,1),(667,'Nikunj','Patel',NULL,'',NULL,'Contractor',NULL,NULL,1),(668,'Nigel','Mccormac',NULL,'',NULL,'Contractor',NULL,NULL,1),(669,'Nigel','Garman',NULL,'',NULL,'Contractor',NULL,NULL,1),(670,'Nigel','Brooks',NULL,'',NULL,'Contractor',NULL,NULL,1),(671,'Nifemi','Giwa',NULL,'',NULL,'Contractor',NULL,NULL,1),(672,'Nicole','Spies',NULL,'',NULL,'Contractor',NULL,NULL,1),(673,'Nicole','Ryan',NULL,'',NULL,'Contractor',NULL,NULL,1),(674,'Nicolas','Smyth',NULL,'',NULL,'Contractor',NULL,NULL,1),(675,'Nicolas','Drohan',NULL,'',NULL,'Contractor',NULL,NULL,1),(676,'Nicolae','Negrutiu',NULL,'',NULL,'Contractor',NULL,NULL,1),(677,'Nicolae','Muscat',NULL,'',NULL,'Contractor',NULL,NULL,1),(678,'Nicolae','Ioan negrutiu',NULL,'',NULL,'Contractor',NULL,NULL,1),(679,'Nicola','Byrne',NULL,'',NULL,'Contractor',NULL,NULL,1),(680,'Nicky','Hogan',NULL,'',NULL,'Contractor',NULL,NULL,1),(681,'Nicky','Barrett',NULL,'',NULL,'Contractor',NULL,NULL,1),(682,'Nick','Gittins',NULL,'',NULL,'Contractor',NULL,NULL,1),(683,'Nicholas','Hearne',NULL,'',NULL,'Contractor',NULL,NULL,1),(684,'Niamh','Mcgloin',NULL,'',NULL,'Contractor',NULL,NULL,1),(685,'Niamh','Fahey',NULL,'',NULL,'Contractor',NULL,NULL,1),(686,'Niall','Prendergast',NULL,'niall.prendergast@amneal.com',NULL,'Vice President',1,NULL,1),(687,'Niall','Fitzgearld',NULL,'',NULL,'Contractor',NULL,NULL,1),(688,'Niall','Walsh',NULL,'',NULL,'Contractor',NULL,NULL,1),(689,'Niall','Treacy',NULL,'',NULL,'Contractor',NULL,NULL,1),(690,'Niall','Thornton',NULL,'',NULL,'Contractor',NULL,NULL,1),(691,'Niall','Stenning',NULL,'',NULL,'Contractor',NULL,NULL,1),(692,'Niall','Quinn',NULL,'',NULL,'Contractor',NULL,NULL,1),(693,'Niall','Pyke',NULL,'',NULL,'Contractor',NULL,NULL,1),(694,'Niall','Phelan',NULL,'',NULL,'Contractor',NULL,NULL,1),(695,'Niall','OSullivan',NULL,'',NULL,'Contractor',NULL,NULL,1),(696,'Niall','ODonnell',NULL,'',NULL,'Contractor',NULL,NULL,1),(697,'Niall','OCallaghan',NULL,'',NULL,'Contractor',NULL,NULL,1),(698,'Niall','Murphy',NULL,'',NULL,'Contractor',NULL,NULL,1),(699,'Niall','McCarthy',NULL,'',NULL,'Contractor',NULL,NULL,1),(700,'Niall','Higgins',NULL,'',NULL,'Contractor',NULL,NULL,1),(701,'Niall','Hickey',NULL,'',NULL,'Contractor',NULL,NULL,1),(702,'Niall','Freyne',NULL,'',NULL,'Contractor',NULL,NULL,1),(703,'Niall','Dwan',NULL,'',NULL,'Contractor',NULL,NULL,1),(704,'Niall','Duffy',NULL,'',NULL,'Contractor',NULL,NULL,1),(705,'Nerijus','Pupius',NULL,'',NULL,'Contractor',NULL,NULL,1),(706,'Nerijus','pupius',NULL,'',NULL,'Contractor',NULL,NULL,1),(707,'Nelu','Dalton',NULL,'',NULL,'Contractor',NULL,NULL,1),(708,'Neil','Mcperson',NULL,'',NULL,'Contractor',NULL,NULL,1),(709,'Neil','bolger',NULL,'',NULL,'Contractor',NULL,NULL,1),(710,'Neenu','Suresh',NULL,'',NULL,'Administrative',1,NULL,1),(711,'Ned','Kennedy',NULL,'',NULL,'Contractor',NULL,NULL,1),(712,'Naval','Dinesh Aher',NULL,'',NULL,'Technical Operations Specialist',1,NULL,1),(713,'Nathan','Mccormac',NULL,'',NULL,'Contractor',NULL,NULL,1),(714,'Natalie','Jordan',NULL,'',NULL,'Contractor',NULL,NULL,1),(715,'Muinearra','Behan',NULL,'',NULL,'Contractor',NULL,NULL,1),(716,'Muhammed','Ali',NULL,'',NULL,'Contractor',NULL,NULL,1),(717,'Muhammad','Saeed',NULL,'',NULL,'Contractor',NULL,NULL,1),(718,'Moss','Ryan',NULL,'',NULL,'Contractor',NULL,NULL,1),(719,'Mona','Carp',NULL,'',NULL,'Contractor',NULL,NULL,1),(720,'Miro','Slovjak',NULL,'',NULL,'Contractor',NULL,NULL,1),(721,'Mikie','Hickey',NULL,'',NULL,'Contractor',NULL,NULL,1),(722,'Mike','Ward',NULL,'',NULL,'Contractor',NULL,NULL,1),(723,'Mike','Roberts',NULL,'',NULL,'Contractor',NULL,NULL,1),(724,'Mike','Reber',NULL,'',NULL,'Contractor',NULL,NULL,1),(725,'Mike','Purdy',NULL,'',NULL,'Contractor',NULL,NULL,1),(726,'Mike','ODonovan',NULL,'',NULL,'Contractor',NULL,NULL,1),(727,'Mike','Madden',NULL,'',NULL,'Contractor',NULL,NULL,1),(728,'Mike','Hayes',NULL,'',NULL,'Contractor',NULL,NULL,1),(729,'Mike','Hannon',NULL,'',NULL,'Contractor',NULL,NULL,1),(730,'Mike','Foley',NULL,'',NULL,'Contractor',NULL,NULL,1),(731,'Mike','Fitzgibbon',NULL,'',NULL,'Contractor',NULL,NULL,1),(732,'Mike','Evans',NULL,'',NULL,'Contractor',NULL,NULL,1),(733,'Mike','Dinnen',NULL,'',NULL,'Contractor',NULL,NULL,1),(734,'Mihail','Vrancean',NULL,'',NULL,'Contractor',NULL,NULL,1),(735,'Mihail','Cretu',NULL,'',NULL,'Contractor',NULL,NULL,1),(736,'Mihai','Pintilie',NULL,'',NULL,'Contractor',NULL,NULL,1),(737,'Mihaela','Moldovan',NULL,'',NULL,'Contractor',NULL,NULL,1),(738,'Mick','Power',NULL,'',NULL,'Contractor',NULL,NULL,1),(739,'Mick','ODwyer',NULL,'',NULL,'Contractor',NULL,NULL,1),(740,'Mick','Molloy',NULL,'',NULL,'Contractor',NULL,NULL,1),(741,'Mick','Kelly',NULL,'',NULL,'Contractor',NULL,NULL,1),(742,'Mick','Harvey',NULL,'',NULL,'Contractor',NULL,NULL,1),(743,'Mick','Doherty',NULL,'',NULL,'Contractor',NULL,NULL,1),(744,'Mick','Bergin',NULL,'',NULL,'Contractor',NULL,NULL,1),(745,'Mick','Barry murphy',NULL,'',NULL,'Contractor',NULL,NULL,1),(746,'Michelle','ODonoghue',NULL,'',NULL,'Contractor',NULL,NULL,1),(747,'Micheal','Ward',NULL,'',NULL,'Contractor',NULL,NULL,1),(748,'Micheal','Slevin',NULL,'',NULL,'Contractor',NULL,NULL,1),(749,'Micheal','Quinn',NULL,'',NULL,'Contractor',NULL,NULL,1),(750,'Micheal','Duff',NULL,'',NULL,'Contractor',NULL,NULL,1),(751,'Micheal','murphy',NULL,'',NULL,'Contractor',NULL,NULL,1),(752,'Michal','Rattigan',NULL,'',NULL,'Contractor',NULL,NULL,1),(753,'Michael','ODwyer',NULL,'michael.odwyer@amneal.com',NULL,'Maintenance',1,NULL,1),(754,'Michael','McDermott',NULL,'michael.mcdermott@amneal.com',NULL,'Lab Personnel',1,NULL,1),(755,'Michael','Kelleher',NULL,'M.Kelleher@nsai.ie',NULL,'Contractor',NULL,NULL,1),(756,'Michael','Jordan',NULL,'',NULL,'Facilities Personnel',1,NULL,1),(757,'Michael','Kent',NULL,'',NULL,'Contractor',NULL,NULL,1),(758,'Michael','OConnell',NULL,'',NULL,'Contractor',NULL,NULL,1),(759,'Michael','Lonergan',NULL,'',NULL,'Contractor',NULL,NULL,1),(760,'Michael','Johnson',NULL,'',NULL,'Contractor',NULL,NULL,1),(761,'Michael','Whitcroft',NULL,'',NULL,'Contractor',NULL,NULL,1),(762,'Michael','Twong',NULL,'',NULL,'Contractor',NULL,NULL,1),(763,'Michael','Slevin',NULL,'',NULL,'Contractor',NULL,NULL,1),(764,'Michael','Shaw',NULL,'',NULL,'Contractor',NULL,NULL,1),(765,'Michael','Schulz',NULL,'',NULL,'Contractor',NULL,NULL,1),(766,'Michael','Rossiter',NULL,'',NULL,'Contractor',NULL,NULL,1),(767,'Michael','Renz',NULL,'',NULL,'Contractor',NULL,NULL,1),(768,'Michael','OSullivan',NULL,'',NULL,'Contractor',NULL,NULL,1),(769,'Michael','OKeeffe',NULL,'',NULL,'Contractor',NULL,NULL,1),(770,'Michael','OHerlihy',NULL,'',NULL,'Contractor',NULL,NULL,1),(771,'Michael','OFlaherty',NULL,'',NULL,'Contractor',NULL,NULL,1),(772,'Michael','ODwyer',NULL,'',NULL,'Contractor',NULL,NULL,1),(773,'Michael','ODonovan',NULL,'',NULL,'Contractor',NULL,NULL,1),(774,'Michael','Murphy',NULL,'',NULL,'Contractor',NULL,NULL,1),(775,'Michael','Murphy',NULL,'',NULL,'Contractor',NULL,NULL,1),(776,'Michael','Mullin',NULL,'',NULL,'Contractor',NULL,NULL,1),(777,'Michael','Muller',NULL,'',NULL,'Contractor',NULL,NULL,1),(778,'Michael','Morrissey',NULL,'',NULL,'Contractor',NULL,NULL,1),(779,'Michael','Morris',NULL,'',NULL,'Contractor',NULL,NULL,1),(780,'Michael','Moloney',NULL,'',NULL,'Contractor',NULL,NULL,1),(781,'Michael','Mcnamara',NULL,'',NULL,'Contractor',NULL,NULL,1),(782,'Michael','Mccarthy',NULL,'',NULL,'Contractor',NULL,NULL,1),(783,'Michael','Mahood',NULL,'',NULL,'Contractor',NULL,NULL,1),(784,'Michael','Mackey',NULL,'',NULL,'Contractor',NULL,NULL,1),(785,'Michael','Lee',NULL,'',NULL,'Contractor',NULL,NULL,1),(786,'Michael','Lavelle',NULL,'',NULL,'Contractor',NULL,NULL,1),(787,'Michael','Kavanagh',NULL,'',NULL,'Contractor',NULL,NULL,1),(788,'Michael','Jordan',NULL,'',NULL,'Contractor',NULL,NULL,1),(789,'Michael','Jarzabski',NULL,'',NULL,'Contractor',NULL,NULL,1),(790,'Michael','Holmes',NULL,'',NULL,'Contractor',NULL,NULL,1),(791,'Michael','Hogan',NULL,'',NULL,'Contractor',NULL,NULL,1),(792,'Michael','Hoffart',NULL,'',NULL,'Contractor',NULL,NULL,1),(793,'Michael','Galgey',NULL,'',NULL,'Contractor',NULL,NULL,1),(794,'Michael','Fitzsimons',NULL,'',NULL,'Contractor',NULL,NULL,1),(795,'Michael','Fahy',NULL,'',NULL,'Contractor',NULL,NULL,1),(796,'Michael','Duffy',NULL,'',NULL,'Contractor',NULL,NULL,1),(797,'Michael','Doyle',NULL,'',NULL,'Contractor',NULL,NULL,1),(798,'Michael','Darcy',NULL,'',NULL,'Contractor',NULL,NULL,1),(799,'Michael','Cleary',NULL,'',NULL,'Contractor',NULL,NULL,1),(800,'Michael','Byrne',NULL,'',NULL,'Contractor',NULL,NULL,1),(801,'Michael','Buckley',NULL,'',NULL,'Contractor',NULL,NULL,1),(802,'Michael','Brehony',NULL,'',NULL,'Contractor',NULL,NULL,1),(803,'Michael','Boyce',NULL,'',NULL,'Contractor',NULL,NULL,1),(804,'Michael','Ryan',NULL,'',NULL,'Contractor',NULL,NULL,1),(805,'Michael','Rowe',NULL,'',NULL,'Contractor',NULL,NULL,1),(806,'Mervan','OToole',NULL,'',NULL,'Contractor',NULL,NULL,1),(807,'Melissa','Healy',NULL,'',NULL,'Contractor',NULL,NULL,1),(808,'Melanie','Hayden',NULL,'',NULL,'Contractor',NULL,NULL,1),(809,'Meabh','Dowling',NULL,'Meabh.dowling@amneal.com',NULL,NULL,1,NULL,1),(810,'Meabh','Moloney-ryan',NULL,'',NULL,'Contractor',NULL,NULL,1),(811,'Max','McGrath',NULL,'',NULL,'Contractor',NULL,NULL,1),(812,'Mauro','Magagnoli',NULL,'',NULL,'Contractor',NULL,NULL,1),(813,'Maurice','Ryan',NULL,'maurice.ryan@amneal.com',NULL,'Warehouse Personnel',1,NULL,1),(814,'Maurice','Ryan',NULL,'',NULL,'Contractor',NULL,NULL,1),(815,'Maurice','Mulcahy',NULL,'',NULL,'Contractor',NULL,NULL,1),(816,'Maurice','Lyons',NULL,'',NULL,'Contractor',NULL,NULL,1),(817,'Maurice','Donovan',NULL,'',NULL,'Contractor',NULL,NULL,1),(818,'Maurice','luks',NULL,'',NULL,'Contractor',NULL,NULL,1),(819,'Matthew','Henley',NULL,'',NULL,'Contractor',NULL,NULL,1),(820,'Matt','Walsh',NULL,'',NULL,'Contractor',NULL,NULL,1),(821,'Matt','Slevin',NULL,'',NULL,'Contractor',NULL,NULL,1),(822,'Matt','Murphy',NULL,'',NULL,'Contractor',NULL,NULL,1),(823,'Mathew','ODonohue',NULL,'',NULL,'Contractor',NULL,NULL,1),(824,'Mathew','Kelly',NULL,'',NULL,'Contractor',NULL,NULL,1),(825,'Mateusz','Krystian Pluta',NULL,'mateusz.pluta@amneal.com',NULL,'IT Personnel',1,NULL,1),(826,'Mateusz','Kozuch',NULL,'',NULL,'Contractor',NULL,NULL,1),(827,'Marzena','Gibalska',NULL,'',NULL,'Contractor',NULL,NULL,1),(828,'Mary','White',NULL,'Mary.white@amneal.com',NULL,'Quality Assurance Manager',1,NULL,1),(829,'Mary','Bourke',NULL,'Mary.Bourke@amneal.com',NULL,'Quality Management Manager',1,NULL,1),(830,'Mary','Freer',NULL,'',NULL,'Contractor',NULL,NULL,1),(831,'Mary','Doolan',NULL,'',NULL,'Contractor',NULL,NULL,1),(832,'Mary','Connelly',NULL,'',NULL,'Contractor',NULL,NULL,1),(833,'Mary','Anne barry',NULL,'',NULL,'Contractor',NULL,NULL,1),(834,'Marton','Marosi',NULL,'',NULL,'Contractor',NULL,NULL,1),(835,'Martina','Madigan',NULL,'',NULL,'Contractor',NULL,NULL,1),(836,'Martin','Whelan',NULL,'',NULL,'Contractor',NULL,NULL,1),(837,'Martin','Seward',NULL,'',NULL,'Contractor',NULL,NULL,1),(838,'Martin','Roche',NULL,'',NULL,'Contractor',NULL,NULL,1),(839,'Martin','Quinn',NULL,'',NULL,'Contractor',NULL,NULL,1),(840,'Martin','Peters',NULL,'',NULL,'Contractor',NULL,NULL,1),(841,'Martin','OHalloran',NULL,'',NULL,'Contractor',NULL,NULL,1),(842,'Martin','ONeill',NULL,'',NULL,'Contractor',NULL,NULL,1),(843,'Martin','Mcgorman',NULL,'',NULL,'Contractor',NULL,NULL,1),(844,'Martin','Lavelle',NULL,'',NULL,'Contractor',NULL,NULL,1),(845,'Martin','Landers',NULL,'',NULL,'Contractor',NULL,NULL,1),(846,'Martin','Keogh',NULL,'',NULL,'Contractor',NULL,NULL,1),(847,'Martin','Kearney',NULL,'',NULL,'Contractor',NULL,NULL,1),(848,'Martin','Kavanagh',NULL,'',NULL,'Contractor',NULL,NULL,1),(849,'Martin','Halpin',NULL,'',NULL,'Contractor',NULL,NULL,1),(850,'Martin','Falvey',NULL,'',NULL,'Contractor',NULL,NULL,1),(851,'Martin','Fahy',NULL,'',NULL,'Contractor',NULL,NULL,1),(852,'Martin','Doyle',NULL,'',NULL,'Contractor',NULL,NULL,1),(853,'Martin','Dewhurst',NULL,'',NULL,'Contractor',NULL,NULL,1),(854,'Martin','Cronin',NULL,'',NULL,'Contractor',NULL,NULL,1),(855,'Martin','Barker',NULL,'',NULL,'Contractor',NULL,NULL,1),(856,'Marta','Faiks',NULL,'',NULL,'Contractor',NULL,NULL,1),(857,'Mark','Smyth',NULL,'mark.smyth@amneal.com',NULL,'Facilities Manager',1,NULL,1),(858,'Mark','Quigley',NULL,'Mark.Quigley@amneal.com',NULL,'QC Specialist',1,NULL,1),(859,'Mark','Wade',NULL,'',NULL,'Contractor',NULL,NULL,1),(860,'Mark','Shirley',NULL,'',NULL,'Contractor',NULL,NULL,1),(861,'Mark','Scanlan',NULL,'',NULL,'Contractor',NULL,NULL,1),(862,'Mark','Ray',NULL,'',NULL,'Contractor',NULL,NULL,1),(863,'Mark','Quillinan',NULL,'',NULL,'Contractor',NULL,NULL,1),(864,'Mark','Peters',NULL,'',NULL,'Contractor',NULL,NULL,1),(865,'Mark','OGorman',NULL,'',NULL,'Contractor',NULL,NULL,1),(866,'Mark','ODriscoll',NULL,'',NULL,'Contractor',NULL,NULL,1),(867,'Mark','OBrien',NULL,'',NULL,'Contractor',NULL,NULL,1),(868,'Mark','ODriscoll',NULL,'',NULL,'Contractor',NULL,NULL,1),(869,'Mark','OBrien',NULL,'',NULL,'Contractor',NULL,NULL,1),(870,'Mark','Murphy',NULL,'',NULL,'Contractor',NULL,NULL,1),(871,'Mark','Mcmullen',NULL,'',NULL,'Contractor',NULL,NULL,1),(872,'Mark','Mccullagh',NULL,'',NULL,'Contractor',NULL,NULL,1),(873,'Mark','Mc geown',NULL,'',NULL,'Contractor',NULL,NULL,1),(874,'Mark','Leonard',NULL,'',NULL,'Contractor',NULL,NULL,1),(875,'Mark','Keogh',NULL,'',NULL,'Contractor',NULL,NULL,1),(876,'Mark','Kennealy',NULL,'',NULL,'Contractor',NULL,NULL,1),(877,'Mark','Kelly',NULL,'',NULL,'Contractor',NULL,NULL,1),(878,'Mark','Kearns',NULL,'',NULL,'Contractor',NULL,NULL,1),(879,'Mark','Hall',NULL,'',NULL,'Contractor',NULL,NULL,1),(880,'Mark','Flynn',NULL,'',NULL,'Contractor',NULL,NULL,1),(881,'Mark','Fitzgerald',NULL,'',NULL,'Contractor',NULL,NULL,1),(882,'Mark','Donagher',NULL,'',NULL,'Contractor',NULL,NULL,1),(883,'Mark','Dluzen',NULL,'',NULL,'Contractor',NULL,NULL,1),(884,'Mark','Dempsey',NULL,'',NULL,'Contractor',NULL,NULL,1),(885,'Mark','Condon',NULL,'',NULL,'Contractor',NULL,NULL,1),(886,'Mark','Cliffe',NULL,'',NULL,'Contractor',NULL,NULL,1),(887,'Mark','Clavin',NULL,'',NULL,'Contractor',NULL,NULL,1),(888,'Mark','Carven',NULL,'',NULL,'Contractor',NULL,NULL,1),(889,'Mark','Campion',NULL,'',NULL,'Contractor',NULL,NULL,1),(890,'Mark','Buckley',NULL,'',NULL,'Contractor',NULL,NULL,1),(891,'Mark','Bourke',NULL,'',NULL,'Contractor',NULL,NULL,1),(892,'Mark','Behan',NULL,'',NULL,'Contractor',NULL,NULL,1),(893,'Mark','Angove',NULL,'',NULL,'Contractor',NULL,NULL,1),(894,'Mark','Algar',NULL,'',NULL,'Contractor',NULL,NULL,1),(895,'Mark','OBrien',NULL,'',NULL,'Contractor',NULL,NULL,1),(896,'Mark','Fitzgerald',NULL,'',NULL,'Contractor',NULL,NULL,1),(897,'Mariusz','Zedzinowski',NULL,'',NULL,'Contractor',NULL,NULL,1),(898,'Mariusz','Kurzela',NULL,'',NULL,'Contractor',NULL,NULL,1),(899,'Mariusz','Graczyk',NULL,'',NULL,'Contractor',NULL,NULL,1),(900,'Mariusz','Dolatowski',NULL,'',NULL,'Contractor',NULL,NULL,1),(901,'Marius','Clobanu',NULL,'',NULL,'Contractor',NULL,NULL,1),(902,'Marius','Bucinsas',NULL,'',NULL,'Contractor',NULL,NULL,1),(903,'Mario','Vetrander',NULL,'',NULL,'Contractor',NULL,NULL,1),(904,'Marin','Guzu',NULL,'',NULL,'Contractor',NULL,NULL,1),(905,'Maril','OGorman',NULL,'',NULL,'Contractor',NULL,NULL,1),(906,'Mariana','Grosu',NULL,'',NULL,'Contractor',NULL,NULL,1),(907,'Maria','Shine',NULL,'',NULL,NULL,1,NULL,1),(908,'Margo','Beatty Ryan',NULL,'',NULL,'GO',1,NULL,1),(909,'Margaret','Spillane',NULL,'Margaret.spillane@amneal.com',NULL,'GO',1,NULL,1),(910,'Marcus','Hurley',NULL,'',NULL,'Contractor',NULL,NULL,1),(911,'Marcin','Swiatek',NULL,'',NULL,'Contractor',NULL,NULL,1),(912,'Marcin','Nowicki',NULL,'',NULL,'Contractor',NULL,NULL,1),(913,'Marcin','Knapczyk',NULL,'',NULL,'Contractor',NULL,NULL,1),(914,'Marcel','Vasiliu',NULL,'',NULL,'Contractor',NULL,NULL,1),(915,'Marc','Slotman',NULL,'',NULL,'Contractor',NULL,NULL,1),(916,'Marc','OHalloran',NULL,'',NULL,'Contractor',NULL,NULL,1),(917,'Manali','Patel',NULL,'Manali.Patel@amneal.com',NULL,'Administrative',1,NULL,1),(918,'Malachy','Dunne',NULL,'',NULL,'Contractor',NULL,NULL,1),(919,'Mal','Lanigan',NULL,'',NULL,'Contractor',NULL,NULL,1),(920,'Majella','Quivillan',NULL,'majella.quinlivan@amneal.com',NULL,'Process Engineer',1,NULL,1),(921,'Mairead','Shaw',NULL,'mairead.shaw@amneal.com',NULL,NULL,1,NULL,1),(922,'Mairead','Ryan',NULL,'mairead.ryan@amneal.com',NULL,'Quality Assurance 1st',1,NULL,1),(923,'Mags','Kiernan',NULL,'',NULL,'Contractor',NULL,NULL,1),(924,'Mags','Kiernan',NULL,'',NULL,'Contractor',NULL,NULL,1),(925,'Magdalena','Ciesla',NULL,'',NULL,'Contractor',NULL,NULL,1),(926,'Madalin','Arcana',NULL,'',NULL,'Contractor',NULL,NULL,1),(927,'Maciej','Harliczka',NULL,'',NULL,'Contractor',NULL,NULL,1),(928,'Luke','Perry',NULL,'',NULL,'Warehouse Personnel',1,NULL,1),(929,'Luke','Turner',NULL,'',NULL,'Contractor',NULL,NULL,1),(930,'Luke','Ryan',NULL,'',NULL,'Contractor',NULL,NULL,1),(931,'Luke','OShea',NULL,'',NULL,'Contractor',NULL,NULL,1),(932,'Luke','Newman',NULL,'',NULL,'Contractor',NULL,NULL,1),(933,'Luke','Morey',NULL,'',NULL,'Contractor',NULL,NULL,1),(934,'Luke','Mcgrath',NULL,'',NULL,'Contractor',NULL,NULL,1),(935,'Lukasz','Gasienica',NULL,'',NULL,'Contractor',NULL,NULL,1),(936,'Lukasl','Kocinski',NULL,'',NULL,'Contractor',NULL,NULL,1),(937,'Luka','Sijan',NULL,'',NULL,'Contractor',NULL,NULL,1),(938,'Lucy','Crawford',NULL,'',NULL,'Contractor',NULL,NULL,1),(939,'Louise','Scanlon',NULL,'Louise.Scanlon@gmail.com',NULL,'GO',1,NULL,1),(940,'Louise','ODonoghue',NULL,'',NULL,'Contractor',NULL,NULL,1),(941,'Louise','Moore',NULL,'',NULL,'Contractor',NULL,NULL,1),(942,'Louise','Kehoe',NULL,'',NULL,'Contractor',NULL,NULL,1),(943,'Louis','Corrigan',NULL,'',NULL,'Contractor',NULL,NULL,1),(944,'Lorraine','Henry',NULL,'Lorraine.Henry@amneal.com',NULL,'Quality Management Manager',1,NULL,1),(945,'Lorna','Malone',NULL,'',NULL,NULL,NULL,NULL,1),(946,'Lorna','Quigley',NULL,'',NULL,'Contractor',NULL,NULL,1),(947,'Lorenzo','Phynes',NULL,'',NULL,'Contractor',NULL,NULL,1),(948,'Lloyd','Jenkins',NULL,'',NULL,'Contractor',NULL,NULL,1),(949,'Lisa','Conran',NULL,'lisa.conran@amneal.com',NULL,'Analyst',1,NULL,1),(950,'Linda','Harney',NULL,'Linda.Harney@amneal.com',NULL,'Administrative',1,NULL,1),(951,'Linda','Bannon',NULL,'Linda.bannon@amneal.com',NULL,'Specialist',1,NULL,1),(952,'Linda','Purcell',NULL,'',NULL,'Contractor',NULL,NULL,1),(953,'Liam','OGorman',NULL,'liam.ogorman@amneal.com',NULL,'Operations',1,NULL,1),(954,'Liam','Doyle',NULL,'',NULL,'Contractor',NULL,NULL,1),(955,'Liam','Young',NULL,'',NULL,'Contractor',NULL,NULL,1),(956,'Liam','Sinnott',NULL,'',NULL,'Contractor',NULL,NULL,1),(957,'Liam','Rooster',NULL,'',NULL,'Contractor',NULL,NULL,1),(958,'Liam','Purdy',NULL,'',NULL,'Contractor',NULL,NULL,1),(959,'Liam','Power',NULL,'',NULL,'Contractor',NULL,NULL,1),(960,'Liam','OShea',NULL,'',NULL,'Contractor',NULL,NULL,1),(961,'Liam','OBrien',NULL,'',NULL,'Contractor',NULL,NULL,1),(962,'Liam','Makey',NULL,'',NULL,'Contractor',NULL,NULL,1),(963,'Liam','Mackie',NULL,'',NULL,'Contractor',NULL,NULL,1),(964,'Liam','Kennedy',NULL,'',NULL,'Contractor',NULL,NULL,1),(965,'Liam','Horgan',NULL,'',NULL,'Contractor',NULL,NULL,1),(966,'Liam','Fitzpatrick',NULL,'',NULL,'Contractor',NULL,NULL,1),(967,'Liam','English',NULL,'',NULL,'Contractor',NULL,NULL,1),(968,'Liam','Duggan',NULL,'',NULL,'Contractor',NULL,NULL,1),(969,'Liam','Deveney',NULL,'',NULL,'Contractor',NULL,NULL,1),(970,'Liam','Chester',NULL,'',NULL,'Contractor',NULL,NULL,1),(971,'Liam','Boyle',NULL,'',NULL,'Contractor',NULL,NULL,1),(972,'Liam','Bergin',NULL,'',NULL,'Contractor',NULL,NULL,1),(973,'Liam','jordan',NULL,'',NULL,'Contractor',NULL,NULL,1),(974,'Liam','buckley',NULL,'',NULL,'Contractor',NULL,NULL,1),(975,'Leslie','Mason',NULL,'',NULL,'Contractor',NULL,NULL,1),(976,'Les','Forestal',NULL,'',NULL,'Contractor',NULL,NULL,1),(977,'Leontin','Sraier',NULL,'',NULL,'Contractor',NULL,NULL,1),(978,'Leonardas','Bauksevicius',NULL,'',NULL,'Contractor',NULL,NULL,1),(979,'Leon','webb',NULL,'',NULL,'Contractor',NULL,NULL,1),(980,'Leo','OBrien',NULL,'',NULL,'Contractor',NULL,NULL,1),(981,'Leo','OSullivan',NULL,'',NULL,'Contractor',NULL,NULL,1),(982,'Len','Angelini',NULL,'',NULL,'Contractor',NULL,NULL,1),(983,'Leigh','Clancy',NULL,'',NULL,'Contractor',NULL,NULL,1),(984,'Lee','Phelan',NULL,'',NULL,'Contractor',NULL,NULL,1),(985,'Lee','Mulhearne',NULL,'',NULL,'Contractor',NULL,NULL,1),(986,'Lee','Mathews',NULL,'',NULL,'Contractor',NULL,NULL,1),(987,'Lee','Davis',NULL,'',NULL,'Contractor',NULL,NULL,1),(988,'Lee','Boatman',NULL,'',NULL,'Contractor',NULL,NULL,1),(989,'Leam','Whelan',NULL,'',NULL,'Contractor',NULL,NULL,1),(990,'Laurence','Guiry',NULL,'',NULL,'Contractor',NULL,NULL,1),(991,'Laurence','Bonney',NULL,'',NULL,'Contractor',NULL,NULL,1),(992,'Lauren','Swenney',NULL,'',NULL,'Contractor',NULL,NULL,1),(993,'Laura','Coffey',NULL,'Laura.Coffey@amneal.com',NULL,'QC Lab Analyst',1,NULL,1),(994,'Laura','Giblin',NULL,'',NULL,'Contractor',NULL,NULL,1),(995,'Larry','Wade',NULL,'',NULL,'Contractor',NULL,NULL,1),(996,'Larry','Fahey',NULL,'',NULL,'Contractor',NULL,NULL,1),(997,'Larry','Callaghan',NULL,'',NULL,'Contractor',NULL,NULL,1),(998,'Kyle','Flynn',NULL,'',NULL,'Contractor',NULL,NULL,1),(999,'Kyle','Callaghan',NULL,'',NULL,'Contractor',NULL,NULL,1),(1000,'Kyle','Badenhurst',NULL,'',NULL,'Contractor',NULL,NULL,1),(1001,'Kuldeep','Joshi',NULL,'kuldeep.joshi@amneal.com',NULL,'Quality Management Manager',1,NULL,1),(1002,'Kuldeep','Hasija',NULL,'',NULL,'Contractor',NULL,NULL,1),(1003,'Krzysztof','Zielinski',NULL,'',NULL,'Contractor',NULL,NULL,1),(1004,'Krzysztof','Swirk',NULL,'',NULL,'Contractor',NULL,NULL,1),(1005,'Krzysztof','Mucha',NULL,'',NULL,'Contractor',NULL,NULL,1),(1006,'Krzysztof','Martyna',NULL,'',NULL,'Contractor',NULL,NULL,1),(1007,'Krzysztof','mlynarek',NULL,'',NULL,'Contractor',NULL,NULL,1),(1008,'Krysztof','Luszczynski',NULL,'',NULL,'Contractor',NULL,NULL,1),(1009,'Kristina','Adomaviciute',NULL,'Kristina.a@amneal.com',NULL,'GO',1,NULL,1),(1010,'Krishna','Chaitanya',NULL,'Krishna.Chaitanya@amneal.com',NULL,'Microbiology Personnel',1,NULL,1),(1011,'Killian','Smith',NULL,'',NULL,'Contractor',NULL,NULL,1),(1012,'Killian','Ryan',NULL,'',NULL,'Contractor',NULL,NULL,1),(1013,'Killian','ODwyer',NULL,'',NULL,'Contractor',NULL,NULL,1),(1014,'Killian','Keating',NULL,'',NULL,'Contractor',NULL,NULL,1),(1015,'Killian','D\'arcy',NULL,'',NULL,'Contractor',NULL,NULL,1),(1016,'Killian','Darcy',NULL,'',NULL,'Contractor',NULL,NULL,1),(1017,'Kilian','Fitzsimons',NULL,'',NULL,'Contractor',NULL,NULL,1),(1018,'Kieran','OBrien',NULL,'kieran.obrien@amneal.com',NULL,'Financial Director',1,NULL,1),(1019,'Kieran','Whitty',NULL,'',NULL,'Contractor',NULL,NULL,1),(1020,'Kieran','Simpson',NULL,'',NULL,'Contractor',NULL,NULL,1),(1021,'Kieran','Sheedy',NULL,'',NULL,'Contractor',NULL,NULL,1),(1022,'Kieran','ODwyer',NULL,'',NULL,'Contractor',NULL,NULL,1),(1023,'Kieran','Murphy',NULL,'',NULL,'Contractor',NULL,NULL,1),(1024,'Kieran','Mccarty',NULL,'',NULL,'Contractor',NULL,NULL,1),(1025,'Kieran','Masers',NULL,'',NULL,'Contractor',NULL,NULL,1),(1026,'Kieran','Hourihane',NULL,'',NULL,'Contractor',NULL,NULL,1),(1027,'Kieran','Doyle',NULL,'',NULL,'Contractor',NULL,NULL,1),(1028,'Kieran','Curtin',NULL,'',NULL,'Contractor',NULL,NULL,1),(1029,'Kieran','Cassidy',NULL,'',NULL,'Contractor',NULL,NULL,1),(1030,'Kieran','Brennan',NULL,'',NULL,'Contractor',NULL,NULL,1),(1031,'Kieran','Aherne',NULL,'',NULL,'Contractor',NULL,NULL,1),(1032,'Kian','Cullinane',NULL,'',NULL,'Contractor',NULL,NULL,1),(1033,'Kevin','Moran',NULL,'',NULL,'Contractor',NULL,NULL,1),(1034,'Kevin','Fitzgerald',NULL,'',NULL,'Contractor',NULL,NULL,1),(1035,'Kevin','Wiley',NULL,'',NULL,'Contractor',NULL,NULL,1),(1036,'Kevin','Whitty',NULL,'',NULL,'Contractor',NULL,NULL,1),(1037,'Kevin','Walsh',NULL,'',NULL,'Contractor',NULL,NULL,1),(1038,'Kevin','Shelly',NULL,'',NULL,'Contractor',NULL,NULL,1),(1039,'Kevin','Ryan',NULL,'',NULL,'Contractor',NULL,NULL,1),(1040,'Kevin','O\'dowd',NULL,'',NULL,'Contractor',NULL,NULL,1),(1041,'Kevin','OBoyle',NULL,'',NULL,'Contractor',NULL,NULL,1),(1042,'Kevin','ODowd',NULL,'',NULL,'Contractor',NULL,NULL,1),(1043,'Kevin','Mulhall',NULL,'',NULL,'Contractor',NULL,NULL,1),(1044,'Kevin','Mc carthy',NULL,'',NULL,'Contractor',NULL,NULL,1),(1045,'Kevin','Lynch',NULL,'',NULL,'Contractor',NULL,NULL,1),(1046,'Kevin','Hourigan',NULL,'',NULL,'Contractor',NULL,NULL,1),(1047,'Kevin','Horrigan',NULL,'',NULL,'Contractor',NULL,NULL,1),(1048,'Kevin','Horagan',NULL,'',NULL,'Contractor',NULL,NULL,1),(1049,'Kevin','Fitzpatrick',NULL,'',NULL,'Contractor',NULL,NULL,1),(1050,'Kevin','Dunne',NULL,'',NULL,'Contractor',NULL,NULL,1),(1051,'Kevin','Donovan',NULL,'',NULL,'Contractor',NULL,NULL,1),(1052,'Kevin','Doherty',NULL,'',NULL,'Contractor',NULL,NULL,1),(1053,'Kevin','Delaney',NULL,'',NULL,'Contractor',NULL,NULL,1),(1054,'Kevin','Dalton',NULL,'',NULL,'Contractor',NULL,NULL,1),(1055,'Kevin','Curran',NULL,'',NULL,'Contractor',NULL,NULL,1),(1056,'Kevin','Cross',NULL,'',NULL,'Contractor',NULL,NULL,1),(1057,'Kevin','Cooke',NULL,'',NULL,'Contractor',NULL,NULL,1),(1058,'Kevin','Cole',NULL,'',NULL,'Contractor',NULL,NULL,1),(1059,'Kevin','Clancy',NULL,'',NULL,'Contractor',NULL,NULL,1),(1060,'Kevin','Broderick',NULL,'',NULL,'Contractor',NULL,NULL,1),(1061,'Keshav','Mali',NULL,'',NULL,'Contractor',NULL,NULL,1),(1062,'Kerry','horan',NULL,'',NULL,'Contractor',NULL,NULL,1),(1063,'Kerrie','Ashmore',NULL,'',NULL,'Contractor',NULL,NULL,1),(1064,'Kenny','Syder',NULL,'',NULL,'Contractor',NULL,NULL,1),(1065,'Kenny','Mc guire',NULL,'',NULL,'Contractor',NULL,NULL,1),(1066,'Kenneth','Hearne',NULL,'',NULL,'Contractor',NULL,NULL,1),(1067,'Kenneth','Ryan',NULL,'',NULL,'Contractor',NULL,NULL,1),(1068,'Kenneth','Lyons',NULL,'',NULL,'Contractor',NULL,NULL,1),(1069,'Kenneth','Lee',NULL,'',NULL,'Contractor',NULL,NULL,1),(1070,'Kenneth','Horagan',NULL,'',NULL,'Contractor',NULL,NULL,1),(1071,'Kenneth','Lyons',NULL,'',NULL,'Analyst',NULL,NULL,1),(1072,'Kenneth','Clohessey',NULL,'',NULL,'Contractor',NULL,NULL,1),(1073,'Kenneth','Byrne',NULL,'',NULL,'Contractor',NULL,NULL,1),(1074,'Ken','Doherty',NULL,'Ken.doherty@gmail.com',NULL,'Engineer Support',1,NULL,1),(1075,'Ken','Lee',NULL,'',NULL,'Contractor',NULL,NULL,1),(1076,'Ken','Brand',NULL,'',NULL,'Contractor',NULL,NULL,1),(1077,'Kelvin','Mckeown',NULL,'',NULL,'Contractor',NULL,NULL,1),(1078,'Keith','OShea',NULL,'keith.oshea@amneal.com',NULL,'GO',1,NULL,1),(1079,'Keith','Dube',NULL,'Keith.Dube@amneal.com',NULL,'GO',1,NULL,1),(1080,'Keith','Fahy',NULL,'',NULL,'External',NULL,NULL,1),(1081,'Keith','Ryan',NULL,'',NULL,'Contractor',NULL,NULL,1),(1082,'Keith','Power',NULL,'',NULL,'Contractor',NULL,NULL,1),(1083,'Keith','OSullivan',NULL,'',NULL,'Contractor',NULL,NULL,1),(1084,'Keith','ODwyer',NULL,'',NULL,'Contractor',NULL,NULL,1),(1085,'Keith','Mullally',NULL,'',NULL,'Contractor',NULL,NULL,1),(1086,'Keith','Mannion',NULL,'',NULL,'Contractor',NULL,NULL,1),(1087,'Keith','Healy',NULL,'',NULL,'Contractor',NULL,NULL,1),(1088,'Keith','Gahan',NULL,'',NULL,'Contractor',NULL,NULL,1),(1089,'Keith','Fennelly',NULL,'',NULL,'Contractor',NULL,NULL,1),(1090,'Keith','Dooley',NULL,'',NULL,'Contractor',NULL,NULL,1),(1091,'Keith','Condon',NULL,'',NULL,'Contractor',NULL,NULL,1),(1092,'Keith','Cavery',NULL,'',NULL,'Contractor',NULL,NULL,1),(1093,'Keith','Brennan',NULL,'',NULL,'Contractor',NULL,NULL,1),(1094,'Keith','wiggins',NULL,'',NULL,'Contractor',NULL,NULL,1),(1095,'Keely','Tobin',NULL,'',NULL,'Contractor',NULL,NULL,1),(1096,'Kean','OShea',NULL,'',NULL,'Contractor',NULL,NULL,1),(1097,'Katherina','Russell',NULL,'',NULL,'Microbiology Personnel',NULL,NULL,1),(1098,'Katarzyna','Piasecka',NULL,'',NULL,'Contractor',NULL,NULL,1),(1099,'Karl','Carey',NULL,'',NULL,'Contractor',NULL,NULL,1),(1100,'Karl','Butler',NULL,'',NULL,'Contractor',NULL,NULL,1),(1101,'Karl','Bohan',NULL,'',NULL,'Contractor',NULL,NULL,1),(1102,'Karen','Barry',NULL,'karen.barry@amneal.com',NULL,NULL,1,NULL,1),(1103,'Karel','Lezna',NULL,'',NULL,'Contractor',NULL,NULL,1),(1104,'Kapil','Dev',NULL,'Kapil.Dev@amneal.com',NULL,'QC Specialist',1,NULL,1),(1105,'Kannikar','Supamuangsaen',NULL,'',NULL,'Contractor',NULL,NULL,1),(1106,'Kamil','Berg',NULL,'',NULL,'Contractor',NULL,NULL,1),(1107,'Kalum','Bradley',NULL,'',NULL,'Contractor',NULL,NULL,1),(1108,'Justin','Manning',NULL,'',NULL,'Contractor',NULL,NULL,1),(1109,'Jurij','Paskovskij',NULL,'',NULL,'Contractor',NULL,NULL,1),(1110,'Jure','Gaspar',NULL,'',NULL,'Contractor',NULL,NULL,1),(1111,'Julian','Zabinski',NULL,'',NULL,'Contractor',NULL,NULL,1),(1112,'JP','ODwyer',NULL,'',NULL,NULL,NULL,NULL,1),(1113,'Jozef','Chwalczuk',NULL,'',NULL,'Contractor',NULL,NULL,1),(1114,'Josip','Kovacevic',NULL,'',NULL,'Contractor',NULL,NULL,1),(1115,'Josh','Duggan',NULL,'',NULL,'Contractor',NULL,NULL,1),(1116,'Josh','reffery',NULL,'',NULL,'Contractor',NULL,NULL,1),(1117,'Josephine','Donaghy',NULL,'',NULL,'Contractor',NULL,NULL,1),(1118,'Joseph','ORourke',NULL,'',NULL,'Contractor',NULL,NULL,1),(1119,'Joseph','ORiordan',NULL,'',NULL,'Contractor',NULL,NULL,1),(1120,'Joseph','Dwyer',NULL,'',NULL,'Contractor',NULL,NULL,1),(1121,'Josef','Braid',NULL,'',NULL,'Contractor',NULL,NULL,1),(1122,'Jose','Arrunategui',NULL,'',NULL,'Contractor',NULL,NULL,1),(1123,'Jordan','Molloy',NULL,'',NULL,'Contractor',NULL,NULL,1),(1124,'Jonathon','Stokes',NULL,'',NULL,'Contractor',NULL,NULL,1),(1125,'Jonathan','Fleming',NULL,'',NULL,'Technical Writer',NULL,NULL,1),(1126,'Jonathan','Knox',NULL,'',NULL,'Contractor',NULL,NULL,1),(1127,'Jomson','Jose',NULL,'Jomson.Jose@amneal.com',NULL,'GO',1,NULL,1),(1128,'Johnny','OConnor',NULL,'',NULL,'Contractor',NULL,NULL,1),(1129,'Johnny','Nugent',NULL,'',NULL,'Contractor',NULL,NULL,1),(1130,'Johnny','Connolly',NULL,'',NULL,'Contractor',NULL,NULL,1),(1131,'Johnny','Barrett',NULL,'',NULL,'Contractor',NULL,NULL,1),(1132,'John','ODwyer',NULL,'john.odwyer@amneal.com',NULL,'EHS Consultant',1,NULL,1),(1133,'John','Doyle',NULL,'John.doyle@amneal.com',NULL,'Engineering Manager',1,NULL,1),(1134,'John','Ryan',NULL,'',NULL,'Contractor',NULL,NULL,1),(1135,'John','Reardon',NULL,'',NULL,'Contractor',NULL,NULL,1),(1136,'John','OSullivan',NULL,'',NULL,'Contractor',NULL,NULL,1),(1137,'John','Morris',NULL,'',NULL,'Contractor',NULL,NULL,1),(1138,'John','Hynes',NULL,'',NULL,NULL,NULL,NULL,1),(1139,'John','White',NULL,'',NULL,'Contractor',NULL,NULL,1),(1140,'John','Warren',NULL,'',NULL,'Contractor',NULL,NULL,1),(1141,'John','Ward',NULL,'',NULL,'Contractor',NULL,NULL,1),(1142,'John','Walsh',NULL,'',NULL,'Contractor',NULL,NULL,1),(1143,'John','Trearty',NULL,'',NULL,'Contractor',NULL,NULL,1),(1144,'John','Taylor',NULL,'',NULL,'Contractor',NULL,NULL,1),(1145,'John','Sloan',NULL,'',NULL,'Contractor',NULL,NULL,1),(1146,'John','Slevin',NULL,'',NULL,'Contractor',NULL,NULL,1),(1147,'John','Sloan',NULL,'',NULL,'Analyst',NULL,NULL,1),(1148,'John','Roche',NULL,'',NULL,'Contractor',NULL,NULL,1),(1149,'John','Quinn',NULL,'',NULL,'Contractor',NULL,NULL,1),(1150,'John','Quill',NULL,'',NULL,'Contractor',NULL,NULL,1),(1151,'John','Power',NULL,'',NULL,'Contractor',NULL,NULL,1),(1152,'John','Paul crowe',NULL,'',NULL,'Contractor',NULL,NULL,1),(1153,'John','ONeill',NULL,'',NULL,'Contractor',NULL,NULL,1),(1154,'John','OLeary',NULL,'',NULL,'Contractor',NULL,NULL,1),(1155,'John','ODwyer',NULL,'',NULL,'Contractor',NULL,NULL,1),(1156,'John','OBrien',NULL,'',NULL,'Contractor',NULL,NULL,1),(1157,'John','OShea',NULL,'',NULL,'Contractor',NULL,NULL,1),(1158,'John','ODwyer',NULL,'',NULL,'Contractor',NULL,NULL,1),(1159,'John','OConnell',NULL,'',NULL,'Contractor',NULL,NULL,1),(1160,'John','Nally',NULL,'',NULL,'Contractor',NULL,NULL,1),(1161,'John','Murphy',NULL,'',NULL,'Contractor',NULL,NULL,1),(1162,'John','Mullins',NULL,'',NULL,'Contractor',NULL,NULL,1),(1163,'John','Morgan',NULL,'',NULL,'Contractor',NULL,NULL,1),(1164,'John','Moran',NULL,'',NULL,'Contractor',NULL,NULL,1),(1165,'John','Melee',NULL,'',NULL,'Contractor',NULL,NULL,1),(1166,'John','Mcgrath',NULL,'',NULL,'Contractor',NULL,NULL,1),(1167,'John','Mccarthy',NULL,'',NULL,'Contractor',NULL,NULL,1),(1168,'John','Maguire',NULL,'',NULL,'Contractor',NULL,NULL,1),(1169,'John','Long',NULL,'',NULL,'Contractor',NULL,NULL,1),(1170,'John','Kelleher',NULL,'',NULL,'Contractor',NULL,NULL,1),(1171,'John','Kearney',NULL,'',NULL,'Contractor',NULL,NULL,1),(1172,'John','Jones',NULL,'',NULL,'Contractor',NULL,NULL,1),(1173,'John','Hoyne',NULL,'',NULL,'Contractor',NULL,NULL,1),(1174,'John','Hogan',NULL,'',NULL,'Contractor',NULL,NULL,1),(1175,'John','Hoey',NULL,'',NULL,'Contractor',NULL,NULL,1),(1176,'John','Hickey',NULL,'',NULL,'Contractor',NULL,NULL,1),(1177,'John','Greene',NULL,'',NULL,'Contractor',NULL,NULL,1),(1178,'John','Gleeson',NULL,'',NULL,'Contractor',NULL,NULL,1),(1179,'John','Flanagan',NULL,'',NULL,'Contractor',NULL,NULL,1),(1180,'John','Duggan',NULL,'',NULL,'Contractor',NULL,NULL,1),(1181,'John','Dowling',NULL,'',NULL,'Contractor',NULL,NULL,1),(1182,'John','Doherty',NULL,'',NULL,'Contractor',NULL,NULL,1),(1183,'John','Dobson',NULL,'',NULL,'Contractor',NULL,NULL,1),(1184,'John','Devitt',NULL,'',NULL,'Contractor',NULL,NULL,1),(1185,'John','Davies',NULL,'',NULL,'Contractor',NULL,NULL,1),(1186,'John','Cusack',NULL,'',NULL,'Contractor',NULL,NULL,1),(1187,'John','Crawford',NULL,'',NULL,'Contractor',NULL,NULL,1),(1188,'John','Costello',NULL,'',NULL,'Contractor',NULL,NULL,1),(1189,'John','Connors',NULL,'',NULL,'Contractor',NULL,NULL,1),(1190,'John','Collins',NULL,'',NULL,'Contractor',NULL,NULL,1),(1191,'John','Coleman',NULL,'',NULL,'Contractor',NULL,NULL,1),(1192,'John','Carey',NULL,'',NULL,'Contractor',NULL,NULL,1),(1193,'John','Callanan',NULL,'',NULL,'Contractor',NULL,NULL,1),(1194,'John','Cahill',NULL,'',NULL,'Contractor',NULL,NULL,1),(1195,'John','Byrne',NULL,'',NULL,'Contractor',NULL,NULL,1),(1196,'John','Butler',NULL,'',NULL,'Contractor',NULL,NULL,1),(1197,'John','Brennan',NULL,'',NULL,'Contractor',NULL,NULL,1),(1198,'John','Breen',NULL,'',NULL,'Contractor',NULL,NULL,1),(1199,'John','Boyle sr',NULL,'',NULL,'Contractor',NULL,NULL,1),(1200,'John','Boyle jr',NULL,'',NULL,'Contractor',NULL,NULL,1),(1201,'John','Boyd',NULL,'',NULL,'Contractor',NULL,NULL,1),(1202,'John','Barron',NULL,'',NULL,'Contractor',NULL,NULL,1),(1203,'John','Walsh',NULL,'',NULL,'Contractor',NULL,NULL,1),(1204,'John','ODwyer',NULL,'',NULL,'Contractor',NULL,NULL,1),(1205,'John','OConnell',NULL,'',NULL,'Contractor',NULL,NULL,1),(1206,'John','murphy',NULL,'',NULL,'Contractor',NULL,NULL,1),(1207,'Johann','Lorenz',NULL,'',NULL,'Contractor',NULL,NULL,1),(1208,'Joe','Bergin',NULL,'',NULL,NULL,1,NULL,1),(1209,'Joe','Donohue',NULL,'',NULL,'Contractor',NULL,NULL,1),(1210,'Joe','Whelan',NULL,'',NULL,'Contractor',NULL,NULL,1),(1211,'Joe','Thompson',NULL,'',NULL,'Contractor',NULL,NULL,1),(1212,'Joe','Sweeney',NULL,'',NULL,'Contractor',NULL,NULL,1),(1213,'Joe','Pollard',NULL,'',NULL,'Contractor',NULL,NULL,1),(1214,'Joe','ODriscoll',NULL,'',NULL,'Contractor',NULL,NULL,1),(1215,'Joe','OCallaghan',NULL,'',NULL,'Contractor',NULL,NULL,1),(1216,'Joe','ONeill',NULL,'',NULL,'Contractor',NULL,NULL,1),(1217,'Joe','OCallaghan',NULL,'',NULL,'Contractor',NULL,NULL,1),(1218,'Joe','Kinner',NULL,'',NULL,'Contractor',NULL,NULL,1),(1219,'Joe','Kennedy',NULL,'',NULL,'Contractor',NULL,NULL,1),(1220,'Joe','Kenna',NULL,'',NULL,'Contractor',NULL,NULL,1),(1221,'Joe','Hynes',NULL,'',NULL,'Contractor',NULL,NULL,1),(1222,'Joe','Foran',NULL,'',NULL,'Contractor',NULL,NULL,1),(1223,'Joe','Fitzgerald',NULL,'',NULL,'Contractor',NULL,NULL,1),(1224,'Joe','Duffy',NULL,'',NULL,'Contractor',NULL,NULL,1),(1225,'Joe','Carroll',NULL,'',NULL,'Contractor',NULL,NULL,1),(1226,'Joe','Brogan',NULL,'',NULL,'Contractor',NULL,NULL,1),(1227,'Joe','Boyle',NULL,'',NULL,'Contractor',NULL,NULL,1),(1228,'Joe','Bergin',NULL,'',NULL,'Contractor',NULL,NULL,1),(1229,'Joe','Ahern',NULL,'',NULL,'Contractor',NULL,NULL,1),(1230,'joanne','Mackey',NULL,'',NULL,'Contractor',NULL,NULL,1),(1231,'Joanne','Haddon',NULL,'',NULL,'Contractor',NULL,NULL,1),(1232,'Joanne','Fitzgerald',NULL,'',NULL,'Contractor',NULL,NULL,1),(1233,'Joanna','Farragher',NULL,'',NULL,'Contractor',NULL,NULL,1),(1234,'Jimmy','White',NULL,'',NULL,'Contractor',NULL,NULL,1),(1235,'Jimmy','Walker',NULL,'',NULL,'Contractor',NULL,NULL,1),(1236,'Jimmy','Savage',NULL,'',NULL,'Contractor',NULL,NULL,1),(1237,'Jimmy','Ferncombe',NULL,'',NULL,'Contractor',NULL,NULL,1),(1238,'Jimmy','Bray',NULL,'',NULL,'Contractor',NULL,NULL,1),(1239,'Jim','Brennan',NULL,'Jim.Brennan@amneal.com',NULL,'Engineering Projects Manager',1,NULL,1),(1240,'Jim','Tobin',NULL,'',NULL,'Contractor',NULL,NULL,1),(1241,'Jim','Ryan',NULL,'',NULL,'Contractor',NULL,NULL,1),(1242,'Jim','Power',NULL,'',NULL,'Contractor',NULL,NULL,1),(1243,'Jim','OConnell',NULL,'',NULL,'Contractor',NULL,NULL,1),(1244,'Jim','OBrien',NULL,'',NULL,'Contractor',NULL,NULL,1),(1245,'Jim','Kennedy',NULL,'',NULL,'Contractor',NULL,NULL,1),(1246,'Jim','Coogan',NULL,'',NULL,'Contractor',NULL,NULL,1),(1247,'Jim','Byrne',NULL,'',NULL,'Contractor',NULL,NULL,1),(1248,'Jessica','Hawkins',NULL,'',NULL,'Contractor',NULL,NULL,1),(1249,'Jesse','Houser',NULL,'',NULL,'Contractor',NULL,NULL,1),(1250,'Jerzy','mista',NULL,'',NULL,'Contractor',NULL,NULL,1),(1251,'Jerry','McCarthy',NULL,'',NULL,'Contractor',NULL,NULL,1),(1252,'Jeremy','Windgate',NULL,'',NULL,'Contractor',NULL,NULL,1),(1253,'Jenny','Byrne',NULL,'',NULL,'Contractor',NULL,NULL,1),(1254,'Jenny','Henley',NULL,'',NULL,'Contractor',NULL,NULL,1),(1255,'Jennifer','Downey',NULL,'',NULL,'Contractor',NULL,NULL,1),(1256,'Jeff','Nea',NULL,'',NULL,'Contractor',NULL,NULL,1),(1257,'Jazeps','Emolins',NULL,'',NULL,'Contractor',NULL,NULL,1),(1258,'Jason','Hassy',NULL,'',NULL,'Contractor',NULL,NULL,1),(1259,'Jason','Hahessy',NULL,'',NULL,'Contractor',NULL,NULL,1),(1260,'Jason','Swan',NULL,'',NULL,'Contractor',NULL,NULL,1),(1261,'Jason','Stanley',NULL,'',NULL,'Contractor',NULL,NULL,1),(1262,'Jason','OBrien',NULL,'',NULL,'Contractor',NULL,NULL,1),(1263,'Jason','Nevin',NULL,'',NULL,'Contractor',NULL,NULL,1),(1264,'Jason','Kerr',NULL,'',NULL,'Contractor',NULL,NULL,1),(1265,'Jason','Fehilly',NULL,'',NULL,'Contractor',NULL,NULL,1),(1266,'Jason','Coughlan',NULL,'',NULL,'Contractor',NULL,NULL,1),(1267,'Jason','Cassells',NULL,'',NULL,'Contractor',NULL,NULL,1),(1268,'Jason','Cahill',NULL,'',NULL,'Contractor',NULL,NULL,1),(1269,'Jason','Barnes',NULL,'',NULL,'Contractor',NULL,NULL,1),(1270,'Jarlath','Mcguigan',NULL,'',NULL,'Contractor',NULL,NULL,1),(1271,'Jarek','Kozlowski',NULL,'',NULL,'Contractor',NULL,NULL,1),(1272,'Jaques','Norval',NULL,'',NULL,'Contractor',NULL,NULL,1),(1273,'Janie','Gwinn',NULL,'janie.gwinn@amneal.com',NULL,'Vice President',1,NULL,1),(1274,'Jan','Tobiasz',NULL,'',NULL,'Contractor',NULL,NULL,1),(1275,'Jan','Chef',NULL,'',NULL,'Contractor',NULL,NULL,1),(1276,'Jamie','Walsh',NULL,'',NULL,'Contractor',NULL,NULL,1),(1277,'Jamie','Sage',NULL,'',NULL,'Contractor',NULL,NULL,1),(1278,'Jamie','Rafter',NULL,'',NULL,'Contractor',NULL,NULL,1),(1279,'Jamie','Meehan',NULL,'',NULL,'Contractor',NULL,NULL,1),(1280,'Jamie','Fitzgerald',NULL,'',NULL,'Contractor',NULL,NULL,1),(1281,'Jamie','Caffrey',NULL,'',NULL,'Contractor',NULL,NULL,1),(1282,'James','ORourke',NULL,'',NULL,'Contractor',NULL,NULL,1),(1283,'James','ORourke',NULL,'',NULL,'Contractor',NULL,NULL,1),(1284,'James','OSullivan',NULL,'',NULL,'Contractor',NULL,NULL,1),(1285,'James','Kiely',NULL,'',NULL,'Contractor',NULL,NULL,1),(1286,'James','Winston',NULL,'',NULL,'Contractor',NULL,NULL,1),(1287,'James','Walsh',NULL,'',NULL,'Contractor',NULL,NULL,1),(1288,'James','Scanlon',NULL,'',NULL,'Contractor',NULL,NULL,1),(1289,'James','Rees',NULL,'',NULL,'Contractor',NULL,NULL,1),(1290,'James','Power',NULL,'',NULL,'Contractor',NULL,NULL,1),(1291,'James','Pigg',NULL,'',NULL,'Contractor',NULL,NULL,1),(1292,'James','ONeill',NULL,'',NULL,'Contractor',NULL,NULL,1),(1293,'James','OGorman',NULL,'',NULL,'Contractor',NULL,NULL,1),(1294,'James','Nolan',NULL,'',NULL,'Contractor',NULL,NULL,1),(1295,'James','Mealy',NULL,'',NULL,'Contractor',NULL,NULL,1),(1296,'James','Mcnamara',NULL,'',NULL,'Contractor',NULL,NULL,1),(1297,'James','Mcguigan',NULL,'',NULL,'Contractor',NULL,NULL,1),(1298,'James','Mccormack',NULL,'',NULL,'Contractor',NULL,NULL,1),(1299,'James','Mc namara',NULL,'',NULL,'Contractor',NULL,NULL,1),(1300,'James','Mannion',NULL,'',NULL,'Contractor',NULL,NULL,1),(1301,'James','Maher',NULL,'',NULL,'Contractor',NULL,NULL,1),(1302,'James','Maguire',NULL,'',NULL,'Contractor',NULL,NULL,1),(1303,'James','Lonergan',NULL,'',NULL,'Contractor',NULL,NULL,1),(1304,'James','Kiniry',NULL,'',NULL,'Contractor',NULL,NULL,1),(1305,'James','Kilduff',NULL,'',NULL,'Contractor',NULL,NULL,1),(1306,'James','Kiely',NULL,'',NULL,'Contractor',NULL,NULL,1),(1307,'James','Keough',NULL,'',NULL,'Contractor',NULL,NULL,1),(1308,'James','Keogh',NULL,'',NULL,'Contractor',NULL,NULL,1),(1309,'James','Kehoe',NULL,'',NULL,'Contractor',NULL,NULL,1),(1310,'James','Howe',NULL,'',NULL,'Contractor',NULL,NULL,1),(1311,'James','Hewetson',NULL,'',NULL,'Contractor',NULL,NULL,1),(1312,'James','Hayes',NULL,'',NULL,'Contractor',NULL,NULL,1),(1313,'James','Glasgow',NULL,'',NULL,'Contractor',NULL,NULL,1),(1314,'James','Fogarty',NULL,'',NULL,'Contractor',NULL,NULL,1),(1315,'James','Finn',NULL,'',NULL,'Contractor',NULL,NULL,1),(1316,'James','Devaney',NULL,'',NULL,'Contractor',NULL,NULL,1),(1317,'James','Daly',NULL,'',NULL,'Contractor',NULL,NULL,1),(1318,'James','Cummins',NULL,'',NULL,'Contractor',NULL,NULL,1),(1319,'James','Cotter',NULL,'',NULL,'Contractor',NULL,NULL,1),(1320,'James','Costello',NULL,'',NULL,'Contractor',NULL,NULL,1),(1321,'James','Corrigan',NULL,'',NULL,'Contractor',NULL,NULL,1),(1322,'James','Conroy',NULL,'',NULL,'Contractor',NULL,NULL,1),(1323,'James','Comyn',NULL,'',NULL,'Contractor',NULL,NULL,1),(1324,'James','Byrne',NULL,'',NULL,'Contractor',NULL,NULL,1),(1325,'James','mc inerney',NULL,'',NULL,'Contractor',NULL,NULL,1),(1326,'James','guale',NULL,'',NULL,'Contractor',NULL,NULL,1),(1327,'James','curran',NULL,'',NULL,'Contractor',NULL,NULL,1),(1328,'Jake','Byrne',NULL,'',NULL,'Contractor',NULL,NULL,1),(1329,'Jaime','Walsh',NULL,'',NULL,'Contractor',NULL,NULL,1),(1330,'Jackie','Coogan',NULL,'',NULL,'Contractor',NULL,NULL,1),(1331,'Jackie','OShea',NULL,'',NULL,'Contractor',NULL,NULL,1),(1332,'Jack','Doyle',NULL,'Jack.Doyle@amneal.com',NULL,NULL,1,NULL,1),(1333,'Jack','Taggart',NULL,'',NULL,'Contractor',NULL,NULL,1),(1334,'Jack','Ryan',NULL,'',NULL,'Contractor',NULL,NULL,1),(1335,'Jack','ODwyer',NULL,'',NULL,'Contractor',NULL,NULL,1),(1336,'Jack','Noonan',NULL,'',NULL,'Contractor',NULL,NULL,1),(1337,'Jack','Murphy',NULL,'',NULL,'Contractor',NULL,NULL,1),(1338,'Jack','Long',NULL,'',NULL,'Contractor',NULL,NULL,1),(1339,'Jack','Langan',NULL,'',NULL,'Contractor',NULL,NULL,1),(1340,'Jack','Karbowski',NULL,'',NULL,'Contractor',NULL,NULL,1),(1341,'Jack','Greagh',NULL,'',NULL,'Contractor',NULL,NULL,1),(1342,'Jack','Currivan',NULL,'',NULL,'Contractor',NULL,NULL,1),(1343,'Jack','Carey',NULL,'',NULL,'Contractor',NULL,NULL,1),(1344,'Jack','Burke',NULL,'',NULL,'Contractor',NULL,NULL,1),(1345,'Jacinta','Barry',NULL,'',NULL,'Contractor',NULL,NULL,1),(1346,'J.p.','Long',NULL,'',NULL,'Contractor',NULL,NULL,1),(1347,'Ivan','Zelman',NULL,'',NULL,'Contractor',NULL,NULL,1),(1348,'Ivan','Petcov',NULL,'',NULL,'Contractor',NULL,NULL,1),(1349,'Ivan','Kordic',NULL,'',NULL,'Contractor',NULL,NULL,1),(1350,'Ivan','Gyrsky',NULL,'',NULL,'Contractor',NULL,NULL,1),(1351,'Istvan','Kadar',NULL,'',NULL,'Contractor',NULL,NULL,1),(1352,'Iris','Francois',NULL,'',NULL,'Contractor',NULL,NULL,1),(1353,'Ion','Curmei',NULL,'',NULL,'Contractor',NULL,NULL,1),(1354,'Ion','Agrici',NULL,'',NULL,'Contractor',NULL,NULL,1),(1355,'Ini Oliver','Makuwaza',NULL,'inioliver.makuwaza@amneal.com',NULL,'GO',1,NULL,1),(1356,'Igor','Turcan',NULL,'',NULL,'Contractor',NULL,NULL,1),(1357,'Igor','Rabovila',NULL,'',NULL,'Contractor',NULL,NULL,1),(1358,'Ian','Ryan',NULL,'Ian.Ryan@amneal.com',NULL,NULL,1,NULL,1),(1359,'Ian','Smith',NULL,'',NULL,'Contractor',NULL,NULL,1),(1360,'Ian','OGrady',NULL,'',NULL,'Contractor',NULL,NULL,1),(1361,'Ian','Lacey',NULL,'',NULL,'Contractor',NULL,NULL,1),(1362,'Ian','Keen',NULL,'',NULL,'Contractor',NULL,NULL,1),(1363,'Ian','Hackett',NULL,'',NULL,'Contractor',NULL,NULL,1),(1364,'Ian','Edmonds',NULL,'',NULL,'Contractor',NULL,NULL,1),(1365,'Ian','Dowd',NULL,'',NULL,'Contractor',NULL,NULL,1),(1366,'Ian','Donnellan',NULL,'',NULL,'Contractor',NULL,NULL,1),(1367,'Ian','Davies',NULL,'',NULL,'Contractor',NULL,NULL,1),(1368,'Ian','Corrigan',NULL,'',NULL,'Contractor',NULL,NULL,1),(1369,'Ian','Chandler',NULL,'',NULL,'Contractor',NULL,NULL,1),(1370,'Iain','Clark',NULL,'',NULL,'Contractor',NULL,NULL,1),(1371,'Hugh','Hennessy',NULL,'',NULL,'Contractor',NULL,NULL,1),(1372,'Hugh','Early',NULL,'',NULL,'Contractor',NULL,NULL,1),(1373,'Howard','Reid',NULL,'howard.reid@amneal.com',NULL,'Process Engineer',1,NULL,1),(1374,'Henry','Ramsbolton',NULL,'',NULL,'Contractor',NULL,NULL,1),(1375,'Henadzi','Siaredzich',NULL,'',NULL,'Contractor',NULL,NULL,1),(1376,'Hemalatha','Dakshinamoorthy',NULL,'Hemalatha.Dakshinamoorthy@amneal.com',NULL,'Quality Assurance Assistant',1,NULL,1),(1377,'Helmut','Schonhofer',NULL,'',NULL,'Contractor',NULL,NULL,1),(1378,'Helene','Guntz',NULL,'',NULL,'Contractor',NULL,NULL,1),(1379,'Hayon','Grace',NULL,'',NULL,'Contractor',NULL,NULL,1),(1380,'Harshita','Basavaboina',NULL,'Harshita.Basavaboina@amneal.com',NULL,'IPQA Personnel',1,NULL,1),(1381,'Harry','Scott',NULL,'',NULL,'Contractor',NULL,NULL,1),(1382,'Harry','Hogan',NULL,'',NULL,'Contractor',NULL,NULL,1),(1383,'Hannes','Ufschlag',NULL,'',NULL,'Contractor',NULL,NULL,1),(1384,'Hanna','Kowalczyk',NULL,'',NULL,'Contractor',NULL,NULL,1),(1385,'Grzegorz','Kowalski',NULL,'',NULL,'Contractor',NULL,NULL,1),(1386,'Greig','Huddleston',NULL,'',NULL,'Contractor',NULL,NULL,1),(1387,'Gregor','Raunch',NULL,'',NULL,'Contractor',NULL,NULL,1),(1388,'Greg','Talaska',NULL,'',NULL,'Contractor',NULL,NULL,1),(1389,'Greg','Lach',NULL,'',NULL,'Contractor',NULL,NULL,1),(1390,'Greg','Cronin',NULL,'',NULL,'Contractor',NULL,NULL,1),(1391,'Grahram','O reilly',NULL,'',NULL,'Contractor',NULL,NULL,1),(1392,'Graham','Walsh',NULL,'',NULL,'Contractor',NULL,NULL,1),(1393,'Graham','Mooney',NULL,'',NULL,'Contractor',NULL,NULL,1),(1394,'Graham','Johnston',NULL,'',NULL,'Contractor',NULL,NULL,1),(1395,'Graeme','Stuart',NULL,'',NULL,'Contractor',NULL,NULL,1),(1396,'Govinda','Bhatt',NULL,'',NULL,'Production Lead',1,NULL,1),(1397,'Gordon','ODwyer',NULL,'',NULL,'Contractor',NULL,NULL,1),(1398,'Gordan','Reidy',NULL,'',NULL,'Contractor',NULL,NULL,1),(1399,'Glen','Doyle',NULL,'',NULL,'Contractor',NULL,NULL,1),(1400,'Gjoko','Trajkov',NULL,'',NULL,'Contractor',NULL,NULL,1),(1401,'Gitas','Bieliunas',NULL,'',NULL,'Contractor',NULL,NULL,1),(1402,'Gintautas','Rudys',NULL,'',NULL,'Contractor',NULL,NULL,1),(1403,'Giles','Meehan',NULL,'',NULL,'Contractor',NULL,NULL,1),(1404,'Ghenadie','Mosneagu',NULL,'',NULL,'Contractor',NULL,NULL,1),(1405,'Gerry','OMeara',NULL,'Gerry.OMeara@amneal.com',NULL,'IT Personnel',1,NULL,1),(1406,'Gerry','Rush',NULL,'',NULL,'Contractor',NULL,NULL,1),(1407,'Gerry','Power',NULL,'',NULL,'Contractor',NULL,NULL,1),(1408,'Gerry','Molloy',NULL,'',NULL,'Contractor',NULL,NULL,1),(1409,'Gerry','Lawless',NULL,'',NULL,'Contractor',NULL,NULL,1),(1410,'Gerard','Ryan',NULL,'gerard.ryan@amneal.com',NULL,'Finance Personnel',1,NULL,1),(1411,'Gerard','Quinn',NULL,'',NULL,'Contractor',NULL,NULL,1),(1412,'Gerard','ODwyer',NULL,'',NULL,'Contractor',NULL,NULL,1),(1413,'Gerard','ODoherty',NULL,'',NULL,'Contractor',NULL,NULL,1),(1414,'Gerard','Martin',NULL,'',NULL,'Contractor',NULL,NULL,1),(1415,'Gerard','M ryan',NULL,'',NULL,'Contractor',NULL,NULL,1),(1416,'Gerard','Kelly',NULL,'',NULL,'Contractor',NULL,NULL,1),(1417,'Gerard','Joyce',NULL,'',NULL,'Contractor',NULL,NULL,1),(1418,'Gerard','Herdman',NULL,'',NULL,'Contractor',NULL,NULL,1),(1419,'Gerard','Farragher',NULL,'',NULL,'Contractor',NULL,NULL,1),(1420,'Gerard','English',NULL,'',NULL,'Contractor',NULL,NULL,1),(1421,'Gerard','Byrne',NULL,'',NULL,'Contractor',NULL,NULL,1),(1422,'Gerard','Barry',NULL,'',NULL,'Contractor',NULL,NULL,1),(1423,'Geraldine','Hanley',NULL,'',NULL,'Contractor',NULL,NULL,1),(1424,'Gerald','Barry',NULL,'',NULL,'Contractor',NULL,NULL,1),(1425,'Ger','Sheehan',NULL,'',NULL,'Contractor',NULL,NULL,1),(1426,'Ger','Ryan',NULL,'',NULL,'Contractor',NULL,NULL,1),(1427,'Ger','Reidy',NULL,'',NULL,'Contractor',NULL,NULL,1),(1428,'Ger','Power',NULL,'',NULL,'Contractor',NULL,NULL,1),(1429,'Ger','OBrien',NULL,'',NULL,'Contractor',NULL,NULL,1),(1430,'Ger','Moynihan',NULL,'',NULL,'Contractor',NULL,NULL,1),(1431,'Ger','Mitchell',NULL,'',NULL,'Contractor',NULL,NULL,1),(1432,'Ger','Mcnamara',NULL,'',NULL,'Contractor',NULL,NULL,1),(1433,'Ger','Mc carty',NULL,'',NULL,'Contractor',NULL,NULL,1),(1434,'Ger','Martin',NULL,'',NULL,'Contractor',NULL,NULL,1),(1435,'Ger','Leahy',NULL,'',NULL,'Contractor',NULL,NULL,1),(1436,'Ger','Kearney',NULL,'',NULL,'Contractor',NULL,NULL,1),(1437,'Ger','Hickey',NULL,'',NULL,'Contractor',NULL,NULL,1),(1438,'George','Scully',NULL,'',NULL,'Contractor',NULL,NULL,1),(1439,'George','Heskin',NULL,'',NULL,'Contractor',NULL,NULL,1),(1440,'George','Clohessey',NULL,'',NULL,'Contractor',NULL,NULL,1),(1441,'George','Byrne',NULL,'',NULL,'Contractor',NULL,NULL,1),(1442,'Geoffry','Fallon',NULL,'',NULL,'Contractor',NULL,NULL,1),(1443,'Geoffry','Bevan',NULL,'',NULL,'Contractor',NULL,NULL,1),(1444,'Gearoid','McDermott',NULL,'',NULL,NULL,NULL,NULL,1),(1445,'Gearoid','OConnor',NULL,'',NULL,'Contractor',NULL,NULL,1),(1446,'Gearoid','Moroney',NULL,'',NULL,'Contractor',NULL,NULL,1),(1447,'Gearoid','OConnor',NULL,'',NULL,'Contractor',NULL,NULL,1),(1448,'Gavin','Gleeson',NULL,'',NULL,'Contractor',1,NULL,1),(1449,'Gavin','Redmond',NULL,'',NULL,'Contractor',NULL,NULL,1),(1450,'Gavin','OBrien',NULL,'',NULL,'Contractor',NULL,NULL,1),(1451,'Gavin','Keohane',NULL,'',NULL,'Contractor',NULL,NULL,1),(1452,'Gavin','Hurley',NULL,'',NULL,'Contractor',NULL,NULL,1),(1453,'Gavin','Hindle',NULL,'',NULL,'Contractor',NULL,NULL,1),(1454,'Gavin','Griffith',NULL,'',NULL,'Contractor',NULL,NULL,1),(1455,'Gavin','Daly',NULL,'',NULL,'Contractor',NULL,NULL,1),(1456,'Gavin','Ahern',NULL,'',NULL,'Contractor',NULL,NULL,1),(1457,'Gary','Widger',NULL,'',NULL,NULL,NULL,NULL,1),(1458,'Gary','Widger',NULL,'',NULL,'Contractor',NULL,NULL,1),(1459,'Gary','Teeling',NULL,'',NULL,'Contractor',NULL,NULL,1),(1460,'Gary','Scarborough',NULL,'',NULL,'Contractor',NULL,NULL,1),(1461,'Gary','OHara',NULL,'',NULL,'Contractor',NULL,NULL,1),(1462,'Gary','Moran',NULL,'',NULL,'Contractor',NULL,NULL,1),(1463,'Gary','Mccormick',NULL,'',NULL,'Contractor',NULL,NULL,1),(1464,'Gary','Mccabe',NULL,'',NULL,'Contractor',NULL,NULL,1),(1465,'Gary','Mc cormick',NULL,'',NULL,'Contractor',NULL,NULL,1),(1466,'Gary','Farrell',NULL,'',NULL,'Contractor',NULL,NULL,1),(1467,'Gary','Cunningham',NULL,'',NULL,'Contractor',NULL,NULL,1),(1468,'Garry','OBrien',NULL,'',NULL,'Contractor',NULL,NULL,1),(1469,'Garry','Farrell',NULL,'',NULL,'Contractor',NULL,NULL,1),(1470,'Garry','Ennis',NULL,'',NULL,'Contractor',NULL,NULL,1),(1471,'Garry','Egan',NULL,'',NULL,'Contractor',NULL,NULL,1),(1472,'Garry','Cummins',NULL,'',NULL,'Contractor',NULL,NULL,1),(1473,'Garrett','Finn',NULL,'',NULL,'Contractor',NULL,NULL,1),(1474,'Garreth','Greaves',NULL,'',NULL,'Contractor',NULL,NULL,1),(1475,'Gareth','Peprer',NULL,'',NULL,'Contractor',NULL,NULL,1),(1476,'Gareth','Pepper',NULL,'',NULL,'Contractor',NULL,NULL,1),(1477,'Gareth','Maguire',NULL,'',NULL,'Contractor',NULL,NULL,1),(1478,'Gareth','Dunne',NULL,'',NULL,'Contractor',NULL,NULL,1),(1479,'Gareth','Dumbnem',NULL,'',NULL,'Contractor',NULL,NULL,1),(1480,'Galina','Turcan',NULL,'',NULL,'Contractor',NULL,NULL,1),(1481,'Freddie','Drohan',NULL,'',NULL,'Contractor',NULL,NULL,1),(1482,'Fred','Kinsella',NULL,'',NULL,NULL,NULL,NULL,1),(1483,'Fred','Sheil',NULL,'',NULL,'Contractor',NULL,NULL,1),(1484,'Frank','Walsh',NULL,'',NULL,'Contractor',NULL,NULL,1),(1485,'Frank','Owens',NULL,'',NULL,'Contractor',NULL,NULL,1),(1486,'Frank','Mcloughlin',NULL,'',NULL,'Contractor',NULL,NULL,1),(1487,'Frank','Donohoe',NULL,'',NULL,'Contractor',NULL,NULL,1),(1488,'Frank','Bowler',NULL,'',NULL,'Contractor',NULL,NULL,1),(1489,'Francis','Church',NULL,'',NULL,'Contractor',NULL,NULL,1),(1490,'Frances','Simpson',NULL,'',NULL,'Contractor',NULL,NULL,1),(1491,'Fran','Church',NULL,'',NULL,'Contractor',NULL,NULL,1),(1492,'Florin','Baloi',NULL,'',NULL,'Contractor',NULL,NULL,1),(1493,'Florian','Major',NULL,'',NULL,'Contractor',NULL,NULL,1),(1494,'Florian','schaal',NULL,'',NULL,'Contractor',NULL,NULL,1),(1495,'Fiona','OLeary',NULL,'',NULL,'Contractor',NULL,NULL,1),(1496,'Fiona','Morrisey',NULL,'',NULL,'Contractor',NULL,NULL,1),(1497,'Fiona','Mccafferey',NULL,'',NULL,'Contractor',NULL,NULL,1),(1498,'Fiona','molumby',NULL,'',NULL,'Contractor',NULL,NULL,1),(1499,'Fintan','Walsh',NULL,'',NULL,'Contractor',NULL,NULL,1),(1500,'Fintan','Phelan',NULL,'',NULL,'Contractor',NULL,NULL,1),(1501,'Finbarr','Sexton',NULL,'Finbarr.Scanlon@gmail.com',NULL,'GO',1,NULL,1),(1502,'Finbarr','Prendergast',NULL,'',NULL,'Contractor',NULL,NULL,1),(1503,'Finbarr','ORiordan',NULL,'',NULL,'Contractor',1,NULL,1),(1504,'Finbarr','Kelly',NULL,'',NULL,'Contractor',NULL,NULL,1),(1505,'Finbar','Marrett',NULL,'',NULL,'Contractor',NULL,NULL,1),(1506,'Filip','Zrolka',NULL,'',NULL,'Contractor',NULL,NULL,1),(1507,'Filip','Bezjak',NULL,'',NULL,'Contractor',NULL,NULL,1),(1508,'Fergus','Flood',NULL,'',NULL,'Contractor',NULL,NULL,1),(1509,'Fergal','OGrady',NULL,'',NULL,'Contractor',NULL,NULL,1),(1510,'Feidhlin','OShea',NULL,'',NULL,'Contractor',NULL,NULL,1),(1511,'Evan','Roberts',NULL,'',NULL,'Contractor',NULL,NULL,1),(1512,'Evan','Ring',NULL,'',NULL,'Contractor',NULL,NULL,1),(1513,'Evan','OShaughnessy',NULL,'',NULL,'Contractor',NULL,NULL,1),(1514,'Evan','Grace',NULL,'',NULL,'Contractor',NULL,NULL,1),(1515,'Evan','Donnelly',NULL,'',NULL,'Contractor',NULL,NULL,1),(1516,'Evan','Coyle',NULL,'',NULL,'Contractor',NULL,NULL,1),(1517,'Evan','ODonovan',NULL,'',NULL,'Contractor',NULL,NULL,1),(1518,'Eva','Quinlam',NULL,'',NULL,NULL,NULL,NULL,1),(1519,'Eugene','OBrien',NULL,'',NULL,'Contractor',NULL,NULL,1),(1520,'Eugene','Honohan',NULL,'',NULL,'Contractor',NULL,NULL,1),(1521,'Eugene','Cooney',NULL,'',NULL,'Contractor',NULL,NULL,1),(1522,'Esther','Varley',NULL,'',NULL,'Contractor',NULL,NULL,1),(1523,'Eriks','Zvieris',NULL,'',NULL,'Contractor',NULL,NULL,1),(1524,'Eric','Peacock',NULL,'',NULL,'Contractor',NULL,NULL,1),(1525,'Eric','Lonegan',NULL,'',NULL,'Contractor',NULL,NULL,1),(1526,'Eric','Fenlon',NULL,'',NULL,'Contractor',NULL,NULL,1),(1527,'Eranda','tharindu',NULL,'',NULL,'Contractor',NULL,NULL,1),(1528,'Eoin','Burchell',NULL,'Eoin.Burchell@amneal.com',NULL,'GO',1,NULL,1),(1529,'Eoin','Kennedy',NULL,'',NULL,NULL,NULL,NULL,1),(1530,'Eoin','Sheridan',NULL,'',NULL,'Contractor',NULL,NULL,1),(1531,'Eoin','Ryan',NULL,'',NULL,'Contractor',NULL,NULL,1),(1532,'Eoin','Powell',NULL,'',NULL,'Contractor',NULL,NULL,1),(1533,'Eoin','ORiordan',NULL,'',NULL,'Contractor',NULL,NULL,1),(1534,'Eoin','OCallaghan',NULL,'',NULL,'Contractor',NULL,NULL,1),(1535,'Eoin','OGrady',NULL,'',NULL,'Contractor',NULL,NULL,1),(1536,'Eoin','Lane',NULL,'',NULL,'Contractor',NULL,NULL,1),(1537,'Eoin','Galvin',NULL,'',NULL,'Contractor',NULL,NULL,1),(1538,'Eoin','Flynn',NULL,'',NULL,'Contractor',NULL,NULL,1),(1539,'Eoin','Drake',NULL,'',NULL,'Contractor',NULL,NULL,1),(1540,'Eoin','Drake',NULL,'',NULL,'Contractor',NULL,NULL,1),(1541,'Eoin','Doyle',NULL,'',NULL,'Contractor',NULL,NULL,1),(1542,'Eoghan','Walshe',NULL,'Eoghan.Walshe@amneal.com',NULL,'Warehouse Manager',1,NULL,1),(1543,'Eoghan','ONeill',NULL,'',NULL,'Contractor',NULL,NULL,1),(1544,'Eoghan','Murray',NULL,'',NULL,'Contractor',NULL,NULL,1),(1545,'Eoghan','Gallagher',NULL,'',NULL,'Contractor',NULL,NULL,1),(1546,'Enda','Walsh',NULL,'',NULL,'Contractor',NULL,NULL,1),(1547,'Emmet','Tobin',NULL,'',NULL,'Contractor',NULL,NULL,1),(1548,'Emma','Ryan',NULL,'',NULL,NULL,NULL,NULL,1),(1549,'Emma','White',NULL,'',NULL,'Contractor',NULL,NULL,1),(1550,'Emily','Hearty',NULL,'',NULL,'Student',1,NULL,1),(1551,'Emily','Horgan',NULL,'',NULL,'External',NULL,NULL,1),(1552,'Emily','Mcgrath',NULL,'',NULL,'Contractor',NULL,NULL,1),(1553,'Emil','Negrutiu',NULL,'',NULL,'Contractor',NULL,NULL,1),(1554,'Elizabeth','Veale',NULL,'',NULL,'Cleaning Personnel',NULL,NULL,1),(1555,'Elaine','ODwyer',NULL,'',NULL,'Contractor',NULL,NULL,1),(1556,'Elaine','Lonergan',NULL,'',NULL,'Contractor',NULL,NULL,1),(1557,'Elaine','Fraser',NULL,'',NULL,'Contractor',NULL,NULL,1),(1558,'Elaine','Butler',NULL,'',NULL,'Contractor',NULL,NULL,1),(1559,'Elaine','Bartley',NULL,'',NULL,'Contractor',NULL,NULL,1),(1560,'Eimear','OConnor',NULL,'Eimear.oconnor@amneal.com',NULL,'Lab Personnel',1,NULL,1),(1561,'Eileen','Burke',NULL,'',NULL,'Contractor',NULL,NULL,1),(1562,'Egidus','Synis',NULL,'',NULL,'Contractor',NULL,NULL,1),(1563,'Edyta','Gorczyca',NULL,'',NULL,'Contractor',NULL,NULL,1),(1564,'Edwin','Brazier',NULL,'',NULL,'Contractor',NULL,NULL,1),(1565,'Edward','Newman',NULL,'',NULL,'Contractor',NULL,NULL,1),(1566,'Edward','Murphy',NULL,'',NULL,'Contractor',NULL,NULL,1),(1567,'Edward','Kinsella',NULL,'',NULL,'Contractor',NULL,NULL,1),(1568,'Edward','Forde',NULL,'',NULL,'Contractor',NULL,NULL,1),(1569,'Edward','Fahie',NULL,'',NULL,'Contractor',NULL,NULL,1),(1570,'Edvin','Brazier',NULL,'',NULL,'Contractor',NULL,NULL,1),(1571,'Edmund','Fahy',NULL,'',NULL,NULL,NULL,NULL,1),(1572,'Edel','Davis',NULL,'',NULL,'Contractor',NULL,NULL,1),(1573,'Eddie','Walsh',NULL,'',NULL,'Contractor',NULL,NULL,1),(1574,'Eddie','Smyth',NULL,'',NULL,'Contractor',NULL,NULL,1),(1575,'Eddie','Mccarthy',NULL,'',NULL,'Contractor',NULL,NULL,1),(1576,'Eddie','Davis',NULL,'',NULL,'Contractor',NULL,NULL,1),(1577,'Eddie','Curley',NULL,'',NULL,'Contractor',NULL,NULL,1),(1578,'Eddie','Connolly',NULL,'',NULL,'Contractor',NULL,NULL,1),(1579,'Eanna','Ryan',NULL,'',NULL,'Contractor',NULL,NULL,1),(1580,'Eamonn','Darcy',NULL,'',NULL,NULL,NULL,NULL,1),(1581,'Eamonn','ODonohue',NULL,'',NULL,'Contractor',NULL,NULL,1),(1582,'Eamonn','Harrington',NULL,'',NULL,'Contractor',NULL,NULL,1),(1583,'Eamonn','English',NULL,'',NULL,'Contractor',NULL,NULL,1),(1584,'Eamonn','crudden',NULL,'',NULL,'Contractor',NULL,NULL,1),(1585,'Eamon','ODonoghue',NULL,'',NULL,'Contractor',NULL,NULL,1),(1586,'Eamon','Moran',NULL,'',NULL,'Contractor',NULL,NULL,1),(1587,'Eamon','Mccluskey',NULL,'',NULL,'Contractor',NULL,NULL,1),(1588,'Eamon','Hayes',NULL,'',NULL,'Contractor',NULL,NULL,1),(1589,'Eammon','ODonovan',NULL,'',NULL,'Contractor',NULL,NULL,1),(1590,'Dylan','Whitty',NULL,'',NULL,'Contractor',NULL,NULL,1),(1591,'Dylan','Nevins',NULL,'',NULL,'Contractor',NULL,NULL,1),(1592,'Dylan','Molloy',NULL,'',NULL,'Contractor',NULL,NULL,1),(1593,'Dylan','Clifford',NULL,'',NULL,'Contractor',NULL,NULL,1),(1594,'Dulan','Whitty',NULL,'',NULL,'Contractor',NULL,NULL,1),(1595,'Duhitras','Andronache',NULL,'',NULL,'Contractor',NULL,NULL,1),(1596,'Dowie','ONeill',NULL,'',NULL,'Contractor',NULL,NULL,1),(1597,'Dove','Towey',NULL,'',NULL,'Contractor',NULL,NULL,1),(1598,'Doug','Lecheler',NULL,'',NULL,'Contractor',NULL,NULL,1),(1599,'Dorgs','Bras',NULL,'',NULL,'Contractor',NULL,NULL,1),(1600,'Donough','Borrow',NULL,'',NULL,'Contractor',NULL,NULL,1),(1601,'Donnchadh','Ryan',NULL,'donnchadh.ryan@amneal.com',NULL,'Technical Writer',1,NULL,1),(1602,'Donncha','Glesson',NULL,'',NULL,'Contractor',NULL,NULL,1),(1603,'Donnagh','Ryan',NULL,'',NULL,'Contractor',NULL,NULL,1),(1604,'Donnach','OSullivan',NULL,'',NULL,'Contractor',NULL,NULL,1),(1605,'Donie','Lucey',NULL,'',NULL,'Contractor',NULL,NULL,1),(1606,'Donal','Davern',NULL,'',NULL,'Contractor',NULL,NULL,1),(1607,'Donal','OHara',NULL,'',NULL,'Contractor',NULL,NULL,1),(1608,'Donal','OLuasa',NULL,'',NULL,'Contractor',NULL,NULL,1),(1609,'Donal','Mcquaid',NULL,'',NULL,'Contractor',NULL,NULL,1),(1610,'Donal','Larkin',NULL,'',NULL,'Contractor',NULL,NULL,1),(1611,'Donal','Hegarty',NULL,'',NULL,'Contractor',NULL,NULL,1),(1612,'Donal','Fennessey',NULL,'',NULL,'Contractor',NULL,NULL,1),(1613,'Dona','Mariam Alex',NULL,'',NULL,'Administrative',1,NULL,1),(1614,'Don','Williams',NULL,'',NULL,'Contractor',NULL,NULL,1),(1615,'Domonic','Johnston',NULL,'',NULL,'Contractor',NULL,NULL,1),(1616,'Dominic','Slevin',NULL,'',NULL,'Contractor',NULL,NULL,1),(1617,'Dominic','Sinnott',NULL,'',NULL,'Contractor',NULL,NULL,1),(1618,'Dominic','Mcsweeney',NULL,'',NULL,'Contractor',NULL,NULL,1),(1619,'Dominic','Cashman',NULL,'',NULL,'Contractor',NULL,NULL,1),(1620,'Dominic','Brenzak',NULL,'',NULL,'Contractor',NULL,NULL,1),(1621,'Dominic','Barry',NULL,'',NULL,'Contractor',NULL,NULL,1),(1622,'Dominic','deegan',NULL,'',NULL,'Contractor',NULL,NULL,1),(1623,'Domagvj','Jurevic',NULL,'',NULL,'Contractor',NULL,NULL,1),(1624,'Dom','Jordan',NULL,'',NULL,'Contractor',NULL,NULL,1),(1625,'Dillion','Smyth',NULL,'',NULL,'Contractor',NULL,NULL,1),(1626,'Diarmuid','Reil',NULL,'',NULL,'Contractor',NULL,NULL,1),(1627,'Diarmuid','Henley',NULL,'',NULL,'Contractor',NULL,NULL,1),(1628,'Devan','Morrisey',NULL,'',NULL,'Contractor',NULL,NULL,1),(1629,'Desislava','Katsarova',NULL,'',NULL,'Contractor',NULL,NULL,1),(1630,'Des','Brendon',NULL,'',NULL,'Contractor',NULL,NULL,1),(1631,'Derry','Murphy',NULL,'',NULL,'Contractor',NULL,NULL,1),(1632,'Derry','Mcsweeney',NULL,'',NULL,'Contractor',NULL,NULL,1),(1633,'Dermot','Keyes',NULL,'dermot.keyes@amneal.com',NULL,'Operations',1,NULL,1),(1634,'Dermot','OMahoney',NULL,'',NULL,'Contractor',NULL,NULL,1),(1635,'Derek','Russell',NULL,'',NULL,'IT Personnel',1,NULL,1),(1636,'Derek','Valentine',NULL,'',NULL,'Contractor',NULL,NULL,1),(1637,'Derek','Shine',NULL,'',NULL,'Contractor',NULL,NULL,1),(1638,'Derek','Schweppe',NULL,'',NULL,'Contractor',NULL,NULL,1),(1639,'Derek','Reynolds',NULL,'',NULL,'Contractor',NULL,NULL,1),(1640,'Derek','OBrien',NULL,'',NULL,'Contractor',NULL,NULL,1),(1641,'Derek','Nolan',NULL,'',NULL,'Contractor',NULL,NULL,1),(1642,'Derek','Mulqueen',NULL,'',NULL,'Contractor',NULL,NULL,1),(1643,'Derek','Hayes',NULL,'',NULL,'Contractor',NULL,NULL,1),(1644,'Derek','Grubb',NULL,'',NULL,'Contractor',NULL,NULL,1),(1645,'Derek','Earls',NULL,'',NULL,'Contractor',NULL,NULL,1),(1646,'Derek','Canty',NULL,'',NULL,'Contractor',NULL,NULL,1),(1647,'Der','Cremen',NULL,'',NULL,'Contractor',NULL,NULL,1),(1648,'Dennis','OSullivan',NULL,'',NULL,'Contractor',NULL,NULL,1),(1649,'Dennis','Cambridge',NULL,'',NULL,'Contractor',NULL,NULL,1),(1650,'Denis','Hogan',NULL,'denis.hogan@amneal.com',NULL,'Warehouse Personnel',1,NULL,1),(1651,'Denis','Heffernan',NULL,'',NULL,'Contractor',NULL,NULL,1),(1652,'Denis','Ryan',NULL,'',NULL,'Contractor',NULL,NULL,1),(1653,'Denis','OMeara',NULL,'',NULL,'Contractor',NULL,NULL,1),(1654,'Denis','ODonovan',NULL,'',NULL,'Contractor',NULL,NULL,1),(1655,'Denis','Murphy',NULL,'',NULL,'Contractor',NULL,NULL,1),(1656,'Denis','Kinsella',NULL,'',NULL,'Contractor',NULL,NULL,1),(1657,'Denis','Heffernan',NULL,'',NULL,'Contractor',NULL,NULL,1),(1658,'Denis','Curtin',NULL,'',NULL,'Contractor',NULL,NULL,1),(1659,'Demien','Sexton',NULL,'',NULL,'Contractor',NULL,NULL,1),(1660,'Demien','carthy',NULL,'',NULL,'Contractor',NULL,NULL,1),(1661,'Deividas','Rainys',NULL,'',NULL,'Contractor',NULL,NULL,1),(1662,'Deirdre','OBrien',NULL,'',NULL,'Contractor',NULL,NULL,1),(1663,'Dedel','Reilly',NULL,'',NULL,'Contractor',NULL,NULL,1),(1664,'Declan','Ryan',NULL,'declan.ryan@amneal.com',NULL,NULL,1,NULL,1),(1665,'Declan','Curtis',NULL,'declan.curtis@amneal.com',NULL,'Maintenance',1,NULL,1),(1666,'Declan','Reale',NULL,'',NULL,'Contractor',NULL,NULL,1),(1667,'Declan','Power',NULL,'',NULL,'Contractor',NULL,NULL,1),(1668,'Declan','OCallaghan',NULL,'',NULL,'Contractor',NULL,NULL,1),(1669,'Declan','Fitzpatrick',NULL,'',NULL,'Contractor',NULL,NULL,1),(1670,'Declan','Curran',NULL,'',NULL,'Contractor',NULL,NULL,1),(1671,'Declan','Creighton',NULL,'',NULL,'Contractor',NULL,NULL,1),(1672,'Declan','Conway',NULL,'',NULL,'Contractor',NULL,NULL,1),(1673,'Declan','Burgess',NULL,'',NULL,'Contractor',NULL,NULL,1),(1674,'Declan','Allen',NULL,'',NULL,'Contractor',NULL,NULL,1),(1675,'Declain','ORegan',NULL,'',NULL,'Contractor',NULL,NULL,1),(1676,'Declain','OConnell',NULL,'',NULL,'Contractor',NULL,NULL,1),(1677,'Declain','Cotter',NULL,'',NULL,'Contractor',NULL,NULL,1),(1678,'Debbie','Carroll',NULL,'',NULL,'Contractor',NULL,NULL,1),(1679,'Dearbhaile','Shine',NULL,'Dearbhaile.Shine@amneal.com',NULL,'Quality Management Manager',1,NULL,1),(1680,'Dean','Butler',NULL,'Dean.Butler@amneal.com',NULL,'GO',1,NULL,1),(1681,'Dean','White',NULL,'',NULL,'Contractor',NULL,NULL,1),(1682,'Dean','Lonergan',NULL,'',NULL,'Contractor',NULL,NULL,1),(1683,'Dean','Hallinan',NULL,'',NULL,'Contractor',NULL,NULL,1),(1684,'Dean','Casey',NULL,'',NULL,'Contractor',NULL,NULL,1),(1685,'David','Winters',NULL,'David.Winters@amneal.com',NULL,'Regulatory Affairs Manager',NULL,NULL,1),(1686,'David','Ryan',NULL,'David.ryan@amneal.com',NULL,NULL,1,NULL,1),(1687,'David','McCarthy',NULL,'David.McCarthy@amneal.com',NULL,'Microbiology Personnel',1,NULL,1),(1688,'David','Fitzgerald',NULL,'',NULL,'Process Engineer',1,NULL,1),(1689,'David','Allen',NULL,'',NULL,NULL,NULL,NULL,1),(1690,'David','Hanrahan',NULL,'',NULL,'Contractor',NULL,NULL,1),(1691,'David','Duggan',NULL,'',NULL,'Contractor',NULL,NULL,1),(1692,'David','Bain',NULL,'',NULL,'Contractor',NULL,NULL,1),(1693,'David','Murphy',NULL,'',NULL,'Contractor',NULL,NULL,1),(1694,'David','Walsh',NULL,'',NULL,'Contractor',NULL,NULL,1),(1695,'David','Thorton',NULL,'',NULL,'Contractor',NULL,NULL,1),(1696,'David','Thompson',NULL,'',NULL,'Contractor',NULL,NULL,1),(1697,'David','Szeniak',NULL,'',NULL,'Contractor',NULL,NULL,1),(1698,'David','Singleton',NULL,'',NULL,'Contractor',NULL,NULL,1),(1699,'David','Shaw',NULL,'',NULL,'Contractor',NULL,NULL,1),(1700,'David','Quigley',NULL,'',NULL,'Contractor',NULL,NULL,1),(1701,'David','Pohlodko',NULL,'',NULL,'Contractor',NULL,NULL,1),(1702,'David','Phelan',NULL,'',NULL,'Contractor',NULL,NULL,1),(1703,'David','Palmer',NULL,'',NULL,'Contractor',NULL,NULL,1),(1704,'David','ODwyer',NULL,'',NULL,'Contractor',NULL,NULL,1),(1705,'David','OToole',NULL,'',NULL,'Contractor',NULL,NULL,1),(1706,'David','ORegan',NULL,'',NULL,'Contractor',NULL,NULL,1),(1707,'David','OMahony',NULL,'',NULL,'Contractor',NULL,NULL,1),(1708,'David','Mc whirter',NULL,'',NULL,'Contractor',NULL,NULL,1),(1709,'David','Mc garry',NULL,'',NULL,'Contractor',NULL,NULL,1),(1710,'David','Manning',NULL,'',NULL,'Contractor',NULL,NULL,1),(1711,'David','Hughes',NULL,'',NULL,'Contractor',NULL,NULL,1),(1712,'David','Hoban',NULL,'',NULL,'Contractor',NULL,NULL,1),(1713,'David','Hayes',NULL,'',NULL,'Contractor',NULL,NULL,1),(1714,'David','Harris',NULL,'',NULL,'Contractor',NULL,NULL,1),(1715,'David','Green',NULL,'',NULL,'Contractor',NULL,NULL,1),(1716,'David','Gardiner',NULL,'',NULL,'Contractor',NULL,NULL,1),(1717,'David','Flynn',NULL,'',NULL,'Contractor',NULL,NULL,1),(1718,'David','Flaherty',NULL,'',NULL,'Contractor',NULL,NULL,1),(1719,'David','Edwards',NULL,'',NULL,'Contractor',NULL,NULL,1),(1720,'David','Donohoe',NULL,'',NULL,'Contractor',NULL,NULL,1),(1721,'David','Dee',NULL,'',NULL,'Contractor',NULL,NULL,1),(1722,'David','Cookson',NULL,'',NULL,'Contractor',NULL,NULL,1),(1723,'David','Casey',NULL,'',NULL,'Contractor',NULL,NULL,1),(1724,'David','Carey',NULL,'',NULL,'Contractor',NULL,NULL,1),(1725,'David','Cahill',NULL,'',NULL,'Contractor',NULL,NULL,1),(1726,'David','Burdall',NULL,'',NULL,'Contractor',NULL,NULL,1),(1727,'David','Bredin',NULL,'',NULL,'Contractor',NULL,NULL,1),(1728,'David','Bredan',NULL,'',NULL,'Contractor',NULL,NULL,1),(1729,'David','Bradley',NULL,'',NULL,'Contractor',NULL,NULL,1),(1730,'David','Bourke',NULL,'',NULL,'Contractor',NULL,NULL,1),(1731,'David','Allen',NULL,'',NULL,'Contractor',NULL,NULL,1),(1732,'David','rice',NULL,'',NULL,'Contractor',NULL,NULL,1),(1733,'David','phelan',NULL,'',NULL,'Contractor',NULL,NULL,1),(1734,'David','hogan',NULL,'',NULL,'Contractor',NULL,NULL,1),(1735,'Dave','Williams',NULL,'',NULL,'Contractor',NULL,NULL,1),(1736,'Dave','Towey',NULL,'',NULL,'Contractor',NULL,NULL,1),(1737,'Dave','Penson',NULL,'',NULL,'Contractor',NULL,NULL,1),(1738,'Dave','Nolan',NULL,'',NULL,'Contractor',NULL,NULL,1),(1739,'Dave','Mcgarry',NULL,'',NULL,'Contractor',NULL,NULL,1),(1740,'Dave','Lacey',NULL,'',NULL,'Contractor',NULL,NULL,1),(1741,'Dave','Green',NULL,'',NULL,'Contractor',NULL,NULL,1),(1742,'Daryl','Haynes',NULL,'',NULL,'Contractor',NULL,NULL,1),(1743,'Darren','Whooley',NULL,'',NULL,'Contractor',NULL,NULL,1),(1744,'Darren','Sweeney',NULL,'',NULL,'Contractor',NULL,NULL,1),(1745,'Darren','Shiels',NULL,'',NULL,'Contractor',NULL,NULL,1),(1746,'Darren','Ryan',NULL,'',NULL,'Contractor',NULL,NULL,1),(1747,'Darren','Phelan',NULL,'',NULL,'Contractor',NULL,NULL,1),(1748,'Darren','OShea',NULL,'',NULL,'Contractor',NULL,NULL,1),(1749,'Darren','OShea',NULL,'',NULL,'Contractor',NULL,NULL,1),(1750,'Darren','OShea',NULL,'',NULL,'Contractor',NULL,NULL,1),(1751,'Darren','ODonoghue',NULL,'',NULL,'Contractor',NULL,NULL,1),(1752,'Darren','Murphy',NULL,'',NULL,'Contractor',NULL,NULL,1),(1753,'Darren','Long',NULL,'',NULL,'Contractor',NULL,NULL,1),(1754,'Darren','Kilbey',NULL,'',NULL,'Contractor',NULL,NULL,1),(1755,'Darren','Keane',NULL,'',NULL,'Contractor',NULL,NULL,1),(1756,'Darren','Fitzpatrick',NULL,'',NULL,'Contractor',NULL,NULL,1),(1757,'Darren','Fahey',NULL,'',NULL,'Contractor',NULL,NULL,1),(1758,'Darren','millen',NULL,'',NULL,'Contractor',NULL,NULL,1),(1759,'Darragh','Stakelum',NULL,'',NULL,'Contractor',NULL,NULL,1),(1760,'Darragh','Quinlan',NULL,'',NULL,'Contractor',NULL,NULL,1),(1761,'Darragh','Dorgan',NULL,'',NULL,'Contractor',NULL,NULL,1),(1762,'Darragh','Cronin',NULL,'',NULL,'Contractor',NULL,NULL,1),(1763,'Dariusz','Kucmierz',NULL,'',NULL,'Contractor',NULL,NULL,1),(1764,'Darius','Wojsz',NULL,'',NULL,'Contractor',NULL,NULL,1),(1765,'Darius','Jakubauskas',NULL,'',NULL,'Contractor',NULL,NULL,1),(1766,'Daren','OMahony',NULL,'',NULL,'Contractor',NULL,NULL,1),(1767,'Daragh','Cronin',NULL,'',NULL,'Contractor',NULL,NULL,1),(1768,'Daragh','heffernan',NULL,'',NULL,'Contractor',NULL,NULL,1),(1769,'Danny','OKeeffe',NULL,'',NULL,'Contractor',NULL,NULL,1),(1770,'Danny','Mulligan',NULL,'',NULL,'Contractor',NULL,NULL,1),(1771,'Danny','Fitzgibbon',NULL,'',NULL,'Contractor',NULL,NULL,1),(1772,'Daniel','Raftery',NULL,'',NULL,'Contractor',NULL,NULL,1),(1773,'Daniel','Welles',NULL,'',NULL,'Contractor',NULL,NULL,1),(1774,'Daniel','Walsh',NULL,'',NULL,'Contractor',NULL,NULL,1),(1775,'Daniel','Schrof',NULL,'',NULL,'Contractor',NULL,NULL,1),(1776,'Daniel','Ryan',NULL,'',NULL,'Contractor',NULL,NULL,1),(1777,'Daniel','Patan',NULL,'',NULL,'Contractor',NULL,NULL,1),(1778,'Daniel','OShea',NULL,'',NULL,'Contractor',NULL,NULL,1),(1779,'Daniel','Carroll',NULL,'',NULL,'Contractor',NULL,NULL,1),(1780,'Daniel','Brosnan',NULL,'',NULL,'Contractor',NULL,NULL,1),(1781,'Daniel','Brophy',NULL,'',NULL,'Contractor',NULL,NULL,1),(1782,'Daniel','Babos',NULL,'',NULL,'Contractor',NULL,NULL,1),(1783,'Daniel','Aherne',NULL,'',NULL,'Contractor',NULL,NULL,1),(1784,'Dan','OConnor',NULL,'',NULL,'Contractor',NULL,NULL,1),(1785,'Dan','Norton',NULL,'',NULL,'Contractor',NULL,NULL,1),(1786,'Dan','Lynch',NULL,'',NULL,'Contractor',NULL,NULL,1),(1787,'Damien','Williams',NULL,'',NULL,'Contractor',NULL,NULL,1),(1788,'Damien','White',NULL,'',NULL,'Contractor',NULL,NULL,1),(1789,'Damien','Wheeler',NULL,'',NULL,'Contractor',NULL,NULL,1),(1790,'Damien','Walsh',NULL,'',NULL,'Contractor',NULL,NULL,1),(1791,'Damien','Tobin',NULL,'',NULL,'Contractor',NULL,NULL,1),(1792,'Damien','Stack',NULL,'',NULL,'Contractor',NULL,NULL,1),(1793,'Damien','Smialek',NULL,'',NULL,'Contractor',NULL,NULL,1),(1794,'Damien','Oriordan',NULL,'',NULL,'Contractor',NULL,NULL,1),(1795,'Damien','Mcnamara',NULL,'',NULL,'Contractor',NULL,NULL,1),(1796,'Damien','Judge',NULL,'',NULL,'Contractor',NULL,NULL,1),(1797,'Damien','Hardman',NULL,'',NULL,'Contractor',NULL,NULL,1),(1798,'Damien','Fox',NULL,'',NULL,'Contractor',NULL,NULL,1),(1799,'Damien','Byrne',NULL,'',NULL,'Contractor',NULL,NULL,1),(1800,'Damien','Breen',NULL,'',NULL,'Contractor',NULL,NULL,1),(1801,'Damien','Allen',NULL,'',NULL,'Contractor',NULL,NULL,1),(1802,'Damian','Mullally',NULL,'',NULL,'Contractor',NULL,NULL,1),(1803,'Damian','Tecza',NULL,'',NULL,'Contractor',NULL,NULL,1),(1804,'Damian','Rutkowski',NULL,'',NULL,'Contractor',NULL,NULL,1),(1805,'Damian','Mullally',NULL,'',NULL,'Contractor',NULL,NULL,1),(1806,'Damian','Lyng',NULL,'',NULL,'Contractor',NULL,NULL,1),(1807,'Damian','Carr',NULL,'',NULL,'Contractor',NULL,NULL,1),(1808,'Dale','Nolan',NULL,'',NULL,'Contractor',NULL,NULL,1),(1809,'Dale','Murphy',NULL,'',NULL,'Contractor',NULL,NULL,1),(1810,'Dale','Dolan',NULL,'',NULL,'Contractor',NULL,NULL,1),(1811,'Dale','Andrews',NULL,'',NULL,'Contractor',NULL,NULL,1),(1812,'Daiva','Vystartiene',NULL,'',NULL,'Contractor',NULL,NULL,1),(1813,'Daithi','Brunnock',NULL,'',NULL,'Contractor',NULL,NULL,1),(1814,'Cyril','Macken',NULL,'',NULL,'Contractor',NULL,NULL,1),(1815,'Creig','Moloney',NULL,'',NULL,'Contractor',NULL,NULL,1),(1816,'Craig','Quinn',NULL,'',NULL,'Contractor',NULL,NULL,1),(1817,'Craig','ODriscoll',NULL,'',NULL,'Contractor',NULL,NULL,1),(1818,'Craig','Moloney',NULL,'',NULL,'Contractor',NULL,NULL,1),(1819,'Craig','Meaney',NULL,'',NULL,'Contractor',NULL,NULL,1),(1820,'Craig','Huddleston',NULL,'',NULL,'Contractor',NULL,NULL,1),(1821,'Craig','Condon',NULL,'',NULL,'Contractor',NULL,NULL,1),(1822,'Craig','Broderick',NULL,'',NULL,'Contractor',NULL,NULL,1),(1823,'Corrie','Crocket',NULL,'',NULL,'Contractor',NULL,NULL,1),(1824,'Cormac','Sheehan',NULL,'',NULL,'Contractor',NULL,NULL,1),(1825,'Cormac','Ryan',NULL,'',NULL,'Contractor',NULL,NULL,1),(1826,'Conor','Birkenhead',NULL,'',NULL,NULL,NULL,NULL,1),(1827,'Conor','OGeran',NULL,'',NULL,'Contractor',NULL,NULL,1),(1828,'Conor','McDermott',NULL,'',NULL,'Contractor',NULL,NULL,1),(1829,'Conor','Whelan',NULL,'',NULL,'Contractor',NULL,NULL,1),(1830,'Conor','Vernon',NULL,'',NULL,'Contractor',NULL,NULL,1),(1831,'Conor','Stakelum jnr',NULL,'',NULL,'Contractor',NULL,NULL,1),(1832,'Conor','Spillane',NULL,'',NULL,'Contractor',NULL,NULL,1),(1833,'Conor','Quinn',NULL,'',NULL,'Contractor',NULL,NULL,1),(1834,'Conor','Pollack',NULL,'',NULL,'Contractor',NULL,NULL,1),(1835,'Conor','OSullivan',NULL,'',NULL,'Contractor',NULL,NULL,1),(1836,'Conor','ODonovan',NULL,'',NULL,'Contractor',NULL,NULL,1),(1837,'Conor','OBrien',NULL,'',NULL,'Contractor',NULL,NULL,1),(1838,'Conor','Murray',NULL,'',NULL,'Contractor',NULL,NULL,1),(1839,'Conor','Murphy',NULL,'',NULL,'Contractor',NULL,NULL,1),(1840,'Conor','Mcgrath',NULL,'',NULL,'Contractor',NULL,NULL,1),(1841,'Conor','Mcdermott',NULL,'',NULL,'Contractor',NULL,NULL,1),(1842,'Conor','Hogan',NULL,'',NULL,'Contractor',NULL,NULL,1),(1843,'Conor','Hickey',NULL,'',NULL,'Contractor',NULL,NULL,1),(1844,'Conor','Henderson',NULL,'',NULL,'Contractor',NULL,NULL,1),(1845,'Conor','Fitzgerald',NULL,'',NULL,'Contractor',NULL,NULL,1),(1846,'Conor','Eighen',NULL,'',NULL,'Contractor',NULL,NULL,1),(1847,'Conor','Egan',NULL,'',NULL,'Contractor',NULL,NULL,1),(1848,'Conor','Dwyer',NULL,'',NULL,'Contractor',NULL,NULL,1),(1849,'Conor','Dowling',NULL,'',NULL,'Contractor',NULL,NULL,1),(1850,'Conor','Byrne',NULL,'',NULL,'Contractor',NULL,NULL,1),(1851,'Conor','kennedy',NULL,'',NULL,'Contractor',NULL,NULL,1),(1852,'Conlfith','Mcormack',NULL,'',NULL,'Contractor',NULL,NULL,1),(1853,'Con','Guiney',NULL,'',NULL,'Contractor',NULL,NULL,1),(1854,'Con','Barry murphy',NULL,'',NULL,'Contractor',NULL,NULL,1),(1855,'Colm','Scannell',NULL,'',NULL,'Contractor',NULL,NULL,1),(1856,'Colm','Ryan',NULL,'',NULL,'Contractor',NULL,NULL,1),(1857,'Colm','OShea',NULL,'',NULL,'Contractor',NULL,NULL,1),(1858,'Colm','Keenan',NULL,'',NULL,'Contractor',NULL,NULL,1),(1859,'Colm','Horgan',NULL,'',NULL,'Contractor',NULL,NULL,1),(1860,'Colm','Duff',NULL,'',NULL,'Contractor',NULL,NULL,1),(1861,'Colm','dowdall',NULL,'',NULL,'Contractor',NULL,NULL,1),(1862,'Colin','Tuite',NULL,'',NULL,'Contractor',NULL,NULL,1),(1863,'Colin','ORiordan',NULL,'',NULL,'Contractor',NULL,NULL,1),(1864,'Colin','Mitchel',NULL,'',NULL,'Contractor',NULL,NULL,1),(1865,'Colin','Lettis',NULL,'',NULL,'Contractor',NULL,NULL,1),(1866,'Colin','Bell',NULL,'',NULL,'Contractor',NULL,NULL,1),(1867,'Codey','Kearney',NULL,'',NULL,'Contractor',NULL,NULL,1),(1868,'Clodagh','OBrien',NULL,'',NULL,'Contractor',NULL,NULL,1),(1869,'Clive','Owens',NULL,'Clive.owens@amneal.com',NULL,'Supply Chain Manager',1,NULL,1),(1870,'Clive','Nangle',NULL,'',NULL,'Contractor',NULL,NULL,1),(1871,'Clifton','Gaffney',NULL,'',NULL,'Contractor',NULL,NULL,1),(1872,'Cliff','Madigan',NULL,'',NULL,'Contractor',NULL,NULL,1),(1873,'Cliff','Haynes',NULL,'',NULL,'Contractor',NULL,NULL,1),(1874,'Cleaning','Cashel',NULL,'',NULL,'Contractor',NULL,NULL,1),(1875,'Claudiu','Crisan',NULL,'',NULL,'Contractor',NULL,NULL,1),(1876,'Claudio','Couto',NULL,'',NULL,'Contractor',NULL,NULL,1),(1877,'Claudia','Molocea',NULL,'',NULL,'Contractor',NULL,NULL,1),(1878,'Claire','OConnell',NULL,'Claire.Oconnell@amneal.com',NULL,'IPQA Specialist',1,NULL,1),(1879,'Claire','Jones',NULL,'Claire.jones@amneal.com',NULL,NULL,1,NULL,1),(1880,'Claire','OBrien',NULL,'',NULL,'Contractor',NULL,NULL,1),(1881,'Claire','Lynch',NULL,'',NULL,'Contractor',NULL,NULL,1),(1882,'Claire','Lawless',NULL,'',NULL,'Contractor',NULL,NULL,1),(1883,'Ciprian','Scripcaru',NULL,'',NULL,'Contractor',NULL,NULL,1),(1884,'Ciprian','Bartha',NULL,'',NULL,'Contractor',NULL,NULL,1),(1885,'Cillian','Kenneally',NULL,'',NULL,'Contractor',NULL,NULL,1),(1886,'Ciaran','Shiels',NULL,'',NULL,'Contractor',NULL,NULL,1),(1887,'Ciaran','Ryan',NULL,'',NULL,'Contractor',NULL,NULL,1),(1888,'Ciaran','Quirke',NULL,'',NULL,'Contractor',NULL,NULL,1),(1889,'Ciaran','Nixon',NULL,'',NULL,'Contractor',NULL,NULL,1),(1890,'Ciaran','Minchin',NULL,'',NULL,'Contractor',NULL,NULL,1),(1891,'Ciaran','Mcguiness',NULL,'',NULL,'Contractor',NULL,NULL,1),(1892,'Ciaran','Grennon',NULL,'',NULL,'Contractor',NULL,NULL,1),(1893,'Ciaran','Duffy',NULL,'',NULL,'Contractor',NULL,NULL,1),(1894,'Ciaran','Cowan',NULL,'',NULL,'Contractor',NULL,NULL,1),(1895,'Ciaran','Coulan',NULL,'',NULL,'Contractor',NULL,NULL,1),(1896,'Ciara','Lonergan',NULL,'Ciara.Lonergan@amneal.com',NULL,'Office Personnel',1,NULL,1),(1897,'Ciara','Barry',NULL,'Ciara.Barry@amneal.com',NULL,'Operations',1,NULL,1),(1898,'Cian','Dreeling',NULL,'',NULL,'Contractor',NULL,NULL,1),(1899,'Cian','Walsh',NULL,'',NULL,'Contractor',NULL,NULL,1),(1900,'Cian','Prendeville',NULL,'',NULL,'Contractor',NULL,NULL,1),(1901,'Cian','Penderville',NULL,'',NULL,'Contractor',NULL,NULL,1),(1902,'Cian','ODonovan',NULL,'',NULL,'Contractor',NULL,NULL,1),(1903,'Cian','Moloney',NULL,'',NULL,'Contractor',NULL,NULL,1),(1904,'Cian','Maloney',NULL,'',NULL,'Contractor',NULL,NULL,1),(1905,'Cian','Holland',NULL,'',NULL,'Contractor',NULL,NULL,1),(1906,'Cian','Grace',NULL,'',NULL,'Contractor',NULL,NULL,1),(1907,'Cian','Cronin',NULL,'',NULL,'Contractor',NULL,NULL,1),(1908,'Christy','Power',NULL,'',NULL,'Contractor',NULL,NULL,1),(1909,'Christopher','Murray',NULL,'christopher.murray@ecoonline.com',NULL,'Contractor',1,NULL,1),(1910,'Christopher','Cooke',NULL,'',NULL,NULL,NULL,NULL,1),(1911,'Christopher','Mcdonald',NULL,'',NULL,'Contractor',NULL,NULL,1),(1912,'Christopher','Kerr',NULL,'',NULL,'Contractor',NULL,NULL,1),(1913,'Christopher','Gunnery',NULL,'',NULL,'Contractor',NULL,NULL,1),(1914,'Christopher','Eleker',NULL,'',NULL,'Contractor',NULL,NULL,1),(1915,'Christopher','Cooke',NULL,'',NULL,'Contractor',NULL,NULL,1),(1916,'Christine','Ryan',NULL,'',NULL,'Accountant Manager',1,NULL,1),(1917,'Christina','Connolly',NULL,'',NULL,'Contractor',NULL,NULL,1),(1918,'Chris','Obrien',NULL,'',NULL,'IT Personnel',1,NULL,1),(1919,'Chris','Murray',NULL,'',NULL,'External',NULL,NULL,1),(1920,'Chris','Wilkinson',NULL,'',NULL,'Contractor',NULL,NULL,1),(1921,'Chris','Sumption',NULL,'',NULL,'Contractor',NULL,NULL,1),(1922,'Chris','Steele',NULL,'',NULL,'Contractor',NULL,NULL,1),(1923,'Chris','Sheehan',NULL,'',NULL,'Contractor',NULL,NULL,1),(1924,'Chris','Ryder',NULL,'',NULL,'Contractor',NULL,NULL,1),(1925,'Chris','Purcell',NULL,'',NULL,'Contractor',NULL,NULL,1),(1926,'Chris','OCallaghan',NULL,'',NULL,'Contractor',NULL,NULL,1),(1927,'Chris','Keogh',NULL,'',NULL,'Contractor',NULL,NULL,1),(1928,'Chris','Jackson',NULL,'',NULL,'Contractor',NULL,NULL,1),(1929,'Chris','Hogan',NULL,'',NULL,'Contractor',NULL,NULL,1),(1930,'Chris','Hearne',NULL,'',NULL,'Contractor',NULL,NULL,1),(1931,'Chris','Doyle',NULL,'',NULL,'Contractor',NULL,NULL,1),(1932,'Charlie','Saunders',NULL,'',NULL,'Contractor',NULL,NULL,1),(1933,'Charlie','Murphy',NULL,'',NULL,'Contractor',NULL,NULL,1),(1934,'Charlie','Cameron',NULL,'',NULL,'Contractor',NULL,NULL,1),(1935,'Cezary','Gorniak',NULL,'',NULL,'Contractor',NULL,NULL,1),(1936,'Catriona','Spillane',NULL,'',NULL,'Contractor',NULL,NULL,1),(1937,'Cathy','ODonogue',NULL,'',NULL,'Contractor',NULL,NULL,1),(1938,'Cathy','Mansfield',NULL,'',NULL,'Contractor',NULL,NULL,1),(1939,'Cathal','OLoughlin',NULL,'',NULL,'Contractor',NULL,NULL,1),(1940,'Cathal','Ryan',NULL,'',NULL,'Contractor',NULL,NULL,1),(1941,'Cathal','Murphy',NULL,'',NULL,'Contractor',NULL,NULL,1),(1942,'Cathal','Mc mullan',NULL,'',NULL,'Contractor',NULL,NULL,1),(1943,'Cathal','Mc cormack',NULL,'',NULL,'Contractor',NULL,NULL,1),(1944,'Catalin','Ghiuta',NULL,'',NULL,'Contractor',NULL,NULL,1),(1945,'Carl','Morrissey',NULL,'',NULL,'Contractor',NULL,NULL,1),(1946,'Cara','Bergin',NULL,'',NULL,'Contractor',NULL,NULL,1),(1947,'Caolite','Sexton',NULL,'',NULL,'Contractor',NULL,NULL,1),(1948,'Caoilte','Sexton',NULL,'',NULL,'Contractor',NULL,NULL,1),(1949,'Canteen','Cashel',NULL,'',NULL,NULL,NULL,NULL,1),(1950,'Canice','Grennan',NULL,'',NULL,'Contractor',NULL,NULL,1),(1951,'Cameron','White',NULL,'',NULL,'Contractor',NULL,NULL,1),(1952,'Calum','OConnor',NULL,'',NULL,'Contractor',NULL,NULL,1),(1953,'Callum','Fanning',NULL,'Callum.Fanning@amneal.com',NULL,'Process Engineer',1,NULL,1),(1954,'Callum','Murphy',NULL,'',NULL,'Contractor',NULL,NULL,1),(1955,'Bryan','Williams',NULL,'',NULL,'Contractor',NULL,NULL,1),(1956,'Bryan','Phelan',NULL,'',NULL,'Contractor',NULL,NULL,1),(1957,'Brona','Mulcahy',NULL,'',NULL,'Microbiology Personnel',1,NULL,1),(1958,'Brigid','Hayes',NULL,'',NULL,'Contractor',NULL,NULL,1),(1959,'Brian','Slevin',NULL,'',NULL,NULL,NULL,NULL,1),(1960,'Brian','Waddick',NULL,'',NULL,'Contractor',NULL,NULL,1),(1961,'Brian','Tobin',NULL,'',NULL,'Contractor',NULL,NULL,1),(1962,'Brian','Ryan',NULL,'',NULL,'Contractor',NULL,NULL,1),(1963,'Brian','ODriscoll',NULL,'',NULL,'Contractor',NULL,NULL,1),(1964,'Brian','OConnor',NULL,'',NULL,'Contractor',NULL,NULL,1),(1965,'Brian','ONeill',NULL,'',NULL,'Contractor',NULL,NULL,1),(1966,'Brian','ODoherty',NULL,'',NULL,'Contractor',NULL,NULL,1),(1967,'Brian','Nolan',NULL,'',NULL,'Contractor',NULL,NULL,1),(1968,'Brian','Morrissy',NULL,'',NULL,'Contractor',NULL,NULL,1),(1969,'Brian','Mcmahon',NULL,'',NULL,'Contractor',NULL,NULL,1),(1970,'Brian','Maher',NULL,'',NULL,'Contractor',NULL,NULL,1),(1971,'Brian','Lynch',NULL,'',NULL,'Contractor',NULL,NULL,1),(1972,'Brian','Leamy',NULL,'',NULL,'Contractor',NULL,NULL,1),(1973,'Brian','Houlihan',NULL,'',NULL,'Contractor',NULL,NULL,1),(1974,'Brian','Harty',NULL,'',NULL,'Contractor',NULL,NULL,1),(1975,'Brian','Harney',NULL,'',NULL,'Contractor',NULL,NULL,1),(1976,'Brian','Hannon',NULL,'',NULL,'Contractor',NULL,NULL,1),(1977,'Brian','Gargan',NULL,'',NULL,'Contractor',NULL,NULL,1),(1978,'Brian','Flanagan',NULL,'',NULL,'Contractor',NULL,NULL,1),(1979,'Brian','Dargan',NULL,'',NULL,'Contractor',NULL,NULL,1),(1980,'Brian','Cunningham',NULL,'',NULL,'Contractor',NULL,NULL,1),(1981,'Brian','Cumiskey',NULL,'',NULL,'Contractor',NULL,NULL,1),(1982,'Brian','Cullinane',NULL,'',NULL,'Contractor',NULL,NULL,1),(1983,'Brian','Cass',NULL,'',NULL,'Contractor',NULL,NULL,1),(1984,'Brian','Carney',NULL,'',NULL,'Contractor',NULL,NULL,1),(1985,'Brian','Aver',NULL,'',NULL,'Contractor',NULL,NULL,1),(1986,'Brian','Darcy',NULL,'',NULL,'Contractor',NULL,NULL,1),(1987,'Brendan','Manning',NULL,'Brendan.Manning@amneal.com',NULL,NULL,1,NULL,1),(1988,'Brendan','Hyland',NULL,'Brendan.Hyland@amneal.com',NULL,'Specialist',1,NULL,1),(1989,'Brendan','OReagan',NULL,'',NULL,'Contractor',NULL,NULL,1),(1990,'Brendan','Oriordan',NULL,'',NULL,'Contractor',NULL,NULL,1),(1991,'Brendan','OFlaherty',NULL,'',NULL,'Contractor',NULL,NULL,1),(1992,'Brendan','ODwyer',NULL,'',NULL,'Contractor',NULL,NULL,1),(1993,'Brendan','Murphy',NULL,'',NULL,'Contractor',NULL,NULL,1),(1994,'Brendan','Mcphillips',NULL,'',NULL,'Contractor',NULL,NULL,1),(1995,'Brendan','Mcphillips',NULL,'',NULL,'Analyst',NULL,NULL,1),(1996,'Brendan','Hull',NULL,'',NULL,'Contractor',NULL,NULL,1),(1997,'Brendan','Hoey',NULL,'',NULL,'Contractor',NULL,NULL,1),(1998,'Brendan','Halpin',NULL,'',NULL,'Contractor',NULL,NULL,1),(1999,'Brendan','Gleeson',NULL,'',NULL,'Contractor',NULL,NULL,1),(2000,'Brendan','Dunphy',NULL,'',NULL,'Contractor',NULL,NULL,1),(2001,'Brendan','Dennehy',NULL,'',NULL,'Contractor',NULL,NULL,1),(2002,'Brendan','Daly',NULL,'',NULL,'Contractor',NULL,NULL,1),(2003,'Brendan','Burke',NULL,'',NULL,'Contractor',NULL,NULL,1),(2004,'Brendan','Rock',NULL,'',NULL,'Contractor',NULL,NULL,1),(2005,'Brendan','Mulholland',NULL,'',NULL,'Contractor',NULL,NULL,1),(2006,'Brendan','Lynch',NULL,'',NULL,'Contractor',NULL,NULL,1),(2007,'Breifne','Hanratty',NULL,'',NULL,'Contractor',NULL,NULL,1),(2008,'Bredan','OReagan',NULL,'',NULL,'Contractor',NULL,NULL,1),(2009,'Bohmil','Horsak',NULL,'',NULL,'Contractor',NULL,NULL,1),(2010,'Bogdan','Colovelli',NULL,'',NULL,'Contractor',NULL,NULL,1),(2011,'Bogdan','oleksy',NULL,'',NULL,'Contractor',NULL,NULL,1),(2012,'Bobert','Mackey',NULL,'',NULL,'Contractor',NULL,NULL,1),(2013,'Bob','Sutcliffe',NULL,'',NULL,'Contractor',NULL,NULL,1),(2014,'Billy','Larkin',NULL,'',NULL,'Contractor',NULL,NULL,1),(2015,'Billy','Donald',NULL,'',NULL,'Contractor',NULL,NULL,1),(2016,'Bertie','OLeary',NULL,'',NULL,'Contractor',NULL,NULL,1),(2017,'Berthold','Majunke',NULL,'',NULL,'Contractor',NULL,NULL,1),(2018,'Bernie','Tobin',NULL,'',NULL,'Contractor',NULL,NULL,1),(2019,'Bernie','Hoare',NULL,'',NULL,'Contractor',NULL,NULL,1),(2020,'Bernard','OHara',NULL,'',NULL,'Contractor',NULL,NULL,1),(2021,'Bernard','Mcgrath',NULL,'',NULL,'Contractor',NULL,NULL,1),(2022,'Bernard','Mcdonnell',NULL,'',NULL,'Contractor',NULL,NULL,1),(2023,'Bernard','Gilmartin',NULL,'',NULL,'Contractor',NULL,NULL,1),(2024,'Bernard','Fogarty',NULL,'',NULL,'Contractor',NULL,NULL,1),(2025,'Ben','Purcell',NULL,'Ben.purcell@amneal.com',NULL,'Engineer Support',1,NULL,1),(2026,'Ben','Hennessey',NULL,'',NULL,'Contractor',NULL,NULL,1),(2027,'Bartosz','Opala',NULL,'Bartosz.Opala@amneal.com',NULL,'GO',1,NULL,1),(2028,'Barry','Manning',NULL,'Barry.Manning@amneal.com',NULL,'GO',1,NULL,1),(2029,'Barry','Staunton',NULL,'',NULL,'Contractor',NULL,NULL,1),(2030,'Barry','Roche',NULL,'',NULL,'Contractor',NULL,NULL,1),(2031,'Barry','Redmond',NULL,'',NULL,'Contractor',NULL,NULL,1),(2032,'Barry','OMahony',NULL,'',NULL,'Contractor',NULL,NULL,1),(2033,'Barry','Mccullagh',NULL,'',NULL,'Contractor',NULL,NULL,1),(2034,'Barry','Mccormack',NULL,'',NULL,'Contractor',NULL,NULL,1),(2035,'Barry','Mc cormack',NULL,'',NULL,'Contractor',NULL,NULL,1),(2036,'Barry','Madigan',NULL,'',NULL,'Contractor',NULL,NULL,1),(2037,'Barry','Kiely',NULL,'',NULL,'Contractor',NULL,NULL,1),(2038,'Barry','Holmes',NULL,'',NULL,'Contractor',NULL,NULL,1),(2039,'Barry','Higgins',NULL,'',NULL,'Contractor',NULL,NULL,1),(2040,'Barry','Glavin',NULL,'',NULL,'Contractor',NULL,NULL,1),(2041,'Barry','Fitzgerald',NULL,'',NULL,'Contractor',NULL,NULL,1),(2042,'Barry','Conway',NULL,'',NULL,'Contractor',NULL,NULL,1),(2043,'Barry','Anglim',NULL,'',NULL,'Contractor',NULL,NULL,1),(2044,'Barrt','Redmond',NULL,'',NULL,'Contractor',NULL,NULL,1),(2045,'Barrie','Hogan',NULL,'',NULL,'Contractor',NULL,NULL,1),(2046,'Balu','Giwa',NULL,'',NULL,'Contractor',NULL,NULL,1),(2047,'Badr','j dair',NULL,'',NULL,'Contractor',NULL,NULL,1),(2048,'Azadeh','Rahimitanha',NULL,'Azadeh.Rahimitanha@amneal.com',NULL,'IPQA Specialist',1,NULL,1),(2049,'Ayesha','Siddiqua',NULL,'Ayesha.Siddiqua@amneal.com',NULL,'IPQA Personnel',1,NULL,1),(2050,'Austin','Fitzgerald',NULL,'',NULL,'Contractor',NULL,NULL,1),(2051,'Aurthur','Dean',NULL,'',NULL,'Contractor',NULL,NULL,1),(2052,'Aurimas','Skikas',NULL,'',NULL,'Contractor',NULL,NULL,1),(2053,'Audrey','Crone',NULL,'',NULL,'Contractor',NULL,NULL,1),(2054,'Aubrey','Staples',NULL,'aubrey.staples@amneal.com',NULL,NULL,1,NULL,1),(2055,'Attila','Szucs',NULL,'',NULL,'Contractor',NULL,NULL,1),(2056,'Attila','Frugyik',NULL,'',NULL,'Contractor',NULL,NULL,1),(2057,'Ashok','Gulati',NULL,'',NULL,'Specialist',1,NULL,1),(2058,'Ashok','Gulati',NULL,'',NULL,'Contractor',NULL,NULL,1),(2059,'Artur','Szuflicki',NULL,'',NULL,'Contractor',NULL,NULL,1),(2060,'Artur','Bade',NULL,'',NULL,'Contractor',NULL,NULL,1),(2061,'Arthur','Slomka',NULL,'',NULL,'Contractor',NULL,NULL,1),(2062,'Arthur','Deane',NULL,'',NULL,'Contractor',NULL,NULL,1),(2063,'Arthur','Dean',NULL,'',NULL,'Contractor',NULL,NULL,1),(2064,'Arpad','Morvath',NULL,'',NULL,'Contractor',NULL,NULL,1),(2065,'Arlene','Murphy',NULL,'',NULL,'Contractor',NULL,NULL,1),(2066,'Arkadiusz','Wabinski',NULL,'',NULL,'Contractor',NULL,NULL,1),(2067,'Arkadiusz','Nowacki',NULL,'',NULL,'Contractor',NULL,NULL,1),(2068,'Arkadiusz','styrna',NULL,'',NULL,'Contractor',NULL,NULL,1),(2069,'Arkadiusz','kieda',NULL,'',NULL,'Contractor',NULL,NULL,1),(2070,'Arkadiusz','Bator',NULL,'',NULL,'Contractor',NULL,NULL,1),(2071,'Arek','Wabinski',NULL,'',NULL,'Contractor',NULL,NULL,1),(2072,'Aoife','White',NULL,'Aoife.White@amneal.com',NULL,'Administrative',1,NULL,1),(2073,'Aoife','Roche',NULL,'Aoife.roche@amneal.com',NULL,'Lab Personnel',1,NULL,1),(2074,'Aoife','White',NULL,'',NULL,'Student',1,NULL,1),(2075,'Aoife','Carew',NULL,'',NULL,NULL,NULL,NULL,1),(2076,'Antony','OSullivan',NULL,'',NULL,'Contractor',NULL,NULL,1),(2077,'Anthony','Jordan',NULL,'anthony.jordan@amneal.com',NULL,'Operations',1,NULL,1),(2078,'Anthony','Ryan',NULL,'',NULL,'Contractor',NULL,NULL,1),(2079,'Anthony','Rossborough',NULL,'',NULL,'Contractor',NULL,NULL,1),(2080,'Anthony','ODonoghue',NULL,'',NULL,'Contractor',NULL,NULL,1),(2081,'Anthony','Mckeogh',NULL,'',NULL,'Contractor',NULL,NULL,1),(2082,'Anthony','Mcdaid',NULL,'',NULL,'Contractor',NULL,NULL,1),(2083,'Anthony','Marks',NULL,'',NULL,'Contractor',NULL,NULL,1),(2084,'Anthony','Mangan',NULL,'',NULL,'Contractor',NULL,NULL,1),(2085,'Anthony','Jakson',NULL,'',NULL,'Contractor',NULL,NULL,1),(2086,'Anthony','Eccles',NULL,'',NULL,'Contractor',NULL,NULL,1),(2087,'Anthony','Connolly',NULL,'',NULL,'Contractor',NULL,NULL,1),(2088,'Anthony','Alex p.',NULL,'',NULL,'Contractor',NULL,NULL,1),(2089,'Anthony','Ahern',NULL,'',NULL,'Contractor',NULL,NULL,1),(2090,'Anthony','ONeill',NULL,'',NULL,'Contractor',NULL,NULL,1),(2091,'Anthony','marks',NULL,'',NULL,'Contractor',NULL,NULL,1),(2092,'Anthoniet','Ohanya',NULL,'Anthoniet.Ohanya@amneal.com',NULL,'Analyst',1,NULL,1),(2093,'Anne','McGrath',NULL,'anne.mcgrath@amneal.com',NULL,'Specialist',1,NULL,1),(2094,'Anne','Marie o carroll',NULL,'',NULL,'Contractor',NULL,NULL,1),(2095,'Anna','Sipitanou',NULL,'',NULL,'Contractor',NULL,NULL,1),(2096,'Anna','Kurpiewska',NULL,'',NULL,'Contractor',NULL,NULL,1),(2097,'Ann','Burke',NULL,'',NULL,'GO',1,NULL,1),(2098,'Ankita','Solkar',NULL,'Ankita.Solkar@amneal.com',NULL,'Analyst',1,NULL,1),(2099,'Angie','Ryan',NULL,'',NULL,'Contractor',NULL,NULL,1),(2100,'Angela','Collins',NULL,'',NULL,'Contractor',NULL,NULL,1),(2101,'Andzela','Krivcikova',NULL,'',NULL,'Cleaning Personnel',NULL,NULL,1),(2102,'Andy','Pearson',NULL,'',NULL,'Contractor',NULL,NULL,1),(2103,'Andy','Murphy',NULL,'',NULL,'Contractor',NULL,NULL,1),(2104,'Andy','Kinnane',NULL,'',NULL,'Contractor',NULL,NULL,1),(2105,'Andy','Kinane',NULL,'',NULL,'Contractor',NULL,NULL,1),(2106,'Andy','killen',NULL,'',NULL,'Contractor',NULL,NULL,1),(2107,'Anduel','Bregu',NULL,'',NULL,'Contractor',NULL,NULL,1),(2108,'Andrius','Kilmauskas',NULL,'',NULL,'Contractor',NULL,NULL,1),(2109,'Andris','Emolins',NULL,'',NULL,'Contractor',NULL,NULL,1),(2110,'Andrew','Senior',NULL,'',NULL,'Contractor',NULL,NULL,1),(2111,'Andrew','Simpson',NULL,'',NULL,'Contractor',NULL,NULL,1),(2112,'Andrew','Senior',NULL,'',NULL,'Contractor',NULL,NULL,1),(2113,'Andrew','Quinlan',NULL,'',NULL,'Contractor',NULL,NULL,1),(2114,'Andrew','Penson',NULL,'',NULL,'Contractor',NULL,NULL,1),(2115,'Andrew','ORegan',NULL,'',NULL,'Contractor',NULL,NULL,1),(2116,'Andrew','ONeill',NULL,'',NULL,'Contractor',NULL,NULL,1),(2117,'Andrew','OBrien',NULL,'',NULL,'Contractor',NULL,NULL,1),(2118,'Andrew','OBrien',NULL,'',NULL,'Contractor',NULL,NULL,1),(2119,'Andrew','Kenny',NULL,'',NULL,'Contractor',NULL,NULL,1),(2120,'Andrew','Kavanagh',NULL,'',NULL,'Contractor',NULL,NULL,1),(2121,'Andrew','Dunne',NULL,'',NULL,'Contractor',NULL,NULL,1),(2122,'Andrew','Duggan',NULL,'',NULL,'Contractor',NULL,NULL,1),(2123,'Andrew','Duffin',NULL,'',NULL,'Contractor',NULL,NULL,1),(2124,'Andrew','Baldwin',NULL,'',NULL,'Contractor',NULL,NULL,1),(2125,'Andrew','kavanagh',NULL,'',NULL,'Contractor',NULL,NULL,1),(2126,'Andres','Cerescu',NULL,'',NULL,'Contractor',NULL,NULL,1),(2127,'Andrejs','Zaicevs',NULL,'',NULL,'Contractor',NULL,NULL,1),(2128,'Andrejs','baikovs',NULL,'',NULL,'Contractor',NULL,NULL,1),(2129,'Andrej','Chololejenko',NULL,'',NULL,'Contractor',NULL,NULL,1),(2130,'Andrej','Kolesnikov',NULL,'',NULL,'Contractor',NULL,NULL,1),(2131,'Andrei','Mereacre',NULL,'',NULL,'Contractor',NULL,NULL,1),(2132,'Andrei','Gavrilian',NULL,'',NULL,'Contractor',NULL,NULL,1),(2133,'Andrei','Buceatchi',NULL,'',NULL,'Contractor',NULL,NULL,1),(2134,'Andre','White',NULL,'',NULL,'Contractor',NULL,NULL,1),(2135,'Andre','Dimitru jipa',NULL,'',NULL,'Contractor',NULL,NULL,1),(2136,'Anatoly','Polyansky',NULL,'',NULL,'Contractor',NULL,NULL,1),(2137,'Anagha','GuruDutt',NULL,'Anagha.GuruDutt@amneal.com',NULL,'Microbiology Personnel',1,NULL,1),(2138,'Amy','Byrne',NULL,'Amy.Byrne@amneal.com',NULL,'Operations',1,NULL,1),(2139,'Ammy','Adcock',NULL,'',NULL,'Contractor',NULL,NULL,1),(2140,'Amanda','Power',NULL,'',NULL,'Contractor',NULL,NULL,1),(2141,'Amanda','Power',NULL,'',NULL,'Contractor',NULL,NULL,1),(2142,'Amanda','Power',NULL,'',NULL,'Contractor',NULL,NULL,1),(2143,'Amanda','Dalton',NULL,'',NULL,'Contractor',NULL,NULL,1),(2144,'Alpa','Patel',NULL,'',NULL,'Contractor',NULL,NULL,1),(2145,'Allen','Murtagh',NULL,'',NULL,'Contractor',NULL,NULL,1),(2146,'Alison','ODonovan',NULL,'',NULL,'Contractor',NULL,NULL,1),(2147,'Alin','Munteanu',NULL,'',NULL,'Contractor',NULL,NULL,1),(2148,'Alin','Muntean',NULL,'',NULL,'Contractor',NULL,NULL,1),(2149,'Ali','Khan',NULL,'',NULL,'Contractor',NULL,NULL,1),(2150,'Algis','Miglinas',NULL,'',NULL,'Contractor',NULL,NULL,1),(2151,'Algis','miglinas',NULL,'',NULL,'Contractor',NULL,NULL,1),(2152,'Alexandru','Uilacan',NULL,'',NULL,'Contractor',NULL,NULL,1),(2153,'Alexandru','Diah',NULL,'',NULL,'Contractor',NULL,NULL,1),(2154,'Alexandr','Baraboi',NULL,'',NULL,'Contractor',NULL,NULL,1),(2155,'Alexander','Brecht',NULL,'',NULL,'Contractor',NULL,NULL,1),(2156,'Alexadru','Topliceanu',NULL,'',NULL,'Contractor',NULL,NULL,1),(2157,'Alex','Slattery',NULL,'',NULL,'GO',1,NULL,1),(2158,'Alex','Deggan',NULL,'',NULL,'Contractor',NULL,NULL,1),(2159,'Ales','Ambroz',NULL,'',NULL,'Contractor',NULL,NULL,1),(2160,'Aleksei','Ivanov',NULL,'',NULL,'Contractor',NULL,NULL,1),(2161,'Alec','Morrisey',NULL,'',NULL,'Contractor',NULL,NULL,1),(2162,'Albert','Lisiak',NULL,'',NULL,'Contractor',NULL,NULL,1),(2163,'Alan','Whyte',NULL,'',NULL,'Contractor',NULL,NULL,1),(2164,'Alan','Walsh',NULL,'',NULL,'Contractor',NULL,NULL,1),(2165,'Alan','Shiel',NULL,'',NULL,'Contractor',NULL,NULL,1),(2166,'Alan','Sheil',NULL,'',NULL,'Contractor',NULL,NULL,1),(2167,'Alan','Quigley',NULL,'',NULL,'Contractor',NULL,NULL,1),(2168,'Alan','OMahony',NULL,'',NULL,'Contractor',NULL,NULL,1),(2169,'Alan','OBrien',NULL,'',NULL,'Contractor',NULL,NULL,1),(2170,'Alan','Murphy',NULL,'',NULL,'Contractor',NULL,NULL,1),(2171,'Alan','Moylan',NULL,'',NULL,'Contractor',NULL,NULL,1),(2172,'Alan','Lucey',NULL,'',NULL,'Contractor',NULL,NULL,1),(2173,'Alan','Kearney',NULL,'',NULL,'Contractor',NULL,NULL,1),(2174,'Alan','Horgan',NULL,'',NULL,'Contractor',NULL,NULL,1),(2175,'Alan','Hickey',NULL,'',NULL,'Contractor',NULL,NULL,1),(2176,'Alan','Gray',NULL,'',NULL,'Contractor',NULL,NULL,1),(2177,'Alan','Das',NULL,'',NULL,'Contractor',NULL,NULL,1),(2178,'Alan','Carroll',NULL,'',NULL,'Contractor',NULL,NULL,1),(2179,'Alan','jordan',NULL,'',NULL,'Contractor',NULL,NULL,1),(2180,'Aisling','Egan',NULL,'Aisling.egan@amneal.com',NULL,'Technical Writer',1,NULL,1),(2181,'Aisling','Diffley',NULL,'Aisling.Diffley@amneal.com',NULL,'QC Specialist',1,NULL,1),(2182,'Aine','Stokes',NULL,'',NULL,'Contractor',NULL,NULL,1),(2183,'Aine','Ryan',NULL,'',NULL,'Contractor',NULL,NULL,1),(2184,'Ailis','Ryan',NULL,'',NULL,'Contractor',NULL,NULL,1),(2185,'Ailbe','ODwyer',NULL,'ailbe.odwyer@amneal.com',NULL,'IPQA Specialist',1,NULL,1),(2186,'Ailbe','Lonergan',NULL,'',NULL,'Contractor',NULL,NULL,1),(2187,'Aiden','Fitzpatrick',NULL,'',NULL,'Contractor',NULL,NULL,1),(2188,'Aidaw','Maher',NULL,'',NULL,'Contractor',NULL,NULL,1),(2189,'Aidan','Tobin',NULL,'',NULL,'Contractor',NULL,NULL,1),(2190,'Aidan','Thompson',NULL,'',NULL,'Contractor',NULL,NULL,1),(2191,'Aidan','OMernagh',NULL,'',NULL,'Contractor',NULL,NULL,1),(2192,'Aidan','Murphy',NULL,'',NULL,'Contractor',NULL,NULL,1),(2193,'Aidan','Lawlor',NULL,'',NULL,'Contractor',NULL,NULL,1),(2194,'Aidan','Hayes',NULL,'',NULL,'Contractor',NULL,NULL,1),(2195,'Aidan','Gildea',NULL,'',NULL,'Contractor',NULL,NULL,1),(2196,'Aidan','Fitzpatrick',NULL,'',NULL,'Contractor',NULL,NULL,1),(2197,'Aidan','Donegan',NULL,'',NULL,'Contractor',NULL,NULL,1),(2198,'Aidan','Dineen',NULL,'',NULL,'Contractor',NULL,NULL,1),(2199,'Aidan','Dowdall',NULL,'',NULL,'Contractor',NULL,NULL,1),(2200,'Agnieszka','Lagocka',NULL,'agnieszka.lagocka@amneal.com',NULL,NULL,1,NULL,1),(2201,'Adriana','Stoklasova',NULL,'',NULL,'Contractor',NULL,NULL,1),(2202,'Adrian','Sianuszek',NULL,'',NULL,'Contractor',NULL,NULL,1),(2203,'Adrian','Ryan',NULL,'',NULL,'Contractor',NULL,NULL,1),(2204,'Adrian','ODrisscoll',NULL,'',NULL,'Contractor',NULL,NULL,1),(2205,'Adrian','Keaveney',NULL,'',NULL,'Contractor',NULL,NULL,1),(2206,'Adrian','Fox',NULL,'',NULL,'Contractor',NULL,NULL,1),(2207,'Adrian','Cowap',NULL,'',NULL,'Contractor',NULL,NULL,1),(2208,'Adrian','Conway',NULL,'',NULL,'Contractor',NULL,NULL,1),(2209,'Adrian','Byron',NULL,'',NULL,'Contractor',NULL,NULL,1),(2210,'Adrain','Byron',NULL,'',NULL,'Contractor',NULL,NULL,1),(2211,'Aditya','Jain',NULL,'',NULL,'Operations',1,NULL,1),(2212,'Adam','Wilkins',NULL,'',NULL,'Contractor',NULL,NULL,1),(2213,'Adam','Walsh',NULL,'',NULL,'Contractor',NULL,NULL,1),(2214,'Adam','Steplen',NULL,'',NULL,'Contractor',NULL,NULL,1),(2215,'Adam','OBrien',NULL,'',NULL,'Contractor',NULL,NULL,1),(2216,'Adam','Kennedy',NULL,'',NULL,'Contractor',NULL,NULL,1),(2217,'Adam','Heneghan',NULL,'',NULL,'Contractor',NULL,NULL,1),(2218,'Adam','Georgia',NULL,'',NULL,'Contractor',NULL,NULL,1),(2219,'Adam','Farrell',NULL,'',NULL,'Contractor',NULL,NULL,1),(2220,'Adam','Dyas',NULL,'',NULL,'Contractor',NULL,NULL,1),(2221,'Adam','Browne',NULL,'',NULL,'Contractor',NULL,NULL,1),(2222,'Adam','Beale',NULL,'',NULL,'Contractor',NULL,NULL,1),(2223,'Adam','clarke',NULL,'',NULL,'Contractor',NULL,NULL,1),(2224,'Achim','Wolf',NULL,'',NULL,'Contractor',NULL,NULL,1),(2225,'Aaron','Ward',NULL,'',NULL,'Contractor',NULL,NULL,1),(2226,'Aaron','Murphy',NULL,'',NULL,'Contractor',NULL,NULL,1),(2227,'Aaron','Mathews',NULL,'',NULL,'Contractor',NULL,NULL,1),(2228,'Aaron','Larkin',NULL,'',NULL,'Contractor',NULL,NULL,1),(2229,'Aaron','Brennan',NULL,'',NULL,'Contractor',NULL,NULL,1),(2230,'Zita','ORourke',NULL,NULL,NULL,'Contractor',NULL,NULL,1),(2231,'Winifred','Delahunty',NULL,NULL,NULL,'Contractor',NULL,NULL,1),(2232,'Wilson','Varghese',NULL,NULL,NULL,'Contractor',NULL,NULL,1),(2233,'Willie','Peacham',NULL,NULL,NULL,'Contractor',NULL,NULL,1),(2234,'Willie','Carolan',NULL,NULL,NULL,'Contractor',NULL,NULL,1),(2235,'William','Moore',NULL,'william.moore@amneal.com',NULL,'Facilities Supervisor',1,NULL,1),(2236,'William','Fanning',NULL,'William.Fanning@amneal.com',NULL,'QC Specialist',1,NULL,1),(2237,'William','Scanlon',NULL,NULL,NULL,'Contractor',NULL,NULL,1),(2238,'William','Ryan',NULL,NULL,NULL,'Contractor',NULL,NULL,1),(2239,'William','Nash',NULL,NULL,NULL,'Contractor',NULL,NULL,1),(2240,'William','Mcdonald',NULL,NULL,NULL,'Contractor',NULL,NULL,1),(2241,'William','Leen',NULL,NULL,NULL,'Contractor',NULL,NULL,1),(2242,'William','Kiely',NULL,NULL,NULL,'Contractor',NULL,NULL,1),(2243,'William','Kelly',NULL,NULL,NULL,'Contractor',NULL,NULL,1),(2244,'William','Keane',NULL,NULL,NULL,'Contractor',NULL,NULL,1),(2245,'William','Kavanagh',NULL,NULL,NULL,'Contractor',NULL,NULL,1),(2246,'William','Hickey',NULL,NULL,NULL,'Contractor',NULL,NULL,1),(2247,'William','Hennessy',NULL,NULL,NULL,'Contractor',NULL,NULL,1),(2248,'William','Farrell',NULL,NULL,NULL,'Contractor',NULL,NULL,1),(2249,'William','Donohoe',NULL,NULL,NULL,'Contractor',NULL,NULL,1),(2250,'William','Coughlan',NULL,NULL,NULL,'Contractor',NULL,NULL,1),(2251,'Wilbert','Jansen',NULL,NULL,NULL,'Contractor',NULL,NULL,1),(2252,'Wesley','Ronan',NULL,NULL,NULL,'Contractor',NULL,NULL,1),(2253,'Wayne','OLeary',NULL,NULL,NULL,'Contractor',NULL,NULL,1),(2254,'Wayne','OCallaghan',NULL,NULL,NULL,'Contractor',NULL,NULL,1),(2255,'Wayne','King',NULL,NULL,NULL,'Contractor',NULL,NULL,1),(2256,'Wayne','OLeary',NULL,NULL,NULL,'Contractor',NULL,NULL,1),(2257,'Vytautas','Merkelis',NULL,NULL,NULL,'Contractor',NULL,NULL,1),(2258,'Vladimir','Valev',NULL,NULL,NULL,'Contractor',NULL,NULL,1),(2259,'Vlad','Pepedi',NULL,NULL,NULL,'Contractor',NULL,NULL,1),(2260,'Vita','Sirika',NULL,NULL,NULL,'Contractor',NULL,NULL,1),(2261,'Vit','Malohlava',NULL,NULL,NULL,'Contractor',NULL,NULL,1),(2262,'Vincent','McCartghy',NULL,NULL,NULL,'Contractor',NULL,NULL,1),(2263,'Vincent','Brennan',NULL,NULL,NULL,'Contractor',NULL,NULL,1),(2264,'Vincent','Slattery',NULL,NULL,NULL,'Contractor',NULL,NULL,1),(2265,'Vijay','Sharma',NULL,NULL,NULL,'Operations',1,NULL,1),(2266,'Velentina','Lazarova',NULL,NULL,NULL,'Contractor',NULL,NULL,1),(2267,'Veacescau','Corovakie',NULL,NULL,NULL,'Contractor',NULL,NULL,1),(2268,'Vangelis','Los',NULL,NULL,NULL,'Contractor',NULL,NULL,1),(2269,'Valerie','Obrien',NULL,NULL,NULL,NULL,NULL,NULL,1),(2270,'Twadar','Korpar',NULL,NULL,NULL,'Contractor',NULL,NULL,1),(2271,'Trevor','Traynor',NULL,NULL,NULL,'Contractor',NULL,NULL,1),(2272,'Trevor','Trainer',NULL,NULL,NULL,'Contractor',NULL,NULL,1),(2273,'Trevor','Melbourne',NULL,NULL,NULL,'Contractor',NULL,NULL,1),(2274,'Trevor','Keating',NULL,NULL,NULL,'Contractor',NULL,NULL,1),(2275,'Trevor','Greene',NULL,NULL,NULL,'Contractor',NULL,NULL,1),(2276,'Trevor','Fitzgerald',NULL,NULL,NULL,'Contractor',NULL,NULL,1),(2277,'Trevor','Cowman',NULL,NULL,NULL,'Contractor',NULL,NULL,1),(2278,'Trevor','Bradley',NULL,NULL,NULL,'Contractor',NULL,NULL,1),(2279,'Trevor','Bell',NULL,NULL,NULL,'Contractor',NULL,NULL,1),(2280,'Tracey','Walsh',NULL,'Tracey.Walsh@amneal.com',NULL,'GO',1,NULL,1),(2281,'Torsten','Leibacher',NULL,NULL,NULL,'Contractor',NULL,NULL,1),(2282,'Tony','Padden',NULL,NULL,NULL,'Contractor',NULL,NULL,1),(2283,'Tony','ODriscoll',NULL,NULL,NULL,'Contractor',NULL,NULL,1),(2284,'Tony','Murphy',NULL,NULL,NULL,'Contractor',NULL,NULL,1),(2285,'Tony','Mccormack',NULL,NULL,NULL,'Contractor',NULL,NULL,1),(2286,'Tony','Love',NULL,NULL,NULL,'Contractor',NULL,NULL,1),(2287,'Tony','Love',NULL,NULL,NULL,'Contractor',NULL,NULL,1),(2288,'Tony','Leahy',NULL,NULL,NULL,'Contractor',NULL,NULL,1),(2289,'Tony','Keohane',NULL,NULL,NULL,'Contractor',NULL,NULL,1),(2290,'Tony','Kennedy',NULL,NULL,NULL,'Contractor',NULL,NULL,1),(2291,'Tony','Kavanagh',NULL,NULL,NULL,'Contractor',NULL,NULL,1),(2292,'Tony','Curtin',NULL,NULL,NULL,'Contractor',NULL,NULL,1),(2293,'Tony','Barry',NULL,NULL,NULL,'Contractor',NULL,NULL,1),(2294,'Tony','Barnes',NULL,NULL,NULL,'Contractor',NULL,NULL,1),(2295,'Toni','OSullivan',NULL,NULL,NULL,'Contractor',NULL,NULL,1),(2296,'Tommy','Perry',NULL,NULL,NULL,'Contractor',NULL,NULL,1),(2297,'Tommy','Feeley',NULL,NULL,NULL,'Contractor',NULL,NULL,1),(2298,'Tomica','brezovec',NULL,NULL,NULL,'Contractor',NULL,NULL,1),(2299,'Tomasz','Sajkowski',NULL,NULL,NULL,'Contractor',NULL,NULL,1),(2300,'Tom','Slattery',NULL,NULL,NULL,'Contractor',NULL,NULL,1),(2301,'Tom','Seakens',NULL,NULL,NULL,'Contractor',NULL,NULL,1),(2302,'Tom','Rossiter',NULL,NULL,NULL,'Contractor',NULL,NULL,1),(2303,'Tom','Ralph',NULL,NULL,NULL,'Contractor',NULL,NULL,1),(2304,'Tom','Quinn',NULL,NULL,NULL,'Contractor',NULL,NULL,1),(2305,'Tom','Phelan',NULL,NULL,NULL,'Contractor',NULL,NULL,1),(2306,'Tom','OBrien',NULL,NULL,NULL,'Contractor',NULL,NULL,1),(2307,'Tom','OBrien',NULL,NULL,NULL,'Contractor',NULL,NULL,1),(2308,'Tom','Mcgrath',NULL,NULL,NULL,'Contractor',NULL,NULL,1),(2309,'Tom','Mccormack',NULL,NULL,NULL,'Contractor',NULL,NULL,1),(2310,'Tom','Mcconnell',NULL,NULL,NULL,'Contractor',NULL,NULL,1),(2311,'Tom','Mc cormack',NULL,NULL,NULL,'Contractor',NULL,NULL,1),(2312,'Tom','Kelly',NULL,NULL,NULL,'Contractor',NULL,NULL,1),(2313,'Tom','Hough',NULL,NULL,NULL,'Contractor',NULL,NULL,1),(2314,'Tom','Gaul',NULL,NULL,NULL,'Contractor',NULL,NULL,1),(2315,'Tom','Farmer',NULL,NULL,NULL,'Contractor',NULL,NULL,1),(2316,'Tom','Curran',NULL,NULL,NULL,'Contractor',NULL,NULL,1),(2317,'Tom','Byron',NULL,NULL,NULL,'Contractor',NULL,NULL,1),(2318,'Tom','regan',NULL,NULL,NULL,'Contractor',NULL,NULL,1),(2319,'Tom','ferris',NULL,NULL,NULL,'Contractor',NULL,NULL,1),(2320,'Toby','willmott',NULL,NULL,NULL,'Contractor',NULL,NULL,1),(2321,'Tina','Barry',NULL,NULL,NULL,'Contractor',NULL,NULL,1),(2322,'Timo','Schindler',NULL,NULL,NULL,'Contractor',NULL,NULL,1),(2323,'Timmy','lilies',NULL,NULL,NULL,'Contractor',NULL,NULL,1),(2324,'Tim','Cotter',NULL,NULL,NULL,'Contractor',NULL,NULL,1),(2325,'Tim','Coleman',NULL,NULL,NULL,'Contractor',NULL,NULL,1),(2326,'Tim','Angland',NULL,NULL,NULL,'Contractor',NULL,NULL,1),(2327,'Tilda','murray',NULL,NULL,NULL,'Contractor',NULL,NULL,1),(2328,'Tiernan','Brennan',NULL,NULL,NULL,'Contractor',NULL,NULL,1),(2329,'Thomas','D\'Alton',NULL,NULL,NULL,NULL,NULL,NULL,1),(2330,'Thomas','Sharkey',NULL,NULL,NULL,'Contractor',NULL,NULL,1),(2331,'Thomas','Rice',NULL,NULL,NULL,'Contractor',NULL,NULL,1),(2332,'Thomas','Quinn bailie',NULL,NULL,NULL,'Contractor',NULL,NULL,1),(2333,'Thomas','Purcell',NULL,NULL,NULL,'Contractor',NULL,NULL,1),(2334,'Thomas','Peters',NULL,NULL,NULL,'Contractor',NULL,NULL,1),(2335,'Thomas','OSullivan',NULL,NULL,NULL,'Contractor',NULL,NULL,1),(2336,'Thomas','OConnor',NULL,NULL,NULL,'Contractor',NULL,NULL,1),(2337,'Thomas','Nolan',NULL,NULL,NULL,'Contractor',NULL,NULL,1),(2338,'Thomas','Newman',NULL,NULL,NULL,'Contractor',NULL,NULL,1),(2339,'Thomas','Morrissey',NULL,NULL,NULL,'Contractor',NULL,NULL,1),(2340,'Thomas','Mealy',NULL,NULL,NULL,'Contractor',NULL,NULL,1),(2341,'Thomas','Martin',NULL,NULL,NULL,'Contractor',NULL,NULL,1),(2342,'Thomas','Kutty',NULL,NULL,NULL,'Contractor',NULL,NULL,1),(2343,'Thomas','Kiely',NULL,NULL,NULL,'Contractor',NULL,NULL,1),(2344,'Thomas','Kelly',NULL,NULL,NULL,'Contractor',NULL,NULL,1),(2345,'Thomas','Kavanagh',NULL,NULL,NULL,'Contractor',NULL,NULL,1),(2346,'Thomas','Kane',NULL,NULL,NULL,'Contractor',NULL,NULL,1),(2347,'Thomas','Galvin',NULL,NULL,NULL,'Contractor',NULL,NULL,1),(2348,'Thomas','Carroll',NULL,NULL,NULL,'Contractor',NULL,NULL,1),(2349,'Thomas','Cambridge',NULL,NULL,NULL,'Contractor',NULL,NULL,1),(2350,'Thomas','Braun',NULL,NULL,NULL,'Contractor',NULL,NULL,1),(2351,'Thomas','Bellen',NULL,NULL,NULL,'Contractor',NULL,NULL,1),(2352,'Thomas','ralph',NULL,NULL,NULL,'Contractor',NULL,NULL,1),(2353,'Thomas','doherty',NULL,NULL,NULL,'Contractor',NULL,NULL,1),(2354,'Thomas','Butler',NULL,NULL,NULL,'Contractor',NULL,NULL,1),(2355,'Tery','Scanlon',NULL,NULL,NULL,'Contractor',NULL,NULL,1),(2356,'Taylor','Zhao',NULL,NULL,NULL,'Contractor',NULL,NULL,1),(2357,'Tatianna','Slattery',NULL,NULL,NULL,'Contractor',NULL,NULL,1),(2358,'Tara','Spencer',NULL,NULL,NULL,'Contractor',NULL,NULL,1),(2359,'Taght','Buckley',NULL,NULL,NULL,'Contractor',NULL,NULL,1),(2360,'Tadhg','Riordan',NULL,NULL,NULL,'Contractor',NULL,NULL,1),(2361,'Tadhg','Buckley',NULL,NULL,NULL,'Contractor',NULL,NULL,1),(2362,'Tadgh','Prendergast',NULL,NULL,NULL,'Contractor',NULL,NULL,1),(2363,'Tadgh','OHanlon',NULL,NULL,NULL,'Contractor',NULL,NULL,1),(2364,'Tadgh','Mccarthy',NULL,NULL,NULL,'Contractor',NULL,NULL,1),(2365,'Tadgh','Buckley',NULL,NULL,NULL,'Contractor',NULL,NULL,1),(2366,'T.j.','Kelly',NULL,NULL,NULL,'Contractor',NULL,NULL,1),(2367,'Szimon','Sara',NULL,NULL,NULL,'Contractor',NULL,NULL,1),(2368,'Sylwia','Boguska',NULL,'Sylwia.Boguska@amneal.com',NULL,'GO',1,NULL,1),(2369,'Syed','Ali',NULL,NULL,NULL,'Contractor',NULL,NULL,1),(2370,'Swathi','Saji',NULL,'Swathi.Saji@amneal.com',NULL,'IPQA Personnel',1,NULL,1),(2371,'Suzanne','Dunne',NULL,NULL,NULL,'Contractor',NULL,NULL,1),(2372,'Susan','Landy',NULL,NULL,NULL,'Contractor',NULL,NULL,1),(2373,'Susan','Lambert',NULL,NULL,NULL,'Contractor',NULL,NULL,1),(2374,'Susan','Byrne',NULL,NULL,NULL,'Contractor',NULL,NULL,1),(2375,'Styanly','Anchan',NULL,NULL,NULL,'QC Lab Analyst',1,NULL,1),(2376,'Stuart','OKennedy',NULL,NULL,NULL,'Contractor',NULL,NULL,1),(2377,'Stuart','Bird',NULL,NULL,NULL,'Contractor',NULL,NULL,1),(2378,'Stphen','Murphy',NULL,NULL,NULL,'Contractor',NULL,NULL,1),(2379,'Steven','Quirke',NULL,NULL,NULL,'Contractor',NULL,NULL,1),(2380,'Steven','Palmer',NULL,NULL,NULL,'Contractor',NULL,NULL,1),(2381,'Steven','Foster',NULL,NULL,NULL,'Contractor',NULL,NULL,1),(2382,'Steven','Curran',NULL,NULL,NULL,'Contractor',NULL,NULL,1),(2383,'Steven','Bowes',NULL,NULL,NULL,'Contractor',NULL,NULL,1),(2384,'Steven','barnikel',NULL,NULL,NULL,'Contractor',NULL,NULL,1),(2385,'Steve','Mcdonnell',NULL,NULL,NULL,'Contractor',NULL,NULL,1),(2386,'Steve','Evered',NULL,NULL,NULL,'Contractor',NULL,NULL,1),(2387,'Steve','Everard',NULL,NULL,NULL,'Contractor',NULL,NULL,1),(2388,'Steve','Daly',NULL,NULL,NULL,'Contractor',NULL,NULL,1),(2389,'Stephn','Mulcahy',NULL,NULL,NULL,'Contractor',NULL,NULL,1),(2390,'Stephen','Downling',NULL,NULL,NULL,NULL,NULL,NULL,1),(2391,'Stephen','Thompson',NULL,NULL,NULL,'Contractor',NULL,NULL,1),(2392,'Stephen','Staunton',NULL,NULL,NULL,'Contractor',NULL,NULL,1),(2393,'Stephen','Smith',NULL,NULL,NULL,'Contractor',NULL,NULL,1),(2394,'Stephen','Quirke',NULL,NULL,NULL,'Contractor',NULL,NULL,1),(2395,'Stephen','Prendergast',NULL,NULL,NULL,'Contractor',NULL,NULL,1),(2396,'Stephen','ODriscoll',NULL,NULL,NULL,'Contractor',NULL,NULL,1),(2397,'Stephen','OBrien',NULL,NULL,NULL,'Contractor',NULL,NULL,1),(2398,'Stephen','Murphy',NULL,NULL,NULL,'Contractor',NULL,NULL,1),(2399,'Stephen','Mc guick',NULL,NULL,NULL,'Contractor',NULL,NULL,1),(2400,'Stephen','Malone',NULL,NULL,NULL,'Contractor',NULL,NULL,1),(2401,'Stephen','Landon',NULL,NULL,NULL,'Contractor',NULL,NULL,1),(2402,'Stephen','Kirwan',NULL,NULL,NULL,'Contractor',NULL,NULL,1),(2403,'Stephen','Kinsella',NULL,NULL,NULL,'Contractor',NULL,NULL,1),(2404,'Stephen','Kennefick',NULL,NULL,NULL,'Contractor',NULL,NULL,1),(2405,'Stephen','Holohan',NULL,NULL,NULL,'Contractor',NULL,NULL,1),(2406,'Stephen','Hayes',NULL,NULL,NULL,'Contractor',NULL,NULL,1),(2407,'Stephen','Halligan',NULL,NULL,NULL,'Contractor',NULL,NULL,1),(2408,'Stephen','Goold',NULL,NULL,NULL,'Contractor',NULL,NULL,1),(2409,'Stephen','Flynn',NULL,NULL,NULL,'Contractor',NULL,NULL,1),(2410,'Stephen','Ennis',NULL,NULL,NULL,'Contractor',NULL,NULL,1),(2411,'Stephen','Doyle',NULL,NULL,NULL,'Contractor',NULL,NULL,1),(2412,'Stephen','Delaney',NULL,NULL,NULL,'Contractor',NULL,NULL,1),(2413,'Stephen','Cloona',NULL,NULL,NULL,'Contractor',NULL,NULL,1),(2414,'Stephen','Clancy',NULL,NULL,NULL,'Contractor',NULL,NULL,1),(2415,'Stephen','Byrne',NULL,NULL,NULL,'Contractor',NULL,NULL,1),(2416,'Stephen','ONeill',NULL,NULL,NULL,'Contractor',NULL,NULL,1),(2417,'Stephen','shea',NULL,NULL,NULL,'Contractor',NULL,NULL,1),(2418,'Stephen','malone',NULL,NULL,NULL,'Contractor',NULL,NULL,1),(2419,'Stephen','clancy',NULL,NULL,NULL,'Contractor',NULL,NULL,1),(2420,'Stephan','OSullivan',NULL,NULL,NULL,'Contractor',NULL,NULL,1),(2421,'Stephan','Mulcahy',NULL,NULL,NULL,'Contractor',NULL,NULL,1),(2422,'Stephan','Lonergan',NULL,NULL,NULL,'Contractor',NULL,NULL,1),(2423,'Stephan','Kinsella',NULL,NULL,NULL,'Contractor',NULL,NULL,1),(2424,'Stephan','Foran',NULL,NULL,NULL,'Contractor',NULL,NULL,1),(2425,'Stephan','Flood',NULL,NULL,NULL,'Contractor',NULL,NULL,1),(2426,'Stephan','Ennis',NULL,NULL,NULL,'Contractor',NULL,NULL,1),(2427,'Stephan','Coughlan',NULL,NULL,NULL,'Contractor',NULL,NULL,1),(2428,'Stephan','Actan',NULL,NULL,NULL,'Contractor',NULL,NULL,1),(2429,'Stelian','Stamule',NULL,NULL,NULL,'Contractor',NULL,NULL,1),(2430,'Steffen','Schile',NULL,NULL,NULL,'Contractor',NULL,NULL,1),(2431,'Stefan','Ryan',NULL,NULL,NULL,'Contractor',NULL,NULL,1),(2432,'Stamuli','Stelian',NULL,NULL,NULL,'Contractor',NULL,NULL,1),(2433,'Stacey','Coffey',NULL,NULL,NULL,'Contractor',NULL,NULL,1),(2434,'Sophie','Knox',NULL,NULL,NULL,'Contractor',NULL,NULL,1),(2435,'Sonia','OConnell',NULL,NULL,NULL,'Contractor',NULL,NULL,1),(2436,'Sofiane','Guerdi',NULL,NULL,NULL,'Contractor',NULL,NULL,1),(2437,'Sobharani','Uppada',NULL,NULL,NULL,'Contractor',NULL,NULL,1),(2438,'Slawomir','Wlodarczyk',NULL,NULL,NULL,'Contractor',NULL,NULL,1),(2439,'Slawomir','Osika',NULL,NULL,NULL,'Contractor',NULL,NULL,1),(2440,'Slawomir','Krawczyk',NULL,NULL,NULL,'Contractor',NULL,NULL,1),(2441,'Slawohir','Pedzich',NULL,NULL,NULL,'Contractor',NULL,NULL,1),(2442,'Siobhan','ODonnell',NULL,'Siobhan.ODonnell@amneal.com',NULL,'Administrative',1,NULL,1),(2443,'Siobhan','Leonard',NULL,NULL,NULL,'External',NULL,NULL,1),(2444,'Siobhan','Doherty',NULL,NULL,NULL,'Contractor',NULL,NULL,1),(2445,'Sinead','Phelan',NULL,NULL,NULL,'Contractor',NULL,NULL,1),(2446,'Simon','Cooper',NULL,'simon.cooper@amneal.com',NULL,NULL,1,NULL,1),(2447,'Simon','Boyd',NULL,NULL,NULL,'Contractor',NULL,NULL,1),(2448,'Simon','Ward',NULL,NULL,NULL,'Contractor',NULL,NULL,1),(2449,'Simon','OMeara',NULL,NULL,NULL,'Contractor',NULL,NULL,1),(2450,'Simon','King',NULL,NULL,NULL,'Contractor',NULL,NULL,1),(2451,'Simon','Doyle',NULL,NULL,NULL,'Contractor',NULL,NULL,1),(2452,'Shaun','Forde',NULL,NULL,NULL,'Contractor',NULL,NULL,1),(2453,'Shaun','Costigan',NULL,NULL,NULL,'Contractor',NULL,NULL,1),(2454,'Shannon','Fitzgerald',NULL,NULL,NULL,'Contractor',NULL,NULL,1),(2455,'Shane','Woods',NULL,'Shane.Woods@amneal.com',NULL,'Engineer Support',1,NULL,1),(2456,'Shane','Lynch',NULL,NULL,NULL,'GO',1,NULL,1),(2457,'Shane','Connelly',NULL,NULL,NULL,'Contractor',NULL,NULL,1),(2458,'Shane','Shanahan',NULL,NULL,NULL,'Contractor',NULL,NULL,1),(2459,'Shane','Ryan',NULL,NULL,NULL,'Contractor',NULL,NULL,1),(2460,'Shane','Pomphrett',NULL,NULL,NULL,'Contractor',NULL,NULL,1),(2461,'Shane','OSullivan',NULL,NULL,NULL,'Contractor',NULL,NULL,1),(2462,'Shane','OShaughney',NULL,NULL,NULL,'Contractor',NULL,NULL,1),(2463,'Shane','ODwyer',NULL,NULL,NULL,'Contractor',NULL,NULL,1),(2464,'Shane','Noonan',NULL,NULL,NULL,'Contractor',NULL,NULL,1),(2465,'Shane','Moriarty',NULL,NULL,NULL,'Contractor',NULL,NULL,1),(2466,'Shane','Molyneaux',NULL,NULL,NULL,'Contractor',NULL,NULL,1),(2467,'Shane','Meade',NULL,NULL,NULL,'Contractor',NULL,NULL,1),(2468,'Shane','Mcgrath',NULL,NULL,NULL,'Contractor',NULL,NULL,1),(2469,'Shane','Mccarthy',NULL,NULL,NULL,'Contractor',NULL,NULL,1),(2470,'Shane','Madigan',NULL,NULL,NULL,'Contractor',NULL,NULL,1),(2471,'Shane','Lonegan',NULL,NULL,NULL,'Contractor',NULL,NULL,1),(2472,'Shane','Lennon',NULL,NULL,NULL,'Contractor',NULL,NULL,1),(2473,'Shane','Lawlor',NULL,NULL,NULL,'Contractor',NULL,NULL,1),(2474,'Shane','Lanigan',NULL,NULL,NULL,'Contractor',NULL,NULL,1),(2475,'Shane','Holton',NULL,NULL,NULL,'Contractor',NULL,NULL,1),(2476,'Shane','Hanrahan',NULL,NULL,NULL,'Contractor',NULL,NULL,1),(2477,'Shane','Grogan',NULL,NULL,NULL,'Contractor',NULL,NULL,1),(2478,'Shane','Greene',NULL,NULL,NULL,'Contractor',NULL,NULL,1),(2479,'Shane','Egan',NULL,NULL,NULL,'Contractor',NULL,NULL,1),(2480,'Shane','Donnelly',NULL,NULL,NULL,'Contractor',NULL,NULL,1),(2481,'Shane','Hanrahan',NULL,NULL,NULL,'Analyst',NULL,NULL,1),(2482,'Shane','ryan',NULL,NULL,NULL,'Contractor',NULL,NULL,1),(2483,'Shane','OSullivan',NULL,NULL,NULL,'Contractor',NULL,NULL,1),(2484,'Sergiy','Galchuk',NULL,NULL,NULL,'Contractor',NULL,NULL,1),(2485,'Sergiu','Muresan',NULL,NULL,NULL,'Contractor',NULL,NULL,1),(2486,'Sergiu','Mereacre',NULL,NULL,NULL,'Contractor',NULL,NULL,1),(2487,'Sergiu','Bors',NULL,NULL,NULL,'Contractor',NULL,NULL,1),(2488,'Sergiej','Nikitin',NULL,NULL,NULL,'Contractor',NULL,NULL,1),(2489,'Sergejs','Konovalovs',NULL,NULL,NULL,'Contractor',NULL,NULL,1),(2490,'Serena','ODwyer',NULL,NULL,NULL,'Contractor',NULL,NULL,1),(2491,'Seosamh','Regan',NULL,NULL,NULL,'Contractor',NULL,NULL,1),(2492,'Sebastian','Andrzejewski',NULL,NULL,NULL,'Contractor',NULL,NULL,1),(2493,'Sean-lee','Kelly',NULL,NULL,NULL,'Contractor',NULL,NULL,1),(2494,'Sean','Barlow',NULL,NULL,NULL,'Microbiology Personnel',1,NULL,1),(2495,'Sean','OConnor',NULL,NULL,NULL,'Warehouse Personnel',1,NULL,1),(2496,'Sean','ORiordan',NULL,NULL,NULL,'Contractor',1,NULL,1),(2497,'Sean','Walsh',NULL,NULL,NULL,'Contractor',NULL,NULL,1),(2498,'Sean','Ryan',NULL,NULL,NULL,'Contractor',NULL,NULL,1),(2499,'Sean','Quilty',NULL,NULL,NULL,'Contractor',NULL,NULL,1),(2500,'Sean','OSullivan',NULL,NULL,NULL,'Contractor',NULL,NULL,1),(2501,'Sean','Murphy',NULL,NULL,NULL,'Contractor',NULL,NULL,1),(2502,'Sean','Mulholland',NULL,NULL,NULL,'Contractor',NULL,NULL,1),(2503,'Sean','Moloney',NULL,NULL,NULL,'Contractor',NULL,NULL,1),(2504,'Sean','Mcglynn',NULL,NULL,NULL,'Contractor',NULL,NULL,1),(2505,'Sean','Mcgee',NULL,NULL,NULL,'Contractor',NULL,NULL,1),(2506,'Sean','Loonam',NULL,NULL,NULL,'Contractor',NULL,NULL,1),(2507,'Sean','Kennedy',NULL,NULL,NULL,'Contractor',NULL,NULL,1),(2508,'Sean','Kelly',NULL,NULL,NULL,'Contractor',NULL,NULL,1),(2509,'Sean','Kelleher',NULL,NULL,NULL,'Contractor',NULL,NULL,1),(2510,'Sean','Heron',NULL,NULL,NULL,'Contractor',NULL,NULL,1),(2511,'Sean','Healy',NULL,NULL,NULL,'Contractor',NULL,NULL,1),(2512,'Sean','Guerin',NULL,NULL,NULL,'Contractor',NULL,NULL,1),(2513,'Sean','Flynn',NULL,NULL,NULL,'Contractor',NULL,NULL,1),(2514,'Sean','Fitzpatrick',NULL,NULL,NULL,'Contractor',NULL,NULL,1),(2515,'Sean','Crotty',NULL,NULL,NULL,'Contractor',NULL,NULL,1),(2516,'Sean','Coloe',NULL,NULL,NULL,'Contractor',NULL,NULL,1),(2517,'Sean','Coding',NULL,NULL,NULL,'Contractor',NULL,NULL,1),(2518,'Sean','Arrowsmith',NULL,NULL,NULL,'Contractor',NULL,NULL,1),(2519,'Sean','mc mahon',NULL,NULL,NULL,'Contractor',NULL,NULL,1),(2520,'Seamus','ODonohoe',NULL,NULL,NULL,'Contractor',NULL,NULL,1),(2521,'Seamus','Mcgrath',NULL,NULL,NULL,'Contractor',NULL,NULL,1),(2522,'Seamus','Mc donald',NULL,NULL,NULL,'Contractor',NULL,NULL,1),(2523,'Seamus','Holohan',NULL,NULL,NULL,'Contractor',NULL,NULL,1),(2524,'Seamus','Greene',NULL,NULL,NULL,'Contractor',NULL,NULL,1),(2525,'Seamus','Dunphy',NULL,NULL,NULL,'Contractor',NULL,NULL,1),(2526,'Seamus','Delahunty',NULL,NULL,NULL,'Contractor',NULL,NULL,1),(2527,'Seamus','Corcoran',NULL,NULL,NULL,'Contractor',NULL,NULL,1),(2528,'Seamus','Copse',NULL,NULL,NULL,'Contractor',NULL,NULL,1),(2529,'Seamus','Armstrong',NULL,NULL,NULL,'Contractor',NULL,NULL,1),(2530,'Seamus','jordan',NULL,NULL,NULL,'Contractor',NULL,NULL,1),(2531,'Seamus','Greene',NULL,NULL,NULL,'Contractor',NULL,NULL,1),(2532,'Scout','Hanna',NULL,NULL,NULL,'Contractor',NULL,NULL,1),(2533,'Scott','Hatch',NULL,'scott.hatch@amneal.com',NULL,NULL,1,NULL,1),(2534,'Scott','Lee',NULL,NULL,NULL,'Contractor',NULL,NULL,1),(2535,'Saulius','Novikovas',NULL,NULL,NULL,'Contractor',NULL,NULL,1),(2536,'Sasha','Turcen',NULL,NULL,NULL,'Contractor',NULL,NULL,1),(2537,'Sarah','Brassil',NULL,'sarah.brassil@amneal.com',NULL,'HR Generalist',1,NULL,1),(2538,'Sarah','Kingston',NULL,NULL,NULL,'Contractor',NULL,NULL,1),(2539,'Sarah','Jones',NULL,NULL,NULL,'Contractor',NULL,NULL,1),(2540,'Sarah','Boles',NULL,NULL,NULL,'Contractor',NULL,NULL,1),(2541,'Sanraj','Datta',NULL,NULL,NULL,'QC Specialist',NULL,NULL,1),(2542,'Sanjay','Shah',NULL,NULL,NULL,'Contractor',NULL,NULL,1),(2543,'Sandris','beckovs',NULL,NULL,NULL,'Contractor',NULL,NULL,1),(2544,'Sandra','Maher',NULL,NULL,NULL,'Contractor',NULL,NULL,1),(2545,'Sandor','dezmeri',NULL,NULL,NULL,'Contractor',NULL,NULL,1),(2546,'Sander','Dezmeri',NULL,NULL,NULL,'Contractor',NULL,NULL,1),(2547,'Samantha','OBrien',NULL,'Samantha.obrien@gmail.com',NULL,'GO',1,NULL,1),(2548,'SaiLohit','Cherukuvada',NULL,NULL,NULL,'Analyst',1,NULL,1),(2549,'Sabrina','Cummins',NULL,NULL,NULL,'Contractor',NULL,NULL,1),(2550,'Ryan','Hennessy',NULL,NULL,NULL,'Contractor',NULL,NULL,1),(2551,'Ryan','bradley',NULL,NULL,NULL,'Contractor',NULL,NULL,1),(2552,'Russell','Saunders',NULL,NULL,NULL,'Contractor',NULL,NULL,1),(2553,'Roy','Werst',NULL,NULL,NULL,'Contractor',NULL,NULL,1),(2554,'Ross','Kelleher',NULL,NULL,NULL,'Contractor',NULL,NULL,1),(2555,'Ross','Hollands',NULL,NULL,NULL,'Contractor',NULL,NULL,1),(2556,'Ross','Geraghty',NULL,NULL,NULL,'Contractor',NULL,NULL,1),(2557,'Ross','Darcy',NULL,NULL,NULL,'Contractor',NULL,NULL,1),(2558,'Ross','Andrews',NULL,NULL,NULL,'Contractor',NULL,NULL,1),(2559,'Rosie','OSullivan',NULL,NULL,NULL,'Contractor',NULL,NULL,1),(2560,'Rosie','OSullivan',NULL,NULL,NULL,'Contractor',NULL,NULL,1),(2561,'Rory','O\'connell',NULL,NULL,NULL,'Contractor',NULL,NULL,1),(2562,'Rory','OConnell',NULL,NULL,NULL,'Contractor',NULL,NULL,1),(2563,'Rory','Kavanagh',NULL,NULL,NULL,'Contractor',NULL,NULL,1),(2564,'Ronan','Harrington',NULL,NULL,NULL,'Contractor',NULL,NULL,1),(2565,'Ronan','Ftzgerald',NULL,NULL,NULL,'Contractor',NULL,NULL,1),(2566,'Ronan','Dunphy',NULL,NULL,NULL,'Contractor',NULL,NULL,1),(2567,'Ronaldas','Cicirka',NULL,NULL,NULL,'Contractor',NULL,NULL,1),(2568,'Romuald','Kolodziej',NULL,NULL,NULL,'Contractor',NULL,NULL,1),(2569,'Romans','Zaicevs',NULL,NULL,NULL,'Contractor',NULL,NULL,1),(2570,'Rolf','Siegmund',NULL,NULL,NULL,'Contractor',NULL,NULL,1),(2571,'Robyn','Spencer',NULL,NULL,NULL,'Contractor',NULL,NULL,1),(2572,'Robert','Duggan',NULL,'robert.duggan@amneal.com',NULL,NULL,1,NULL,1),(2573,'Robert','Wilkinson',NULL,NULL,NULL,'Contractor',NULL,NULL,1),(2574,'Robert','Vaughan',NULL,NULL,NULL,'Contractor',NULL,NULL,1),(2575,'Robert','Tobin',NULL,NULL,NULL,'Contractor',NULL,NULL,1),(2576,'Robert','Sikora',NULL,NULL,NULL,'Contractor',NULL,NULL,1),(2577,'Robert','Radzabov',NULL,NULL,NULL,'Contractor',NULL,NULL,1),(2578,'Robert','Power',NULL,NULL,NULL,'Contractor',NULL,NULL,1),(2579,'Robert','ONeill',NULL,NULL,NULL,'Contractor',NULL,NULL,1),(2580,'Robert','Nowak',NULL,NULL,NULL,'Contractor',NULL,NULL,1),(2581,'Robert','Mulcahy',NULL,NULL,NULL,'Contractor',NULL,NULL,1),(2582,'Robert','Milligan',NULL,NULL,NULL,'Contractor',NULL,NULL,1),(2583,'Robert','Mckelvey',NULL,NULL,NULL,'Contractor',NULL,NULL,1),(2584,'Robert','Mccarthy',NULL,NULL,NULL,'Contractor',NULL,NULL,1),(2585,'Robert','Mc kelvey',NULL,NULL,NULL,'Contractor',NULL,NULL,1),(2586,'Robert','Mazurek',NULL,NULL,NULL,'Contractor',NULL,NULL,1),(2587,'Robert','Lynch',NULL,NULL,NULL,'Contractor',NULL,NULL,1),(2588,'Robert','Keane',NULL,NULL,NULL,'Contractor',NULL,NULL,1),(2589,'Robert','Doyle',NULL,NULL,NULL,'Contractor',NULL,NULL,1),(2590,'Robert','Doherty',NULL,NULL,NULL,'Contractor',NULL,NULL,1),(2591,'Robert','Davern',NULL,NULL,NULL,'Contractor',NULL,NULL,1),(2592,'Robert','Curran',NULL,NULL,NULL,'Contractor',NULL,NULL,1),(2593,'Robert','Casey',NULL,NULL,NULL,'Contractor',NULL,NULL,1),(2594,'Robert','Breedy',NULL,NULL,NULL,'Contractor',NULL,NULL,1),(2595,'Robert','sikora',NULL,NULL,NULL,'Contractor',NULL,NULL,1),(2596,'Robert','mulcahy',NULL,NULL,NULL,'Contractor',NULL,NULL,1),(2597,'Robert','mc kelvey',NULL,NULL,NULL,'Contractor',NULL,NULL,1),(2598,'Robert','malone',NULL,NULL,NULL,'Contractor',NULL,NULL,1),(2599,'Rob','Carney',NULL,NULL,NULL,'Contractor',NULL,NULL,1),(2600,'Rizwan','Changez',NULL,NULL,NULL,'Contractor',NULL,NULL,1),(2601,'Riddhesh','Sahu',NULL,'riddhesh.sahu@amneal.com',NULL,NULL,1,NULL,1),(2602,'Rick','Mccarthy',NULL,NULL,NULL,'Contractor',NULL,NULL,1),(2603,'Richie','Ryan',NULL,NULL,NULL,'GO',1,NULL,1),(2604,'Richie','Stirling',NULL,NULL,NULL,'Contractor',NULL,NULL,1),(2605,'Richie','Power',NULL,NULL,NULL,'Contractor',NULL,NULL,1),(2606,'Richard','Ronayne',NULL,NULL,NULL,'Contractor',NULL,NULL,1),(2607,'Richard','Peacock',NULL,NULL,NULL,'Contractor',NULL,NULL,1),(2608,'Richard','Murphy',NULL,NULL,NULL,'Contractor',NULL,NULL,1),(2609,'Richard','Mulvihill',NULL,NULL,NULL,'Contractor',NULL,NULL,1),(2610,'Richard','Moran',NULL,NULL,NULL,'Contractor',NULL,NULL,1),(2611,'Richard','Duggan',NULL,NULL,NULL,'Contractor',NULL,NULL,1),(2612,'Richard','Cullinane',NULL,NULL,NULL,'Contractor',NULL,NULL,1),(2613,'Richard','Cooper',NULL,NULL,NULL,'Contractor',NULL,NULL,1),(2614,'Richard','Barry',NULL,NULL,NULL,'Contractor',NULL,NULL,1),(2615,'Renata','Styrna',NULL,NULL,NULL,'Contractor',NULL,NULL,1),(2616,'Renata','Sieja',NULL,NULL,NULL,'Contractor',NULL,NULL,1),(2617,'Remigius','Skawinski',NULL,NULL,NULL,'Contractor',NULL,NULL,1),(2618,'Regina','Robinson',NULL,NULL,NULL,'Contractor',NULL,NULL,1),(2619,'Rebecca','OCallaghan',NULL,NULL,NULL,'Contractor',NULL,NULL,1),(2620,'Rebecca','Grant',NULL,NULL,NULL,'Contractor',NULL,NULL,1),(2621,'Raymond','Burgess',NULL,NULL,NULL,'Contractor',NULL,NULL,1),(2622,'Ray','Waters',NULL,NULL,NULL,'Contractor',NULL,NULL,1),(2623,'Ray','Sparling',NULL,NULL,NULL,'Contractor',NULL,NULL,1),(2624,'Ray','Power',NULL,NULL,NULL,'Contractor',NULL,NULL,1),(2625,'Ray','Nash',NULL,NULL,NULL,'Contractor',NULL,NULL,1),(2626,'Ray','Hill',NULL,NULL,NULL,'Contractor',NULL,NULL,1),(2627,'Ray','Harding',NULL,NULL,NULL,'Contractor',NULL,NULL,1),(2628,'Ray','Cummins',NULL,NULL,NULL,'Contractor',NULL,NULL,1),(2629,'Ray','Connety',NULL,NULL,NULL,'Contractor',NULL,NULL,1),(2630,'Ray','Bergin',NULL,NULL,NULL,'Contractor',NULL,NULL,1),(2631,'Raviteja','Udatha',NULL,NULL,NULL,'Quality Assurance 1st',NULL,NULL,1),(2632,'Ravi','Achanta',NULL,NULL,NULL,'Contractor',NULL,NULL,1),(2633,'Raru','Silaghi',NULL,NULL,NULL,'Contractor',NULL,NULL,1),(2634,'Ramon','Kelderman',NULL,NULL,NULL,'Contractor',NULL,NULL,1),(2635,'Ramon','Iamayo',NULL,NULL,NULL,'Contractor',NULL,NULL,1),(2636,'Rakesh','Shekhar',NULL,NULL,NULL,'Contractor',NULL,NULL,1),(2637,'Rajesh','Jain',NULL,'rajesh.jain@amneal.com',NULL,NULL,1,NULL,1),(2638,'Raja','Vunnam',NULL,'raja.vunnam@amneal.com',NULL,'Contractor',NULL,NULL,1),(2639,'Rafal','Turczyn',NULL,NULL,NULL,'Contractor',NULL,NULL,1),(2640,'Rafal','Kozuch',NULL,NULL,NULL,'Contractor',NULL,NULL,1),(2641,'Radu','Vataman',NULL,NULL,NULL,'Contractor',NULL,NULL,1),(2642,'Pruthvi','Patel',NULL,NULL,NULL,'Analyst',1,NULL,1),(2643,'Priyanka','Kharat',NULL,'Priyanka.Kharat@amneal.com',NULL,'Microbiology Personnel',1,NULL,1),(2644,'Priti','Paranjpe',NULL,'Priti.Paranjpe@amneal.com',NULL,'QC Specialist',1,NULL,1),(2645,'Prem Kishore','Patnala',NULL,'PremKishore@amneal.com',NULL,'Analyst',1,NULL,1),(2646,'Prasad','Jagannath Khile',NULL,NULL,NULL,'Operations',1,NULL,1),(2647,'Praise Chinonso','Onyeacho',NULL,NULL,NULL,'Microbiology Personnel',1,NULL,1),(2648,'Pradeep','Singh',NULL,'pradeep.singh@amneal.com',NULL,'Operations',1,NULL,1),(2649,'Poulius','Navickis',NULL,NULL,NULL,'Contractor',NULL,NULL,1),(2650,'PJ','Whitty',NULL,NULL,NULL,'Contractor',NULL,NULL,1),(2651,'Pj','Roche',NULL,NULL,NULL,'Contractor',NULL,NULL,1),(2652,'Pj','Lawler',NULL,NULL,NULL,'Contractor',NULL,NULL,1),(2653,'Pj','Houlihan',NULL,NULL,NULL,'Contractor',NULL,NULL,1),(2654,'PJ','Flanagan',NULL,NULL,NULL,'Contractor',NULL,NULL,1),(2655,'Piotr','Rogalski',NULL,NULL,NULL,'Contractor',NULL,NULL,1),(2656,'Piotr','Lewandowski',NULL,NULL,NULL,'Contractor',NULL,NULL,1),(2657,'Philip','Heaton',NULL,'Philip.Heaton@gmail.com',NULL,'GO',1,NULL,1),(2658,'Philip','Schuele',NULL,NULL,NULL,'Contractor',NULL,NULL,1),(2659,'Philip','Renouf',NULL,NULL,NULL,'Contractor',NULL,NULL,1),(2660,'Philip','Mcgavin',NULL,NULL,NULL,'Contractor',NULL,NULL,1),(2661,'Philip','Kenna',NULL,NULL,NULL,'Contractor',NULL,NULL,1),(2662,'Philip','French',NULL,NULL,NULL,'Contractor',NULL,NULL,1),(2663,'Philip','Fay',NULL,NULL,NULL,'Contractor',NULL,NULL,1),(2664,'Philip','Ellis',NULL,NULL,NULL,'Contractor',NULL,NULL,1),(2665,'Philip','Eisenmann',NULL,NULL,NULL,'Contractor',NULL,NULL,1),(2666,'Philip','Duffy',NULL,NULL,NULL,'Contractor',NULL,NULL,1),(2667,'Phil','Newman',NULL,NULL,NULL,'Contractor',NULL,NULL,1),(2668,'Peter','Tiernan',NULL,NULL,NULL,'Contractor',NULL,NULL,1),(2669,'Peter','Sutton',NULL,NULL,NULL,'Contractor',NULL,NULL,1),(2670,'Peter','Suttle',NULL,NULL,NULL,'Contractor',NULL,NULL,1),(2671,'Peter','Scott',NULL,NULL,NULL,'Contractor',NULL,NULL,1),(2672,'Peter','Rees',NULL,NULL,NULL,'Contractor',NULL,NULL,1),(2673,'Peter','OConnor',NULL,NULL,NULL,'Contractor',NULL,NULL,1),(2674,'Peter','OBrien',NULL,NULL,NULL,'Contractor',NULL,NULL,1),(2675,'Peter','OSullivan',NULL,NULL,NULL,'Contractor',NULL,NULL,1),(2676,'Peter','OFarrell',NULL,NULL,NULL,'Contractor',NULL,NULL,1),(2677,'Peter','Norton',NULL,NULL,NULL,'Contractor',NULL,NULL,1),(2678,'Peter','Hyland',NULL,NULL,NULL,'Contractor',NULL,NULL,1),(2679,'Peter','Hogan',NULL,NULL,NULL,'Contractor',NULL,NULL,1),(2680,'Peter','Greensade',NULL,NULL,NULL,'Contractor',NULL,NULL,1),(2681,'Peter','Gough',NULL,NULL,NULL,'Contractor',NULL,NULL,1),(2682,'Peter','Gardner',NULL,NULL,NULL,'Contractor',NULL,NULL,1),(2683,'Peter','Deavy',NULL,NULL,NULL,'Contractor',NULL,NULL,1),(2684,'Peter','Curran',NULL,NULL,NULL,'Contractor',NULL,NULL,1),(2685,'Peter','Crowther',NULL,NULL,NULL,'Contractor',NULL,NULL,1),(2686,'Peter','Canning',NULL,NULL,NULL,'Contractor',NULL,NULL,1),(2687,'Peter','Bridgeland',NULL,NULL,NULL,'Contractor',NULL,NULL,1),(2688,'Peter','walker',NULL,NULL,NULL,'Contractor',NULL,NULL,1),(2689,'Peter','OGrady',NULL,NULL,NULL,'Contractor',NULL,NULL,1),(2690,'Perter','Howie',NULL,NULL,NULL,'IT Manager',1,NULL,1),(2691,'Pearse','Murphy',NULL,NULL,NULL,'Contractor',NULL,NULL,1),(2692,'Pearse','Moloney',NULL,NULL,NULL,'Contractor',NULL,NULL,1),(2693,'Pearse','Brady',NULL,NULL,NULL,'Contractor',NULL,NULL,1),(2694,'Peader','Raftery',NULL,NULL,NULL,'Contractor',NULL,NULL,1),(2695,'Paval','Zak',NULL,NULL,NULL,'Contractor',NULL,NULL,1),(2696,'Paval','Zak',NULL,NULL,NULL,'Analyst',NULL,NULL,1),(2697,'Pauline','Comerford',NULL,NULL,NULL,'Contractor',NULL,NULL,1),(2698,'Paul','ODonnell',NULL,'Paul.odonnell@amneal.com',NULL,'Engineer Support',1,NULL,1),(2699,'Paul','Mugodi',NULL,'paul.mugodi@gmail.com',NULL,'GO',1,NULL,1),(2700,'Paul','McCarthy',NULL,'Paul.McCarthy@amneal.com',NULL,'Project Engineer',1,NULL,1),(2701,'Paul','Delaney',NULL,'paul.delaney@amneal.com',NULL,'Technical Director',1,NULL,1),(2702,'Paul','Birkenhead',NULL,'paul.birkenhead@amneal.com',NULL,'Operations',1,NULL,1),(2703,'Paul','Tuite',NULL,NULL,NULL,'Contractor',NULL,NULL,1),(2704,'Paul','Stenson',NULL,NULL,NULL,'Contractor',NULL,NULL,1),(2705,'Paul','Sinnamon',NULL,NULL,NULL,'Contractor',NULL,NULL,1),(2706,'Paul','Russell',NULL,NULL,NULL,'Contractor',NULL,NULL,1),(2707,'Paul','Picard',NULL,NULL,NULL,'Contractor',NULL,NULL,1),(2708,'Paul','OSullivan',NULL,NULL,NULL,'Contractor',NULL,NULL,1),(2709,'Paul','ODwyer',NULL,NULL,NULL,'Contractor',NULL,NULL,1),(2710,'Paul','OSullivan',NULL,NULL,NULL,'Contractor',NULL,NULL,1),(2711,'Paul','ORiordan',NULL,NULL,NULL,'Contractor',NULL,NULL,1),(2712,'Paul','OReilly',NULL,NULL,NULL,'Contractor',NULL,NULL,1),(2713,'Paul','ODwyer',NULL,NULL,NULL,'Contractor',NULL,NULL,1),(2714,'Paul','Noonan',NULL,NULL,NULL,'Contractor',NULL,NULL,1),(2715,'Paul','Murray',NULL,NULL,NULL,'Contractor',NULL,NULL,1),(2716,'Paul','Mulhern',NULL,NULL,NULL,'Contractor',NULL,NULL,1),(2717,'Paul','Molloy',NULL,NULL,NULL,'Contractor',NULL,NULL,1),(2718,'Paul','Mcnulty',NULL,NULL,NULL,'Contractor',NULL,NULL,1),(2719,'Paul','Mcguire',NULL,NULL,NULL,'Contractor',NULL,NULL,1),(2720,'Paul','Mcgee',NULL,NULL,NULL,'Contractor',NULL,NULL,1),(2721,'Paul','Lonergan',NULL,NULL,NULL,'Contractor',NULL,NULL,1),(2722,'Paul','Kelly',NULL,NULL,NULL,'Contractor',NULL,NULL,1),(2723,'Paul','Hooban',NULL,NULL,NULL,'Contractor',NULL,NULL,1),(2724,'Paul','Harrington',NULL,NULL,NULL,'Contractor',NULL,NULL,1),(2725,'Paul','Grace',NULL,NULL,NULL,'Contractor',NULL,NULL,1),(2726,'Paul','Gleeson',NULL,NULL,NULL,'Contractor',NULL,NULL,1),(2727,'Paul','Geaney',NULL,NULL,NULL,'Contractor',NULL,NULL,1),(2728,'Paul','Gaffney',NULL,NULL,NULL,'Contractor',NULL,NULL,1),(2729,'Paul','Finn',NULL,NULL,NULL,'Contractor',NULL,NULL,1),(2730,'Paul','Dowdall',NULL,NULL,NULL,'Contractor',NULL,NULL,1),(2731,'Paul','Dowd',NULL,NULL,NULL,'Contractor',NULL,NULL,1),(2732,'Paul','Dennehy',NULL,NULL,NULL,'Contractor',NULL,NULL,1),(2733,'Paul','Delaney - C',NULL,NULL,NULL,'Contractor',NULL,NULL,1),(2734,'Paul','Cremin',NULL,NULL,NULL,'Contractor',NULL,NULL,1),(2735,'Paul','Coveney',NULL,NULL,NULL,'Contractor',NULL,NULL,1),(2736,'Paul','Corcoran',NULL,NULL,NULL,'Contractor',NULL,NULL,1),(2737,'Paul','Condon',NULL,NULL,NULL,'Contractor',NULL,NULL,1),(2738,'Paul','Casey',NULL,NULL,NULL,'Contractor',NULL,NULL,1),(2739,'Paul','Callanan',NULL,NULL,NULL,'Contractor',NULL,NULL,1),(2740,'Paul','Byrne',NULL,NULL,NULL,'Contractor',NULL,NULL,1),(2741,'Paul','Brunkard',NULL,NULL,NULL,'Contractor',NULL,NULL,1),(2742,'Paul','quinland',NULL,NULL,NULL,'Contractor',NULL,NULL,1),(2743,'Paul','mc nulty',NULL,NULL,NULL,'Contractor',NULL,NULL,1),(2744,'Paul','Ryan',NULL,NULL,NULL,'Contractor',NULL,NULL,1),(2745,'Paul','ORiardon',NULL,NULL,NULL,'Contractor',NULL,NULL,1),(2746,'Paul','OMahoney',NULL,NULL,NULL,'Contractor',NULL,NULL,1),(2747,'Patryk','Zablocki',NULL,NULL,NULL,'Contractor',NULL,NULL,1),(2748,'Patryk','Rozeslanski',NULL,NULL,NULL,'Contractor',NULL,NULL,1),(2749,'Patrick','OBrien',NULL,'patrick.obrien@amneal.com',NULL,'Facilities Personnel',1,NULL,1),(2750,'Patrick','Murphy',NULL,'patrick.murphy@amneal.com',NULL,'Operations',1,NULL,1),(2751,'Patrick','McGuire',NULL,'patrick.mcguire@amneal.com',NULL,'Administrative',1,NULL,1),(2752,'Patrick','Lynch',NULL,'Patrick.Lynch@amneal.com',NULL,'GO',1,NULL,1),(2753,'Patrick','Donnelly',NULL,'patrick.donnelly@amneal.com',NULL,'Engineer Support',1,NULL,1),(2754,'Patrick','McNeill',NULL,'pat.mcneill@amneal.com',NULL,'Maintenance',1,NULL,1),(2755,'Patrick','Fitzgerald',NULL,NULL,NULL,'Contractor',NULL,NULL,1),(2756,'Patrick','Skehan',NULL,NULL,NULL,'Contractor',NULL,NULL,1),(2757,'Patrick','Rozeslanski',NULL,NULL,NULL,'Contractor',NULL,NULL,1),(2758,'Patrick','Power',NULL,NULL,NULL,'Contractor',NULL,NULL,1),(2759,'Patrick','OShea',NULL,NULL,NULL,'Contractor',NULL,NULL,1),(2760,'Patrick','OBrien',NULL,NULL,NULL,'Contractor',NULL,NULL,1),(2761,'Patrick','Lyng',NULL,NULL,NULL,'Contractor',NULL,NULL,1),(2762,'Patrick','Long',NULL,NULL,NULL,'Contractor',NULL,NULL,1),(2763,'Patrick','Long',NULL,NULL,NULL,'Contractor',NULL,NULL,1),(2764,'Patrick','Kehoe',NULL,NULL,NULL,'Contractor',NULL,NULL,1),(2765,'Patrick','Keenan',NULL,NULL,NULL,'Contractor',NULL,NULL,1),(2766,'Patrick','Johnson',NULL,NULL,NULL,'Contractor',NULL,NULL,1),(2767,'Patrick','Fox',NULL,NULL,NULL,'Contractor',NULL,NULL,1),(2768,'Patrick','Flynn',NULL,NULL,NULL,'Contractor',NULL,NULL,1),(2769,'Patrick','Dunleavy',NULL,NULL,NULL,'Contractor',NULL,NULL,1),(2770,'Patrick','Cosgrove',NULL,NULL,NULL,'Contractor',NULL,NULL,1),(2771,'Patrick','Brown',NULL,NULL,NULL,'Contractor',NULL,NULL,1),(2772,'Patrick','rozeslanski',NULL,NULL,NULL,'Contractor',NULL,NULL,1),(2773,'Patrick','brennan',NULL,NULL,NULL,'Contractor',NULL,NULL,1),(2774,'Patrick','Flynn',NULL,NULL,NULL,NULL,NULL,NULL,1),(2775,'Patricia','Carroll',NULL,NULL,NULL,'Contractor',NULL,NULL,1),(2776,'Pat','Hynes',NULL,'Pat.Hynes@amneal.com',NULL,'Maintenance',1,NULL,1),(2777,'Pat','Hickey',NULL,NULL,NULL,'Contractor',NULL,NULL,1),(2778,'Pat','Winkle',NULL,NULL,NULL,'Contractor',NULL,NULL,1),(2779,'Pat','Winkle',NULL,NULL,NULL,'Contractor',NULL,NULL,1),(2780,'Pat','Whyte',NULL,NULL,NULL,'Contractor',NULL,NULL,1),(2781,'Pat','Walsh',NULL,NULL,NULL,'Contractor',NULL,NULL,1),(2782,'Pat','Stakelum',NULL,NULL,NULL,'Contractor',NULL,NULL,1),(2783,'Pat','Sisk',NULL,NULL,NULL,'Contractor',NULL,NULL,1),(2784,'Pat','Ryan',NULL,NULL,NULL,'Contractor',NULL,NULL,1),(2785,'Pat','Reynolds',NULL,NULL,NULL,'Contractor',NULL,NULL,1),(2786,'Pat','Mcgrogan',NULL,NULL,NULL,'Contractor',NULL,NULL,1),(2787,'Pat','Mccann',NULL,NULL,NULL,'Contractor',NULL,NULL,1),(2788,'Pat','Logue',NULL,NULL,NULL,'Contractor',NULL,NULL,1),(2789,'Pat','Kichall',NULL,NULL,NULL,'Contractor',NULL,NULL,1),(2790,'Pat','Kelleher',NULL,NULL,NULL,'Contractor',NULL,NULL,1),(2791,'Pat','Hegarty',NULL,NULL,NULL,'Contractor',NULL,NULL,1),(2792,'Pat','Forrest',NULL,NULL,NULL,'Contractor',NULL,NULL,1),(2793,'Pat','Fitzgerald',NULL,NULL,NULL,'Contractor',NULL,NULL,1),(2794,'Pat','Corolan',NULL,NULL,NULL,'Contractor',NULL,NULL,1),(2795,'Pat','Corcoran',NULL,NULL,NULL,'Contractor',NULL,NULL,1),(2796,'Pat','Connolly',NULL,NULL,NULL,'Contractor',NULL,NULL,1),(2797,'Pat','Carroll',NULL,NULL,NULL,'Contractor',NULL,NULL,1),(2798,'Pat','Boyle',NULL,NULL,NULL,'Contractor',NULL,NULL,1),(2799,'Pat','Bennett',NULL,NULL,NULL,'Contractor',NULL,NULL,1),(2800,'Pat','stakelum',NULL,NULL,NULL,'Contractor',NULL,NULL,1),(2801,'Paras','Shah',NULL,NULL,NULL,'IT Manager',1,NULL,1),(2802,'Pamela','Hannigan',NULL,NULL,NULL,'Contractor',NULL,NULL,1),(2803,'Padraig','Mcsweeney',NULL,NULL,NULL,'Contractor',NULL,NULL,1),(2804,'Padraig','Mcevoy',NULL,NULL,NULL,'Contractor',NULL,NULL,1),(2805,'Padraig','Lee',NULL,NULL,NULL,'Contractor',NULL,NULL,1),(2806,'Padraig','Donnelly',NULL,NULL,NULL,'Contractor',NULL,NULL,1),(2807,'Padraic','Murray',NULL,NULL,NULL,'Contractor',NULL,NULL,1),(2808,'Paddy','Winston',NULL,NULL,NULL,'Contractor',NULL,NULL,1),(2809,'Paddy','Ryan',NULL,NULL,NULL,'Contractor',NULL,NULL,1),(2810,'Paddy','Power',NULL,NULL,NULL,'Contractor',NULL,NULL,1),(2811,'Paddy','Massey',NULL,NULL,NULL,'Contractor',NULL,NULL,1),(2812,'Paddy','Lalor',NULL,NULL,NULL,'Contractor',NULL,NULL,1),(2813,'Paddy','Kelly',NULL,NULL,NULL,'Contractor',NULL,NULL,1),(2814,'Paddy','Flannery',NULL,NULL,NULL,'Contractor',NULL,NULL,1),(2815,'Paddy','Fenton',NULL,NULL,NULL,'Contractor',NULL,NULL,1),(2816,'Paddy','Doran',NULL,NULL,NULL,'Contractor',NULL,NULL,1),(2817,'Paddy','Devoy',NULL,NULL,NULL,'Contractor',NULL,NULL,1),(2818,'Paddy','Butler',NULL,NULL,NULL,'Contractor',NULL,NULL,1),(2819,'Paddy','Brown',NULL,NULL,NULL,'Contractor',NULL,NULL,1),(2820,'Paddy','Anglim',NULL,NULL,NULL,'Contractor',NULL,NULL,1),(2821,'P.j.','Mulryan',NULL,NULL,NULL,'Contractor',NULL,NULL,1),(2822,'P','J mc carthy',NULL,NULL,NULL,'Contractor',NULL,NULL,1),(2823,'Owen','OMahoney',NULL,NULL,NULL,'Contractor',NULL,NULL,1),(2824,'Owen','OKeeffe',NULL,NULL,NULL,'Contractor',NULL,NULL,1),(2825,'Owen','Murphy',NULL,NULL,NULL,'Contractor',NULL,NULL,1),(2826,'Owen','Corrigan',NULL,NULL,NULL,'Contractor',NULL,NULL,1),(2827,'Owen','Burke',NULL,NULL,NULL,'Contractor',NULL,NULL,1),(2828,'Owen','OKeeffe',NULL,NULL,NULL,'Contractor',NULL,NULL,1),(2829,'Ovidiu','Bondarescu',NULL,NULL,NULL,'Contractor',NULL,NULL,1),(2830,'Oskars','Samoilenko',NULL,NULL,NULL,'Contractor',NULL,NULL,1),(2831,'Oskars','Leitis',NULL,NULL,NULL,'Contractor',NULL,NULL,1),(2832,'Orlaith','murphy',NULL,NULL,NULL,'Contractor',NULL,NULL,1),(2833,'Orla','Jacob',NULL,NULL,NULL,'Contractor',NULL,NULL,1),(2834,'Oluwashilekunayo','Ajayi',NULL,'Oluwashilekunayo.Ajayi@amneal.com',NULL,'Analyst',1,NULL,1),(2835,'Ollie','Power',NULL,NULL,NULL,'Contractor',NULL,NULL,1),(2837,'Oliver','Lynch',NULL,'Oliver.lynch@gmail.com',NULL,'IT Personnel',1,NULL,1),(2838,'Oliver','Moynihan',NULL,NULL,NULL,'Contractor',NULL,NULL,1),(2839,'Oliver','Mannion',NULL,NULL,NULL,'Contractor',NULL,NULL,1),(2840,'Olive','Hennessy',NULL,NULL,NULL,'Administrative',1,NULL,1),(2841,'Olimpiu','Crisan',NULL,NULL,NULL,'Contractor',NULL,NULL,1),(2842,'Olegs','Korkakins',NULL,NULL,NULL,'Contractor',NULL,NULL,1),(2843,'Oleg','Vulpe',NULL,NULL,NULL,'Contractor',NULL,NULL,1),(2844,'Oleg','Corovciuc',NULL,NULL,NULL,'Contractor',NULL,NULL,1),(2845,'Oisin','Brennan',NULL,NULL,NULL,'Contractor',NULL,NULL,1),(2846,'Nuala','ORegan',NULL,'nuala.oregan@amneal.com',NULL,NULL,1,NULL,1),(2847,'Nuala','OBrien',NULL,NULL,NULL,'Contractor',NULL,NULL,1),(2848,'Norman','Forsythe',NULL,NULL,NULL,'Contractor',NULL,NULL,1),(2849,'Noreen','Ryan',NULL,NULL,NULL,'Contractor',NULL,NULL,1),(2850,'Nojciech','Mich',NULL,NULL,NULL,'Contractor',NULL,NULL,1),(2851,'Noel','Walsh',NULL,NULL,NULL,'Contractor',NULL,NULL,1),(2852,'Noel','Morton',NULL,NULL,NULL,'Contractor',NULL,NULL,1),(2853,'Noel','Lanigan',NULL,NULL,NULL,'Contractor',NULL,NULL,1),(2854,'Noel','Duff',NULL,NULL,NULL,'Contractor',NULL,NULL,1),(2855,'Noel','Connors',NULL,NULL,NULL,'Contractor',NULL,NULL,1),(2856,'Noel','Clohessy',NULL,NULL,NULL,'Contractor',NULL,NULL,1),(2857,'Noel','Buckley',NULL,NULL,NULL,'Contractor',NULL,NULL,1),(2858,'Noel','Brown',NULL,NULL,NULL,'Contractor',NULL,NULL,1),(2859,'Noel','Brawn',NULL,NULL,NULL,'Contractor',NULL,NULL,1),(2860,'Noel','Moloney',NULL,NULL,NULL,NULL,NULL,NULL,1),(2861,'Noble','George',NULL,NULL,NULL,'Contractor',NULL,NULL,1),(2862,'Nill','Tobin',NULL,NULL,NULL,'Contractor',NULL,NULL,1),(2863,'Nikunj','Patel',NULL,NULL,NULL,'Contractor',NULL,NULL,1),(2864,'Nigel','Mccormac',NULL,NULL,NULL,'Contractor',NULL,NULL,1),(2865,'Nigel','Garman',NULL,NULL,NULL,'Contractor',NULL,NULL,1),(2866,'Nigel','Brooks',NULL,NULL,NULL,'Contractor',NULL,NULL,1),(2867,'Nifemi','Giwa',NULL,NULL,NULL,'Contractor',NULL,NULL,1),(2868,'Nicole','Spies',NULL,NULL,NULL,'Contractor',NULL,NULL,1),(2869,'Nicole','Ryan',NULL,NULL,NULL,'Contractor',NULL,NULL,1),(2870,'Nicolas','Smyth',NULL,NULL,NULL,'Contractor',NULL,NULL,1),(2871,'Nicolas','Drohan',NULL,NULL,NULL,'Contractor',NULL,NULL,1),(2872,'Nicolae','Negrutiu',NULL,NULL,NULL,'Contractor',NULL,NULL,1),(2873,'Nicolae','Muscat',NULL,NULL,NULL,'Contractor',NULL,NULL,1),(2874,'Nicolae','Ioan negrutiu',NULL,NULL,NULL,'Contractor',NULL,NULL,1),(2875,'Nicola','Byrne',NULL,NULL,NULL,'Contractor',NULL,NULL,1),(2876,'Nicky','Hogan',NULL,NULL,NULL,'Contractor',NULL,NULL,1),(2877,'Nicky','Barrett',NULL,NULL,NULL,'Contractor',NULL,NULL,1),(2878,'Nick','Gittins',NULL,NULL,NULL,'Contractor',NULL,NULL,1),(2879,'Nicholas','Hearne',NULL,NULL,NULL,'Contractor',NULL,NULL,1),(2880,'Niamh','Mcgloin',NULL,NULL,NULL,'Contractor',NULL,NULL,1),(2881,'Niamh','Fahey',NULL,NULL,NULL,'Contractor',NULL,NULL,1),(2882,'Niall','Prendergast',NULL,'niall.prendergast@amneal.com',NULL,'Vice President',1,NULL,1),(2883,'Niall','Fitzgearld',NULL,NULL,NULL,'Contractor',NULL,NULL,1),(2884,'Niall','Walsh',NULL,NULL,NULL,'Contractor',NULL,NULL,1),(2885,'Niall','Treacy',NULL,NULL,NULL,'Contractor',NULL,NULL,1),(2886,'Niall','Thornton',NULL,NULL,NULL,'Contractor',NULL,NULL,1),(2887,'Niall','Stenning',NULL,NULL,NULL,'Contractor',NULL,NULL,1),(2888,'Niall','Quinn',NULL,NULL,NULL,'Contractor',NULL,NULL,1),(2889,'Niall','Pyke',NULL,NULL,NULL,'Contractor',NULL,NULL,1),(2890,'Niall','Phelan',NULL,NULL,NULL,'Contractor',NULL,NULL,1),(2891,'Niall','OSullivan',NULL,NULL,NULL,'Contractor',NULL,NULL,1),(2892,'Niall','ODonnell',NULL,NULL,NULL,'Contractor',NULL,NULL,1),(2893,'Niall','OCallaghan',NULL,NULL,NULL,'Contractor',NULL,NULL,1),(2894,'Niall','Murphy',NULL,NULL,NULL,'Contractor',NULL,NULL,1),(2895,'Niall','McCarthy',NULL,NULL,NULL,'Contractor',NULL,NULL,1),(2896,'Niall','Higgins',NULL,NULL,NULL,'Contractor',NULL,NULL,1),(2897,'Niall','Hickey',NULL,NULL,NULL,'Contractor',NULL,NULL,1),(2898,'Niall','Freyne',NULL,NULL,NULL,'Contractor',NULL,NULL,1),(2899,'Niall','Dwan',NULL,NULL,NULL,'Contractor',NULL,NULL,1),(2900,'Niall','Duffy',NULL,NULL,NULL,'Contractor',NULL,NULL,1),(2901,'Nerijus','Pupius',NULL,NULL,NULL,'Contractor',NULL,NULL,1),(2902,'Nerijus','pupius',NULL,NULL,NULL,'Contractor',NULL,NULL,1),(2903,'Nelu','Dalton',NULL,NULL,NULL,'Contractor',NULL,NULL,1),(2904,'Neil','Mcperson',NULL,NULL,NULL,'Contractor',NULL,NULL,1),(2905,'Neil','bolger',NULL,NULL,NULL,'Contractor',NULL,NULL,1),(2906,'Neenu','Suresh',NULL,NULL,NULL,'Administrative',1,NULL,1),(2907,'Ned','Kennedy',NULL,NULL,NULL,'Contractor',NULL,NULL,1),(2908,'Naval','Dinesh Aher',NULL,NULL,NULL,'Technical Operations Specialist',1,NULL,1),(2909,'Nathan','Mccormac',NULL,NULL,NULL,'Contractor',NULL,NULL,1),(2910,'Natalie','Jordan',NULL,NULL,NULL,'Contractor',NULL,NULL,1),(2911,'Muinearra','Behan',NULL,NULL,NULL,'Contractor',NULL,NULL,1),(2912,'Muhammed','Ali',NULL,NULL,NULL,'Contractor',NULL,NULL,1),(2913,'Muhammad','Saeed',NULL,NULL,NULL,'Contractor',NULL,NULL,1),(2914,'Moss','Ryan',NULL,NULL,NULL,'Contractor',NULL,NULL,1),(2915,'Mona','Carp',NULL,NULL,NULL,'Contractor',NULL,NULL,1),(2916,'Miro','Slovjak',NULL,NULL,NULL,'Contractor',NULL,NULL,1),(2917,'Mikie','Hickey',NULL,NULL,NULL,'Contractor',NULL,NULL,1),(2918,'Mike','Ward',NULL,NULL,NULL,'Contractor',NULL,NULL,1),(2919,'Mike','Roberts',NULL,NULL,NULL,'Contractor',NULL,NULL,1),(2920,'Mike','Reber',NULL,NULL,NULL,'Contractor',NULL,NULL,1),(2921,'Mike','Purdy',NULL,NULL,NULL,'Contractor',NULL,NULL,1),(2922,'Mike','ODonovan',NULL,NULL,NULL,'Contractor',NULL,NULL,1),(2923,'Mike','Madden',NULL,NULL,NULL,'Contractor',NULL,NULL,1),(2924,'Mike','Hayes',NULL,NULL,NULL,'Contractor',NULL,NULL,1),(2925,'Mike','Hannon',NULL,NULL,NULL,'Contractor',NULL,NULL,1),(2926,'Mike','Foley',NULL,NULL,NULL,'Contractor',NULL,NULL,1),(2927,'Mike','Fitzgibbon',NULL,NULL,NULL,'Contractor',NULL,NULL,1),(2928,'Mike','Evans',NULL,NULL,NULL,'Contractor',NULL,NULL,1),(2929,'Mike','Dinnen',NULL,NULL,NULL,'Contractor',NULL,NULL,1),(2930,'Mihail','Vrancean',NULL,NULL,NULL,'Contractor',NULL,NULL,1),(2931,'Mihail','Cretu',NULL,NULL,NULL,'Contractor',NULL,NULL,1),(2932,'Mihai','Pintilie',NULL,NULL,NULL,'Contractor',NULL,NULL,1),(2933,'Mihaela','Moldovan',NULL,NULL,NULL,'Contractor',NULL,NULL,1),(2934,'Mick','Power',NULL,NULL,NULL,'Contractor',NULL,NULL,1),(2935,'Mick','ODwyer',NULL,NULL,NULL,'Contractor',NULL,NULL,1),(2936,'Mick','Molloy',NULL,NULL,NULL,'Contractor',NULL,NULL,1),(2937,'Mick','Kelly',NULL,NULL,NULL,'Contractor',NULL,NULL,1),(2938,'Mick','Harvey',NULL,NULL,NULL,'Contractor',NULL,NULL,1),(2939,'Mick','Doherty',NULL,NULL,NULL,'Contractor',NULL,NULL,1),(2940,'Mick','Bergin',NULL,NULL,NULL,'Contractor',NULL,NULL,1),(2941,'Mick','Barry murphy',NULL,NULL,NULL,'Contractor',NULL,NULL,1),(2942,'Michelle','ODonoghue',NULL,NULL,NULL,'Contractor',NULL,NULL,1),(2943,'Micheal','Ward',NULL,NULL,NULL,'Contractor',NULL,NULL,1),(2944,'Micheal','Slevin',NULL,NULL,NULL,'Contractor',NULL,NULL,1),(2945,'Micheal','Quinn',NULL,NULL,NULL,'Contractor',NULL,NULL,1),(2946,'Micheal','Duff',NULL,NULL,NULL,'Contractor',NULL,NULL,1),(2947,'Micheal','murphy',NULL,NULL,NULL,'Contractor',NULL,NULL,1),(2948,'Michal','Rattigan',NULL,NULL,NULL,'Contractor',NULL,NULL,1),(2949,'Michael','ODwyer',NULL,'michael.odwyer@amneal.com',NULL,'Maintenance',1,NULL,1),(2950,'Michael','McDermott',NULL,'michael.mcdermott@amneal.com',NULL,'Lab Personnel',1,NULL,1),(2951,'Michael','Kelleher',NULL,'M.Kelleher@nsai.ie',NULL,'Contractor',NULL,NULL,1),(2952,'Michael','Jordan',NULL,NULL,NULL,'Facilities Personnel',1,NULL,1),(2953,'Michael','Kent',NULL,NULL,NULL,'Contractor',NULL,NULL,1),(2954,'Michael','OConnell',NULL,NULL,NULL,'Contractor',NULL,NULL,1),(2955,'Michael','Lonergan',NULL,NULL,NULL,'Contractor',NULL,NULL,1),(2956,'Michael','Johnson',NULL,NULL,NULL,'Contractor',NULL,NULL,1),(2957,'Michael','Whitcroft',NULL,NULL,NULL,'Contractor',NULL,NULL,1),(2958,'Michael','Twong',NULL,NULL,NULL,'Contractor',NULL,NULL,1),(2959,'Michael','Slevin',NULL,NULL,NULL,'Contractor',NULL,NULL,1),(2960,'Michael','Shaw',NULL,NULL,NULL,'Contractor',NULL,NULL,1),(2961,'Michael','Schulz',NULL,NULL,NULL,'Contractor',NULL,NULL,1),(2962,'Michael','Rossiter',NULL,NULL,NULL,'Contractor',NULL,NULL,1),(2963,'Michael','Renz',NULL,NULL,NULL,'Contractor',NULL,NULL,1),(2964,'Michael','OSullivan',NULL,NULL,NULL,'Contractor',NULL,NULL,1),(2965,'Michael','OKeeffe',NULL,NULL,NULL,'Contractor',NULL,NULL,1),(2966,'Michael','OHerlihy',NULL,NULL,NULL,'Contractor',NULL,NULL,1),(2967,'Michael','OFlaherty',NULL,NULL,NULL,'Contractor',NULL,NULL,1),(2968,'Michael','ODwyer',NULL,NULL,NULL,'Contractor',NULL,NULL,1),(2969,'Michael','ODonovan',NULL,NULL,NULL,'Contractor',NULL,NULL,1),(2970,'Michael','Murphy',NULL,NULL,NULL,'Contractor',NULL,NULL,1),(2971,'Michael','Murphy',NULL,NULL,NULL,'Contractor',NULL,NULL,1),(2972,'Michael','Mullin',NULL,NULL,NULL,'Contractor',NULL,NULL,1),(2973,'Michael','Muller',NULL,NULL,NULL,'Contractor',NULL,NULL,1),(2974,'Michael','Morrissey',NULL,NULL,NULL,'Contractor',NULL,NULL,1),(2975,'Michael','Morris',NULL,NULL,NULL,'Contractor',NULL,NULL,1),(2976,'Michael','Moloney',NULL,NULL,NULL,'Contractor',NULL,NULL,1),(2977,'Michael','Mcnamara',NULL,NULL,NULL,'Contractor',NULL,NULL,1),(2978,'Michael','Mccarthy',NULL,NULL,NULL,'Contractor',NULL,NULL,1),(2979,'Michael','Mahood',NULL,NULL,NULL,'Contractor',NULL,NULL,1),(2980,'Michael','Mackey',NULL,NULL,NULL,'Contractor',NULL,NULL,1),(2981,'Michael','Lee',NULL,NULL,NULL,'Contractor',NULL,NULL,1),(2982,'Michael','Lavelle',NULL,NULL,NULL,'Contractor',NULL,NULL,1),(2983,'Michael','Kavanagh',NULL,NULL,NULL,'Contractor',NULL,NULL,1),(2984,'Michael','Jordan',NULL,NULL,NULL,'Contractor',NULL,NULL,1),(2985,'Michael','Jarzabski',NULL,NULL,NULL,'Contractor',NULL,NULL,1),(2986,'Michael','Holmes',NULL,NULL,NULL,'Contractor',NULL,NULL,1),(2987,'Michael','Hogan',NULL,NULL,NULL,'Contractor',NULL,NULL,1),(2988,'Michael','Hoffart',NULL,NULL,NULL,'Contractor',NULL,NULL,1),(2989,'Michael','Galgey',NULL,NULL,NULL,'Contractor',NULL,NULL,1),(2990,'Michael','Fitzsimons',NULL,NULL,NULL,'Contractor',NULL,NULL,1),(2991,'Michael','Fahy',NULL,NULL,NULL,'Contractor',NULL,NULL,1),(2992,'Michael','Duffy',NULL,NULL,NULL,'Contractor',NULL,NULL,1),(2993,'Michael','Doyle',NULL,NULL,NULL,'Contractor',NULL,NULL,1),(2994,'Michael','Darcy',NULL,NULL,NULL,'Contractor',NULL,NULL,1),(2995,'Michael','Cleary',NULL,NULL,NULL,'Contractor',NULL,NULL,1),(2996,'Michael','Byrne',NULL,NULL,NULL,'Contractor',NULL,NULL,1),(2997,'Michael','Buckley',NULL,NULL,NULL,'Contractor',NULL,NULL,1),(2998,'Michael','Brehony',NULL,NULL,NULL,'Contractor',NULL,NULL,1),(2999,'Michael','Boyce',NULL,NULL,NULL,'Contractor',NULL,NULL,1),(3000,'Michael','Ryan',NULL,NULL,NULL,'Contractor',NULL,NULL,1),(3001,'Michael','Rowe',NULL,NULL,NULL,'Contractor',NULL,NULL,1),(3002,'Mervan','OToole',NULL,NULL,NULL,'Contractor',NULL,NULL,1),(3003,'Melissa','Healy',NULL,NULL,NULL,'Contractor',NULL,NULL,1),(3004,'Melanie','Hayden',NULL,NULL,NULL,'Contractor',NULL,NULL,1),(3005,'Meabh','Dowling',NULL,'Meabh.dowling@amneal.com',NULL,NULL,1,NULL,1),(3006,'Meabh','Moloney-ryan',NULL,NULL,NULL,'Contractor',NULL,NULL,1),(3007,'Max','McGrath',NULL,NULL,NULL,'Contractor',NULL,NULL,1),(3008,'Mauro','Magagnoli',NULL,NULL,NULL,'Contractor',NULL,NULL,1),(3009,'Maurice','Ryan',NULL,'maurice.ryan@amneal.com',NULL,'Warehouse Personnel',1,NULL,1),(3010,'Maurice','Ryan',NULL,NULL,NULL,'Contractor',NULL,NULL,1),(3011,'Maurice','Mulcahy',NULL,NULL,NULL,'Contractor',NULL,NULL,1),(3012,'Maurice','Lyons',NULL,NULL,NULL,'Contractor',NULL,NULL,1),(3013,'Maurice','Donovan',NULL,NULL,NULL,'Contractor',NULL,NULL,1),(3014,'Maurice','luks',NULL,NULL,NULL,'Contractor',NULL,NULL,1),(3015,'Matthew','Henley',NULL,NULL,NULL,'Contractor',NULL,NULL,1),(3016,'Matt','Walsh',NULL,NULL,NULL,'Contractor',NULL,NULL,1),(3017,'Matt','Slevin',NULL,NULL,NULL,'Contractor',NULL,NULL,1),(3018,'Matt','Murphy',NULL,NULL,NULL,'Contractor',NULL,NULL,1),(3019,'Mathew','ODonohue',NULL,NULL,NULL,'Contractor',NULL,NULL,1),(3020,'Mathew','Kelly',NULL,NULL,NULL,'Contractor',NULL,NULL,1),(3021,'Mateusz','Krystian Pluta',NULL,'mateusz.pluta@amneal.com',NULL,'IT Personnel',1,NULL,1),(3022,'Mateusz','Kozuch',NULL,NULL,NULL,'Contractor',NULL,NULL,1),(3023,'Marzena','Gibalska',NULL,NULL,NULL,'Contractor',NULL,NULL,1),(3024,'Mary','White',NULL,'Mary.white@amneal.com',NULL,'Quality Assurance Manager',1,NULL,1),(3025,'Mary','Bourke',NULL,'Mary.Bourke@amneal.com',NULL,'Quality Management Manager',1,NULL,1),(3026,'Mary','Freer',NULL,NULL,NULL,'Contractor',NULL,NULL,1),(3027,'Mary','Doolan',NULL,NULL,NULL,'Contractor',NULL,NULL,1),(3028,'Mary','Connelly',NULL,NULL,NULL,'Contractor',NULL,NULL,1),(3029,'Mary','Anne barry',NULL,NULL,NULL,'Contractor',NULL,NULL,1),(3030,'Marton','Marosi',NULL,NULL,NULL,'Contractor',NULL,NULL,1),(3031,'Martina','Madigan',NULL,NULL,NULL,'Contractor',NULL,NULL,1),(3032,'Martin','Whelan',NULL,NULL,NULL,'Contractor',NULL,NULL,1),(3033,'Martin','Seward',NULL,NULL,NULL,'Contractor',NULL,NULL,1),(3034,'Martin','Roche',NULL,NULL,NULL,'Contractor',NULL,NULL,1),(3035,'Martin','Quinn',NULL,NULL,NULL,'Contractor',NULL,NULL,1),(3036,'Martin','Peters',NULL,NULL,NULL,'Contractor',NULL,NULL,1),(3037,'Martin','OHalloran',NULL,NULL,NULL,'Contractor',NULL,NULL,1),(3038,'Martin','ONeill',NULL,NULL,NULL,'Contractor',NULL,NULL,1),(3039,'Martin','Mcgorman',NULL,NULL,NULL,'Contractor',NULL,NULL,1),(3040,'Martin','Lavelle',NULL,NULL,NULL,'Contractor',NULL,NULL,1),(3041,'Martin','Landers',NULL,NULL,NULL,'Contractor',NULL,NULL,1),(3042,'Martin','Keogh',NULL,NULL,NULL,'Contractor',NULL,NULL,1),(3043,'Martin','Kearney',NULL,NULL,NULL,'Contractor',NULL,NULL,1),(3044,'Martin','Kavanagh',NULL,NULL,NULL,'Contractor',NULL,NULL,1),(3045,'Martin','Halpin',NULL,NULL,NULL,'Contractor',NULL,NULL,1),(3046,'Martin','Falvey',NULL,NULL,NULL,'Contractor',NULL,NULL,1),(3047,'Martin','Fahy',NULL,NULL,NULL,'Contractor',NULL,NULL,1),(3048,'Martin','Doyle',NULL,NULL,NULL,'Contractor',NULL,NULL,1),(3049,'Martin','Dewhurst',NULL,NULL,NULL,'Contractor',NULL,NULL,1),(3050,'Martin','Cronin',NULL,NULL,NULL,'Contractor',NULL,NULL,1),(3051,'Martin','Barker',NULL,NULL,NULL,'Contractor',NULL,NULL,1),(3052,'Marta','Faiks',NULL,NULL,NULL,'Contractor',NULL,NULL,1),(3053,'Mark','Smyth',NULL,'mark.smyth@amneal.com',NULL,'Facilities Manager',1,NULL,1),(3054,'Mark','Quigley',NULL,'Mark.Quigley@amneal.com',NULL,'QC Specialist',1,NULL,1),(3055,'Mark','Wade',NULL,NULL,NULL,'Contractor',NULL,NULL,1),(3056,'Mark','Shirley',NULL,NULL,NULL,'Contractor',NULL,NULL,1),(3057,'Mark','Scanlan',NULL,NULL,NULL,'Contractor',NULL,NULL,1),(3058,'Mark','Ray',NULL,NULL,NULL,'Contractor',NULL,NULL,1),(3059,'Mark','Quillinan',NULL,NULL,NULL,'Contractor',NULL,NULL,1),(3060,'Mark','Peters',NULL,NULL,NULL,'Contractor',NULL,NULL,1),(3061,'Mark','OGorman',NULL,NULL,NULL,'Contractor',NULL,NULL,1),(3062,'Mark','ODriscoll',NULL,NULL,NULL,'Contractor',NULL,NULL,1),(3063,'Mark','OBrien',NULL,NULL,NULL,'Contractor',NULL,NULL,1),(3064,'Mark','ODriscoll',NULL,NULL,NULL,'Contractor',NULL,NULL,1),(3065,'Mark','OBrien',NULL,NULL,NULL,'Contractor',NULL,NULL,1),(3066,'Mark','Murphy',NULL,NULL,NULL,'Contractor',NULL,NULL,1),(3067,'Mark','Mcmullen',NULL,NULL,NULL,'Contractor',NULL,NULL,1),(3068,'Mark','Mccullagh',NULL,NULL,NULL,'Contractor',NULL,NULL,1),(3069,'Mark','Mc geown',NULL,NULL,NULL,'Contractor',NULL,NULL,1),(3070,'Mark','Leonard',NULL,NULL,NULL,'Contractor',NULL,NULL,1),(3071,'Mark','Keogh',NULL,NULL,NULL,'Contractor',NULL,NULL,1),(3072,'Mark','Kennealy',NULL,NULL,NULL,'Contractor',NULL,NULL,1),(3073,'Mark','Kelly',NULL,NULL,NULL,'Contractor',NULL,NULL,1),(3074,'Mark','Kearns',NULL,NULL,NULL,'Contractor',NULL,NULL,1),(3075,'Mark','Hall',NULL,NULL,NULL,'Contractor',NULL,NULL,1),(3076,'Mark','Flynn',NULL,NULL,NULL,'Contractor',NULL,NULL,1),(3077,'Mark','Fitzgerald',NULL,NULL,NULL,'Contractor',NULL,NULL,1),(3078,'Mark','Donagher',NULL,NULL,NULL,'Contractor',NULL,NULL,1),(3079,'Mark','Dluzen',NULL,NULL,NULL,'Contractor',NULL,NULL,1),(3080,'Mark','Dempsey',NULL,NULL,NULL,'Contractor',NULL,NULL,1),(3081,'Mark','Condon',NULL,NULL,NULL,'Contractor',NULL,NULL,1),(3082,'Mark','Cliffe',NULL,NULL,NULL,'Contractor',NULL,NULL,1),(3083,'Mark','Clavin',NULL,NULL,NULL,'Contractor',NULL,NULL,1),(3084,'Mark','Carven',NULL,NULL,NULL,'Contractor',NULL,NULL,1),(3085,'Mark','Campion',NULL,NULL,NULL,'Contractor',NULL,NULL,1),(3086,'Mark','Buckley',NULL,NULL,NULL,'Contractor',NULL,NULL,1),(3087,'Mark','Bourke',NULL,NULL,NULL,'Contractor',NULL,NULL,1),(3088,'Mark','Behan',NULL,NULL,NULL,'Contractor',NULL,NULL,1),(3089,'Mark','Angove',NULL,NULL,NULL,'Contractor',NULL,NULL,1),(3090,'Mark','Algar',NULL,NULL,NULL,'Contractor',NULL,NULL,1),(3091,'Mark','OBrien',NULL,NULL,NULL,'Contractor',NULL,NULL,1),(3092,'Mark','Fitzgerald',NULL,NULL,NULL,'Contractor',NULL,NULL,1),(3093,'Mariusz','Zedzinowski',NULL,NULL,NULL,'Contractor',NULL,NULL,1),(3094,'Mariusz','Kurzela',NULL,NULL,NULL,'Contractor',NULL,NULL,1),(3095,'Mariusz','Graczyk',NULL,NULL,NULL,'Contractor',NULL,NULL,1),(3096,'Mariusz','Dolatowski',NULL,NULL,NULL,'Contractor',NULL,NULL,1),(3097,'Marius','Clobanu',NULL,NULL,NULL,'Contractor',NULL,NULL,1),(3098,'Marius','Bucinsas',NULL,NULL,NULL,'Contractor',NULL,NULL,1),(3099,'Mario','Vetrander',NULL,NULL,NULL,'Contractor',NULL,NULL,1),(3100,'Marin','Guzu',NULL,NULL,NULL,'Contractor',NULL,NULL,1),(3101,'Maril','OGorman',NULL,NULL,NULL,'Contractor',NULL,NULL,1),(3102,'Mariana','Grosu',NULL,NULL,NULL,'Contractor',NULL,NULL,1),(3103,'Maria','Shine',NULL,NULL,NULL,NULL,1,NULL,1),(3104,'Margo','Beatty Ryan',NULL,NULL,NULL,'GO',1,NULL,1),(3105,'Margaret','Spillane',NULL,'Margaret.spillane@amneal.com',NULL,'GO',1,NULL,1),(3106,'Marcus','Hurley',NULL,NULL,NULL,'Contractor',NULL,NULL,1),(3107,'Marcin','Swiatek',NULL,NULL,NULL,'Contractor',NULL,NULL,1),(3108,'Marcin','Nowicki',NULL,NULL,NULL,'Contractor',NULL,NULL,1),(3109,'Marcin','Knapczyk',NULL,NULL,NULL,'Contractor',NULL,NULL,1),(3110,'Marcel','Vasiliu',NULL,NULL,NULL,'Contractor',NULL,NULL,1),(3111,'Marc','Slotman',NULL,NULL,NULL,'Contractor',NULL,NULL,1),(3112,'Marc','OHalloran',NULL,NULL,NULL,'Contractor',NULL,NULL,1),(3113,'Manali','Patel',NULL,'Manali.Patel@amneal.com',NULL,'Administrative',1,NULL,1),(3114,'Malachy','Dunne',NULL,NULL,NULL,'Contractor',NULL,NULL,1),(3115,'Mal','Lanigan',NULL,NULL,NULL,'Contractor',NULL,NULL,1),(3116,'Majella','Quivillan',NULL,'majella.quinlivan@amneal.com',NULL,'Process Engineer',1,NULL,1),(3117,'Mairead','Shaw',NULL,'mairead.shaw@amneal.com',NULL,NULL,1,NULL,1),(3118,'Mairead','Ryan',NULL,'mairead.ryan@amneal.com',NULL,'Quality Assurance 1st',1,NULL,1),(3119,'Mags','Kiernan',NULL,NULL,NULL,'Contractor',NULL,NULL,1),(3120,'Mags','Kiernan',NULL,NULL,NULL,'Contractor',NULL,NULL,1),(3121,'Magdalena','Ciesla',NULL,NULL,NULL,'Contractor',NULL,NULL,1),(3122,'Madalin','Arcana',NULL,NULL,NULL,'Contractor',NULL,NULL,1),(3123,'Maciej','Harliczka',NULL,NULL,NULL,'Contractor',NULL,NULL,1),(3124,'Luke','Perry',NULL,NULL,NULL,'Warehouse Personnel',1,NULL,1),(3125,'Luke','Turner',NULL,NULL,NULL,'Contractor',NULL,NULL,1),(3126,'Luke','Ryan',NULL,NULL,NULL,'Contractor',NULL,NULL,1),(3127,'Luke','OShea',NULL,NULL,NULL,'Contractor',NULL,NULL,1),(3128,'Luke','Newman',NULL,NULL,NULL,'Contractor',NULL,NULL,1),(3129,'Luke','Morey',NULL,NULL,NULL,'Contractor',NULL,NULL,1),(3130,'Luke','Mcgrath',NULL,NULL,NULL,'Contractor',NULL,NULL,1),(3131,'Lukasz','Gasienica',NULL,NULL,NULL,'Contractor',NULL,NULL,1),(3132,'Lukasl','Kocinski',NULL,NULL,NULL,'Contractor',NULL,NULL,1),(3133,'Luka','Sijan',NULL,NULL,NULL,'Contractor',NULL,NULL,1),(3134,'Lucy','Crawford',NULL,NULL,NULL,'Contractor',NULL,NULL,1),(3135,'Louise','Scanlon',NULL,'Louise.Scanlon@gmail.com',NULL,'GO',1,NULL,1),(3136,'Louise','ODonoghue',NULL,NULL,NULL,'Contractor',NULL,NULL,1),(3137,'Louise','Moore',NULL,NULL,NULL,'Contractor',NULL,NULL,1),(3138,'Louise','Kehoe',NULL,NULL,NULL,'Contractor',NULL,NULL,1),(3139,'Louis','Corrigan',NULL,NULL,NULL,'Contractor',NULL,NULL,1),(3140,'Lorraine','Henry',NULL,'Lorraine.Henry@amneal.com',NULL,'Quality Management Manager',1,NULL,1),(3141,'Lorna','Malone',NULL,NULL,NULL,NULL,NULL,NULL,1),(3142,'Lorna','Quigley',NULL,NULL,NULL,'Contractor',NULL,NULL,1),(3143,'Lorenzo','Phynes',NULL,NULL,NULL,'Contractor',NULL,NULL,1),(3144,'Lloyd','Jenkins',NULL,NULL,NULL,'Contractor',NULL,NULL,1),(3145,'Lisa','Conran',NULL,'lisa.conran@amneal.com',NULL,'Analyst',1,NULL,1),(3146,'Linda','Harney',NULL,'Linda.Harney@amneal.com',NULL,'Administrative',1,NULL,1),(3147,'Linda','Bannon',NULL,'Linda.bannon@amneal.com',NULL,'Specialist',1,NULL,1),(3148,'Linda','Purcell',NULL,NULL,NULL,'Contractor',NULL,NULL,1),(3149,'Liam','OGorman',NULL,'liam.ogorman@amneal.com',NULL,'Operations',1,NULL,1),(3150,'Liam','Doyle',NULL,NULL,NULL,'Contractor',NULL,NULL,1),(3151,'Liam','Young',NULL,NULL,NULL,'Contractor',NULL,NULL,1),(3152,'Liam','Sinnott',NULL,NULL,NULL,'Contractor',NULL,NULL,1),(3153,'Liam','Rooster',NULL,NULL,NULL,'Contractor',NULL,NULL,1),(3154,'Liam','Purdy',NULL,NULL,NULL,'Contractor',NULL,NULL,1),(3155,'Liam','Power',NULL,NULL,NULL,'Contractor',NULL,NULL,1),(3156,'Liam','OShea',NULL,NULL,NULL,'Contractor',NULL,NULL,1),(3157,'Liam','OBrien',NULL,NULL,NULL,'Contractor',NULL,NULL,1),(3158,'Liam','Makey',NULL,NULL,NULL,'Contractor',NULL,NULL,1),(3159,'Liam','Mackie',NULL,NULL,NULL,'Contractor',NULL,NULL,1),(3160,'Liam','Kennedy',NULL,NULL,NULL,'Contractor',NULL,NULL,1),(3161,'Liam','Horgan',NULL,NULL,NULL,'Contractor',NULL,NULL,1),(3162,'Liam','Fitzpatrick',NULL,NULL,NULL,'Contractor',NULL,NULL,1),(3163,'Liam','English',NULL,NULL,NULL,'Contractor',NULL,NULL,1),(3164,'Liam','Duggan',NULL,NULL,NULL,'Contractor',NULL,NULL,1),(3165,'Liam','Deveney',NULL,NULL,NULL,'Contractor',NULL,NULL,1),(3166,'Liam','Chester',NULL,NULL,NULL,'Contractor',NULL,NULL,1),(3167,'Liam','Boyle',NULL,NULL,NULL,'Contractor',NULL,NULL,1),(3168,'Liam','Bergin',NULL,NULL,NULL,'Contractor',NULL,NULL,1),(3169,'Liam','jordan',NULL,NULL,NULL,'Contractor',NULL,NULL,1),(3170,'Liam','buckley',NULL,NULL,NULL,'Contractor',NULL,NULL,1),(3171,'Leslie','Mason',NULL,NULL,NULL,'Contractor',NULL,NULL,1),(3172,'Les','Forestal',NULL,NULL,NULL,'Contractor',NULL,NULL,1),(3173,'Leontin','Sraier',NULL,NULL,NULL,'Contractor',NULL,NULL,1),(3174,'Leonardas','Bauksevicius',NULL,NULL,NULL,'Contractor',NULL,NULL,1),(3175,'Leon','webb',NULL,NULL,NULL,'Contractor',NULL,NULL,1),(3176,'Leo','OBrien',NULL,NULL,NULL,'Contractor',NULL,NULL,1),(3177,'Leo','OSullivan',NULL,NULL,NULL,'Contractor',NULL,NULL,1),(3178,'Len','Angelini',NULL,NULL,NULL,'Contractor',NULL,NULL,1),(3179,'Leigh','Clancy',NULL,NULL,NULL,'Contractor',NULL,NULL,1),(3180,'Lee','Phelan',NULL,NULL,NULL,'Contractor',NULL,NULL,1),(3181,'Lee','Mulhearne',NULL,NULL,NULL,'Contractor',NULL,NULL,1),(3182,'Lee','Mathews',NULL,NULL,NULL,'Contractor',NULL,NULL,1),(3183,'Lee','Davis',NULL,NULL,NULL,'Contractor',NULL,NULL,1),(3184,'Lee','Boatman',NULL,NULL,NULL,'Contractor',NULL,NULL,1),(3185,'Leam','Whelan',NULL,NULL,NULL,'Contractor',NULL,NULL,1),(3186,'Laurence','Guiry',NULL,NULL,NULL,'Contractor',NULL,NULL,1),(3187,'Laurence','Bonney',NULL,NULL,NULL,'Contractor',NULL,NULL,1),(3188,'Lauren','Swenney',NULL,NULL,NULL,'Contractor',NULL,NULL,1),(3189,'Laura','Coffey',NULL,'Laura.Coffey@amneal.com',NULL,'QC Lab Analyst',1,NULL,1),(3190,'Laura','Giblin',NULL,NULL,NULL,'Contractor',NULL,NULL,1),(3191,'Larry','Wade',NULL,NULL,NULL,'Contractor',NULL,NULL,1),(3192,'Larry','Fahey',NULL,NULL,NULL,'Contractor',NULL,NULL,1),(3193,'Larry','Callaghan',NULL,NULL,NULL,'Contractor',NULL,NULL,1),(3194,'Kyle','Flynn',NULL,NULL,NULL,'Contractor',NULL,NULL,1),(3195,'Kyle','Callaghan',NULL,NULL,NULL,'Contractor',NULL,NULL,1),(3196,'Kyle','Badenhurst',NULL,NULL,NULL,'Contractor',NULL,NULL,1),(3197,'Kuldeep','Joshi',NULL,'kuldeep.joshi@amneal.com',NULL,'Quality Management Manager',1,NULL,1),(3198,'Kuldeep','Hasija',NULL,NULL,NULL,'Contractor',NULL,NULL,1),(3199,'Krzysztof','Zielinski',NULL,NULL,NULL,'Contractor',NULL,NULL,1),(3200,'Krzysztof','Swirk',NULL,NULL,NULL,'Contractor',NULL,NULL,1),(3201,'Krzysztof','Mucha',NULL,NULL,NULL,'Contractor',NULL,NULL,1),(3202,'Krzysztof','Martyna',NULL,NULL,NULL,'Contractor',NULL,NULL,1),(3203,'Krzysztof','mlynarek',NULL,NULL,NULL,'Contractor',NULL,NULL,1),(3204,'Krysztof','Luszczynski',NULL,NULL,NULL,'Contractor',NULL,NULL,1),(3205,'Kristina','Adomaviciute',NULL,'Kristina.a@amneal.com',NULL,'GO',1,NULL,1),(3206,'Krishna','Chaitanya',NULL,'Krishna.Chaitanya@amneal.com',NULL,'Microbiology Personnel',1,NULL,1),(3207,'Killian','Smith',NULL,NULL,NULL,'Contractor',NULL,NULL,1),(3208,'Killian','Ryan',NULL,NULL,NULL,'Contractor',NULL,NULL,1),(3209,'Killian','ODwyer',NULL,NULL,NULL,'Contractor',NULL,NULL,1),(3210,'Killian','Keating',NULL,NULL,NULL,'Contractor',NULL,NULL,1),(3211,'Killian','D\'arcy',NULL,NULL,NULL,'Contractor',NULL,NULL,1),(3212,'Killian','Darcy',NULL,NULL,NULL,'Contractor',NULL,NULL,1),(3213,'Kilian','Fitzsimons',NULL,NULL,NULL,'Contractor',NULL,NULL,1),(3214,'Kieran','OBrien',NULL,'kieran.obrien@amneal.com',NULL,'Financial Director',1,NULL,1),(3215,'Kieran','Whitty',NULL,NULL,NULL,'Contractor',NULL,NULL,1),(3216,'Kieran','Simpson',NULL,NULL,NULL,'Contractor',NULL,NULL,1),(3217,'Kieran','Sheedy',NULL,NULL,NULL,'Contractor',NULL,NULL,1),(3218,'Kieran','ODwyer',NULL,NULL,NULL,'Contractor',NULL,NULL,1),(3219,'Kieran','Murphy',NULL,NULL,NULL,'Contractor',NULL,NULL,1),(3220,'Kieran','Mccarty',NULL,NULL,NULL,'Contractor',NULL,NULL,1),(3221,'Kieran','Masers',NULL,NULL,NULL,'Contractor',NULL,NULL,1),(3222,'Kieran','Hourihane',NULL,NULL,NULL,'Contractor',NULL,NULL,1),(3223,'Kieran','Doyle',NULL,NULL,NULL,'Contractor',NULL,NULL,1),(3224,'Kieran','Curtin',NULL,NULL,NULL,'Contractor',NULL,NULL,1),(3225,'Kieran','Cassidy',NULL,NULL,NULL,'Contractor',NULL,NULL,1),(3226,'Kieran','Brennan',NULL,NULL,NULL,'Contractor',NULL,NULL,1),(3227,'Kieran','Aherne',NULL,NULL,NULL,'Contractor',NULL,NULL,1),(3228,'Kian','Cullinane',NULL,NULL,NULL,'Contractor',NULL,NULL,1),(3229,'Kevin','Moran',NULL,NULL,NULL,'Contractor',NULL,NULL,1),(3230,'Kevin','Fitzgerald',NULL,NULL,NULL,'Contractor',NULL,NULL,1),(3231,'Kevin','Wiley',NULL,NULL,NULL,'Contractor',NULL,NULL,1),(3232,'Kevin','Whitty',NULL,NULL,NULL,'Contractor',NULL,NULL,1),(3233,'Kevin','Walsh',NULL,NULL,NULL,'Contractor',NULL,NULL,1),(3234,'Kevin','Shelly',NULL,NULL,NULL,'Contractor',NULL,NULL,1),(3235,'Kevin','Ryan',NULL,NULL,NULL,'Contractor',NULL,NULL,1),(3236,'Kevin','O\'dowd',NULL,NULL,NULL,'Contractor',NULL,NULL,1),(3237,'Kevin','OBoyle',NULL,NULL,NULL,'Contractor',NULL,NULL,1),(3238,'Kevin','ODowd',NULL,NULL,NULL,'Contractor',NULL,NULL,1),(3239,'Kevin','Mulhall',NULL,NULL,NULL,'Contractor',NULL,NULL,1),(3240,'Kevin','Mc carthy',NULL,NULL,NULL,'Contractor',NULL,NULL,1),(3241,'Kevin','Lynch',NULL,NULL,NULL,'Contractor',NULL,NULL,1),(3242,'Kevin','Hourigan',NULL,NULL,NULL,'Contractor',NULL,NULL,1),(3243,'Kevin','Horrigan',NULL,NULL,NULL,'Contractor',NULL,NULL,1),(3244,'Kevin','Horagan',NULL,NULL,NULL,'Contractor',NULL,NULL,1),(3245,'Kevin','Fitzpatrick',NULL,NULL,NULL,'Contractor',NULL,NULL,1),(3246,'Kevin','Dunne',NULL,NULL,NULL,'Contractor',NULL,NULL,1),(3247,'Kevin','Donovan',NULL,NULL,NULL,'Contractor',NULL,NULL,1),(3248,'Kevin','Doherty',NULL,NULL,NULL,'Contractor',NULL,NULL,1),(3249,'Kevin','Delaney',NULL,NULL,NULL,'Contractor',NULL,NULL,1),(3250,'Kevin','Dalton',NULL,NULL,NULL,'Contractor',NULL,NULL,1),(3251,'Kevin','Curran',NULL,NULL,NULL,'Contractor',NULL,NULL,1),(3252,'Kevin','Cross',NULL,NULL,NULL,'Contractor',NULL,NULL,1),(3253,'Kevin','Cooke',NULL,NULL,NULL,'Contractor',NULL,NULL,1),(3254,'Kevin','Cole',NULL,NULL,NULL,'Contractor',NULL,NULL,1),(3255,'Kevin','Clancy',NULL,NULL,NULL,'Contractor',NULL,NULL,1),(3256,'Kevin','Broderick',NULL,NULL,NULL,'Contractor',NULL,NULL,1),(3257,'Keshav','Mali',NULL,NULL,NULL,'Contractor',NULL,NULL,1),(3258,'Kerry','horan',NULL,NULL,NULL,'Contractor',NULL,NULL,1),(3259,'Kerrie','Ashmore',NULL,NULL,NULL,'Contractor',NULL,NULL,1),(3260,'Kenny','Syder',NULL,NULL,NULL,'Contractor',NULL,NULL,1),(3261,'Kenny','Mc guire',NULL,NULL,NULL,'Contractor',NULL,NULL,1),(3262,'Kenneth','Hearne',NULL,NULL,NULL,'Contractor',NULL,NULL,1),(3263,'Kenneth','Ryan',NULL,NULL,NULL,'Contractor',NULL,NULL,1),(3264,'Kenneth','Lyons',NULL,NULL,NULL,'Contractor',NULL,NULL,1),(3265,'Kenneth','Lee',NULL,NULL,NULL,'Contractor',NULL,NULL,1),(3266,'Kenneth','Horagan',NULL,NULL,NULL,'Contractor',NULL,NULL,1),(3267,'Kenneth','Lyons',NULL,NULL,NULL,'Analyst',NULL,NULL,1),(3268,'Kenneth','Clohessey',NULL,NULL,NULL,'Contractor',NULL,NULL,1),(3269,'Kenneth','Byrne',NULL,NULL,NULL,'Contractor',NULL,NULL,1),(3270,'Ken','Doherty',NULL,'Ken.doherty@gmail.com',NULL,'Engineer Support',1,NULL,1),(3271,'Ken','Lee',NULL,NULL,NULL,'Contractor',NULL,NULL,1),(3272,'Ken','Brand',NULL,NULL,NULL,'Contractor',NULL,NULL,1),(3273,'Kelvin','Mckeown',NULL,NULL,NULL,'Contractor',NULL,NULL,1),(3274,'Keith','OShea',NULL,'keith.oshea@amneal.com',NULL,'GO',1,NULL,1),(3275,'Keith','Dube',NULL,'Keith.Dube@amneal.com',NULL,'GO',1,NULL,1),(3276,'Keith','Fahy',NULL,NULL,NULL,'External',NULL,NULL,1),(3277,'Keith','Ryan',NULL,NULL,NULL,'Contractor',NULL,NULL,1),(3278,'Keith','Power',NULL,NULL,NULL,'Contractor',NULL,NULL,1),(3279,'Keith','OSullivan',NULL,NULL,NULL,'Contractor',NULL,NULL,1),(3280,'Keith','ODwyer',NULL,NULL,NULL,'Contractor',NULL,NULL,1),(3281,'Keith','Mullally',NULL,NULL,NULL,'Contractor',NULL,NULL,1),(3282,'Keith','Mannion',NULL,NULL,NULL,'Contractor',NULL,NULL,1),(3283,'Keith','Healy',NULL,NULL,NULL,'Contractor',NULL,NULL,1),(3284,'Keith','Gahan',NULL,NULL,NULL,'Contractor',NULL,NULL,1),(3285,'Keith','Fennelly',NULL,NULL,NULL,'Contractor',NULL,NULL,1),(3286,'Keith','Dooley',NULL,NULL,NULL,'Contractor',NULL,NULL,1),(3287,'Keith','Condon',NULL,NULL,NULL,'Contractor',NULL,NULL,1),(3288,'Keith','Cavery',NULL,NULL,NULL,'Contractor',NULL,NULL,1),(3289,'Keith','Brennan',NULL,NULL,NULL,'Contractor',NULL,NULL,1),(3290,'Keith','wiggins',NULL,NULL,NULL,'Contractor',NULL,NULL,1),(3291,'Keely','Tobin',NULL,NULL,NULL,'Contractor',NULL,NULL,1),(3292,'Kean','OShea',NULL,NULL,NULL,'Contractor',NULL,NULL,1),(3293,'Katherina','Russell',NULL,NULL,NULL,'Microbiology Personnel',NULL,NULL,1),(3294,'Katarzyna','Piasecka',NULL,NULL,NULL,'Contractor',NULL,NULL,1),(3295,'Karl','Carey',NULL,NULL,NULL,'Contractor',NULL,NULL,1),(3296,'Karl','Butler',NULL,NULL,NULL,'Contractor',NULL,NULL,1),(3297,'Karl','Bohan',NULL,NULL,NULL,'Contractor',NULL,NULL,1),(3298,'Karen','Barry',NULL,'karen.barry@amneal.com',NULL,NULL,1,NULL,1),(3299,'Karel','Lezna',NULL,NULL,NULL,'Contractor',NULL,NULL,1),(3300,'Kapil','Dev',NULL,'Kapil.Dev@amneal.com',NULL,'QC Specialist',1,NULL,1),(3301,'Kannikar','Supamuangsaen',NULL,NULL,NULL,'Contractor',NULL,NULL,1),(3302,'Kamil','Berg',NULL,NULL,NULL,'Contractor',NULL,NULL,1),(3303,'Kalum','Bradley',NULL,NULL,NULL,'Contractor',NULL,NULL,1),(3304,'Justin','Manning',NULL,NULL,NULL,'Contractor',NULL,NULL,1),(3305,'Jurij','Paskovskij',NULL,NULL,NULL,'Contractor',NULL,NULL,1),(3306,'Jure','Gaspar',NULL,NULL,NULL,'Contractor',NULL,NULL,1),(3307,'Julian','Zabinski',NULL,NULL,NULL,'Contractor',NULL,NULL,1),(3308,'JP','ODwyer',NULL,NULL,NULL,NULL,NULL,NULL,1),(3309,'Jozef','Chwalczuk',NULL,NULL,NULL,'Contractor',NULL,NULL,1),(3310,'Josip','Kovacevic',NULL,NULL,NULL,'Contractor',NULL,NULL,1),(3311,'Josh','Duggan',NULL,NULL,NULL,'Contractor',NULL,NULL,1),(3312,'Josh','reffery',NULL,NULL,NULL,'Contractor',NULL,NULL,1),(3313,'Josephine','Donaghy',NULL,NULL,NULL,'Contractor',NULL,NULL,1),(3314,'Joseph','ORourke',NULL,NULL,NULL,'Contractor',NULL,NULL,1),(3315,'Joseph','ORiordan',NULL,NULL,NULL,'Contractor',NULL,NULL,1),(3316,'Joseph','Dwyer',NULL,NULL,NULL,'Contractor',NULL,NULL,1),(3317,'Josef','Braid',NULL,NULL,NULL,'Contractor',NULL,NULL,1),(3318,'Jose','Arrunategui',NULL,NULL,NULL,'Contractor',NULL,NULL,1),(3319,'Jordan','Molloy',NULL,NULL,NULL,'Contractor',NULL,NULL,1),(3320,'Jonathon','Stokes',NULL,NULL,NULL,'Contractor',NULL,NULL,1),(3321,'Jonathan','Fleming',NULL,NULL,NULL,'Technical Writer',NULL,NULL,1),(3322,'Jonathan','Knox',NULL,NULL,NULL,'Contractor',NULL,NULL,1),(3323,'Jomson','Jose',NULL,'Jomson.Jose@amneal.com',NULL,'GO',1,NULL,1),(3324,'Johnny','OConnor',NULL,NULL,NULL,'Contractor',NULL,NULL,1),(3325,'Johnny','Nugent',NULL,NULL,NULL,'Contractor',NULL,NULL,1),(3326,'Johnny','Connolly',NULL,NULL,NULL,'Contractor',NULL,NULL,1),(3327,'Johnny','Barrett',NULL,NULL,NULL,'Contractor',NULL,NULL,1),(3328,'John','ODwyer',NULL,'john.odwyer@amneal.com',NULL,'EHS Consultant',1,NULL,1),(3329,'John','Doyle',NULL,'John.doyle@amneal.com',NULL,'Engineering Manager',1,NULL,1),(3330,'John','Ryan',NULL,NULL,NULL,'Contractor',NULL,NULL,1),(3331,'John','Reardon',NULL,NULL,NULL,'Contractor',NULL,NULL,1),(3332,'John','OSullivan',NULL,NULL,NULL,'Contractor',NULL,NULL,1),(3333,'John','Morris',NULL,NULL,NULL,'Contractor',NULL,NULL,1),(3334,'John','Hynes',NULL,NULL,NULL,NULL,NULL,NULL,1),(3335,'John','White',NULL,NULL,NULL,'Contractor',NULL,NULL,1),(3336,'John','Warren',NULL,NULL,NULL,'Contractor',NULL,NULL,1),(3337,'John','Ward',NULL,NULL,NULL,'Contractor',NULL,NULL,1),(3338,'John','Walsh',NULL,NULL,NULL,'Contractor',NULL,NULL,1),(3339,'John','Trearty',NULL,NULL,NULL,'Contractor',NULL,NULL,1),(3340,'John','Taylor',NULL,NULL,NULL,'Contractor',NULL,NULL,1),(3341,'John','Sloan',NULL,NULL,NULL,'Contractor',NULL,NULL,1),(3342,'John','Slevin',NULL,NULL,NULL,'Contractor',NULL,NULL,1),(3343,'John','Sloan',NULL,NULL,NULL,'Analyst',NULL,NULL,1),(3344,'John','Roche',NULL,NULL,NULL,'Contractor',NULL,NULL,1),(3345,'John','Quinn',NULL,NULL,NULL,'Contractor',NULL,NULL,1),(3346,'John','Quill',NULL,NULL,NULL,'Contractor',NULL,NULL,1),(3347,'John','Power',NULL,NULL,NULL,'Contractor',NULL,NULL,1),(3348,'John','Paul crowe',NULL,NULL,NULL,'Contractor',NULL,NULL,1),(3349,'John','ONeill',NULL,NULL,NULL,'Contractor',NULL,NULL,1),(3350,'John','OLeary',NULL,NULL,NULL,'Contractor',NULL,NULL,1),(3351,'John','ODwyer',NULL,NULL,NULL,'Contractor',NULL,NULL,1),(3352,'John','OBrien',NULL,NULL,NULL,'Contractor',NULL,NULL,1),(3353,'John','OShea',NULL,NULL,NULL,'Contractor',NULL,NULL,1),(3354,'John','ODwyer',NULL,NULL,NULL,'Contractor',NULL,NULL,1),(3355,'John','OConnell',NULL,NULL,NULL,'Contractor',NULL,NULL,1),(3356,'John','Nally',NULL,NULL,NULL,'Contractor',NULL,NULL,1),(3357,'John','Murphy',NULL,NULL,NULL,'Contractor',NULL,NULL,1),(3358,'John','Mullins',NULL,NULL,NULL,'Contractor',NULL,NULL,1),(3359,'John','Morgan',NULL,NULL,NULL,'Contractor',NULL,NULL,1),(3360,'John','Moran',NULL,NULL,NULL,'Contractor',NULL,NULL,1),(3361,'John','Melee',NULL,NULL,NULL,'Contractor',NULL,NULL,1),(3362,'John','Mcgrath',NULL,NULL,NULL,'Contractor',NULL,NULL,1),(3363,'John','Mccarthy',NULL,NULL,NULL,'Contractor',NULL,NULL,1),(3364,'John','Maguire',NULL,NULL,NULL,'Contractor',NULL,NULL,1),(3365,'John','Long',NULL,NULL,NULL,'Contractor',NULL,NULL,1),(3366,'John','Kelleher',NULL,NULL,NULL,'Contractor',NULL,NULL,1),(3367,'John','Kearney',NULL,NULL,NULL,'Contractor',NULL,NULL,1),(3368,'John','Jones',NULL,NULL,NULL,'Contractor',NULL,NULL,1),(3369,'John','Hoyne',NULL,NULL,NULL,'Contractor',NULL,NULL,1),(3370,'John','Hogan',NULL,NULL,NULL,'Contractor',NULL,NULL,1),(3371,'John','Hoey',NULL,NULL,NULL,'Contractor',NULL,NULL,1),(3372,'John','Hickey',NULL,NULL,NULL,'Contractor',NULL,NULL,1),(3373,'John','Greene',NULL,NULL,NULL,'Contractor',NULL,NULL,1),(3374,'John','Gleeson',NULL,NULL,NULL,'Contractor',NULL,NULL,1),(3375,'John','Flanagan',NULL,NULL,NULL,'Contractor',NULL,NULL,1),(3376,'John','Duggan',NULL,NULL,NULL,'Contractor',NULL,NULL,1),(3377,'John','Dowling',NULL,NULL,NULL,'Contractor',NULL,NULL,1),(3378,'John','Doherty',NULL,NULL,NULL,'Contractor',NULL,NULL,1),(3379,'John','Dobson',NULL,NULL,NULL,'Contractor',NULL,NULL,1),(3380,'John','Devitt',NULL,NULL,NULL,'Contractor',NULL,NULL,1),(3381,'John','Davies',NULL,NULL,NULL,'Contractor',NULL,NULL,1),(3382,'John','Cusack',NULL,NULL,NULL,'Contractor',NULL,NULL,1),(3383,'John','Crawford',NULL,NULL,NULL,'Contractor',NULL,NULL,1),(3384,'John','Costello',NULL,NULL,NULL,'Contractor',NULL,NULL,1),(3385,'John','Connors',NULL,NULL,NULL,'Contractor',NULL,NULL,1),(3386,'John','Collins',NULL,NULL,NULL,'Contractor',NULL,NULL,1),(3387,'John','Coleman',NULL,NULL,NULL,'Contractor',NULL,NULL,1),(3388,'John','Carey',NULL,NULL,NULL,'Contractor',NULL,NULL,1),(3389,'John','Callanan',NULL,NULL,NULL,'Contractor',NULL,NULL,1),(3390,'John','Cahill',NULL,NULL,NULL,'Contractor',NULL,NULL,1),(3391,'John','Byrne',NULL,NULL,NULL,'Contractor',NULL,NULL,1),(3392,'John','Butler',NULL,NULL,NULL,'Contractor',NULL,NULL,1),(3393,'John','Brennan',NULL,NULL,NULL,'Contractor',NULL,NULL,1),(3394,'John','Breen',NULL,NULL,NULL,'Contractor',NULL,NULL,1),(3395,'John','Boyle sr',NULL,NULL,NULL,'Contractor',NULL,NULL,1),(3396,'John','Boyle jr',NULL,NULL,NULL,'Contractor',NULL,NULL,1),(3397,'John','Boyd',NULL,NULL,NULL,'Contractor',NULL,NULL,1),(3398,'John','Barron',NULL,NULL,NULL,'Contractor',NULL,NULL,1),(3399,'John','Walsh',NULL,NULL,NULL,'Contractor',NULL,NULL,1),(3400,'John','ODwyer',NULL,NULL,NULL,'Contractor',NULL,NULL,1),(3401,'John','OConnell',NULL,NULL,NULL,'Contractor',NULL,NULL,1),(3402,'John','murphy',NULL,NULL,NULL,'Contractor',NULL,NULL,1),(3403,'Johann','Lorenz',NULL,NULL,NULL,'Contractor',NULL,NULL,1),(3404,'Joe','Bergin',NULL,NULL,NULL,NULL,1,NULL,1),(3405,'Joe','Donohue',NULL,NULL,NULL,'Contractor',NULL,NULL,1),(3406,'Joe','Whelan',NULL,NULL,NULL,'Contractor',NULL,NULL,1),(3407,'Joe','Thompson',NULL,NULL,NULL,'Contractor',NULL,NULL,1),(3408,'Joe','Sweeney',NULL,NULL,NULL,'Contractor',NULL,NULL,1),(3409,'Joe','Pollard',NULL,NULL,NULL,'Contractor',NULL,NULL,1),(3410,'Joe','ODriscoll',NULL,NULL,NULL,'Contractor',NULL,NULL,1),(3411,'Joe','OCallaghan',NULL,NULL,NULL,'Contractor',NULL,NULL,1),(3412,'Joe','ONeill',NULL,NULL,NULL,'Contractor',NULL,NULL,1),(3413,'Joe','OCallaghan',NULL,NULL,NULL,'Contractor',NULL,NULL,1),(3414,'Joe','Kinner',NULL,NULL,NULL,'Contractor',NULL,NULL,1),(3415,'Joe','Kennedy',NULL,NULL,NULL,'Contractor',NULL,NULL,1),(3416,'Joe','Kenna',NULL,NULL,NULL,'Contractor',NULL,NULL,1),(3417,'Joe','Hynes',NULL,NULL,NULL,'Contractor',NULL,NULL,1),(3418,'Joe','Foran',NULL,NULL,NULL,'Contractor',NULL,NULL,1),(3419,'Joe','Fitzgerald',NULL,NULL,NULL,'Contractor',NULL,NULL,1),(3420,'Joe','Duffy',NULL,NULL,NULL,'Contractor',NULL,NULL,1),(3421,'Joe','Carroll',NULL,NULL,NULL,'Contractor',NULL,NULL,1),(3422,'Joe','Brogan',NULL,NULL,NULL,'Contractor',NULL,NULL,1),(3423,'Joe','Boyle',NULL,NULL,NULL,'Contractor',NULL,NULL,1),(3424,'Joe','Bergin',NULL,NULL,NULL,'Contractor',NULL,NULL,1),(3425,'Joe','Ahern',NULL,NULL,NULL,'Contractor',NULL,NULL,1),(3426,'joanne','Mackey',NULL,NULL,NULL,'Contractor',NULL,NULL,1),(3427,'Joanne','Haddon',NULL,NULL,NULL,'Contractor',NULL,NULL,1),(3428,'Joanne','Fitzgerald',NULL,NULL,NULL,'Contractor',NULL,NULL,1),(3429,'Joanna','Farragher',NULL,NULL,NULL,'Contractor',NULL,NULL,1),(3430,'Jimmy','White',NULL,NULL,NULL,'Contractor',NULL,NULL,1),(3431,'Jimmy','Walker',NULL,NULL,NULL,'Contractor',NULL,NULL,1),(3432,'Jimmy','Savage',NULL,NULL,NULL,'Contractor',NULL,NULL,1),(3433,'Jimmy','Ferncombe',NULL,NULL,NULL,'Contractor',NULL,NULL,1),(3434,'Jimmy','Bray',NULL,NULL,NULL,'Contractor',NULL,NULL,1),(3435,'Jim','Brennan',NULL,'Jim.Brennan@amneal.com',NULL,'Engineering Projects Manager',1,NULL,1),(3436,'Jim','Tobin',NULL,NULL,NULL,'Contractor',NULL,NULL,1),(3437,'Jim','Ryan',NULL,NULL,NULL,'Contractor',NULL,NULL,1),(3438,'Jim','Power',NULL,NULL,NULL,'Contractor',NULL,NULL,1),(3439,'Jim','OConnell',NULL,NULL,NULL,'Contractor',NULL,NULL,1),(3440,'Jim','OBrien',NULL,NULL,NULL,'Contractor',NULL,NULL,1),(3441,'Jim','Kennedy',NULL,NULL,NULL,'Contractor',NULL,NULL,1),(3442,'Jim','Coogan',NULL,NULL,NULL,'Contractor',NULL,NULL,1),(3443,'Jim','Byrne',NULL,NULL,NULL,'Contractor',NULL,NULL,1),(3444,'Jessica','Hawkins',NULL,NULL,NULL,'Contractor',NULL,NULL,1),(3445,'Jesse','Houser',NULL,NULL,NULL,'Contractor',NULL,NULL,1),(3446,'Jerzy','mista',NULL,NULL,NULL,'Contractor',NULL,NULL,1),(3447,'Jerry','McCarthy',NULL,NULL,NULL,'Contractor',NULL,NULL,1),(3448,'Jeremy','Windgate',NULL,NULL,NULL,'Contractor',NULL,NULL,1),(3449,'Jenny','Byrne',NULL,NULL,NULL,'Contractor',NULL,NULL,1),(3450,'Jenny','Henley',NULL,NULL,NULL,'Contractor',NULL,NULL,1),(3451,'Jennifer','Downey',NULL,NULL,NULL,'Contractor',NULL,NULL,1),(3452,'Jeff','Nea',NULL,NULL,NULL,'Contractor',NULL,NULL,1),(3453,'Jazeps','Emolins',NULL,NULL,NULL,'Contractor',NULL,NULL,1),(3454,'Jason','Hassy',NULL,NULL,NULL,'Contractor',NULL,NULL,1),(3455,'Jason','Hahessy',NULL,NULL,NULL,'Contractor',NULL,NULL,1),(3456,'Jason','Swan',NULL,NULL,NULL,'Contractor',NULL,NULL,1),(3457,'Jason','Stanley',NULL,NULL,NULL,'Contractor',NULL,NULL,1),(3458,'Jason','OBrien',NULL,NULL,NULL,'Contractor',NULL,NULL,1),(3459,'Jason','Nevin',NULL,NULL,NULL,'Contractor',NULL,NULL,1),(3460,'Jason','Kerr',NULL,NULL,NULL,'Contractor',NULL,NULL,1),(3461,'Jason','Fehilly',NULL,NULL,NULL,'Contractor',NULL,NULL,1),(3462,'Jason','Coughlan',NULL,NULL,NULL,'Contractor',NULL,NULL,1),(3463,'Jason','Cassells',NULL,NULL,NULL,'Contractor',NULL,NULL,1),(3464,'Jason','Cahill',NULL,NULL,NULL,'Contractor',NULL,NULL,1),(3465,'Jason','Barnes',NULL,NULL,NULL,'Contractor',NULL,NULL,1),(3466,'Jarlath','Mcguigan',NULL,NULL,NULL,'Contractor',NULL,NULL,1),(3467,'Jarek','Kozlowski',NULL,NULL,NULL,'Contractor',NULL,NULL,1),(3468,'Jaques','Norval',NULL,NULL,NULL,'Contractor',NULL,NULL,1),(3469,'Janie','Gwinn',NULL,'janie.gwinn@amneal.com',NULL,'Vice President',1,NULL,1),(3470,'Jan','Tobiasz',NULL,NULL,NULL,'Contractor',NULL,NULL,1),(3471,'Jan','Chef',NULL,NULL,NULL,'Contractor',NULL,NULL,1),(3472,'Jamie','Walsh',NULL,NULL,NULL,'Contractor',NULL,NULL,1),(3473,'Jamie','Sage',NULL,NULL,NULL,'Contractor',NULL,NULL,1),(3474,'Jamie','Rafter',NULL,NULL,NULL,'Contractor',NULL,NULL,1),(3475,'Jamie','Meehan',NULL,NULL,NULL,'Contractor',NULL,NULL,1),(3476,'Jamie','Fitzgerald',NULL,NULL,NULL,'Contractor',NULL,NULL,1),(3477,'Jamie','Caffrey',NULL,NULL,NULL,'Contractor',NULL,NULL,1),(3478,'James','ORourke',NULL,NULL,NULL,'Contractor',NULL,NULL,1),(3479,'James','ORourke',NULL,NULL,NULL,'Contractor',NULL,NULL,1),(3480,'James','OSullivan',NULL,NULL,NULL,'Contractor',NULL,NULL,1),(3481,'James','Kiely',NULL,NULL,NULL,'Contractor',NULL,NULL,1),(3482,'James','Winston',NULL,NULL,NULL,'Contractor',NULL,NULL,1),(3483,'James','Walsh',NULL,NULL,NULL,'Contractor',NULL,NULL,1),(3484,'James','Scanlon',NULL,NULL,NULL,'Contractor',NULL,NULL,1),(3485,'James','Rees',NULL,NULL,NULL,'Contractor',NULL,NULL,1),(3486,'James','Power',NULL,NULL,NULL,'Contractor',NULL,NULL,1),(3487,'James','Pigg',NULL,NULL,NULL,'Contractor',NULL,NULL,1),(3488,'James','ONeill',NULL,NULL,NULL,'Contractor',NULL,NULL,1),(3489,'James','OGorman',NULL,NULL,NULL,'Contractor',NULL,NULL,1),(3490,'James','Nolan',NULL,NULL,NULL,'Contractor',NULL,NULL,1),(3491,'James','Mealy',NULL,NULL,NULL,'Contractor',NULL,NULL,1),(3492,'James','Mcnamara',NULL,NULL,NULL,'Contractor',NULL,NULL,1),(3493,'James','Mcguigan',NULL,NULL,NULL,'Contractor',NULL,NULL,1),(3494,'James','Mccormack',NULL,NULL,NULL,'Contractor',NULL,NULL,1),(3495,'James','Mc namara',NULL,NULL,NULL,'Contractor',NULL,NULL,1),(3496,'James','Mannion',NULL,NULL,NULL,'Contractor',NULL,NULL,1),(3497,'James','Maher',NULL,NULL,NULL,'Contractor',NULL,NULL,1),(3498,'James','Maguire',NULL,NULL,NULL,'Contractor',NULL,NULL,1),(3499,'James','Lonergan',NULL,NULL,NULL,'Contractor',NULL,NULL,1),(3500,'James','Kiniry',NULL,NULL,NULL,'Contractor',NULL,NULL,1),(3501,'James','Kilduff',NULL,NULL,NULL,'Contractor',NULL,NULL,1),(3502,'James','Kiely',NULL,NULL,NULL,'Contractor',NULL,NULL,1),(3503,'James','Keough',NULL,NULL,NULL,'Contractor',NULL,NULL,1),(3504,'James','Keogh',NULL,NULL,NULL,'Contractor',NULL,NULL,1),(3505,'James','Kehoe',NULL,NULL,NULL,'Contractor',NULL,NULL,1),(3506,'James','Howe',NULL,NULL,NULL,'Contractor',NULL,NULL,1),(3507,'James','Hewetson',NULL,NULL,NULL,'Contractor',NULL,NULL,1),(3508,'James','Hayes',NULL,NULL,NULL,'Contractor',NULL,NULL,1),(3509,'James','Glasgow',NULL,NULL,NULL,'Contractor',NULL,NULL,1),(3510,'James','Fogarty',NULL,NULL,NULL,'Contractor',NULL,NULL,1),(3511,'James','Finn',NULL,NULL,NULL,'Contractor',NULL,NULL,1),(3512,'James','Devaney',NULL,NULL,NULL,'Contractor',NULL,NULL,1),(3513,'James','Daly',NULL,NULL,NULL,'Contractor',NULL,NULL,1),(3514,'James','Cummins',NULL,NULL,NULL,'Contractor',NULL,NULL,1),(3515,'James','Cotter',NULL,NULL,NULL,'Contractor',NULL,NULL,1),(3516,'James','Costello',NULL,NULL,NULL,'Contractor',NULL,NULL,1),(3517,'James','Corrigan',NULL,NULL,NULL,'Contractor',NULL,NULL,1),(3518,'James','Conroy',NULL,NULL,NULL,'Contractor',NULL,NULL,1),(3519,'James','Comyn',NULL,NULL,NULL,'Contractor',NULL,NULL,1),(3520,'James','Byrne',NULL,NULL,NULL,'Contractor',NULL,NULL,1),(3521,'James','mc inerney',NULL,NULL,NULL,'Contractor',NULL,NULL,1),(3522,'James','guale',NULL,NULL,NULL,'Contractor',NULL,NULL,1),(3523,'James','curran',NULL,NULL,NULL,'Contractor',NULL,NULL,1),(3524,'Jake','Byrne',NULL,NULL,NULL,'Contractor',NULL,NULL,1),(3525,'Jaime','Walsh',NULL,NULL,NULL,'Contractor',NULL,NULL,1),(3526,'Jackie','Coogan',NULL,NULL,NULL,'Contractor',NULL,NULL,1),(3527,'Jackie','OShea',NULL,NULL,NULL,'Contractor',NULL,NULL,1),(3528,'Jack','Doyle',NULL,'Jack.Doyle@amneal.com',NULL,NULL,1,NULL,1),(3529,'Jack','Taggart',NULL,NULL,NULL,'Contractor',NULL,NULL,1),(3530,'Jack','Ryan',NULL,NULL,NULL,'Contractor',NULL,NULL,1),(3531,'Jack','ODwyer',NULL,NULL,NULL,'Contractor',NULL,NULL,1),(3532,'Jack','Noonan',NULL,NULL,NULL,'Contractor',NULL,NULL,1),(3533,'Jack','Murphy',NULL,NULL,NULL,'Contractor',NULL,NULL,1),(3534,'Jack','Long',NULL,NULL,NULL,'Contractor',NULL,NULL,1),(3535,'Jack','Langan',NULL,NULL,NULL,'Contractor',NULL,NULL,1),(3536,'Jack','Karbowski',NULL,NULL,NULL,'Contractor',NULL,NULL,1),(3537,'Jack','Greagh',NULL,NULL,NULL,'Contractor',NULL,NULL,1),(3538,'Jack','Currivan',NULL,NULL,NULL,'Contractor',NULL,NULL,1),(3539,'Jack','Carey',NULL,NULL,NULL,'Contractor',NULL,NULL,1),(3540,'Jack','Burke',NULL,NULL,NULL,'Contractor',NULL,NULL,1),(3541,'Jacinta','Barry',NULL,NULL,NULL,'Contractor',NULL,NULL,1),(3542,'J.p.','Long',NULL,NULL,NULL,'Contractor',NULL,NULL,1),(3543,'Ivan','Zelman',NULL,NULL,NULL,'Contractor',NULL,NULL,1),(3544,'Ivan','Petcov',NULL,NULL,NULL,'Contractor',NULL,NULL,1),(3545,'Ivan','Kordic',NULL,NULL,NULL,'Contractor',NULL,NULL,1),(3546,'Ivan','Gyrsky',NULL,NULL,NULL,'Contractor',NULL,NULL,1),(3547,'Istvan','Kadar',NULL,NULL,NULL,'Contractor',NULL,NULL,1),(3548,'Iris','Francois',NULL,NULL,NULL,'Contractor',NULL,NULL,1),(3549,'Ion','Curmei',NULL,NULL,NULL,'Contractor',NULL,NULL,1),(3550,'Ion','Agrici',NULL,NULL,NULL,'Contractor',NULL,NULL,1),(3551,'Ini Oliver','Makuwaza',NULL,'inioliver.makuwaza@amneal.com',NULL,'GO',1,NULL,1),(3552,'Igor','Turcan',NULL,NULL,NULL,'Contractor',NULL,NULL,1),(3553,'Igor','Rabovila',NULL,NULL,NULL,'Contractor',NULL,NULL,1),(3554,'Ian','Ryan',NULL,'Ian.Ryan@amneal.com',NULL,NULL,1,NULL,1),(3555,'Ian','Smith',NULL,NULL,NULL,'Contractor',NULL,NULL,1),(3556,'Ian','OGrady',NULL,NULL,NULL,'Contractor',NULL,NULL,1),(3557,'Ian','Lacey',NULL,NULL,NULL,'Contractor',NULL,NULL,1),(3558,'Ian','Keen',NULL,NULL,NULL,'Contractor',NULL,NULL,1),(3559,'Ian','Hackett',NULL,NULL,NULL,'Contractor',NULL,NULL,1),(3560,'Ian','Edmonds',NULL,NULL,NULL,'Contractor',NULL,NULL,1),(3561,'Ian','Dowd',NULL,NULL,NULL,'Contractor',NULL,NULL,1),(3562,'Ian','Donnellan',NULL,NULL,NULL,'Contractor',NULL,NULL,1),(3563,'Ian','Davies',NULL,NULL,NULL,'Contractor',NULL,NULL,1),(3564,'Ian','Corrigan',NULL,NULL,NULL,'Contractor',NULL,NULL,1),(3565,'Ian','Chandler',NULL,NULL,NULL,'Contractor',NULL,NULL,1),(3566,'Iain','Clark',NULL,NULL,NULL,'Contractor',NULL,NULL,1),(3567,'Hugh','Hennessy',NULL,NULL,NULL,'Contractor',NULL,NULL,1),(3568,'Hugh','Early',NULL,NULL,NULL,'Contractor',NULL,NULL,1),(3569,'Howard','Reid',NULL,'howard.reid@amneal.com',NULL,'Process Engineer',1,NULL,1),(3570,'Henry','Ramsbolton',NULL,NULL,NULL,'Contractor',NULL,NULL,1),(3571,'Henadzi','Siaredzich',NULL,NULL,NULL,'Contractor',NULL,NULL,1),(3572,'Hemalatha','Dakshinamoorthy',NULL,'Hemalatha.Dakshinamoorthy@amneal.com',NULL,'Quality Assurance Assistant',1,NULL,1),(3573,'Helmut','Schonhofer',NULL,NULL,NULL,'Contractor',NULL,NULL,1),(3574,'Helene','Guntz',NULL,NULL,NULL,'Contractor',NULL,NULL,1),(3575,'Hayon','Grace',NULL,NULL,NULL,'Contractor',NULL,NULL,1),(3576,'Harshita','Basavaboina',NULL,'Harshita.Basavaboina@amneal.com',NULL,'IPQA Personnel',1,NULL,1),(3577,'Harry','Scott',NULL,NULL,NULL,'Contractor',NULL,NULL,1),(3578,'Harry','Hogan',NULL,NULL,NULL,'Contractor',NULL,NULL,1),(3579,'Hannes','Ufschlag',NULL,NULL,NULL,'Contractor',NULL,NULL,1),(3580,'Hanna','Kowalczyk',NULL,NULL,NULL,'Contractor',NULL,NULL,1),(3581,'Grzegorz','Kowalski',NULL,NULL,NULL,'Contractor',NULL,NULL,1),(3582,'Greig','Huddleston',NULL,NULL,NULL,'Contractor',NULL,NULL,1),(3583,'Gregor','Raunch',NULL,NULL,NULL,'Contractor',NULL,NULL,1),(3584,'Greg','Talaska',NULL,NULL,NULL,'Contractor',NULL,NULL,1),(3585,'Greg','Lach',NULL,NULL,NULL,'Contractor',NULL,NULL,1),(3586,'Greg','Cronin',NULL,NULL,NULL,'Contractor',NULL,NULL,1),(3587,'Grahram','O reilly',NULL,NULL,NULL,'Contractor',NULL,NULL,1),(3588,'Graham','Walsh',NULL,NULL,NULL,'Contractor',NULL,NULL,1),(3589,'Graham','Mooney',NULL,NULL,NULL,'Contractor',NULL,NULL,1),(3590,'Graham','Johnston',NULL,NULL,NULL,'Contractor',NULL,NULL,1),(3591,'Graeme','Stuart',NULL,NULL,NULL,'Contractor',NULL,NULL,1),(3592,'Govinda','Bhatt',NULL,NULL,NULL,'Production Lead',1,NULL,1),(3593,'Gordon','ODwyer',NULL,NULL,NULL,'Contractor',NULL,NULL,1),(3594,'Gordan','Reidy',NULL,NULL,NULL,'Contractor',NULL,NULL,1),(3595,'Glen','Doyle',NULL,NULL,NULL,'Contractor',NULL,NULL,1),(3596,'Gjoko','Trajkov',NULL,NULL,NULL,'Contractor',NULL,NULL,1),(3597,'Gitas','Bieliunas',NULL,NULL,NULL,'Contractor',NULL,NULL,1),(3598,'Gintautas','Rudys',NULL,NULL,NULL,'Contractor',NULL,NULL,1),(3599,'Giles','Meehan',NULL,NULL,NULL,'Contractor',NULL,NULL,1),(3600,'Ghenadie','Mosneagu',NULL,NULL,NULL,'Contractor',NULL,NULL,1),(3601,'Gerry','OMeara',NULL,'Gerry.OMeara@amneal.com',NULL,'IT Personnel',1,NULL,1),(3602,'Gerry','Rush',NULL,NULL,NULL,'Contractor',NULL,NULL,1),(3603,'Gerry','Power',NULL,NULL,NULL,'Contractor',NULL,NULL,1),(3604,'Gerry','Molloy',NULL,NULL,NULL,'Contractor',NULL,NULL,1),(3605,'Gerry','Lawless',NULL,NULL,NULL,'Contractor',NULL,NULL,1),(3606,'Gerard','Ryan',NULL,'gerard.ryan@amneal.com',NULL,'Finance Personnel',1,NULL,1),(3607,'Gerard','Quinn',NULL,NULL,NULL,'Contractor',NULL,NULL,1),(3608,'Gerard','ODwyer',NULL,NULL,NULL,'Contractor',NULL,NULL,1),(3609,'Gerard','ODoherty',NULL,NULL,NULL,'Contractor',NULL,NULL,1),(3610,'Gerard','Martin',NULL,NULL,NULL,'Contractor',NULL,NULL,1),(3611,'Gerard','M ryan',NULL,NULL,NULL,'Contractor',NULL,NULL,1),(3612,'Gerard','Kelly',NULL,NULL,NULL,'Contractor',NULL,NULL,1),(3613,'Gerard','Joyce',NULL,NULL,NULL,'Contractor',NULL,NULL,1),(3614,'Gerard','Herdman',NULL,NULL,NULL,'Contractor',NULL,NULL,1),(3615,'Gerard','Farragher',NULL,NULL,NULL,'Contractor',NULL,NULL,1),(3616,'Gerard','English',NULL,NULL,NULL,'Contractor',NULL,NULL,1),(3617,'Gerard','Byrne',NULL,NULL,NULL,'Contractor',NULL,NULL,1),(3618,'Gerard','Barry',NULL,NULL,NULL,'Contractor',NULL,NULL,1),(3619,'Geraldine','Hanley',NULL,NULL,NULL,'Contractor',NULL,NULL,1),(3620,'Gerald','Barry',NULL,NULL,NULL,'Contractor',NULL,NULL,1),(3621,'Ger','Sheehan',NULL,NULL,NULL,'Contractor',NULL,NULL,1),(3622,'Ger','Ryan',NULL,NULL,NULL,'Contractor',NULL,NULL,1),(3623,'Ger','Reidy',NULL,NULL,NULL,'Contractor',NULL,NULL,1),(3624,'Ger','Power',NULL,NULL,NULL,'Contractor',NULL,NULL,1),(3625,'Ger','OBrien',NULL,NULL,NULL,'Contractor',NULL,NULL,1),(3626,'Ger','Moynihan',NULL,NULL,NULL,'Contractor',NULL,NULL,1),(3627,'Ger','Mitchell',NULL,NULL,NULL,'Contractor',NULL,NULL,1),(3628,'Ger','Mcnamara',NULL,NULL,NULL,'Contractor',NULL,NULL,1),(3629,'Ger','Mc carty',NULL,NULL,NULL,'Contractor',NULL,NULL,1),(3630,'Ger','Martin',NULL,NULL,NULL,'Contractor',NULL,NULL,1),(3631,'Ger','Leahy',NULL,NULL,NULL,'Contractor',NULL,NULL,1),(3632,'Ger','Kearney',NULL,NULL,NULL,'Contractor',NULL,NULL,1),(3633,'Ger','Hickey',NULL,NULL,NULL,'Contractor',NULL,NULL,1),(3634,'George','Scully',NULL,NULL,NULL,'Contractor',NULL,NULL,1),(3635,'George','Heskin',NULL,NULL,NULL,'Contractor',NULL,NULL,1),(3636,'George','Clohessey',NULL,NULL,NULL,'Contractor',NULL,NULL,1),(3637,'George','Byrne',NULL,NULL,NULL,'Contractor',NULL,NULL,1),(3638,'Geoffry','Fallon',NULL,NULL,NULL,'Contractor',NULL,NULL,1),(3639,'Geoffry','Bevan',NULL,NULL,NULL,'Contractor',NULL,NULL,1),(3640,'Gearoid','McDermott',NULL,NULL,NULL,NULL,NULL,NULL,1),(3641,'Gearoid','OConnor',NULL,NULL,NULL,'Contractor',NULL,NULL,1),(3642,'Gearoid','Moroney',NULL,NULL,NULL,'Contractor',NULL,NULL,1),(3643,'Gearoid','OConnor',NULL,NULL,NULL,'Contractor',NULL,NULL,1),(3644,'Gavin','Gleeson',NULL,NULL,NULL,'Contractor',1,NULL,1),(3645,'Gavin','Redmond',NULL,NULL,NULL,'Contractor',NULL,NULL,1),(3646,'Gavin','OBrien',NULL,NULL,NULL,'Contractor',NULL,NULL,1),(3647,'Gavin','Keohane',NULL,NULL,NULL,'Contractor',NULL,NULL,1),(3648,'Gavin','Hurley',NULL,NULL,NULL,'Contractor',NULL,NULL,1),(3649,'Gavin','Hindle',NULL,NULL,NULL,'Contractor',NULL,NULL,1),(3650,'Gavin','Griffith',NULL,NULL,NULL,'Contractor',NULL,NULL,1),(3651,'Gavin','Daly',NULL,NULL,NULL,'Contractor',NULL,NULL,1),(3652,'Gavin','Ahern',NULL,NULL,NULL,'Contractor',NULL,NULL,1),(3653,'Gary','Widger',NULL,NULL,NULL,NULL,NULL,NULL,1),(3654,'Gary','Widger',NULL,NULL,NULL,'Contractor',NULL,NULL,1),(3655,'Gary','Teeling',NULL,NULL,NULL,'Contractor',NULL,NULL,1),(3656,'Gary','Scarborough',NULL,NULL,NULL,'Contractor',NULL,NULL,1),(3657,'Gary','OHara',NULL,NULL,NULL,'Contractor',NULL,NULL,1),(3658,'Gary','Moran',NULL,NULL,NULL,'Contractor',NULL,NULL,1),(3659,'Gary','Mccormick',NULL,NULL,NULL,'Contractor',NULL,NULL,1),(3660,'Gary','Mccabe',NULL,NULL,NULL,'Contractor',NULL,NULL,1),(3661,'Gary','Mc cormick',NULL,NULL,NULL,'Contractor',NULL,NULL,1),(3662,'Gary','Farrell',NULL,NULL,NULL,'Contractor',NULL,NULL,1),(3663,'Gary','Cunningham',NULL,NULL,NULL,'Contractor',NULL,NULL,1),(3664,'Garry','OBrien',NULL,NULL,NULL,'Contractor',NULL,NULL,1),(3665,'Garry','Farrell',NULL,NULL,NULL,'Contractor',NULL,NULL,1),(3666,'Garry','Ennis',NULL,NULL,NULL,'Contractor',NULL,NULL,1),(3667,'Garry','Egan',NULL,NULL,NULL,'Contractor',NULL,NULL,1),(3668,'Garry','Cummins',NULL,NULL,NULL,'Contractor',NULL,NULL,1),(3669,'Garrett','Finn',NULL,NULL,NULL,'Contractor',NULL,NULL,1),(3670,'Garreth','Greaves',NULL,NULL,NULL,'Contractor',NULL,NULL,1),(3671,'Gareth','Peprer',NULL,NULL,NULL,'Contractor',NULL,NULL,1),(3672,'Gareth','Pepper',NULL,NULL,NULL,'Contractor',NULL,NULL,1),(3673,'Gareth','Maguire',NULL,NULL,NULL,'Contractor',NULL,NULL,1),(3674,'Gareth','Dunne',NULL,NULL,NULL,'Contractor',NULL,NULL,1),(3675,'Gareth','Dumbnem',NULL,NULL,NULL,'Contractor',NULL,NULL,1),(3676,'Galina','Turcan',NULL,NULL,NULL,'Contractor',NULL,NULL,1),(3677,'Freddie','Drohan',NULL,NULL,NULL,'Contractor',NULL,NULL,1),(3678,'Fred','Kinsella',NULL,NULL,NULL,NULL,NULL,NULL,1),(3679,'Fred','Sheil',NULL,NULL,NULL,'Contractor',NULL,NULL,1),(3680,'Frank','Walsh',NULL,NULL,NULL,'Contractor',NULL,NULL,1),(3681,'Frank','Owens',NULL,NULL,NULL,'Contractor',NULL,NULL,1),(3682,'Frank','Mcloughlin',NULL,NULL,NULL,'Contractor',NULL,NULL,1),(3683,'Frank','Donohoe',NULL,NULL,NULL,'Contractor',NULL,NULL,1),(3684,'Frank','Bowler',NULL,NULL,NULL,'Contractor',NULL,NULL,1),(3685,'Francis','Church',NULL,NULL,NULL,'Contractor',NULL,NULL,1),(3686,'Frances','Simpson',NULL,NULL,NULL,'Contractor',NULL,NULL,1),(3687,'Fran','Church',NULL,NULL,NULL,'Contractor',NULL,NULL,1),(3688,'Florin','Baloi',NULL,NULL,NULL,'Contractor',NULL,NULL,1),(3689,'Florian','Major',NULL,NULL,NULL,'Contractor',NULL,NULL,1),(3690,'Florian','schaal',NULL,NULL,NULL,'Contractor',NULL,NULL,1),(3691,'Fiona','OLeary',NULL,NULL,NULL,'Contractor',NULL,NULL,1),(3692,'Fiona','Morrisey',NULL,NULL,NULL,'Contractor',NULL,NULL,1),(3693,'Fiona','Mccafferey',NULL,NULL,NULL,'Contractor',NULL,NULL,1),(3694,'Fiona','molumby',NULL,NULL,NULL,'Contractor',NULL,NULL,1),(3695,'Fintan','Walsh',NULL,NULL,NULL,'Contractor',NULL,NULL,1),(3696,'Fintan','Phelan',NULL,NULL,NULL,'Contractor',NULL,NULL,1),(3697,'Finbarr','Sexton',NULL,'Finbarr.Scanlon@gmail.com',NULL,'GO',1,NULL,1),(3698,'Finbarr','Prendergast',NULL,NULL,NULL,'Contractor',NULL,NULL,1),(3699,'Finbarr','ORiordan',NULL,NULL,NULL,'Contractor',1,NULL,1),(3700,'Finbarr','Kelly',NULL,NULL,NULL,'Contractor',NULL,NULL,1),(3701,'Finbar','Marrett',NULL,NULL,NULL,'Contractor',NULL,NULL,1),(3702,'Filip','Zrolka',NULL,NULL,NULL,'Contractor',NULL,NULL,1),(3703,'Filip','Bezjak',NULL,NULL,NULL,'Contractor',NULL,NULL,1),(3704,'Fergus','Flood',NULL,NULL,NULL,'Contractor',NULL,NULL,1),(3705,'Fergal','OGrady',NULL,NULL,NULL,'Contractor',NULL,NULL,1),(3706,'Feidhlin','OShea',NULL,NULL,NULL,'Contractor',NULL,NULL,1),(3707,'Evan','Roberts',NULL,NULL,NULL,'Contractor',NULL,NULL,1),(3708,'Evan','Ring',NULL,NULL,NULL,'Contractor',NULL,NULL,1),(3709,'Evan','OShaughnessy',NULL,NULL,NULL,'Contractor',NULL,NULL,1),(3710,'Evan','Grace',NULL,NULL,NULL,'Contractor',NULL,NULL,1),(3711,'Evan','Donnelly',NULL,NULL,NULL,'Contractor',NULL,NULL,1),(3712,'Evan','Coyle',NULL,NULL,NULL,'Contractor',NULL,NULL,1),(3713,'Evan','ODonovan',NULL,NULL,NULL,'Contractor',NULL,NULL,1),(3714,'Eva','Quinlam',NULL,NULL,NULL,NULL,NULL,NULL,1),(3715,'Eugene','OBrien',NULL,NULL,NULL,'Contractor',NULL,NULL,1),(3716,'Eugene','Honohan',NULL,NULL,NULL,'Contractor',NULL,NULL,1),(3717,'Eugene','Cooney',NULL,NULL,NULL,'Contractor',NULL,NULL,1),(3718,'Esther','Varley',NULL,NULL,NULL,'Contractor',NULL,NULL,1),(3719,'Eriks','Zvieris',NULL,NULL,NULL,'Contractor',NULL,NULL,1),(3720,'Eric','Peacock',NULL,NULL,NULL,'Contractor',NULL,NULL,1),(3721,'Eric','Lonegan',NULL,NULL,NULL,'Contractor',NULL,NULL,1),(3722,'Eric','Fenlon',NULL,NULL,NULL,'Contractor',NULL,NULL,1),(3723,'Eranda','tharindu',NULL,NULL,NULL,'Contractor',NULL,NULL,1),(3724,'Eoin','Burchell',NULL,'Eoin.Burchell@amneal.com',NULL,'GO',1,NULL,1),(3725,'Eoin','Kennedy',NULL,NULL,NULL,NULL,NULL,NULL,1),(3726,'Eoin','Sheridan',NULL,NULL,NULL,'Contractor',NULL,NULL,1),(3727,'Eoin','Ryan',NULL,NULL,NULL,'Contractor',NULL,NULL,1),(3728,'Eoin','Powell',NULL,NULL,NULL,'Contractor',NULL,NULL,1),(3729,'Eoin','ORiordan',NULL,NULL,NULL,'Contractor',NULL,NULL,1),(3730,'Eoin','OCallaghan',NULL,NULL,NULL,'Contractor',NULL,NULL,1),(3731,'Eoin','OGrady',NULL,NULL,NULL,'Contractor',NULL,NULL,1),(3732,'Eoin','Lane',NULL,NULL,NULL,'Contractor',NULL,NULL,1),(3733,'Eoin','Galvin',NULL,NULL,NULL,'Contractor',NULL,NULL,1),(3734,'Eoin','Flynn',NULL,NULL,NULL,'Contractor',NULL,NULL,1),(3735,'Eoin','Drake',NULL,NULL,NULL,'Contractor',NULL,NULL,1),(3736,'Eoin','Drake',NULL,NULL,NULL,'Contractor',NULL,NULL,1),(3737,'Eoin','Doyle',NULL,NULL,NULL,'Contractor',NULL,NULL,1),(3738,'Eoghan','Walshe',NULL,'Eoghan.Walshe@amneal.com',NULL,'Warehouse Manager',1,NULL,1),(3739,'Eoghan','ONeill',NULL,NULL,NULL,'Contractor',NULL,NULL,1),(3740,'Eoghan','Murray',NULL,NULL,NULL,'Contractor',NULL,NULL,1),(3741,'Eoghan','Gallagher',NULL,NULL,NULL,'Contractor',NULL,NULL,1),(3742,'Enda','Walsh',NULL,NULL,NULL,'Contractor',NULL,NULL,1),(3743,'Emmet','Tobin',NULL,NULL,NULL,'Contractor',NULL,NULL,1),(3744,'Emma','Ryan',NULL,NULL,NULL,NULL,NULL,NULL,1),(3745,'Emma','White',NULL,NULL,NULL,'Contractor',NULL,NULL,1),(3746,'Emily','Hearty',NULL,NULL,NULL,'Student',1,NULL,1),(3747,'Emily','Horgan',NULL,NULL,NULL,'External',NULL,NULL,1),(3748,'Emily','Mcgrath',NULL,NULL,NULL,'Contractor',NULL,NULL,1),(3749,'Emil','Negrutiu',NULL,NULL,NULL,'Contractor',NULL,NULL,1),(3750,'Elizabeth','Veale',NULL,NULL,NULL,'Cleaning Personnel',NULL,NULL,1),(3751,'Elaine','ODwyer',NULL,NULL,NULL,'Contractor',NULL,NULL,1),(3752,'Elaine','Lonergan',NULL,NULL,NULL,'Contractor',NULL,NULL,1),(3753,'Elaine','Fraser',NULL,NULL,NULL,'Contractor',NULL,NULL,1),(3754,'Elaine','Butler',NULL,NULL,NULL,'Contractor',NULL,NULL,1),(3755,'Elaine','Bartley',NULL,NULL,NULL,'Contractor',NULL,NULL,1),(3756,'Eimear','OConnor',NULL,'Eimear.oconnor@amneal.com',NULL,'Lab Personnel',1,NULL,1),(3757,'Eileen','Burke',NULL,NULL,NULL,'Contractor',NULL,NULL,1),(3758,'Egidus','Synis',NULL,NULL,NULL,'Contractor',NULL,NULL,1),(3759,'Edyta','Gorczyca',NULL,NULL,NULL,'Contractor',NULL,NULL,1),(3760,'Edwin','Brazier',NULL,NULL,NULL,'Contractor',NULL,NULL,1),(3761,'Edward','Newman',NULL,NULL,NULL,'Contractor',NULL,NULL,1),(3762,'Edward','Murphy',NULL,NULL,NULL,'Contractor',NULL,NULL,1),(3763,'Edward','Kinsella',NULL,NULL,NULL,'Contractor',NULL,NULL,1),(3764,'Edward','Forde',NULL,NULL,NULL,'Contractor',NULL,NULL,1),(3765,'Edward','Fahie',NULL,NULL,NULL,'Contractor',NULL,NULL,1),(3766,'Edvin','Brazier',NULL,NULL,NULL,'Contractor',NULL,NULL,1),(3767,'Edmund','Fahy',NULL,NULL,NULL,NULL,NULL,NULL,1),(3768,'Edel','Davis',NULL,NULL,NULL,'Contractor',NULL,NULL,1),(3769,'Eddie','Walsh',NULL,NULL,NULL,'Contractor',NULL,NULL,1),(3770,'Eddie','Smyth',NULL,NULL,NULL,'Contractor',NULL,NULL,1),(3771,'Eddie','Mccarthy',NULL,NULL,NULL,'Contractor',NULL,NULL,1),(3772,'Eddie','Davis',NULL,NULL,NULL,'Contractor',NULL,NULL,1),(3773,'Eddie','Curley',NULL,NULL,NULL,'Contractor',NULL,NULL,1),(3774,'Eddie','Connolly',NULL,NULL,NULL,'Contractor',NULL,NULL,1),(3775,'Eanna','Ryan',NULL,NULL,NULL,'Contractor',NULL,NULL,1),(3776,'Eamonn','Darcy',NULL,NULL,NULL,NULL,NULL,NULL,1),(3777,'Eamonn','ODonohue',NULL,NULL,NULL,'Contractor',NULL,NULL,1),(3778,'Eamonn','Harrington',NULL,NULL,NULL,'Contractor',NULL,NULL,1),(3779,'Eamonn','English',NULL,NULL,NULL,'Contractor',NULL,NULL,1),(3780,'Eamonn','crudden',NULL,NULL,NULL,'Contractor',NULL,NULL,1),(3781,'Eamon','ODonoghue',NULL,NULL,NULL,'Contractor',NULL,NULL,1),(3782,'Eamon','Moran',NULL,NULL,NULL,'Contractor',NULL,NULL,1),(3783,'Eamon','Mccluskey',NULL,NULL,NULL,'Contractor',NULL,NULL,1),(3784,'Eamon','Hayes',NULL,NULL,NULL,'Contractor',NULL,NULL,1),(3785,'Eammon','ODonovan',NULL,NULL,NULL,'Contractor',NULL,NULL,1),(3786,'Dylan','Whitty',NULL,NULL,NULL,'Contractor',NULL,NULL,1),(3787,'Dylan','Nevins',NULL,NULL,NULL,'Contractor',NULL,NULL,1),(3788,'Dylan','Molloy',NULL,NULL,NULL,'Contractor',NULL,NULL,1),(3789,'Dylan','Clifford',NULL,NULL,NULL,'Contractor',NULL,NULL,1),(3790,'Dulan','Whitty',NULL,NULL,NULL,'Contractor',NULL,NULL,1),(3791,'Duhitras','Andronache',NULL,NULL,NULL,'Contractor',NULL,NULL,1),(3792,'Dowie','ONeill',NULL,NULL,NULL,'Contractor',NULL,NULL,1),(3793,'Dove','Towey',NULL,NULL,NULL,'Contractor',NULL,NULL,1),(3794,'Doug','Lecheler',NULL,NULL,NULL,'Contractor',NULL,NULL,1),(3795,'Dorgs','Bras',NULL,NULL,NULL,'Contractor',NULL,NULL,1),(3796,'Donough','Borrow',NULL,NULL,NULL,'Contractor',NULL,NULL,1),(3797,'Donnchadh','Ryan',NULL,'donnchadh.ryan@amneal.com',NULL,'Technical Writer',1,NULL,1),(3798,'Donncha','Glesson',NULL,NULL,NULL,'Contractor',NULL,NULL,1),(3799,'Donnagh','Ryan',NULL,NULL,NULL,'Contractor',NULL,NULL,1),(3800,'Donnach','OSullivan',NULL,NULL,NULL,'Contractor',NULL,NULL,1),(3801,'Donie','Lucey',NULL,NULL,NULL,'Contractor',NULL,NULL,1),(3802,'Donal','Davern',NULL,NULL,NULL,'Contractor',NULL,NULL,1),(3803,'Donal','OHara',NULL,NULL,NULL,'Contractor',NULL,NULL,1),(3804,'Donal','OLuasa',NULL,NULL,NULL,'Contractor',NULL,NULL,1),(3805,'Donal','Mcquaid',NULL,NULL,NULL,'Contractor',NULL,NULL,1),(3806,'Donal','Larkin',NULL,NULL,NULL,'Contractor',NULL,NULL,1),(3807,'Donal','Hegarty',NULL,NULL,NULL,'Contractor',NULL,NULL,1),(3808,'Donal','Fennessey',NULL,NULL,NULL,'Contractor',NULL,NULL,1),(3809,'Dona','Mariam Alex',NULL,NULL,NULL,'Administrative',1,NULL,1),(3810,'Don','Williams',NULL,NULL,NULL,'Contractor',NULL,NULL,1),(3811,'Domonic','Johnston',NULL,NULL,NULL,'Contractor',NULL,NULL,1),(3812,'Dominic','Slevin',NULL,NULL,NULL,'Contractor',NULL,NULL,1),(3813,'Dominic','Sinnott',NULL,NULL,NULL,'Contractor',NULL,NULL,1),(3814,'Dominic','Mcsweeney',NULL,NULL,NULL,'Contractor',NULL,NULL,1),(3815,'Dominic','Cashman',NULL,NULL,NULL,'Contractor',NULL,NULL,1),(3816,'Dominic','Brenzak',NULL,NULL,NULL,'Contractor',NULL,NULL,1),(3817,'Dominic','Barry',NULL,NULL,NULL,'Contractor',NULL,NULL,1),(3818,'Dominic','deegan',NULL,NULL,NULL,'Contractor',NULL,NULL,1),(3819,'Domagvj','Jurevic',NULL,NULL,NULL,'Contractor',NULL,NULL,1),(3820,'Dom','Jordan',NULL,NULL,NULL,'Contractor',NULL,NULL,1),(3821,'Dillion','Smyth',NULL,NULL,NULL,'Contractor',NULL,NULL,1),(3822,'Diarmuid','Reil',NULL,NULL,NULL,'Contractor',NULL,NULL,1),(3823,'Diarmuid','Henley',NULL,NULL,NULL,'Contractor',NULL,NULL,1),(3824,'Devan','Morrisey',NULL,NULL,NULL,'Contractor',NULL,NULL,1),(3825,'Desislava','Katsarova',NULL,NULL,NULL,'Contractor',NULL,NULL,1),(3826,'Des','Brendon',NULL,NULL,NULL,'Contractor',NULL,NULL,1),(3827,'Derry','Murphy',NULL,NULL,NULL,'Contractor',NULL,NULL,1),(3828,'Derry','Mcsweeney',NULL,NULL,NULL,'Contractor',NULL,NULL,1),(3829,'Dermot','Keyes',NULL,'dermot.keyes@amneal.com',NULL,'Operations',1,NULL,1),(3830,'Dermot','OMahoney',NULL,NULL,NULL,'Contractor',NULL,NULL,1),(3831,'Derek','Russell',NULL,NULL,NULL,'IT Personnel',1,NULL,1),(3832,'Derek','Valentine',NULL,NULL,NULL,'Contractor',NULL,NULL,1),(3833,'Derek','Shine',NULL,NULL,NULL,'Contractor',NULL,NULL,1),(3834,'Derek','Schweppe',NULL,NULL,NULL,'Contractor',NULL,NULL,1),(3835,'Derek','Reynolds',NULL,NULL,NULL,'Contractor',NULL,NULL,1),(3836,'Derek','OBrien',NULL,NULL,NULL,'Contractor',NULL,NULL,1),(3837,'Derek','Nolan',NULL,NULL,NULL,'Contractor',NULL,NULL,1),(3838,'Derek','Mulqueen',NULL,NULL,NULL,'Contractor',NULL,NULL,1),(3839,'Derek','Hayes',NULL,NULL,NULL,'Contractor',NULL,NULL,1),(3840,'Derek','Grubb',NULL,NULL,NULL,'Contractor',NULL,NULL,1),(3841,'Derek','Earls',NULL,NULL,NULL,'Contractor',NULL,NULL,1),(3842,'Derek','Canty',NULL,NULL,NULL,'Contractor',NULL,NULL,1),(3843,'Der','Cremen',NULL,NULL,NULL,'Contractor',NULL,NULL,1),(3844,'Dennis','OSullivan',NULL,NULL,NULL,'Contractor',NULL,NULL,1),(3845,'Dennis','Cambridge',NULL,NULL,NULL,'Contractor',NULL,NULL,1),(3846,'Denis','Hogan',NULL,'denis.hogan@amneal.com',NULL,'Warehouse Personnel',1,NULL,1),(3847,'Denis','Heffernan',NULL,NULL,NULL,'Contractor',NULL,NULL,1),(3848,'Denis','Ryan',NULL,NULL,NULL,'Contractor',NULL,NULL,1),(3849,'Denis','OMeara',NULL,NULL,NULL,'Contractor',NULL,NULL,1),(3850,'Denis','ODonovan',NULL,NULL,NULL,'Contractor',NULL,NULL,1),(3851,'Denis','Murphy',NULL,NULL,NULL,'Contractor',NULL,NULL,1),(3852,'Denis','Kinsella',NULL,NULL,NULL,'Contractor',NULL,NULL,1),(3853,'Denis','Heffernan',NULL,NULL,NULL,'Contractor',NULL,NULL,1),(3854,'Denis','Curtin',NULL,NULL,NULL,'Contractor',NULL,NULL,1),(3855,'Demien','Sexton',NULL,NULL,NULL,'Contractor',NULL,NULL,1),(3856,'Demien','carthy',NULL,NULL,NULL,'Contractor',NULL,NULL,1),(3857,'Deividas','Rainys',NULL,NULL,NULL,'Contractor',NULL,NULL,1),(3858,'Deirdre','OBrien',NULL,NULL,NULL,'Contractor',NULL,NULL,1),(3859,'Dedel','Reilly',NULL,NULL,NULL,'Contractor',NULL,NULL,1),(3860,'Declan','Ryan',NULL,'declan.ryan@amneal.com',NULL,NULL,1,NULL,1),(3861,'Declan','Curtis',NULL,'declan.curtis@amneal.com',NULL,'Maintenance',1,NULL,1),(3862,'Declan','Reale',NULL,NULL,NULL,'Contractor',NULL,NULL,1),(3863,'Declan','Power',NULL,NULL,NULL,'Contractor',NULL,NULL,1),(3864,'Declan','OCallaghan',NULL,NULL,NULL,'Contractor',NULL,NULL,1),(3865,'Declan','Fitzpatrick',NULL,NULL,NULL,'Contractor',NULL,NULL,1),(3866,'Declan','Curran',NULL,NULL,NULL,'Contractor',NULL,NULL,1),(3867,'Declan','Creighton',NULL,NULL,NULL,'Contractor',NULL,NULL,1),(3868,'Declan','Conway',NULL,NULL,NULL,'Contractor',NULL,NULL,1),(3869,'Declan','Burgess',NULL,NULL,NULL,'Contractor',NULL,NULL,1),(3870,'Declan','Allen',NULL,NULL,NULL,'Contractor',NULL,NULL,1),(3871,'Declain','ORegan',NULL,NULL,NULL,'Contractor',NULL,NULL,1),(3872,'Declain','OConnell',NULL,NULL,NULL,'Contractor',NULL,NULL,1),(3873,'Declain','Cotter',NULL,NULL,NULL,'Contractor',NULL,NULL,1),(3874,'Debbie','Carroll',NULL,NULL,NULL,'Contractor',NULL,NULL,1),(3875,'Dearbhaile','Shine',NULL,'Dearbhaile.Shine@amneal.com',NULL,'Quality Management Manager',1,NULL,1),(3876,'Dean','Butler',NULL,'Dean.Butler@amneal.com',NULL,'GO',1,NULL,1),(3877,'Dean','White',NULL,NULL,NULL,'Contractor',NULL,NULL,1),(3878,'Dean','Lonergan',NULL,NULL,NULL,'Contractor',NULL,NULL,1),(3879,'Dean','Hallinan',NULL,NULL,NULL,'Contractor',NULL,NULL,1),(3880,'Dean','Casey',NULL,NULL,NULL,'Contractor',NULL,NULL,1),(3881,'David','Winters',NULL,'David.Winters@amneal.com',NULL,'Regulatory Affairs Manager',NULL,NULL,1),(3882,'David','Ryan',NULL,'David.ryan@amneal.com',NULL,NULL,1,NULL,1),(3883,'David','McCarthy',NULL,'David.McCarthy@amneal.com',NULL,'Microbiology Personnel',1,NULL,1),(3884,'David','Fitzgerald',NULL,NULL,NULL,'Process Engineer',1,NULL,1),(3885,'David','Allen',NULL,NULL,NULL,NULL,NULL,NULL,1),(3886,'David','Hanrahan',NULL,NULL,NULL,'Contractor',NULL,NULL,1),(3887,'David','Duggan',NULL,NULL,NULL,'Contractor',NULL,NULL,1),(3888,'David','Bain',NULL,NULL,NULL,'Contractor',NULL,NULL,1),(3889,'David','Murphy',NULL,NULL,NULL,'Contractor',NULL,NULL,1),(3890,'David','Walsh',NULL,NULL,NULL,'Contractor',NULL,NULL,1),(3891,'David','Thorton',NULL,NULL,NULL,'Contractor',NULL,NULL,1),(3892,'David','Thompson',NULL,NULL,NULL,'Contractor',NULL,NULL,1),(3893,'David','Szeniak',NULL,NULL,NULL,'Contractor',NULL,NULL,1),(3894,'David','Singleton',NULL,NULL,NULL,'Contractor',NULL,NULL,1),(3895,'David','Shaw',NULL,NULL,NULL,'Contractor',NULL,NULL,1),(3896,'David','Quigley',NULL,NULL,NULL,'Contractor',NULL,NULL,1),(3897,'David','Pohlodko',NULL,NULL,NULL,'Contractor',NULL,NULL,1),(3898,'David','Phelan',NULL,NULL,NULL,'Contractor',NULL,NULL,1),(3899,'David','Palmer',NULL,NULL,NULL,'Contractor',NULL,NULL,1),(3900,'David','ODwyer',NULL,NULL,NULL,'Contractor',NULL,NULL,1),(3901,'David','OToole',NULL,NULL,NULL,'Contractor',NULL,NULL,1),(3902,'David','ORegan',NULL,NULL,NULL,'Contractor',NULL,NULL,1),(3903,'David','OMahony',NULL,NULL,NULL,'Contractor',NULL,NULL,1),(3904,'David','Mc whirter',NULL,NULL,NULL,'Contractor',NULL,NULL,1),(3905,'David','Mc garry',NULL,NULL,NULL,'Contractor',NULL,NULL,1),(3906,'David','Manning',NULL,NULL,NULL,'Contractor',NULL,NULL,1),(3907,'David','Hughes',NULL,NULL,NULL,'Contractor',NULL,NULL,1),(3908,'David','Hoban',NULL,NULL,NULL,'Contractor',NULL,NULL,1),(3909,'David','Hayes',NULL,NULL,NULL,'Contractor',NULL,NULL,1),(3910,'David','Harris',NULL,NULL,NULL,'Contractor',NULL,NULL,1),(3911,'David','Green',NULL,NULL,NULL,'Contractor',NULL,NULL,1),(3912,'David','Gardiner',NULL,NULL,NULL,'Contractor',NULL,NULL,1),(3913,'David','Flynn',NULL,NULL,NULL,'Contractor',NULL,NULL,1),(3914,'David','Flaherty',NULL,NULL,NULL,'Contractor',NULL,NULL,1),(3915,'David','Edwards',NULL,NULL,NULL,'Contractor',NULL,NULL,1),(3916,'David','Donohoe',NULL,NULL,NULL,'Contractor',NULL,NULL,1),(3917,'David','Dee',NULL,NULL,NULL,'Contractor',NULL,NULL,1),(3918,'David','Cookson',NULL,NULL,NULL,'Contractor',NULL,NULL,1),(3919,'David','Casey',NULL,NULL,NULL,'Contractor',NULL,NULL,1),(3920,'David','Carey',NULL,NULL,NULL,'Contractor',NULL,NULL,1),(3921,'David','Cahill',NULL,NULL,NULL,'Contractor',NULL,NULL,1),(3922,'David','Burdall',NULL,NULL,NULL,'Contractor',NULL,NULL,1),(3923,'David','Bredin',NULL,NULL,NULL,'Contractor',NULL,NULL,1),(3924,'David','Bredan',NULL,NULL,NULL,'Contractor',NULL,NULL,1),(3925,'David','Bradley',NULL,NULL,NULL,'Contractor',NULL,NULL,1),(3926,'David','Bourke',NULL,NULL,NULL,'Contractor',NULL,NULL,1),(3927,'David','Allen',NULL,NULL,NULL,'Contractor',NULL,NULL,1),(3928,'David','rice',NULL,NULL,NULL,'Contractor',NULL,NULL,1),(3929,'David','phelan',NULL,NULL,NULL,'Contractor',NULL,NULL,1),(3930,'David','hogan',NULL,NULL,NULL,'Contractor',NULL,NULL,1),(3931,'Dave','Williams',NULL,NULL,NULL,'Contractor',NULL,NULL,1),(3932,'Dave','Towey',NULL,NULL,NULL,'Contractor',NULL,NULL,1),(3933,'Dave','Penson',NULL,NULL,NULL,'Contractor',NULL,NULL,1),(3934,'Dave','Nolan',NULL,NULL,NULL,'Contractor',NULL,NULL,1),(3935,'Dave','Mcgarry',NULL,NULL,NULL,'Contractor',NULL,NULL,1),(3936,'Dave','Lacey',NULL,NULL,NULL,'Contractor',NULL,NULL,1),(3937,'Dave','Green',NULL,NULL,NULL,'Contractor',NULL,NULL,1),(3938,'Daryl','Haynes',NULL,NULL,NULL,'Contractor',NULL,NULL,1),(3939,'Darren','Whooley',NULL,NULL,NULL,'Contractor',NULL,NULL,1),(3940,'Darren','Sweeney',NULL,NULL,NULL,'Contractor',NULL,NULL,1),(3941,'Darren','Shiels',NULL,NULL,NULL,'Contractor',NULL,NULL,1),(3942,'Darren','Ryan',NULL,NULL,NULL,'Contractor',NULL,NULL,1),(3943,'Darren','Phelan',NULL,NULL,NULL,'Contractor',NULL,NULL,1),(3944,'Darren','OShea',NULL,NULL,NULL,'Contractor',NULL,NULL,1),(3945,'Darren','OShea',NULL,NULL,NULL,'Contractor',NULL,NULL,1),(3946,'Darren','OShea',NULL,NULL,NULL,'Contractor',NULL,NULL,1),(3947,'Darren','ODonoghue',NULL,NULL,NULL,'Contractor',NULL,NULL,1),(3948,'Darren','Murphy',NULL,NULL,NULL,'Contractor',NULL,NULL,1),(3949,'Darren','Long',NULL,NULL,NULL,'Contractor',NULL,NULL,1),(3950,'Darren','Kilbey',NULL,NULL,NULL,'Contractor',NULL,NULL,1),(3951,'Darren','Keane',NULL,NULL,NULL,'Contractor',NULL,NULL,1),(3952,'Darren','Fitzpatrick',NULL,NULL,NULL,'Contractor',NULL,NULL,1),(3953,'Darren','Fahey',NULL,NULL,NULL,'Contractor',NULL,NULL,1),(3954,'Darren','millen',NULL,NULL,NULL,'Contractor',NULL,NULL,1),(3955,'Darragh','Stakelum',NULL,NULL,NULL,'Contractor',NULL,NULL,1),(3956,'Darragh','Quinlan',NULL,NULL,NULL,'Contractor',NULL,NULL,1),(3957,'Darragh','Dorgan',NULL,NULL,NULL,'Contractor',NULL,NULL,1),(3958,'Darragh','Cronin',NULL,NULL,NULL,'Contractor',NULL,NULL,1),(3959,'Dariusz','Kucmierz',NULL,NULL,NULL,'Contractor',NULL,NULL,1),(3960,'Darius','Wojsz',NULL,NULL,NULL,'Contractor',NULL,NULL,1),(3961,'Darius','Jakubauskas',NULL,NULL,NULL,'Contractor',NULL,NULL,1),(3962,'Daren','OMahony',NULL,NULL,NULL,'Contractor',NULL,NULL,1),(3963,'Daragh','Cronin',NULL,NULL,NULL,'Contractor',NULL,NULL,1),(3964,'Daragh','heffernan',NULL,NULL,NULL,'Contractor',NULL,NULL,1),(3965,'Danny','OKeeffe',NULL,NULL,NULL,'Contractor',NULL,NULL,1),(3966,'Danny','Mulligan',NULL,NULL,NULL,'Contractor',NULL,NULL,1),(3967,'Danny','Fitzgibbon',NULL,NULL,NULL,'Contractor',NULL,NULL,1),(3968,'Daniel','Raftery',NULL,NULL,NULL,'Contractor',NULL,NULL,1),(3969,'Daniel','Welles',NULL,NULL,NULL,'Contractor',NULL,NULL,1),(3970,'Daniel','Walsh',NULL,NULL,NULL,'Contractor',NULL,NULL,1),(3971,'Daniel','Schrof',NULL,NULL,NULL,'Contractor',NULL,NULL,1),(3972,'Daniel','Ryan',NULL,NULL,NULL,'Contractor',NULL,NULL,1),(3973,'Daniel','Patan',NULL,NULL,NULL,'Contractor',NULL,NULL,1),(3974,'Daniel','OShea',NULL,NULL,NULL,'Contractor',NULL,NULL,1),(3975,'Daniel','Carroll',NULL,NULL,NULL,'Contractor',NULL,NULL,1),(3976,'Daniel','Brosnan',NULL,NULL,NULL,'Contractor',NULL,NULL,1),(3977,'Daniel','Brophy',NULL,NULL,NULL,'Contractor',NULL,NULL,1),(3978,'Daniel','Babos',NULL,NULL,NULL,'Contractor',NULL,NULL,1),(3979,'Daniel','Aherne',NULL,NULL,NULL,'Contractor',NULL,NULL,1),(3980,'Dan','OConnor',NULL,NULL,NULL,'Contractor',NULL,NULL,1),(3981,'Dan','Norton',NULL,NULL,NULL,'Contractor',NULL,NULL,1),(3982,'Dan','Lynch',NULL,NULL,NULL,'Contractor',NULL,NULL,1),(3983,'Damien','Williams',NULL,NULL,NULL,'Contractor',NULL,NULL,1),(3984,'Damien','White',NULL,NULL,NULL,'Contractor',NULL,NULL,1),(3985,'Damien','Wheeler',NULL,NULL,NULL,'Contractor',NULL,NULL,1),(3986,'Damien','Walsh',NULL,NULL,NULL,'Contractor',NULL,NULL,1),(3987,'Damien','Tobin',NULL,NULL,NULL,'Contractor',NULL,NULL,1),(3988,'Damien','Stack',NULL,NULL,NULL,'Contractor',NULL,NULL,1),(3989,'Damien','Smialek',NULL,NULL,NULL,'Contractor',NULL,NULL,1),(3990,'Damien','Oriordan',NULL,NULL,NULL,'Contractor',NULL,NULL,1),(3991,'Damien','Mcnamara',NULL,NULL,NULL,'Contractor',NULL,NULL,1),(3992,'Damien','Judge',NULL,NULL,NULL,'Contractor',NULL,NULL,1),(3993,'Damien','Hardman',NULL,NULL,NULL,'Contractor',NULL,NULL,1),(3994,'Damien','Fox',NULL,NULL,NULL,'Contractor',NULL,NULL,1),(3995,'Damien','Byrne',NULL,NULL,NULL,'Contractor',NULL,NULL,1),(3996,'Damien','Breen',NULL,NULL,NULL,'Contractor',NULL,NULL,1),(3997,'Damien','Allen',NULL,NULL,NULL,'Contractor',NULL,NULL,1),(3998,'Damian','Mullally',NULL,NULL,NULL,'Contractor',NULL,NULL,1),(3999,'Damian','Tecza',NULL,NULL,NULL,'Contractor',NULL,NULL,1),(4000,'Damian','Rutkowski',NULL,NULL,NULL,'Contractor',NULL,NULL,1),(4001,'Damian','Mullally',NULL,NULL,NULL,'Contractor',NULL,NULL,1),(4002,'Damian','Lyng',NULL,NULL,NULL,'Contractor',NULL,NULL,1),(4003,'Damian','Carr',NULL,NULL,NULL,'Contractor',NULL,NULL,1),(4004,'Dale','Nolan',NULL,NULL,NULL,'Contractor',NULL,NULL,1),(4005,'Dale','Murphy',NULL,NULL,NULL,'Contractor',NULL,NULL,1),(4006,'Dale','Dolan',NULL,NULL,NULL,'Contractor',NULL,NULL,1),(4007,'Dale','Andrews',NULL,NULL,NULL,'Contractor',NULL,NULL,1),(4008,'Daiva','Vystartiene',NULL,NULL,NULL,'Contractor',NULL,NULL,1),(4009,'Daithi','Brunnock',NULL,NULL,NULL,'Contractor',NULL,NULL,1),(4010,'Cyril','Macken',NULL,NULL,NULL,'Contractor',NULL,NULL,1),(4011,'Creig','Moloney',NULL,NULL,NULL,'Contractor',NULL,NULL,1),(4012,'Craig','Quinn',NULL,NULL,NULL,'Contractor',NULL,NULL,1),(4013,'Craig','ODriscoll',NULL,NULL,NULL,'Contractor',NULL,NULL,1),(4014,'Craig','Moloney',NULL,NULL,NULL,'Contractor',NULL,NULL,1),(4015,'Craig','Meaney',NULL,NULL,NULL,'Contractor',NULL,NULL,1),(4016,'Craig','Huddleston',NULL,NULL,NULL,'Contractor',NULL,NULL,1),(4017,'Craig','Condon',NULL,NULL,NULL,'Contractor',NULL,NULL,1),(4018,'Craig','Broderick',NULL,NULL,NULL,'Contractor',NULL,NULL,1),(4019,'Corrie','Crocket',NULL,NULL,NULL,'Contractor',NULL,NULL,1),(4020,'Cormac','Sheehan',NULL,NULL,NULL,'Contractor',NULL,NULL,1),(4021,'Cormac','Ryan',NULL,NULL,NULL,'Contractor',NULL,NULL,1),(4022,'Conor','Birkenhead',NULL,NULL,NULL,NULL,NULL,NULL,1),(4023,'Conor','OGeran',NULL,NULL,NULL,'Contractor',NULL,NULL,1),(4024,'Conor','McDermott',NULL,NULL,NULL,'Contractor',NULL,NULL,1),(4025,'Conor','Whelan',NULL,NULL,NULL,'Contractor',NULL,NULL,1),(4026,'Conor','Vernon',NULL,NULL,NULL,'Contractor',NULL,NULL,1),(4027,'Conor','Stakelum jnr',NULL,NULL,NULL,'Contractor',NULL,NULL,1),(4028,'Conor','Spillane',NULL,NULL,NULL,'Contractor',NULL,NULL,1),(4029,'Conor','Quinn',NULL,NULL,NULL,'Contractor',NULL,NULL,1),(4030,'Conor','Pollack',NULL,NULL,NULL,'Contractor',NULL,NULL,1),(4031,'Conor','OSullivan',NULL,NULL,NULL,'Contractor',NULL,NULL,1),(4032,'Conor','ODonovan',NULL,NULL,NULL,'Contractor',NULL,NULL,1),(4033,'Conor','OBrien',NULL,NULL,NULL,'Contractor',NULL,NULL,1),(4034,'Conor','Murray',NULL,NULL,NULL,'Contractor',NULL,NULL,1),(4035,'Conor','Murphy',NULL,NULL,NULL,'Contractor',NULL,NULL,1),(4036,'Conor','Mcgrath',NULL,NULL,NULL,'Contractor',NULL,NULL,1),(4037,'Conor','Mcdermott',NULL,NULL,NULL,'Contractor',NULL,NULL,1),(4038,'Conor','Hogan',NULL,NULL,NULL,'Contractor',NULL,NULL,1),(4039,'Conor','Hickey',NULL,NULL,NULL,'Contractor',NULL,NULL,1),(4040,'Conor','Henderson',NULL,NULL,NULL,'Contractor',NULL,NULL,1),(4041,'Conor','Fitzgerald',NULL,NULL,NULL,'Contractor',NULL,NULL,1),(4042,'Conor','Eighen',NULL,NULL,NULL,'Contractor',NULL,NULL,1),(4043,'Conor','Egan',NULL,NULL,NULL,'Contractor',NULL,NULL,1),(4044,'Conor','Dwyer',NULL,NULL,NULL,'Contractor',NULL,NULL,1),(4045,'Conor','Dowling',NULL,NULL,NULL,'Contractor',NULL,NULL,1),(4046,'Conor','Byrne',NULL,NULL,NULL,'Contractor',NULL,NULL,1),(4047,'Conor','kennedy',NULL,NULL,NULL,'Contractor',NULL,NULL,1),(4048,'Conlfith','Mcormack',NULL,NULL,NULL,'Contractor',NULL,NULL,1),(4049,'Con','Guiney',NULL,NULL,NULL,'Contractor',NULL,NULL,1),(4050,'Con','Barry murphy',NULL,NULL,NULL,'Contractor',NULL,NULL,1),(4051,'Colm','Scannell',NULL,NULL,NULL,'Contractor',NULL,NULL,1),(4052,'Colm','Ryan',NULL,NULL,NULL,'Contractor',NULL,NULL,1),(4053,'Colm','OShea',NULL,NULL,NULL,'Contractor',NULL,NULL,1),(4054,'Colm','Keenan',NULL,NULL,NULL,'Contractor',NULL,NULL,1),(4055,'Colm','Horgan',NULL,NULL,NULL,'Contractor',NULL,NULL,1),(4056,'Colm','Duff',NULL,NULL,NULL,'Contractor',NULL,NULL,1),(4057,'Colm','dowdall',NULL,NULL,NULL,'Contractor',NULL,NULL,1),(4058,'Colin','Tuite',NULL,NULL,NULL,'Contractor',NULL,NULL,1),(4059,'Colin','ORiordan',NULL,NULL,NULL,'Contractor',NULL,NULL,1),(4060,'Colin','Mitchel',NULL,NULL,NULL,'Contractor',NULL,NULL,1),(4061,'Colin','Lettis',NULL,NULL,NULL,'Contractor',NULL,NULL,1),(4062,'Colin','Bell',NULL,NULL,NULL,'Contractor',NULL,NULL,1),(4063,'Codey','Kearney',NULL,NULL,NULL,'Contractor',NULL,NULL,1),(4064,'Clodagh','OBrien',NULL,NULL,NULL,'Contractor',NULL,NULL,1),(4065,'Clive','Owens',NULL,'Clive.owens@amneal.com',NULL,'Supply Chain Manager',1,NULL,1),(4066,'Clive','Nangle',NULL,NULL,NULL,'Contractor',NULL,NULL,1),(4067,'Clifton','Gaffney',NULL,NULL,NULL,'Contractor',NULL,NULL,1),(4068,'Cliff','Madigan',NULL,NULL,NULL,'Contractor',NULL,NULL,1),(4069,'Cliff','Haynes',NULL,NULL,NULL,'Contractor',NULL,NULL,1),(4070,'Cleaning','Cashel',NULL,NULL,NULL,'Contractor',NULL,NULL,1),(4071,'Claudiu','Crisan',NULL,NULL,NULL,'Contractor',NULL,NULL,1),(4072,'Claudio','Couto',NULL,NULL,NULL,'Contractor',NULL,NULL,1),(4073,'Claudia','Molocea',NULL,NULL,NULL,'Contractor',NULL,NULL,1),(4074,'Claire','OConnell',NULL,'Claire.Oconnell@amneal.com',NULL,'IPQA Specialist',1,NULL,1),(4075,'Claire','Jones',NULL,'Claire.jones@amneal.com',NULL,NULL,1,NULL,1),(4076,'Claire','OBrien',NULL,NULL,NULL,'Contractor',NULL,NULL,1),(4077,'Claire','Lynch',NULL,NULL,NULL,'Contractor',NULL,NULL,1),(4078,'Claire','Lawless',NULL,NULL,NULL,'Contractor',NULL,NULL,1),(4079,'Ciprian','Scripcaru',NULL,NULL,NULL,'Contractor',NULL,NULL,1),(4080,'Ciprian','Bartha',NULL,NULL,NULL,'Contractor',NULL,NULL,1),(4081,'Cillian','Kenneally',NULL,NULL,NULL,'Contractor',NULL,NULL,1),(4082,'Ciaran','Shiels',NULL,NULL,NULL,'Contractor',NULL,NULL,1),(4083,'Ciaran','Ryan',NULL,NULL,NULL,'Contractor',NULL,NULL,1),(4084,'Ciaran','Quirke',NULL,NULL,NULL,'Contractor',NULL,NULL,1),(4085,'Ciaran','Nixon',NULL,NULL,NULL,'Contractor',NULL,NULL,1),(4086,'Ciaran','Minchin',NULL,NULL,NULL,'Contractor',NULL,NULL,1),(4087,'Ciaran','Mcguiness',NULL,NULL,NULL,'Contractor',NULL,NULL,1),(4088,'Ciaran','Grennon',NULL,NULL,NULL,'Contractor',NULL,NULL,1),(4089,'Ciaran','Duffy',NULL,NULL,NULL,'Contractor',NULL,NULL,1),(4090,'Ciaran','Cowan',NULL,NULL,NULL,'Contractor',NULL,NULL,1),(4091,'Ciaran','Coulan',NULL,NULL,NULL,'Contractor',NULL,NULL,1),(4092,'Ciara','Lonergan',NULL,'Ciara.Lonergan@amneal.com',NULL,'Office Personnel',1,NULL,1),(4093,'Ciara','Barry',NULL,'Ciara.Barry@amneal.com',NULL,'Operations',1,NULL,1),(4094,'Cian','Dreeling',NULL,NULL,NULL,'Contractor',NULL,NULL,1),(4095,'Cian','Walsh',NULL,NULL,NULL,'Contractor',NULL,NULL,1),(4096,'Cian','Prendeville',NULL,NULL,NULL,'Contractor',NULL,NULL,1),(4097,'Cian','Penderville',NULL,NULL,NULL,'Contractor',NULL,NULL,1),(4098,'Cian','ODonovan',NULL,NULL,NULL,'Contractor',NULL,NULL,1),(4099,'Cian','Moloney',NULL,NULL,NULL,'Contractor',NULL,NULL,1),(4100,'Cian','Maloney',NULL,NULL,NULL,'Contractor',NULL,NULL,1),(4101,'Cian','Holland',NULL,NULL,NULL,'Contractor',NULL,NULL,1),(4102,'Cian','Grace',NULL,NULL,NULL,'Contractor',NULL,NULL,1),(4103,'Cian','Cronin',NULL,NULL,NULL,'Contractor',NULL,NULL,1),(4104,'Christy','Power',NULL,NULL,NULL,'Contractor',NULL,NULL,1),(4105,'Christopher','Murray',NULL,'christopher.murray@ecoonline.com',NULL,'Contractor',1,NULL,1),(4106,'Christopher','Cooke',NULL,NULL,NULL,NULL,NULL,NULL,1),(4107,'Christopher','Mcdonald',NULL,NULL,NULL,'Contractor',NULL,NULL,1),(4108,'Christopher','Kerr',NULL,NULL,NULL,'Contractor',NULL,NULL,1),(4109,'Christopher','Gunnery',NULL,NULL,NULL,'Contractor',NULL,NULL,1),(4110,'Christopher','Eleker',NULL,NULL,NULL,'Contractor',NULL,NULL,1),(4111,'Christopher','Cooke',NULL,NULL,NULL,'Contractor',NULL,NULL,1),(4112,'Christine','Ryan',NULL,NULL,NULL,'Accountant Manager',1,NULL,1),(4113,'Christina','Connolly',NULL,NULL,NULL,'Contractor',NULL,NULL,1),(4114,'Chris','Obrien',NULL,NULL,NULL,'IT Personnel',1,NULL,1),(4115,'Chris','Murray',NULL,NULL,NULL,'External',NULL,NULL,1),(4116,'Chris','Wilkinson',NULL,NULL,NULL,'Contractor',NULL,NULL,1),(4117,'Chris','Sumption',NULL,NULL,NULL,'Contractor',NULL,NULL,1),(4118,'Chris','Steele',NULL,NULL,NULL,'Contractor',NULL,NULL,1),(4119,'Chris','Sheehan',NULL,NULL,NULL,'Contractor',NULL,NULL,1),(4120,'Chris','Ryder',NULL,NULL,NULL,'Contractor',NULL,NULL,1),(4121,'Chris','Purcell',NULL,NULL,NULL,'Contractor',NULL,NULL,1),(4122,'Chris','OCallaghan',NULL,NULL,NULL,'Contractor',NULL,NULL,1),(4123,'Chris','Keogh',NULL,NULL,NULL,'Contractor',NULL,NULL,1),(4124,'Chris','Jackson',NULL,NULL,NULL,'Contractor',NULL,NULL,1),(4125,'Chris','Hogan',NULL,NULL,NULL,'Contractor',NULL,NULL,1),(4126,'Chris','Hearne',NULL,NULL,NULL,'Contractor',NULL,NULL,1),(4127,'Chris','Doyle',NULL,NULL,NULL,'Contractor',NULL,NULL,1),(4128,'Charlie','Saunders',NULL,NULL,NULL,'Contractor',NULL,NULL,1),(4129,'Charlie','Murphy',NULL,NULL,NULL,'Contractor',NULL,NULL,1),(4130,'Charlie','Cameron',NULL,NULL,NULL,'Contractor',NULL,NULL,1),(4131,'Cezary','Gorniak',NULL,NULL,NULL,'Contractor',NULL,NULL,1),(4132,'Catriona','Spillane',NULL,NULL,NULL,'Contractor',NULL,NULL,1),(4133,'Cathy','ODonogue',NULL,NULL,NULL,'Contractor',NULL,NULL,1),(4134,'Cathy','Mansfield',NULL,NULL,NULL,'Contractor',NULL,NULL,1),(4135,'Cathal','OLoughlin',NULL,NULL,NULL,'Contractor',NULL,NULL,1),(4136,'Cathal','Ryan',NULL,NULL,NULL,'Contractor',NULL,NULL,1),(4137,'Cathal','Murphy',NULL,NULL,NULL,'Contractor',NULL,NULL,1),(4138,'Cathal','Mc mullan',NULL,NULL,NULL,'Contractor',NULL,NULL,1),(4139,'Cathal','Mc cormack',NULL,NULL,NULL,'Contractor',NULL,NULL,1),(4140,'Catalin','Ghiuta',NULL,NULL,NULL,'Contractor',NULL,NULL,1),(4141,'Carl','Morrissey',NULL,NULL,NULL,'Contractor',NULL,NULL,1),(4142,'Cara','Bergin',NULL,NULL,NULL,'Contractor',NULL,NULL,1),(4143,'Caolite','Sexton',NULL,NULL,NULL,'Contractor',NULL,NULL,1),(4144,'Caoilte','Sexton',NULL,NULL,NULL,'Contractor',NULL,NULL,1),(4145,'Canteen','Cashel',NULL,NULL,NULL,NULL,NULL,NULL,1),(4146,'Canice','Grennan',NULL,NULL,NULL,'Contractor',NULL,NULL,1),(4147,'Cameron','White',NULL,NULL,NULL,'Contractor',NULL,NULL,1),(4148,'Calum','OConnor',NULL,NULL,NULL,'Contractor',NULL,NULL,1),(4149,'Callum','Fanning',NULL,'Callum.Fanning@amneal.com',NULL,'Process Engineer',1,NULL,1),(4150,'Callum','Murphy',NULL,NULL,NULL,'Contractor',NULL,NULL,1),(4151,'Bryan','Williams',NULL,NULL,NULL,'Contractor',NULL,NULL,1),(4152,'Bryan','Phelan',NULL,NULL,NULL,'Contractor',NULL,NULL,1),(4153,'Brona','Mulcahy',NULL,NULL,NULL,'Microbiology Personnel',1,NULL,1),(4154,'Brigid','Hayes',NULL,NULL,NULL,'Contractor',NULL,NULL,1),(4155,'Brian','Slevin',NULL,NULL,NULL,NULL,NULL,NULL,1),(4156,'Brian','Waddick',NULL,NULL,NULL,'Contractor',NULL,NULL,1),(4157,'Brian','Tobin',NULL,NULL,NULL,'Contractor',NULL,NULL,1),(4158,'Brian','Ryan',NULL,NULL,NULL,'Contractor',NULL,NULL,1),(4159,'Brian','ODriscoll',NULL,NULL,NULL,'Contractor',NULL,NULL,1),(4160,'Brian','OConnor',NULL,NULL,NULL,'Contractor',NULL,NULL,1),(4161,'Brian','ONeill',NULL,NULL,NULL,'Contractor',NULL,NULL,1),(4162,'Brian','ODoherty',NULL,NULL,NULL,'Contractor',NULL,NULL,1),(4163,'Brian','Nolan',NULL,NULL,NULL,'Contractor',NULL,NULL,1),(4164,'Brian','Morrissy',NULL,NULL,NULL,'Contractor',NULL,NULL,1),(4165,'Brian','Mcmahon',NULL,NULL,NULL,'Contractor',NULL,NULL,1),(4166,'Brian','Maher',NULL,NULL,NULL,'Contractor',NULL,NULL,1),(4167,'Brian','Lynch',NULL,NULL,NULL,'Contractor',NULL,NULL,1),(4168,'Brian','Leamy',NULL,NULL,NULL,'Contractor',NULL,NULL,1),(4169,'Brian','Houlihan',NULL,NULL,NULL,'Contractor',NULL,NULL,1),(4170,'Brian','Harty',NULL,NULL,NULL,'Contractor',NULL,NULL,1),(4171,'Brian','Harney',NULL,NULL,NULL,'Contractor',NULL,NULL,1),(4172,'Brian','Hannon',NULL,NULL,NULL,'Contractor',NULL,NULL,1),(4173,'Brian','Gargan',NULL,NULL,NULL,'Contractor',NULL,NULL,1),(4174,'Brian','Flanagan',NULL,NULL,NULL,'Contractor',NULL,NULL,1),(4175,'Brian','Dargan',NULL,NULL,NULL,'Contractor',NULL,NULL,1),(4176,'Brian','Cunningham',NULL,NULL,NULL,'Contractor',NULL,NULL,1),(4177,'Brian','Cumiskey',NULL,NULL,NULL,'Contractor',NULL,NULL,1),(4178,'Brian','Cullinane',NULL,NULL,NULL,'Contractor',NULL,NULL,1),(4179,'Brian','Cass',NULL,NULL,NULL,'Contractor',NULL,NULL,1),(4180,'Brian','Carney',NULL,NULL,NULL,'Contractor',NULL,NULL,1),(4181,'Brian','Aver',NULL,NULL,NULL,'Contractor',NULL,NULL,1),(4182,'Brian','Darcy',NULL,NULL,NULL,'Contractor',NULL,NULL,1),(4183,'Brendan','Manning',NULL,'Brendan.Manning@amneal.com',NULL,NULL,1,NULL,1),(4184,'Brendan','Hyland',NULL,'Brendan.Hyland@amneal.com',NULL,'Specialist',1,NULL,1),(4185,'Brendan','OReagan',NULL,NULL,NULL,'Contractor',NULL,NULL,1),(4186,'Brendan','Oriordan',NULL,NULL,NULL,'Contractor',NULL,NULL,1),(4187,'Brendan','OFlaherty',NULL,NULL,NULL,'Contractor',NULL,NULL,1),(4188,'Brendan','ODwyer',NULL,NULL,NULL,'Contractor',NULL,NULL,1),(4189,'Brendan','Murphy',NULL,NULL,NULL,'Contractor',NULL,NULL,1),(4190,'Brendan','Mcphillips',NULL,NULL,NULL,'Contractor',NULL,NULL,1),(4191,'Brendan','Mcphillips',NULL,NULL,NULL,'Analyst',NULL,NULL,1),(4192,'Brendan','Hull',NULL,NULL,NULL,'Contractor',NULL,NULL,1),(4193,'Brendan','Hoey',NULL,NULL,NULL,'Contractor',NULL,NULL,1),(4194,'Brendan','Halpin',NULL,NULL,NULL,'Contractor',NULL,NULL,1),(4195,'Brendan','Gleeson',NULL,NULL,NULL,'Contractor',NULL,NULL,1),(4196,'Brendan','Dunphy',NULL,NULL,NULL,'Contractor',NULL,NULL,1),(4197,'Brendan','Dennehy',NULL,NULL,NULL,'Contractor',NULL,NULL,1),(4198,'Brendan','Daly',NULL,NULL,NULL,'Contractor',NULL,NULL,1),(4199,'Brendan','Burke',NULL,NULL,NULL,'Contractor',NULL,NULL,1),(4200,'Brendan','Rock',NULL,NULL,NULL,'Contractor',NULL,NULL,1),(4201,'Brendan','Mulholland',NULL,NULL,NULL,'Contractor',NULL,NULL,1),(4202,'Brendan','Lynch',NULL,NULL,NULL,'Contractor',NULL,NULL,1),(4203,'Breifne','Hanratty',NULL,NULL,NULL,'Contractor',NULL,NULL,1),(4204,'Bredan','OReagan',NULL,NULL,NULL,'Contractor',NULL,NULL,1),(4205,'Bohmil','Horsak',NULL,NULL,NULL,'Contractor',NULL,NULL,1),(4206,'Bogdan','Colovelli',NULL,NULL,NULL,'Contractor',NULL,NULL,1),(4207,'Bogdan','oleksy',NULL,NULL,NULL,'Contractor',NULL,NULL,1),(4208,'Bobert','Mackey',NULL,NULL,NULL,'Contractor',NULL,NULL,1),(4209,'Bob','Sutcliffe',NULL,NULL,NULL,'Contractor',NULL,NULL,1),(4210,'Billy','Larkin',NULL,NULL,NULL,'Contractor',NULL,NULL,1),(4211,'Billy','Donald',NULL,NULL,NULL,'Contractor',NULL,NULL,1),(4212,'Bertie','OLeary',NULL,NULL,NULL,'Contractor',NULL,NULL,1),(4213,'Berthold','Majunke',NULL,NULL,NULL,'Contractor',NULL,NULL,1),(4214,'Bernie','Tobin',NULL,NULL,NULL,'Contractor',NULL,NULL,1),(4215,'Bernie','Hoare',NULL,NULL,NULL,'Contractor',NULL,NULL,1),(4216,'Bernard','OHara',NULL,NULL,NULL,'Contractor',NULL,NULL,1),(4217,'Bernard','Mcgrath',NULL,NULL,NULL,'Contractor',NULL,NULL,1),(4218,'Bernard','Mcdonnell',NULL,NULL,NULL,'Contractor',NULL,NULL,1),(4219,'Bernard','Gilmartin',NULL,NULL,NULL,'Contractor',NULL,NULL,1),(4220,'Bernard','Fogarty',NULL,NULL,NULL,'Contractor',NULL,NULL,1),(4221,'Ben','Purcell',NULL,'Ben.purcell@amneal.com',NULL,'Engineer Support',1,NULL,1),(4222,'Ben','Hennessey',NULL,NULL,NULL,'Contractor',NULL,NULL,1),(4223,'Bartosz','Opala',NULL,'Bartosz.Opala@amneal.com',NULL,'GO',1,NULL,1),(4224,'Barry','Manning',NULL,'Barry.Manning@amneal.com',NULL,'GO',1,NULL,1),(4225,'Barry','Staunton',NULL,NULL,NULL,'Contractor',NULL,NULL,1),(4226,'Barry','Roche',NULL,NULL,NULL,'Contractor',NULL,NULL,1),(4227,'Barry','Redmond',NULL,NULL,NULL,'Contractor',NULL,NULL,1),(4228,'Barry','OMahony',NULL,NULL,NULL,'Contractor',NULL,NULL,1),(4229,'Barry','Mccullagh',NULL,NULL,NULL,'Contractor',NULL,NULL,1),(4230,'Barry','Mccormack',NULL,NULL,NULL,'Contractor',NULL,NULL,1),(4231,'Barry','Mc cormack',NULL,NULL,NULL,'Contractor',NULL,NULL,1),(4232,'Barry','Madigan',NULL,NULL,NULL,'Contractor',NULL,NULL,1),(4233,'Barry','Kiely',NULL,NULL,NULL,'Contractor',NULL,NULL,1),(4234,'Barry','Holmes',NULL,NULL,NULL,'Contractor',NULL,NULL,1),(4235,'Barry','Higgins',NULL,NULL,NULL,'Contractor',NULL,NULL,1),(4236,'Barry','Glavin',NULL,NULL,NULL,'Contractor',NULL,NULL,1),(4237,'Barry','Fitzgerald',NULL,NULL,NULL,'Contractor',NULL,NULL,1),(4238,'Barry','Conway',NULL,NULL,NULL,'Contractor',NULL,NULL,1),(4239,'Barry','Anglim',NULL,NULL,NULL,'Contractor',NULL,NULL,1),(4240,'Barrt','Redmond',NULL,NULL,NULL,'Contractor',NULL,NULL,1),(4241,'Barrie','Hogan',NULL,NULL,NULL,'Contractor',NULL,NULL,1),(4242,'Balu','Giwa',NULL,NULL,NULL,'Contractor',NULL,NULL,1),(4243,'Badr','j dair',NULL,NULL,NULL,'Contractor',NULL,NULL,1),(4244,'Azadeh','Rahimitanha',NULL,'Azadeh.Rahimitanha@amneal.com',NULL,'IPQA Specialist',1,NULL,1),(4245,'Ayesha','Siddiqua',NULL,'Ayesha.Siddiqua@amneal.com',NULL,'IPQA Personnel',1,NULL,1),(4246,'Austin','Fitzgerald',NULL,NULL,NULL,'Contractor',NULL,NULL,1),(4247,'Aurthur','Dean',NULL,NULL,NULL,'Contractor',NULL,NULL,1),(4248,'Aurimas','Skikas',NULL,NULL,NULL,'Contractor',NULL,NULL,1),(4249,'Audrey','Crone',NULL,NULL,NULL,'Contractor',NULL,NULL,1),(4250,'Aubrey','Staples',NULL,'aubrey.staples@amneal.com',NULL,NULL,1,NULL,1),(4251,'Attila','Szucs',NULL,NULL,NULL,'Contractor',NULL,NULL,1),(4252,'Attila','Frugyik',NULL,NULL,NULL,'Contractor',NULL,NULL,1),(4253,'Ashok','Gulati',NULL,NULL,NULL,'Specialist',1,NULL,1),(4254,'Ashok','Gulati',NULL,NULL,NULL,'Contractor',NULL,NULL,1),(4255,'Artur','Szuflicki',NULL,NULL,NULL,'Contractor',NULL,NULL,1),(4256,'Artur','Bade',NULL,NULL,NULL,'Contractor',NULL,NULL,1),(4257,'Arthur','Slomka',NULL,NULL,NULL,'Contractor',NULL,NULL,1),(4258,'Arthur','Deane',NULL,NULL,NULL,'Contractor',NULL,NULL,1),(4259,'Arthur','Dean',NULL,NULL,NULL,'Contractor',NULL,NULL,1),(4260,'Arpad','Morvath',NULL,NULL,NULL,'Contractor',NULL,NULL,1),(4261,'Arlene','Murphy',NULL,NULL,NULL,'Contractor',NULL,NULL,1),(4262,'Arkadiusz','Wabinski',NULL,NULL,NULL,'Contractor',NULL,NULL,1),(4263,'Arkadiusz','Nowacki',NULL,NULL,NULL,'Contractor',NULL,NULL,1),(4264,'Arkadiusz','styrna',NULL,NULL,NULL,'Contractor',NULL,NULL,1),(4265,'Arkadiusz','kieda',NULL,NULL,NULL,'Contractor',NULL,NULL,1),(4266,'Arkadiusz','Bator',NULL,NULL,NULL,'Contractor',NULL,NULL,1),(4267,'Arek','Wabinski',NULL,NULL,NULL,'Contractor',NULL,NULL,1),(4268,'Aoife','White',NULL,'Aoife.White@amneal.com',NULL,'Administrative',1,NULL,1),(4269,'Aoife','Roche',NULL,'Aoife.roche@amneal.com',NULL,'Lab Personnel',1,NULL,1),(4270,'Aoife','White',NULL,NULL,NULL,'Student',1,NULL,1),(4271,'Aoife','Carew',NULL,NULL,NULL,NULL,NULL,NULL,1),(4272,'Antony','OSullivan',NULL,NULL,NULL,'Contractor',NULL,NULL,1),(4273,'Anthony','Jordan',NULL,'anthony.jordan@amneal.com',NULL,'Operations',1,NULL,1),(4274,'Anthony','Ryan',NULL,NULL,NULL,'Contractor',NULL,NULL,1),(4275,'Anthony','Rossborough',NULL,NULL,NULL,'Contractor',NULL,NULL,1),(4276,'Anthony','ODonoghue',NULL,NULL,NULL,'Contractor',NULL,NULL,1),(4277,'Anthony','Mckeogh',NULL,NULL,NULL,'Contractor',NULL,NULL,1),(4278,'Anthony','Mcdaid',NULL,NULL,NULL,'Contractor',NULL,NULL,1),(4279,'Anthony','Marks',NULL,NULL,NULL,'Contractor',NULL,NULL,1),(4280,'Anthony','Mangan',NULL,NULL,NULL,'Contractor',NULL,NULL,1),(4281,'Anthony','Jakson',NULL,NULL,NULL,'Contractor',NULL,NULL,1),(4282,'Anthony','Eccles',NULL,NULL,NULL,'Contractor',NULL,NULL,1),(4283,'Anthony','Connolly',NULL,NULL,NULL,'Contractor',NULL,NULL,1),(4284,'Anthony','Alex p.',NULL,NULL,NULL,'Contractor',NULL,NULL,1),(4285,'Anthony','Ahern',NULL,NULL,NULL,'Contractor',NULL,NULL,1),(4286,'Anthony','ONeill',NULL,NULL,NULL,'Contractor',NULL,NULL,1),(4287,'Anthony','marks',NULL,NULL,NULL,'Contractor',NULL,NULL,1),(4288,'Anthoniet','Ohanya',NULL,'Anthoniet.Ohanya@amneal.com',NULL,'Analyst',1,NULL,1),(4289,'Anne','McGrath',NULL,'anne.mcgrath@amneal.com',NULL,'Specialist',1,NULL,1),(4290,'Anne','Marie o carroll',NULL,NULL,NULL,'Contractor',NULL,NULL,1),(4291,'Anna','Sipitanou',NULL,NULL,NULL,'Contractor',NULL,NULL,1),(4292,'Anna','Kurpiewska',NULL,NULL,NULL,'Contractor',NULL,NULL,1),(4293,'Ann','Burke',NULL,NULL,NULL,'GO',1,NULL,1),(4294,'Ankita','Solkar',NULL,'Ankita.Solkar@amneal.com',NULL,'Analyst',1,NULL,1),(4295,'Angie','Ryan',NULL,NULL,NULL,'Contractor',NULL,NULL,1),(4296,'Angela','Collins',NULL,NULL,NULL,'Contractor',NULL,NULL,1),(4297,'Andzela','Krivcikova',NULL,NULL,NULL,'Cleaning Personnel',NULL,NULL,1),(4298,'Andy','Pearson',NULL,NULL,NULL,'Contractor',NULL,NULL,1),(4299,'Andy','Murphy',NULL,NULL,NULL,'Contractor',NULL,NULL,1),(4300,'Andy','Kinnane',NULL,NULL,NULL,'Contractor',NULL,NULL,1),(4301,'Andy','Kinane',NULL,NULL,NULL,'Contractor',NULL,NULL,1),(4302,'Andy','killen',NULL,NULL,NULL,'Contractor',NULL,NULL,1),(4303,'Anduel','Bregu',NULL,NULL,NULL,'Contractor',NULL,NULL,1),(4304,'Andrius','Kilmauskas',NULL,NULL,NULL,'Contractor',NULL,NULL,1),(4305,'Andris','Emolins',NULL,NULL,NULL,'Contractor',NULL,NULL,1),(4306,'Andrew','Senior',NULL,NULL,NULL,'Contractor',NULL,NULL,1),(4307,'Andrew','Simpson',NULL,NULL,NULL,'Contractor',NULL,NULL,1),(4308,'Andrew','Senior',NULL,NULL,NULL,'Contractor',NULL,NULL,1),(4309,'Andrew','Quinlan',NULL,NULL,NULL,'Contractor',NULL,NULL,1),(4310,'Andrew','Penson',NULL,NULL,NULL,'Contractor',NULL,NULL,1),(4311,'Andrew','ORegan',NULL,NULL,NULL,'Contractor',NULL,NULL,1),(4312,'Andrew','ONeill',NULL,NULL,NULL,'Contractor',NULL,NULL,1),(4313,'Andrew','OBrien',NULL,NULL,NULL,'Contractor',NULL,NULL,1),(4314,'Andrew','OBrien',NULL,NULL,NULL,'Contractor',NULL,NULL,1),(4315,'Andrew','Kenny',NULL,NULL,NULL,'Contractor',NULL,NULL,1),(4316,'Andrew','Kavanagh',NULL,NULL,NULL,'Contractor',NULL,NULL,1),(4317,'Andrew','Dunne',NULL,NULL,NULL,'Contractor',NULL,NULL,1),(4318,'Andrew','Duggan',NULL,NULL,NULL,'Contractor',NULL,NULL,1),(4319,'Andrew','Duffin',NULL,NULL,NULL,'Contractor',NULL,NULL,1),(4320,'Andrew','Baldwin',NULL,NULL,NULL,'Contractor',NULL,NULL,1),(4321,'Andrew','kavanagh',NULL,NULL,NULL,'Contractor',NULL,NULL,1),(4322,'Andres','Cerescu',NULL,NULL,NULL,'Contractor',NULL,NULL,1),(4323,'Andrejs','Zaicevs',NULL,NULL,NULL,'Contractor',NULL,NULL,1),(4324,'Andrejs','baikovs',NULL,NULL,NULL,'Contractor',NULL,NULL,1),(4325,'Andrej','Chololejenko',NULL,NULL,NULL,'Contractor',NULL,NULL,1),(4326,'Andrej','Kolesnikov',NULL,NULL,NULL,'Contractor',NULL,NULL,1),(4327,'Andrei','Mereacre',NULL,NULL,NULL,'Contractor',NULL,NULL,1),(4328,'Andrei','Gavrilian',NULL,NULL,NULL,'Contractor',NULL,NULL,1),(4329,'Andrei','Buceatchi',NULL,NULL,NULL,'Contractor',NULL,NULL,1),(4330,'Andre','White',NULL,NULL,NULL,'Contractor',NULL,NULL,1),(4331,'Andre','Dimitru jipa',NULL,NULL,NULL,'Contractor',NULL,NULL,1),(4332,'Anatoly','Polyansky',NULL,NULL,NULL,'Contractor',NULL,NULL,1),(4333,'Anagha','GuruDutt',NULL,'Anagha.GuruDutt@amneal.com',NULL,'Microbiology Personnel',1,NULL,1),(4334,'Amy','Byrne',NULL,'Amy.Byrne@amneal.com',NULL,'Operations',1,NULL,1),(4335,'Ammy','Adcock',NULL,NULL,NULL,'Contractor',NULL,NULL,1),(4336,'Amanda','Power',NULL,NULL,NULL,'Contractor',NULL,NULL,1),(4337,'Amanda','Power',NULL,NULL,NULL,'Contractor',NULL,NULL,1),(4338,'Amanda','Power',NULL,NULL,NULL,'Contractor',NULL,NULL,1),(4339,'Amanda','Dalton',NULL,NULL,NULL,'Contractor',NULL,NULL,1),(4340,'Alpa','Patel',NULL,NULL,NULL,'Contractor',NULL,NULL,1),(4341,'Allen','Murtagh',NULL,NULL,NULL,'Contractor',NULL,NULL,1),(4342,'Alison','ODonovan',NULL,NULL,NULL,'Contractor',NULL,NULL,1),(4343,'Alin','Munteanu',NULL,NULL,NULL,'Contractor',NULL,NULL,1),(4344,'Alin','Muntean',NULL,NULL,NULL,'Contractor',NULL,NULL,1),(4345,'Ali','Khan',NULL,NULL,NULL,'Contractor',NULL,NULL,1),(4346,'Algis','Miglinas',NULL,NULL,NULL,'Contractor',NULL,NULL,1),(4347,'Algis','miglinas',NULL,NULL,NULL,'Contractor',NULL,NULL,1),(4348,'Alexandru','Uilacan',NULL,NULL,NULL,'Contractor',NULL,NULL,1),(4349,'Alexandru','Diah',NULL,NULL,NULL,'Contractor',NULL,NULL,1),(4350,'Alexandr','Baraboi',NULL,NULL,NULL,'Contractor',NULL,NULL,1),(4351,'Alexander','Brecht',NULL,NULL,NULL,'Contractor',NULL,NULL,1),(4352,'Alexadru','Topliceanu',NULL,NULL,NULL,'Contractor',NULL,NULL,1),(4353,'Alex','Slattery',NULL,NULL,NULL,'GO',1,NULL,1),(4354,'Alex','Deggan',NULL,NULL,NULL,'Contractor',NULL,NULL,1),(4355,'Ales','Ambroz',NULL,NULL,NULL,'Contractor',NULL,NULL,1),(4356,'Aleksei','Ivanov',NULL,NULL,NULL,'Contractor',NULL,NULL,1),(4357,'Alec','Morrisey',NULL,NULL,NULL,'Contractor',NULL,NULL,1),(4358,'Albert','Lisiak',NULL,NULL,NULL,'Contractor',NULL,NULL,1),(4359,'Alan','Whyte',NULL,NULL,NULL,'Contractor',NULL,NULL,1),(4360,'Alan','Walsh',NULL,NULL,NULL,'Contractor',NULL,NULL,1),(4361,'Alan','Shiel',NULL,NULL,NULL,'Contractor',NULL,NULL,1),(4362,'Alan','Sheil',NULL,NULL,NULL,'Contractor',NULL,NULL,1),(4363,'Alan','Quigley',NULL,NULL,NULL,'Contractor',NULL,NULL,1),(4364,'Alan','OMahony',NULL,NULL,NULL,'Contractor',NULL,NULL,1),(4365,'Alan','OBrien',NULL,NULL,NULL,'Contractor',NULL,NULL,1),(4366,'Alan','Murphy',NULL,NULL,NULL,'Contractor',NULL,NULL,1),(4367,'Alan','Moylan',NULL,NULL,NULL,'Contractor',NULL,NULL,1),(4368,'Alan','Lucey',NULL,NULL,NULL,'Contractor',NULL,NULL,1),(4369,'Alan','Kearney',NULL,NULL,NULL,'Contractor',NULL,NULL,1),(4370,'Alan','Horgan',NULL,NULL,NULL,'Contractor',NULL,NULL,1),(4371,'Alan','Hickey',NULL,NULL,NULL,'Contractor',NULL,NULL,1),(4372,'Alan','Gray',NULL,NULL,NULL,'Contractor',NULL,NULL,1),(4373,'Alan','Das',NULL,NULL,NULL,'Contractor',NULL,NULL,1),(4374,'Alan','Carroll',NULL,NULL,NULL,'Contractor',NULL,NULL,1),(4375,'Alan','jordan',NULL,NULL,NULL,'Contractor',NULL,NULL,1),(4376,'Aisling','Egan',NULL,'Aisling.egan@amneal.com',NULL,'Technical Writer',1,NULL,1),(4377,'Aisling','Diffley',NULL,'Aisling.Diffley@amneal.com',NULL,'QC Specialist',1,NULL,1),(4378,'Aine','Stokes',NULL,NULL,NULL,'Contractor',NULL,NULL,1),(4379,'Aine','Ryan',NULL,NULL,NULL,'Contractor',NULL,NULL,1),(4380,'Ailis','Ryan',NULL,NULL,NULL,'Contractor',NULL,NULL,1),(4381,'Ailbe','ODwyer',NULL,'ailbe.odwyer@amneal.com',NULL,'IPQA Specialist',1,NULL,1),(4382,'Ailbe','Lonergan',NULL,NULL,NULL,'Contractor',NULL,NULL,1),(4383,'Aiden','Fitzpatrick',NULL,NULL,NULL,'Contractor',NULL,NULL,1),(4384,'Aidaw','Maher',NULL,NULL,NULL,'Contractor',NULL,NULL,1),(4385,'Aidan','Tobin',NULL,NULL,NULL,'Contractor',NULL,NULL,1),(4386,'Aidan','Thompson',NULL,NULL,NULL,'Contractor',NULL,NULL,1),(4387,'Aidan','OMernagh',NULL,NULL,NULL,'Contractor',NULL,NULL,1),(4388,'Aidan','Murphy',NULL,NULL,NULL,'Contractor',NULL,NULL,1),(4389,'Aidan','Lawlor',NULL,NULL,NULL,'Contractor',NULL,NULL,1),(4390,'Aidan','Hayes',NULL,NULL,NULL,'Contractor',NULL,NULL,1),(4391,'Aidan','Gildea',NULL,NULL,NULL,'Contractor',NULL,NULL,1),(4392,'Aidan','Fitzpatrick',NULL,NULL,NULL,'Contractor',NULL,NULL,1),(4393,'Aidan','Donegan',NULL,NULL,NULL,'Contractor',NULL,NULL,1),(4394,'Aidan','Dineen',NULL,NULL,NULL,'Contractor',NULL,NULL,1),(4395,'Aidan','Dowdall',NULL,NULL,NULL,'Contractor',NULL,NULL,1),(4396,'Agnieszka','Lagocka',NULL,'agnieszka.lagocka@amneal.com',NULL,NULL,1,NULL,1),(4397,'Adriana','Stoklasova',NULL,NULL,NULL,'Contractor',NULL,NULL,1),(4398,'Adrian','Sianuszek',NULL,NULL,NULL,'Contractor',NULL,NULL,1),(4399,'Adrian','Ryan',NULL,NULL,NULL,'Contractor',NULL,NULL,1),(4400,'Adrian','ODrisscoll',NULL,NULL,NULL,'Contractor',NULL,NULL,1),(4401,'Adrian','Keaveney',NULL,NULL,NULL,'Contractor',NULL,NULL,1),(4402,'Adrian','Fox',NULL,NULL,NULL,'Contractor',NULL,NULL,1),(4403,'Adrian','Cowap',NULL,NULL,NULL,'Contractor',NULL,NULL,1),(4404,'Adrian','Conway',NULL,NULL,NULL,'Contractor',NULL,NULL,1),(4405,'Adrian','Byron',NULL,NULL,NULL,'Contractor',NULL,NULL,1),(4406,'Adrain','Byron',NULL,NULL,NULL,'Contractor',NULL,NULL,1),(4407,'Aditya','Jain',NULL,NULL,NULL,'Operations',1,NULL,1),(4408,'Adam','Wilkins',NULL,NULL,NULL,'Contractor',NULL,NULL,1),(4409,'Adam','Walsh',NULL,NULL,NULL,'Contractor',NULL,NULL,1),(4410,'Adam','Steplen',NULL,NULL,NULL,'Contractor',NULL,NULL,1),(4411,'Adam','OBrien',NULL,NULL,NULL,'Contractor',NULL,NULL,1),(4412,'Adam','Kennedy',NULL,NULL,NULL,'Contractor',NULL,NULL,1),(4413,'Adam','Heneghan',NULL,NULL,NULL,'Contractor',NULL,NULL,1),(4414,'Adam','Georgia',NULL,NULL,NULL,'Contractor',NULL,NULL,1),(4415,'Adam','Farrell',NULL,NULL,NULL,'Contractor',NULL,NULL,1),(4416,'Adam','Dyas',NULL,NULL,NULL,'Contractor',NULL,NULL,1),(4417,'Adam','Browne',NULL,NULL,NULL,'Contractor',NULL,NULL,1),(4418,'Adam','Beale',NULL,NULL,NULL,'Contractor',NULL,NULL,1),(4419,'Adam','clarke',NULL,NULL,NULL,'Contractor',NULL,NULL,1),(4420,'Achim','Wolf',NULL,NULL,NULL,'Contractor',NULL,NULL,1),(4421,'Aaron','Ward',NULL,NULL,NULL,'Contractor',NULL,NULL,1),(4422,'Aaron','Murphy',NULL,NULL,NULL,'Contractor',NULL,NULL,1),(4423,'Aaron','Mathews',NULL,NULL,NULL,'Contractor',NULL,NULL,1),(4424,'Aaron','Larkin',NULL,NULL,NULL,'Contractor',NULL,NULL,1),(4425,'Aaron','Brennan',NULL,NULL,NULL,'Contractor',NULL,NULL,1);
/*!40000 ALTER TABLE `people` ENABLE KEYS */;
UNLOCK TABLES;

--
-- Table structure for table `people_departments`
--

DROP TABLE IF EXISTS `people_departments`;
/*!40101 SET @saved_cs_client     = @@character_set_client */;
/*!40101 SET character_set_client = utf8 */;
CREATE TABLE `people_departments` (
  `PersonID` int(11) NOT NULL,
  `DepartmentID` int(11) NOT NULL,
  PRIMARY KEY (`PersonID`,`DepartmentID`),
  KEY `DepartmentID` (`DepartmentID`),
  CONSTRAINT `people_departments_ibfk_1` FOREIGN KEY (`PersonID`) REFERENCES `people` (`people_id`),
  CONSTRAINT `people_departments_ibfk_2` FOREIGN KEY (`DepartmentID`) REFERENCES `departments` (`department_id`)
) ENGINE=InnoDB DEFAULT CHARSET=utf8mb4 COLLATE=utf8mb4_general_ci;
/*!40101 SET character_set_client = @saved_cs_client */;

--
-- Dumping data for table `people_departments`
--

LOCK TABLES `people_departments` WRITE;
/*!40000 ALTER TABLE `people_departments` DISABLE KEYS */;
/*!40000 ALTER TABLE `people_departments` ENABLE KEYS */;
UNLOCK TABLES;

--
-- Table structure for table `people_roles`
--

DROP TABLE IF EXISTS `people_roles`;
/*!40101 SET @saved_cs_client     = @@character_set_client */;
/*!40101 SET character_set_client = utf8 */;
CREATE TABLE `people_roles` (
  `PersonID` int(11) NOT NULL,
  `RoleID` int(11) NOT NULL,
  PRIMARY KEY (`PersonID`,`RoleID`),
  KEY `RoleID` (`RoleID`),
  KEY `idx_people_roles_personid` (`PersonID`),
  KEY `idx_people_roles_roleid` (`RoleID`),
  CONSTRAINT `fk_people_roles_person` FOREIGN KEY (`PersonID`) REFERENCES `people` (`people_id`) ON DELETE CASCADE ON UPDATE CASCADE,
  CONSTRAINT `fk_people_roles_role` FOREIGN KEY (`RoleID`) REFERENCES `roles` (`RoleID`) ON DELETE CASCADE ON UPDATE CASCADE,
  CONSTRAINT `fk_person` FOREIGN KEY (`PersonID`) REFERENCES `people` (`people_id`),
  CONSTRAINT `fk_role` FOREIGN KEY (`RoleID`) REFERENCES `roles` (`RoleID`)
) ENGINE=InnoDB DEFAULT CHARSET=utf8mb4 COLLATE=utf8mb4_general_ci;
/*!40101 SET character_set_client = @saved_cs_client */;

--
-- Dumping data for table `people_roles`
--

LOCK TABLES `people_roles` WRITE;
/*!40000 ALTER TABLE `people_roles` DISABLE KEYS */;
INSERT INTO `people_roles` VALUES (2,1),(3,1),(3,2),(4,1),(4,3),(5,1),(5,2),(5,3),(6,2),(6,3),(7,2),(7,3),(8,2),(8,4),(9,3),(9,4),(10,3),(10,5),(11,5),(17,6),(23,6),(28,6),(29,1),(29,2),(30,1),(31,1),(32,7),(33,1),(33,2);
/*!40000 ALTER TABLE `people_roles` ENABLE KEYS */;
UNLOCK TABLES;

--
-- Table structure for table `permissions`
--

DROP TABLE IF EXISTS `permissions`;
/*!40101 SET @saved_cs_client     = @@character_set_client */;
/*!40101 SET character_set_client = utf8 */;
CREATE TABLE `permissions` (
  `PermissionID` int(11) NOT NULL AUTO_INCREMENT,
  `PermissionName` varchar(50) NOT NULL,
  PRIMARY KEY (`PermissionID`)
) ENGINE=InnoDB AUTO_INCREMENT=6 DEFAULT CHARSET=utf8mb4 COLLATE=utf8mb4_general_ci;
/*!40101 SET character_set_client = @saved_cs_client */;

--
-- Dumping data for table `permissions`
--

LOCK TABLES `permissions` WRITE;
/*!40000 ALTER TABLE `permissions` DISABLE KEYS */;
INSERT INTO `permissions` VALUES (1,'view_dashboard'),(2,'edit_content'),(3,'delete_content'),(4,'manage_users'),(5,'generate_reports');
/*!40000 ALTER TABLE `permissions` ENABLE KEYS */;
UNLOCK TABLES;

--
-- Table structure for table `permit_areas`
--

DROP TABLE IF EXISTS `permit_areas`;
/*!40101 SET @saved_cs_client     = @@character_set_client */;
/*!40101 SET character_set_client = utf8 */;
CREATE TABLE `permit_areas` (
  `id` int(11) NOT NULL AUTO_INCREMENT,
  `permit_id` int(11) NOT NULL,
  `area_id` int(11) NOT NULL,
  PRIMARY KEY (`id`),
  KEY `permit_id` (`permit_id`),
  KEY `area_id` (`area_id`),
  CONSTRAINT `permit_areas_ibfk_1` FOREIGN KEY (`permit_id`) REFERENCES `permits` (`permit_id`),
  CONSTRAINT `permit_areas_ibfk_2` FOREIGN KEY (`area_id`) REFERENCES `areas` (`area_id`)
) ENGINE=InnoDB DEFAULT CHARSET=utf8mb4 COLLATE=utf8mb4_general_ci;
/*!40101 SET character_set_client = @saved_cs_client */;

--
-- Dumping data for table `permit_areas`
--

LOCK TABLES `permit_areas` WRITE;
/*!40000 ALTER TABLE `permit_areas` DISABLE KEYS */;
/*!40000 ALTER TABLE `permit_areas` ENABLE KEYS */;
UNLOCK TABLES;

--
-- Table structure for table `permit_attachment_areas`
--

DROP TABLE IF EXISTS `permit_attachment_areas`;
/*!40101 SET @saved_cs_client     = @@character_set_client */;
/*!40101 SET character_set_client = utf8 */;
CREATE TABLE `permit_attachment_areas` (
  `attachment_id` int(11) NOT NULL,
  `permit_area_id` int(11) NOT NULL,
  PRIMARY KEY (`attachment_id`,`permit_area_id`),
  KEY `permit_area_id` (`permit_area_id`),
  CONSTRAINT `permit_attachment_areas_ibfk_1` FOREIGN KEY (`attachment_id`) REFERENCES `permit_attachments` (`attachment_id`),
  CONSTRAINT `permit_attachment_areas_ibfk_2` FOREIGN KEY (`permit_area_id`) REFERENCES `permit_areas` (`id`)
) ENGINE=InnoDB DEFAULT CHARSET=utf8mb4 COLLATE=utf8mb4_general_ci;
/*!40101 SET character_set_client = @saved_cs_client */;

--
-- Dumping data for table `permit_attachment_areas`
--

LOCK TABLES `permit_attachment_areas` WRITE;
/*!40000 ALTER TABLE `permit_attachment_areas` DISABLE KEYS */;
/*!40000 ALTER TABLE `permit_attachment_areas` ENABLE KEYS */;
UNLOCK TABLES;

--
-- Table structure for table `permit_attachment_energies`
--

DROP TABLE IF EXISTS `permit_attachment_energies`;
/*!40101 SET @saved_cs_client     = @@character_set_client */;
/*!40101 SET character_set_client = utf8 */;
CREATE TABLE `permit_attachment_energies` (
  `attachment_id` int(11) NOT NULL,
  `energy_id` int(11) NOT NULL,
  PRIMARY KEY (`attachment_id`,`energy_id`),
  KEY `energy_id` (`energy_id`),
  CONSTRAINT `permit_attachment_energies_ibfk_1` FOREIGN KEY (`attachment_id`) REFERENCES `permit_attachments` (`attachment_id`),
  CONSTRAINT `permit_attachment_energies_ibfk_2` FOREIGN KEY (`energy_id`) REFERENCES `permit_energies` (`id`)
) ENGINE=InnoDB DEFAULT CHARSET=utf8mb4 COLLATE=utf8mb4_general_ci;
/*!40101 SET character_set_client = @saved_cs_client */;

--
-- Dumping data for table `permit_attachment_energies`
--

LOCK TABLES `permit_attachment_energies` WRITE;
/*!40000 ALTER TABLE `permit_attachment_energies` DISABLE KEYS */;
/*!40000 ALTER TABLE `permit_attachment_energies` ENABLE KEYS */;
UNLOCK TABLES;

--
-- Table structure for table `permit_attachments`
--

DROP TABLE IF EXISTS `permit_attachments`;
/*!40101 SET @saved_cs_client     = @@character_set_client */;
/*!40101 SET character_set_client = utf8 */;
CREATE TABLE `permit_attachments` (
  `attachment_id` int(11) NOT NULL AUTO_INCREMENT,
  `permit_id` int(11) DEFAULT NULL,
  `permit_area_id` int(11) DEFAULT NULL,
  `permit_energy_id` int(11) DEFAULT NULL,
  `permit_responsible_id` int(11) DEFAULT NULL,
  `sub_permit_id` int(11) DEFAULT NULL,
  `file_name` varchar(255) NOT NULL,
  `file_type` varchar(50) DEFAULT NULL,
  `file_size` int(11) DEFAULT NULL,
  `file_data` longblob DEFAULT NULL,
  `file_path` varchar(500) DEFAULT NULL,
  `uploaded_by` int(11) DEFAULT NULL,
  `uploaded_at` timestamp NOT NULL DEFAULT current_timestamp(),
  `description` text DEFAULT NULL,
  PRIMARY KEY (`attachment_id`),
  KEY `permit_id` (`permit_id`),
  KEY `idx_permit_attachments_uploaded` (`uploaded_at`),
  CONSTRAINT `permit_attachments_ibfk_1` FOREIGN KEY (`permit_id`) REFERENCES `permits` (`permit_id`)
) ENGINE=InnoDB AUTO_INCREMENT=9 DEFAULT CHARSET=utf8mb4 COLLATE=utf8mb4_general_ci;
/*!40101 SET character_set_client = @saved_cs_client */;

--
-- Dumping data for table `permit_attachments`
--

LOCK TABLES `permit_attachments` WRITE;
/*!40000 ALTER TABLE `permit_attachments` DISABLE KEYS */;
/*!40000 ALTER TABLE `permit_attachments` ENABLE KEYS */;
UNLOCK TABLES;

--
-- Table structure for table `permit_audit_logs`
--

DROP TABLE IF EXISTS `permit_audit_logs`;
/*!40101 SET @saved_cs_client     = @@character_set_client */;
/*!40101 SET character_set_client = utf8 */;
CREATE TABLE `permit_audit_logs` (
  `log_id` int(11) NOT NULL AUTO_INCREMENT,
  `permit_id` int(11) NOT NULL,
  `user_id` int(11) NOT NULL,
  `action` enum('CREATE','UPDATE','APPROVE','SUSPEND','CLOSE') NOT NULL,
  `old_values` longtext CHARACTER SET utf8mb4 COLLATE utf8mb4_bin DEFAULT NULL CHECK (json_valid(`old_values`)),
  `new_values` longtext CHARACTER SET utf8mb4 COLLATE utf8mb4_bin DEFAULT NULL CHECK (json_valid(`new_values`)),
  `timestamp` timestamp NOT NULL DEFAULT current_timestamp(),
  `energy_id` int(11) DEFAULT NULL,
  PRIMARY KEY (`log_id`),
  KEY `permit_id` (`permit_id`),
  KEY `fk_audit_energy` (`energy_id`),
  CONSTRAINT `fk_audit_energy` FOREIGN KEY (`energy_id`) REFERENCES `permit_energies` (`id`),
  CONSTRAINT `permit_audit_logs_ibfk_1` FOREIGN KEY (`permit_id`) REFERENCES `permits` (`permit_id`)
) ENGINE=InnoDB DEFAULT CHARSET=utf8mb4 COLLATE=utf8mb4_general_ci;
/*!40101 SET character_set_client = @saved_cs_client */;

--
-- Dumping data for table `permit_audit_logs`
--

LOCK TABLES `permit_audit_logs` WRITE;
/*!40000 ALTER TABLE `permit_audit_logs` DISABLE KEYS */;
/*!40000 ALTER TABLE `permit_audit_logs` ENABLE KEYS */;
UNLOCK TABLES;

--
-- Table structure for table `permit_documents`
--

DROP TABLE IF EXISTS `permit_documents`;
/*!40101 SET @saved_cs_client     = @@character_set_client */;
/*!40101 SET character_set_client = utf8 */;
CREATE TABLE `permit_documents` (
  `id` int(11) NOT NULL AUTO_INCREMENT,
  `permit_id` int(11) NOT NULL,
  `file_path` varchar(255) DEFAULT NULL,
  `uploaded_at` timestamp NOT NULL DEFAULT current_timestamp(),
  PRIMARY KEY (`id`),
  KEY `permit_id` (`permit_id`),
  CONSTRAINT `permit_documents_ibfk_1` FOREIGN KEY (`permit_id`) REFERENCES `permits` (`permit_id`)
) ENGINE=InnoDB DEFAULT CHARSET=utf8mb4 COLLATE=utf8mb4_general_ci;
/*!40101 SET character_set_client = @saved_cs_client */;

--
-- Dumping data for table `permit_documents`
--

LOCK TABLES `permit_documents` WRITE;
/*!40000 ALTER TABLE `permit_documents` DISABLE KEYS */;
/*!40000 ALTER TABLE `permit_documents` ENABLE KEYS */;
UNLOCK TABLES;

--
-- Table structure for table `permit_energies`
--

DROP TABLE IF EXISTS `permit_energies`;
/*!40101 SET @saved_cs_client     = @@character_set_client */;
/*!40101 SET character_set_client = utf8 */;
CREATE TABLE `permit_energies` (
  `id` int(11) NOT NULL AUTO_INCREMENT,
  `permit_id` int(11) NOT NULL,
  `energy_id` int(11) NOT NULL,
  `isolation_required` tinyint(1) DEFAULT 1,
  `isolation_verified_by` int(11) DEFAULT NULL,
  `isolation_verified_at` datetime DEFAULT NULL,
  PRIMARY KEY (`id`),
  UNIQUE KEY `permit_id` (`permit_id`,`energy_id`),
  KEY `energy_id` (`energy_id`),
  KEY `idx_energies_isolation` (`isolation_required`),
  KEY `idx_energy_verifier` (`isolation_verified_by`),
  CONSTRAINT `fk_energy_verifier_users` FOREIGN KEY (`isolation_verified_by`) REFERENCES `users` (`user_id`) ON DELETE SET NULL ON UPDATE CASCADE,
  CONSTRAINT `permit_energies_ibfk_1` FOREIGN KEY (`permit_id`) REFERENCES `permits` (`permit_id`),
  CONSTRAINT `permit_energies_ibfk_2` FOREIGN KEY (`energy_id`) REFERENCES `energy` (`EnergyID`)
) ENGINE=InnoDB DEFAULT CHARSET=utf8mb4 COLLATE=utf8mb4_general_ci;
/*!40101 SET character_set_client = @saved_cs_client */;

--
-- Dumping data for table `permit_energies`
--

LOCK TABLES `permit_energies` WRITE;
/*!40000 ALTER TABLE `permit_energies` DISABLE KEYS */;
/*!40000 ALTER TABLE `permit_energies` ENABLE KEYS */;
UNLOCK TABLES;

--
-- Table structure for table `permit_responsibles`
--

DROP TABLE IF EXISTS `permit_responsibles`;
/*!40101 SET @saved_cs_client     = @@character_set_client */;
/*!40101 SET character_set_client = utf8 */;
CREATE TABLE `permit_responsibles` (
  `id` int(11) NOT NULL AUTO_INCREMENT,
  `permit_id` int(11) NOT NULL,
  `person_id` int(11) NOT NULL,
  `role` enum('Responsible','Supervisor','Approver') DEFAULT NULL,
  `approval_order` tinyint(4) NOT NULL DEFAULT 1,
  `approval_status` enum('Pending','Approved','Rejected') DEFAULT 'Pending',
  `approved_at` datetime DEFAULT NULL,
  PRIMARY KEY (`id`),
  UNIQUE KEY `unique_approval_order` (`permit_id`,`approval_order`),
  KEY `fk_responsible_user` (`person_id`),
  CONSTRAINT `fk_responsible_user` FOREIGN KEY (`person_id`) REFERENCES `users` (`people_id`),
  CONSTRAINT `permit_responsibles_ibfk_1` FOREIGN KEY (`permit_id`) REFERENCES `permits` (`permit_id`)
) ENGINE=InnoDB DEFAULT CHARSET=utf8mb4 COLLATE=utf8mb4_general_ci;
/*!40101 SET character_set_client = @saved_cs_client */;

--
-- Dumping data for table `permit_responsibles`
--

LOCK TABLES `permit_responsibles` WRITE;
/*!40000 ALTER TABLE `permit_responsibles` DISABLE KEYS */;
/*!40000 ALTER TABLE `permit_responsibles` ENABLE KEYS */;
UNLOCK TABLES;

--
-- Table structure for table `permit_status_history`
--

DROP TABLE IF EXISTS `permit_status_history`;
/*!40101 SET @saved_cs_client     = @@character_set_client */;
/*!40101 SET character_set_client = utf8 */;
CREATE TABLE `permit_status_history` (
  `history_id` int(11) NOT NULL AUTO_INCREMENT,
  `permit_id` int(11) NOT NULL,
  `old_status` enum('Requested','Issued','Active','Suspended','Closed','Expired','Revoked','Cancelled') DEFAULT NULL,
  `new_status` enum('Requested','Issued','Active','Suspended','Closed','Expired','Revoked','Cancelled') NOT NULL,
  `changed_by` int(11) NOT NULL,
  `changed_at` timestamp NOT NULL DEFAULT current_timestamp(),
  `notes` text DEFAULT NULL,
  PRIMARY KEY (`history_id`),
  KEY `permit_id` (`permit_id`),
  CONSTRAINT `permit_status_history_ibfk_1` FOREIGN KEY (`permit_id`) REFERENCES `permits` (`permit_id`)
) ENGINE=InnoDB DEFAULT CHARSET=utf8mb4 COLLATE=utf8mb4_general_ci;
/*!40101 SET character_set_client = @saved_cs_client */;

--
-- Dumping data for table `permit_status_history`
--

LOCK TABLES `permit_status_history` WRITE;
/*!40000 ALTER TABLE `permit_status_history` DISABLE KEYS */;
/*!40000 ALTER TABLE `permit_status_history` ENABLE KEYS */;
UNLOCK TABLES;

--
-- Table structure for table `permit_steps`
--

DROP TABLE IF EXISTS `permit_steps`;
/*!40101 SET @saved_cs_client     = @@character_set_client */;
/*!40101 SET character_set_client = utf8 */;
CREATE TABLE `permit_steps` (
  `step_id` int(11) NOT NULL AUTO_INCREMENT,
  `permit_id` int(11) NOT NULL,
  `step_number` int(4) NOT NULL,
  `step_description` text NOT NULL,
  `hazard_description` text NOT NULL,
  `control_description` text NOT NULL,
  PRIMARY KEY (`step_id`),
  KEY `permit_id` (`permit_id`),
  CONSTRAINT `permit_steps_ibfk_1` FOREIGN KEY (`permit_id`) REFERENCES `permits` (`permit_id`) ON DELETE CASCADE
) ENGINE=InnoDB AUTO_INCREMENT=133 DEFAULT CHARSET=utf8mb4 COLLATE=utf8mb4_unicode_ci;
/*!40101 SET character_set_client = @saved_cs_client */;

--
-- Dumping data for table `permit_steps`
--

LOCK TABLES `permit_steps` WRITE;
/*!40000 ALTER TABLE `permit_steps` DISABLE KEYS */;
INSERT INTO `permit_steps` VALUES (31,24,1,'ccvx','xcv','xcvx'),(115,28,1,'ss','',''),(116,11,1,'sdfsdfsdf','sdfsdf','sdfsdfsdf'),(117,11,2,'dffffffffffff','ffffffffff','fffffffffffff'),(118,11,3,'sssssssssssss','ssssssssssss','ssssssssssss'),(124,9,1,'jgh','fghj','ghj'),(125,8,1,'ass','asdfsd','sdfsd'),(126,8,2,'fghfgh','fhfg','fghfg'),(127,20,1,'ssss','asa','sas'),(128,20,2,'dsdf','sdfsd','dsfsd');
/*!40000 ALTER TABLE `permit_steps` ENABLE KEYS */;
UNLOCK TABLES;

--
-- Table structure for table `permits`
--

DROP TABLE IF EXISTS `permits`;
/*!40101 SET @saved_cs_client     = @@character_set_client */;
/*!40101 SET character_set_client = utf8 */;
CREATE TABLE `permits` (
  `permit_id` int(11) NOT NULL AUTO_INCREMENT,
  `task_id` int(11) NOT NULL,
  `permit_type` enum('Hot Work','Cold Work','Clearance','Work at Height','Confined Space','Electrical Work','General Work') NOT NULL,
  `issued_by` int(11) NOT NULL,
  `approved_by` int(11) DEFAULT NULL,
  `issue_date` date NOT NULL,
  `expiry_date` date NOT NULL,
  `status` enum('Requested','Issued','Active','Suspended','Closed','Expired','Revoked','Cancelled') DEFAULT 'Issued',
  `conditions` text DEFAULT NULL,
  `job_id` int(11) DEFAULT NULL,
  `attachment` longblob DEFAULT NULL,
  `attachment_name` varchar(255) DEFAULT NULL,
  `attachment_type` varchar(50) DEFAULT NULL,
  `Dep_owner` int(11) NOT NULL DEFAULT 0,
  PRIMARY KEY (`permit_id`),
  KEY `task_id_fk` (`task_id`),
  KEY `issued_by_fk` (`issued_by`),
  KEY `approved_by_fk` (`approved_by`),
  KEY `job_id` (`job_id`),
  KEY `idx_permits_expiry_status` (`expiry_date`,`status`),
  CONSTRAINT `fk_permits_approved_by` FOREIGN KEY (`approved_by`) REFERENCES `people` (`people_id`) ON DELETE SET NULL,
  CONSTRAINT `fk_permits_task` FOREIGN KEY (`task_id`) REFERENCES `tasks` (`task_id`) ON DELETE CASCADE,
  CONSTRAINT `permits_ibfk_1` FOREIGN KEY (`job_id`) REFERENCES `jobs` (`job_id`)
) ENGINE=InnoDB AUTO_INCREMENT=37 DEFAULT CHARSET=utf8mb4 COLLATE=utf8mb4_general_ci;
/*!40101 SET character_set_client = @saved_cs_client */;

--
-- Dumping data for table `permits`
--

LOCK TABLES `permits` WRITE;
/*!40000 ALTER TABLE `permits` DISABLE KEYS */;
INSERT INTO `permits` VALUES (8,1,'Work at Height',5,5,'2025-11-12','2025-11-12','Issued','sssssssssss r fa df df df s sa\r\nas d\r\nas \r\ndasd as asdd asd',NULL,NULL,NULL,NULL,28),(9,2,'Clearance',3,9,'2025-11-14','2025-11-14','Issued','Ventilation must be ensured.',NULL,NULL,NULL,NULL,28),(10,4,'Work at Height',6,11,'2025-04-04','2025-04-05','Requested','Use fall protection gear at all times.',NULL,NULL,NULL,NULL,28),(11,4,'Cold Work',5,5,'2025-10-02','2025-10-02','Expired','aaaaa',NULL,NULL,NULL,NULL,28),(20,2,'Cold Work',4424,2215,'2025-11-12','2025-11-12','Active','xcvxzcv',NULL,NULL,NULL,NULL,2203),(24,10,'Cold Work',8,2,'2025-11-14','2025-11-14','Requested','tttt',NULL,NULL,NULL,NULL,4375),(25,10,'Clearance',10,3,'2025-11-27','2025-11-28','Requested','test 1',NULL,NULL,NULL,NULL,2228),(28,8,'Clearance',6,17,'2025-11-21','2025-11-21','Revoked','act 1',NULL,NULL,NULL,NULL,7),(32,9,'Clearance',2229,4424,'2026-04-09','2026-04-10','Requested','ewwe',NULL,NULL,NULL,NULL,2227);
/*!40000 ALTER TABLE `permits` ENABLE KEYS */;
UNLOCK TABLES;

--
-- Table structure for table `personalinformation`
--

DROP TABLE IF EXISTS `personalinformation`;
/*!40101 SET @saved_cs_client     = @@character_set_client */;
/*!40101 SET character_set_client = utf8 */;
CREATE TABLE `personalinformation` (
  `PersonalInfoID` int(11) NOT NULL AUTO_INCREMENT,
  `PersonID` int(11) DEFAULT NULL,
  `Username` varchar(50) NOT NULL,
  `PasswordHash` varchar(255) DEFAULT NULL,
  `RevisionDate` timestamp NOT NULL DEFAULT current_timestamp(),
  `RoleID` int(11) DEFAULT NULL COMMENT 'Login default role - used for initial role assignment at login. All roles should also exist in people_roles table.',
  PRIMARY KEY (`PersonalInfoID`),
  KEY `PersonID` (`PersonID`),
  KEY `idx_role_id` (`RoleID`),
  KEY `idx_personalinfo_username` (`Username`),
  KEY `idx_personalinfo_personid` (`PersonID`),
  KEY `idx_personalinfo_roleid` (`RoleID`),
  CONSTRAINT `fk_personalinfo_person` FOREIGN KEY (`PersonID`) REFERENCES `people` (`people_id`) ON DELETE SET NULL ON UPDATE CASCADE,
  CONSTRAINT `fk_personalinfo_role` FOREIGN KEY (`RoleID`) REFERENCES `roles` (`RoleID`) ON DELETE SET NULL ON UPDATE CASCADE
) ENGINE=InnoDB AUTO_INCREMENT=9 DEFAULT CHARSET=utf8mb4 COLLATE=utf8mb4_general_ci;
/*!40101 SET character_set_client = @saved_cs_client */;

--
-- Dumping data for table `personalinformation`
--

LOCK TABLES `personalinformation` WRITE;
/*!40000 ALTER TABLE `personalinformation` DISABLE KEYS */;
INSERT INTO `personalinformation` VALUES (2,3,'ed','$2y$10$UGWcJ28NVVV9GuzcRRwL1.iTjp6j49/flviMAcCwld2jsUwy9tphS','2024-10-10 11:49:59',2),(3,4,'ted','$2y$10$VZSV5rGKlvj1yjFS2RML8ubyfaqBiHuuBYKfGq8HfAOkxCJAUDFWO','2024-10-10 11:49:59',3),(4,5,'olisar','$2y$10$quJHZsZw/vUgekwXrfp8BO/l5oM6V4mpceJkxHJ4XM1fIygXYtUhy','2024-10-10 11:49:59',1),(5,6,'jo','$2y$10$9KhwQMWN/msl7vFl51M2UOYaGp1mFFFBZiDzF13A0DkiW0piBsjxi','2024-10-10 11:49:59',3),(6,29,'jod','$2y$10$fi5Vc/sbtGJNfvu/aX54ruia9N7felVWKnyBQ5.Hjw9ydsmXwjabq','2024-10-10 11:49:59',1),(7,32,'permit','$2y$10$257kvo22IVyOoL7bkcXWs.xwz/5/M4KRTsOdyvyE3odlsF7WPdc4q','2024-10-10 11:49:59',7),(8,33,'bpur','$2y$10$chBqJwAZOJEPgBnqICcTaOZQ7ELJjHdFj9IO4V9wTcwZNJm42s/ma','2025-12-01 00:00:00',1);
/*!40000 ALTER TABLE `personalinformation` ENABLE KEYS */;
UNLOCK TABLES;

--
-- Table structure for table `process_branch_items`
--

DROP TABLE IF EXISTS `process_branch_items`;
/*!40101 SET @saved_cs_client     = @@character_set_client */;
/*!40101 SET character_set_client = utf8 */;
CREATE TABLE `process_branch_items` (
  `id` int(11) NOT NULL AUTO_INCREMENT,
  `branch_id` int(11) NOT NULL,
  `process_map_id` int(11) NOT NULL,
  `order` int(11) DEFAULT 0 COMMENT 'Order within branch',
  `is_root` tinyint(1) DEFAULT 0 COMMENT 'Whether this is a root node in the branch',
  `added_at` timestamp NOT NULL DEFAULT current_timestamp(),
  `added_by` int(11) DEFAULT NULL,
  PRIMARY KEY (`id`),
  UNIQUE KEY `unique_branch_process` (`branch_id`,`process_map_id`),
  KEY `ix_branch_id` (`branch_id`),
  KEY `ix_process_map_id` (`process_map_id`),
  KEY `ix_order` (`branch_id`,`order`),
  KEY `process_branch_items_ibfk_added_by` (`added_by`),
  CONSTRAINT `process_branch_items_ibfk_added_by` FOREIGN KEY (`added_by`) REFERENCES `people` (`people_id`) ON DELETE SET NULL,
  CONSTRAINT `process_branch_items_ibfk_branch` FOREIGN KEY (`branch_id`) REFERENCES `process_branches` (`id`) ON DELETE CASCADE,
  CONSTRAINT `process_branch_items_ibfk_process` FOREIGN KEY (`process_map_id`) REFERENCES `process_map` (`id`) ON DELETE CASCADE
) ENGINE=InnoDB AUTO_INCREMENT=239 DEFAULT CHARSET=utf8mb4 COLLATE=utf8mb4_general_ci;
/*!40101 SET character_set_client = @saved_cs_client */;

--
-- Dumping data for table `process_branch_items`
--

LOCK TABLES `process_branch_items` WRITE;
/*!40000 ALTER TABLE `process_branch_items` DISABLE KEYS */;
INSERT INTO `process_branch_items` VALUES (28,2,8,1,1,'2025-11-24 20:01:05',NULL),(29,2,9,2,0,'2025-11-24 20:01:05',NULL),(30,2,10,3,0,'2025-11-24 20:01:05',NULL),(31,2,11,4,0,'2025-11-24 20:01:05',NULL),(32,2,12,5,0,'2025-11-24 20:01:05',NULL),(33,2,13,6,0,'2025-11-24 20:01:05',NULL),(34,2,14,7,0,'2025-11-24 20:01:05',NULL),(35,2,15,8,0,'2025-11-24 20:01:05',NULL),(36,2,16,9,0,'2025-11-24 20:01:05',NULL),(37,2,17,10,1,'2025-11-24 20:01:05',NULL),(38,2,18,11,0,'2025-11-24 20:01:05',NULL),(39,2,21,12,0,'2025-11-24 20:01:05',NULL),(40,2,19,13,0,'2025-11-24 20:01:05',NULL),(41,2,20,14,0,'2025-11-24 20:01:05',NULL),(42,2,22,15,1,'2025-11-24 20:01:05',NULL),(43,2,26,16,0,'2025-11-24 20:01:05',NULL),(44,2,27,17,0,'2025-11-24 20:01:05',NULL),(45,2,28,18,0,'2025-11-24 20:01:05',NULL),(46,2,29,19,1,'2025-11-24 20:01:05',NULL),(47,2,30,20,0,'2025-11-24 20:01:05',NULL),(48,2,31,21,0,'2025-11-24 20:01:05',NULL),(49,2,32,22,0,'2025-11-24 20:01:05',NULL),(50,2,33,23,1,'2025-11-24 20:01:05',NULL),(51,2,37,24,0,'2025-11-24 20:01:05',NULL),(52,2,38,25,0,'2025-11-24 20:01:05',NULL),(53,2,39,26,0,'2025-11-24 20:01:05',NULL),(54,2,40,27,0,'2025-11-24 20:01:05',NULL),(55,3,8,1,1,'2025-11-24 20:25:43',NULL),(56,3,9,2,0,'2025-11-24 20:25:43',NULL),(57,3,10,3,0,'2025-11-24 20:25:43',NULL),(58,3,11,4,0,'2025-11-24 20:25:43',NULL),(59,3,12,5,0,'2025-11-24 20:25:43',NULL),(60,3,13,6,0,'2025-11-24 20:25:43',NULL),(61,3,14,7,0,'2025-11-24 20:25:43',NULL),(62,3,16,8,0,'2025-11-24 20:25:43',NULL),(63,3,17,9,1,'2025-11-24 20:25:43',NULL),(64,3,18,10,0,'2025-11-24 20:25:43',NULL),(65,3,19,11,0,'2025-11-24 20:25:43',NULL),(66,3,20,12,0,'2025-11-24 20:25:43',NULL),(67,3,21,13,0,'2025-11-24 20:25:43',NULL),(68,3,22,14,1,'2025-11-24 20:25:43',NULL),(69,3,23,15,0,'2025-11-24 20:25:43',NULL),(70,3,24,16,0,'2025-11-24 20:25:43',NULL),(71,3,25,17,0,'2025-11-24 20:25:43',NULL),(72,3,29,18,1,'2025-11-24 20:25:43',NULL),(73,3,30,19,0,'2025-11-24 20:25:43',NULL),(74,3,32,20,0,'2025-11-24 20:25:43',NULL),(75,3,33,21,1,'2025-11-24 20:25:43',NULL),(76,3,34,22,0,'2025-11-24 20:25:43',NULL),(77,3,35,23,0,'2025-11-24 20:25:43',NULL),(78,3,36,24,0,'2025-11-24 20:25:43',NULL),(79,4,1,1,1,'2025-11-24 20:37:09',NULL),(80,4,2,2,0,'2025-11-24 20:37:09',NULL),(81,4,6,3,0,'2025-11-24 20:37:09',NULL),(82,4,7,4,0,'2025-11-24 20:37:09',NULL),(83,4,3,6,0,'2025-11-24 20:37:09',NULL),(84,4,4,7,0,'2025-11-24 20:37:09',NULL),(85,4,5,8,0,'2025-11-24 20:37:09',NULL),(188,10,151,1,1,'2025-11-24 21:14:14',NULL),(189,10,164,2,1,'2025-11-24 21:14:14',NULL),(190,10,168,3,1,'2025-11-24 21:14:14',NULL),(191,10,171,4,1,'2025-11-24 21:14:14',NULL),(195,11,175,1,1,'2025-11-24 21:14:14',NULL),(196,11,183,2,1,'2025-11-24 21:14:14',NULL),(197,11,189,3,1,'2025-11-24 21:14:14',NULL),(198,11,194,4,1,'2025-11-24 21:14:14',NULL),(202,12,200,1,1,'2025-11-24 21:14:14',NULL),(203,12,204,2,1,'2025-11-24 21:14:14',NULL),(204,12,209,3,1,'2025-11-24 21:14:14',NULL),(205,12,214,4,1,'2025-11-24 21:14:14',NULL),(206,12,220,5,1,'2025-11-24 21:14:14',NULL),(209,13,224,1,1,'2025-11-24 21:14:14',NULL),(210,13,229,2,1,'2025-11-24 21:14:14',NULL),(211,13,234,3,1,'2025-11-24 21:14:14',NULL),(212,13,238,4,1,'2025-11-24 21:14:14',NULL),(213,13,242,5,1,'2025-11-24 21:14:14',NULL),(216,14,247,1,1,'2025-11-24 21:14:14',NULL),(217,14,252,2,1,'2025-11-24 21:14:14',NULL),(218,14,257,3,1,'2025-11-24 21:14:14',NULL),(219,14,261,4,1,'2025-11-24 21:14:14',NULL),(220,14,266,5,1,'2025-11-24 21:14:14',NULL),(223,15,271,1,1,'2025-11-24 21:14:14',NULL),(224,15,276,2,1,'2025-11-24 21:14:14',NULL),(225,15,282,3,1,'2025-11-24 21:14:14',NULL),(226,15,287,4,1,'2025-11-24 21:14:14',NULL),(227,15,292,5,1,'2025-11-24 21:14:14',NULL),(230,16,297,1,1,'2025-11-24 21:14:14',NULL),(231,16,302,2,1,'2025-11-24 21:14:14',NULL),(232,16,307,3,1,'2025-11-24 21:14:14',NULL),(233,16,312,4,1,'2025-11-24 21:14:14',NULL),(234,16,317,5,1,'2025-11-24 21:14:14',NULL),(237,16,322,6,1,'2025-11-24 21:21:40',NULL);
/*!40000 ALTER TABLE `process_branch_items` ENABLE KEYS */;
UNLOCK TABLES;

--
-- Table structure for table `process_branches`
--

DROP TABLE IF EXISTS `process_branches`;
/*!40101 SET @saved_cs_client     = @@character_set_client */;
/*!40101 SET character_set_client = utf8 */;
CREATE TABLE `process_branches` (
  `id` int(11) NOT NULL AUTO_INCREMENT,
  `name` varchar(255) NOT NULL,
  `description` text DEFAULT NULL,
  `color` varchar(7) DEFAULT '#3498db' COMMENT 'Hex color for branch visualization',
  `icon` varchar(50) DEFAULT 'fas fa-sitemap' COMMENT 'FontAwesome icon class',
  `is_active` tinyint(1) NOT NULL DEFAULT 1,
  `category` varchar(50) DEFAULT NULL COMMENT 'Category: R&D, Manufacturing, Quality, Regulatory, etc.',
  `created_at` timestamp NOT NULL DEFAULT current_timestamp(),
  `updated_at` timestamp NOT NULL DEFAULT current_timestamp() ON UPDATE current_timestamp(),
  `created_by` int(11) DEFAULT NULL,
  PRIMARY KEY (`id`),
  UNIQUE KEY `unique_branch_name` (`name`),
  KEY `ix_is_active` (`is_active`),
  KEY `ix_created_by` (`created_by`),
  KEY `ix_category` (`category`),
  CONSTRAINT `process_branches_ibfk_created_by` FOREIGN KEY (`created_by`) REFERENCES `people` (`people_id`) ON DELETE SET NULL
) ENGINE=InnoDB AUTO_INCREMENT=17 DEFAULT CHARSET=utf8mb4 COLLATE=utf8mb4_general_ci;
/*!40101 SET character_set_client = @saved_cs_client */;

--
-- Dumping data for table `process_branches`
--

LOCK TABLES `process_branches` WRITE;
/*!40000 ALTER TABLE `process_branches` DISABLE KEYS */;
INSERT INTO `process_branches` VALUES (2,'MDI Manufacturing','Complete manufacturing flow for Metered Dose Inhaler (MDI) products, including raw materials, API processing, formulation, device components, and filling/assembly processes.','#e74c3c','fas fa-spray-can',1,'Manufacturing','2025-11-24 20:01:05','2025-11-24 21:13:57',NULL),(3,'DPI Manufacturing','Complete manufacturing flow for Dry Powder Inhaler (DPI) products, including raw materials, API processing, powder formulation, device components, and filling/assembly processes.','#27ae60','fas fa-wind',1,'Manufacturing','2025-11-24 20:25:43','2025-11-24 21:13:57',NULL),(4,'Research and Development','Complete R&D process flow for inhalation pharmaceutical products including pre-formulation studies, analytical method development, formulation optimization, device development, stability studies, regulatory documentation, and pre-clinical validation.','#9b59b6','fas fa-flask',1,'R&D','2025-11-24 20:37:09','2025-11-24 21:13:57',NULL),(10,'Regulatory Affairs','Comprehensive regulatory affairs management including submission preparation (IND, NDA, IMPD, MAA), compliance tracking (FDA, EMA, HPRA), document revision history, and product license lifecycle management.','#3498db','fas fa-file-contract',1,'Regulatory','2025-11-24 21:13:57','2025-11-24 21:13:57',NULL),(11,'Quality Assurance & Control','Complete quality management system including batch record review and approval, change control and CAPA management, audit management (internal/external), analytical method validation, OOS handling, deviation investigations, and documentation.','#f39c12','fas fa-shield-alt',1,'Quality','2025-11-24 21:13:57','2025-11-24 21:13:57',NULL),(12,'Packaging & Labeling','End-to-end packaging and labeling operations including packaging material specification and sourcing, label design and regulatory compliance, serialization and anti-counterfeiting documentation, batch packaging workflows, and finished goods release.','#16a085','fas fa-box',1,'Manufacturing','2025-11-24 21:13:57','2025-11-24 21:13:57',NULL),(13,'Supply Chain & Logistics','Complete supply chain management including vendor and material qualification, warehouse operations and stock control, transportation and distribution tracking, cold chain management, and recall management procedures.','#2980b9','fas fa-truck',1,'Supply Chain','2025-11-24 21:13:57','2025-11-24 21:13:57',NULL),(14,'Maintenance & Equipment Management','Comprehensive equipment and maintenance management including preventive and corrective maintenance schedules, equipment calibration records, downtime/uptime tracking, spare parts inventory management, and equipment qualification.','#8e44ad','fas fa-cogs',1,'Operations','2025-11-24 21:13:57','2025-11-24 21:13:57',NULL),(15,'Environmental Health & Safety','Complete EHS management system including risk assessment workflows (HAZOP, 5-Whys, JSA), incident reporting and investigation, waste management tracking, permit-to-work management, and training/competency documentation.','#e67e22','fas fa-hard-hat',1,'EHS','2025-11-24 21:13:57','2025-11-24 21:13:57',NULL),(16,'Clinical Trials Management','End-to-end clinical trial material management including clinical batch manufacturing coordination, clinical site supply and distribution, trial material accountability, patient randomization and blinding workflows, and adverse event/safety reporting.','#c0392b','fas fa-user-md',1,'Clinical','2025-11-24 21:13:57','2025-11-24 21:13:57',NULL);
/*!40000 ALTER TABLE `process_branches` ENABLE KEYS */;
UNLOCK TABLES;

--
-- Table structure for table `process_definitions`
--

DROP TABLE IF EXISTS `process_definitions`;
/*!40101 SET @saved_cs_client     = @@character_set_client */;
/*!40101 SET character_set_client = utf8 */;
CREATE TABLE `process_definitions` (
  `process_id` int(11) NOT NULL AUTO_INCREMENT,
  `process_family_id` int(11) DEFAULT NULL,
  `code` varchar(50) DEFAULT NULL,
  `name` varchar(100) DEFAULT NULL,
  `version` varchar(20) DEFAULT NULL,
  `status` varchar(20) DEFAULT NULL,
  `effective_from` date DEFAULT NULL,
  `effective_to` date DEFAULT NULL,
  `governing_document_id` int(11) DEFAULT NULL,
  PRIMARY KEY (`process_id`)
) ENGINE=InnoDB AUTO_INCREMENT=100 DEFAULT CHARSET=utf8mb4 COLLATE=utf8mb4_general_ci;
/*!40101 SET character_set_client = @saved_cs_client */;

--
-- Dumping data for table `process_definitions`
--

LOCK TABLES `process_definitions` WRITE;
/*!40000 ALTER TABLE `process_definitions` DISABLE KEYS */;
INSERT INTO `process_definitions` VALUES (1,NULL,'PROC-RD-001','Research and Development Process','1.0','Active','2024-01-01',NULL,NULL),(2,NULL,'PROC-FD-001','Formulation Development Process','1.0','Active','2024-01-01',NULL,NULL),(3,NULL,'PROC-MFG-001','Manufacturing Process','2.0','Active','2024-01-15',NULL,NULL),(4,NULL,'PROC-QC-001','Quality Control Process','1.0','Active','2024-01-01',NULL,NULL);
/*!40000 ALTER TABLE `process_definitions` ENABLE KEYS */;
UNLOCK TABLES;

--
-- Table structure for table `process_hazard_assessments`
--

DROP TABLE IF EXISTS `process_hazard_assessments`;
/*!40101 SET @saved_cs_client     = @@character_set_client */;
/*!40101 SET character_set_client = utf8 */;
CREATE TABLE `process_hazard_assessments` (
  `assessment_id` int(11) NOT NULL AUTO_INCREMENT,
  `assessment_code` varchar(50) NOT NULL,
  `process_name` varchar(255) NOT NULL,
  `process_overview` text DEFAULT NULL,
  `assessment_date` date NOT NULL,
  `assessed_by_id` int(11) NOT NULL,
  `status` enum('Draft','In Review','Approved','Archived') NOT NULL DEFAULT 'Draft',
  `created_at` timestamp NOT NULL DEFAULT current_timestamp(),
  `updated_at` timestamp NOT NULL DEFAULT current_timestamp() ON UPDATE current_timestamp(),
  PRIMARY KEY (`assessment_id`),
  UNIQUE KEY `assessment_code` (`assessment_code`),
  KEY `assessed_by_id` (`assessed_by_id`),
  CONSTRAINT `fk_pha_assessed_by` FOREIGN KEY (`assessed_by_id`) REFERENCES `people` (`people_id`)
) ENGINE=InnoDB AUTO_INCREMENT=4 DEFAULT CHARSET=utf8mb4 COLLATE=utf8mb4_general_ci;
/*!40101 SET character_set_client = @saved_cs_client */;

--
-- Dumping data for table `process_hazard_assessments`
--

LOCK TABLES `process_hazard_assessments` WRITE;
/*!40000 ALTER TABLE `process_hazard_assessments` DISABLE KEYS */;
INSERT INTO `process_hazard_assessments` VALUES (1,'PHA-2025-001','Chemical Mixing Process','Assessment of the chemical mixing process in the production line, including raw material handling and mixing operations.','2025-12-01',1,'Approved','2025-12-13 22:26:10','2026-04-08 07:03:56'),(2,'PHA-2025-002','Heat Treatment Process','Assessment of the heat treatment process including furnace operations and material handling.','2025-12-05',7,'In Review','2025-12-13 22:26:10','2026-04-08 07:23:56'),(3,'PHA-2023-001','Chemical Reactor Process','Process involves mixing chemicals under controlled conditions','2023-10-26',1,'Draft','2025-12-13 22:55:14','2026-04-08 06:57:51');
/*!40000 ALTER TABLE `process_hazard_assessments` ENABLE KEYS */;
UNLOCK TABLES;

--
-- Table structure for table `process_map`
--

DROP TABLE IF EXISTS `process_map`;
/*!40101 SET @saved_cs_client     = @@character_set_client */;
/*!40101 SET character_set_client = utf8 */;
CREATE TABLE `process_map` (
  `id` int(11) NOT NULL AUTO_INCREMENT,
  `type` enum('process','step','substep','task','activity') NOT NULL,
  `level` varchar(50) DEFAULT NULL COMMENT 'Process hierarchy level (L0_Enterprise, L1_HighLevel, L2_SubProcess, L3_DetailStep)',
  `status` enum('Active','Inactive','Draft','Archived') NOT NULL DEFAULT 'Active',
  `text` varchar(255) NOT NULL,
  `description` text DEFAULT NULL,
  `cost` decimal(10,2) DEFAULT NULL COMMENT 'Estimated cost in currency units',
  `value_add` tinyint(1) DEFAULT NULL COMMENT '1 = Value-adding, 0 = Non-value-adding, NULL = Not specified',
  `notes` text DEFAULT NULL,
  `created_at` timestamp NOT NULL DEFAULT current_timestamp(),
  `updated_at` timestamp NOT NULL DEFAULT current_timestamp() ON UPDATE current_timestamp(),
  `created_by` int(11) DEFAULT NULL,
  `updated_by` int(11) DEFAULT NULL,
  `parent` int(11) DEFAULT NULL,
  `owner_id` int(11) DEFAULT NULL,
  `department_id` int(11) DEFAULT NULL,
  `primary_branch_id` int(11) DEFAULT NULL,
  `order` int(11) DEFAULT 0,
  PRIMARY KEY (`id`),
  KEY `parent` (`parent`),
  KEY `ix_status` (`status`),
  KEY `ix_owner_id` (`owner_id`),
  KEY `ix_department_id` (`department_id`),
  KEY `ix_order` (`parent`,`order`),
  KEY `ix_created_by` (`created_by`),
  KEY `ix_updated_by` (`updated_by`),
  KEY `ix_primary_branch_id` (`primary_branch_id`),
  KEY `ix_level` (`level`),
  KEY `ix_value_add` (`value_add`),
  CONSTRAINT `process_map_ibfk_1` FOREIGN KEY (`parent`) REFERENCES `process_map` (`id`),
  CONSTRAINT `process_map_ibfk_created_by` FOREIGN KEY (`created_by`) REFERENCES `people` (`people_id`) ON DELETE SET NULL,
  CONSTRAINT `process_map_ibfk_department` FOREIGN KEY (`department_id`) REFERENCES `departments` (`department_id`) ON DELETE SET NULL,
  CONSTRAINT `process_map_ibfk_owner` FOREIGN KEY (`owner_id`) REFERENCES `people` (`people_id`) ON DELETE SET NULL,
  CONSTRAINT `process_map_ibfk_primary_branch` FOREIGN KEY (`primary_branch_id`) REFERENCES `process_branches` (`id`) ON DELETE SET NULL,
  CONSTRAINT `process_map_ibfk_updated_by` FOREIGN KEY (`updated_by`) REFERENCES `people` (`people_id`) ON DELETE SET NULL
) ENGINE=InnoDB AUTO_INCREMENT=357 DEFAULT CHARSET=utf8mb4 COLLATE=utf8mb4_general_ci;
/*!40101 SET character_set_client = @saved_cs_client */;

--
-- Dumping data for table `process_map`
--

LOCK TABLES `process_map` WRITE;
/*!40000 ALTER TABLE `process_map` DISABLE KEYS */;
INSERT INTO `process_map` VALUES (1,'process',NULL,'Active','Research and Development','Comprehensive Research and Development process for inhalation pharmaceutical products covering pre-formulation studies, analytical method development, formulation optimization, device development, stability studies, regulatory documentation, and pre-clinical validation. This process ensures products meet regulatory requirements (FDA, EMA) and are ready for clinical trials. Includes multidisciplinary collaboration between formulation scientists, analytical chemists, device engineers, regulatory affairs, and quality assurance teams.',NULL,NULL,'Critical R&D phase typically takes 18-36 months. All studies must follow GLP/GMP guidelines. Documentation is critical for regulatory submission (IND, IMPD). Requires extensive analytical method development, stability testing, and pre-clinical studies. Device development must meet ISO 20072 standards. Final output: clinical trial-ready product with complete regulatory documentation.','2025-11-23 19:30:11','2025-12-08 18:11:14',NULL,NULL,356,NULL,NULL,4,0),(2,'step',NULL,'Active','Formulation development','Development of stable, effective formulations for inhalation delivery. Includes API selection, excipient compatibility testing, and stability studies.',NULL,NULL,'Requires collaboration between formulation scientists and analytical chemists. Must meet USP/EP monographs.','2025-11-23 19:30:11','2025-11-24 20:41:28',NULL,NULL,1,NULL,NULL,NULL,1),(3,'substep',NULL,'Active','API selection and characterization','Comprehensive characterization of Active Pharmaceutical Ingredient including particle size, morphology, crystallinity, and purity analysis.',NULL,NULL,'Critical quality attributes: D50 < 5μm for effective lung deposition. Purity must be ≥99.5%.','2025-11-23 19:30:11','2025-11-24 20:41:28',NULL,NULL,2,NULL,NULL,NULL,1),(4,'substep',NULL,'Active','Excipient selection (e.g., lactose for DPIs)','Selection and qualification of excipients (carriers, stabilizers) suitable for inhalation products. Includes compatibility studies and regulatory assessment.',NULL,NULL,'For DPIs: Lactose monohydrate is most common carrier. Must be inhalation grade (Ph.Eur. or USP).','2025-11-23 19:30:11','2025-11-24 20:41:28',NULL,NULL,2,NULL,NULL,NULL,2),(5,'substep',NULL,'Active','Stability testing','Accelerated and long-term stability studies to determine shelf life and storage conditions. Includes ICH Q1A(R2) compliant protocols.',NULL,NULL,'Minimum 6 months real-time data required for initial submission. Must test at 25°C/60% RH and 40°C/75% RH.','2025-11-23 19:30:11','2025-11-24 20:41:28',NULL,NULL,2,NULL,NULL,NULL,3),(6,'step',NULL,'Active','Device design and prototyping','Design and development of inhalation device (MDI actuator, DPI device) including CAD modeling, rapid prototyping, and functional testing.',NULL,NULL,'Device must meet ISO 20072 standards. User testing required for usability assessment.','2025-11-23 19:30:11','2025-11-24 20:41:28',NULL,NULL,1,NULL,NULL,NULL,2),(7,'step',NULL,'Active','Pre-clinical studies','Pre-clinical safety and efficacy studies including in-vitro deposition testing, animal toxicology, and pharmacokinetic studies.',NULL,NULL,'Required for regulatory submission. Must demonstrate safety margin and therapeutic efficacy.','2025-11-23 19:30:11','2025-11-24 20:41:28',NULL,NULL,1,NULL,NULL,NULL,3),(8,'process',NULL,'Active','Raw Material Management','Complete raw material supply chain management including incoming quality control, storage, and inventory management for all inhalation product components.',NULL,NULL,'Critical for both MDI and DPI manufacturing. All materials must be stored under controlled conditions per specifications.','2025-11-23 19:30:11','2025-11-24 20:25:42',NULL,NULL,8,NULL,NULL,2,0),(9,'step',NULL,'Active','Incoming material quality control','Comprehensive quality control testing of incoming raw materials including identity, purity, particle size, and microbiological testing.',NULL,NULL,'All materials must pass COA verification and in-house testing before release to production.','2025-11-23 19:30:11','2025-11-24 20:25:42',NULL,NULL,8,NULL,NULL,NULL,1),(10,'substep',NULL,'Active','Visual inspection','Visual inspection of raw material containers for damage, contamination, and proper labeling. First line of quality control.',NULL,NULL,'Trained inspectors required. Must document any deviations. Reject if container integrity compromised.','2025-11-23 19:30:11','2025-11-24 20:25:42',NULL,NULL,9,NULL,NULL,NULL,1),(11,'substep',NULL,'Active','Quality conformance testing','Laboratory testing to verify raw materials meet specifications including HPLC, GC, particle size analysis, and microbial limits.',NULL,NULL,'Testing must follow validated methods. Results documented in LIMS. Release only after all tests pass.','2025-11-23 19:30:11','2025-11-24 20:25:42',NULL,NULL,9,NULL,NULL,NULL,2),(12,'step',NULL,'Active','Storage of raw materials','Controlled storage of raw materials under specified temperature and humidity conditions. Includes FIFO inventory management.',NULL,NULL,'Temperature monitoring required. API stored in dedicated area with restricted access. Expiry tracking essential.','2025-11-23 19:30:11','2025-11-24 20:25:42',NULL,NULL,8,NULL,NULL,NULL,2),(13,'substep',NULL,'Active','API (Active Pharmaceutical Ingredient)','Dedicated storage area for Active Pharmaceutical Ingredients under controlled conditions. Requires restricted access and environmental monitoring.',NULL,NULL,'Storage: 15-25°C, <60% RH. Requires validated cold chain if applicable. Security measures in place.','2025-11-23 19:30:11','2025-11-24 20:25:42',NULL,NULL,12,NULL,NULL,NULL,1),(14,'substep',NULL,'Active','Excipients','Storage of excipients (lactose, propellants, etc.) in controlled environment. Separate areas for different material types.',NULL,NULL,'Lactose: 15-25°C, <50% RH. Propellants: Follow manufacturer specifications. Segregation from API required.','2025-11-23 19:30:11','2025-11-24 20:25:42',NULL,NULL,12,NULL,NULL,NULL,2),(15,'substep',NULL,'Active','Propellants (for MDIs)','Specialized storage for MDI propellants (HFA-134a, HFA-227) under pressure. Requires explosion-proof facilities.',NULL,NULL,'Critical: Store away from heat sources. Pressure monitoring required. Safety protocols for handling compressed gases.','2025-11-23 19:30:11','2025-11-24 20:25:43',NULL,NULL,12,NULL,NULL,2,3),(16,'substep',NULL,'Active','Packaging materials','Storage of packaging components including canisters, valves, blisters, and labels in clean, dry conditions.',NULL,NULL,'Protect from contamination. First-in-first-out (FIFO) system. Quality checks before use in production.','2025-11-23 19:30:11','2025-11-24 20:25:42',NULL,NULL,12,NULL,NULL,NULL,4),(17,'process',NULL,'Active','API Processing','Processing of Active Pharmaceutical Ingredient to achieve optimal particle size and characteristics for inhalation delivery.',NULL,NULL,'Critical process for both MDI and DPI. Particle size distribution directly impacts lung deposition efficiency.','2025-11-23 19:30:11','2025-11-24 20:25:42',NULL,NULL,17,NULL,NULL,2,1),(18,'step',NULL,'Active','API micronization','Size reduction of API particles to respirable range (<5μm) using jet milling or other micronization techniques.',NULL,NULL,'Target: D50 = 2-3μm, D90 < 5μm. Process must be validated. Monitor for amorphous content formation.','2025-11-23 19:30:11','2025-11-24 20:25:42',NULL,NULL,17,NULL,NULL,NULL,1),(19,'substep',NULL,'Active','Milling to achieve desired particle size','Jet milling process to reduce API particle size. Critical parameters: feed rate, grinding pressure, classifier speed.',NULL,NULL,'Real-time particle size monitoring recommended. Prevent over-milling to avoid amorphous content. GMP environment required.','2025-11-23 19:30:11','2025-11-24 20:25:42',NULL,NULL,18,NULL,NULL,NULL,1),(20,'substep',NULL,'Active','Particle size distribution analysis','Characterization of particle size distribution using laser diffraction (Malvern Mastersizer) or cascade impaction.',NULL,NULL,'Method validation required. Report D10, D50, D90, and span. Compare against target specifications.','2025-11-23 19:30:11','2025-11-24 20:25:42',NULL,NULL,18,NULL,NULL,NULL,2),(21,'step',NULL,'Active','Crystallinity and surface morphology testing','Analysis of crystalline form and surface morphology using XRPD, DSC, and SEM to ensure stability and performance.',NULL,NULL,'Polymorphic form must be stable. Monitor for form conversion during processing. Document crystal habit.','2025-11-23 19:30:11','2025-11-24 20:25:42',NULL,NULL,17,NULL,NULL,NULL,2),(22,'process',NULL,'Active','Formulation Preparation','Preparation of drug formulations for both MDI and DPI products. Includes blending, homogenization, and quality control.',NULL,NULL,'Separate processes for MDI (suspension/solution) and DPI (powder blend). Both require validated mixing procedures.','2025-11-23 19:30:11','2025-11-24 20:25:42',NULL,NULL,18,NULL,NULL,2,2),(23,'step',NULL,'Active','For DPIs','Formulation preparation specific to Dry Powder Inhalers: blending micronized API with carrier particles (lactose).',NULL,NULL,'Critical: Achieve uniform distribution without over-blending. Typical blend ratio: 1-5% API, 95-99% carrier.','2025-11-23 19:30:11','2025-11-24 20:25:43',NULL,NULL,22,NULL,NULL,3,1),(24,'substep',NULL,'Active','Blending of micronized API with carrier (e.g., lactose)','Turbula or V-blender mixing of micronized API with inhalation-grade lactose carrier. Optimize blend time for uniformity.',NULL,NULL,'Blend uniformity testing required (RSD <5%). Prevent segregation. Typical blend time: 15-30 minutes.','2025-11-23 19:30:11','2025-11-24 20:25:43',NULL,NULL,23,NULL,NULL,3,1),(25,'substep',NULL,'Active','Homogenization','Additional mixing step to ensure uniform distribution of API particles on carrier surface. May use high-shear mixing.',NULL,NULL,'Balance between uniformity and particle detachment. Over-mixing can reduce fine particle fraction.','2025-11-23 19:30:11','2025-11-24 20:25:43',NULL,NULL,23,NULL,NULL,3,2),(26,'step',NULL,'Active','For MDIs','Formulation preparation for Metered Dose Inhalers: preparation of drug suspension or solution in propellant system.',NULL,NULL,'Suspension: drug particles in propellant. Solution: drug dissolved in propellant/co-solvent. Different stability profiles.','2025-11-23 19:30:11','2025-11-24 20:25:43',NULL,NULL,22,NULL,NULL,2,2),(27,'substep',NULL,'Active','Preparation of drug suspension/solution','Preparation of drug suspension (particles in propellant) or solution (dissolved drug) with appropriate stabilizers and co-solvents.',NULL,NULL,'Suspension: requires surfactant to prevent agglomeration. Solution: may require co-solvent (ethanol). Both need stability testing.','2025-11-23 19:30:11','2025-11-24 20:25:43',NULL,NULL,26,NULL,NULL,2,1),(28,'substep',NULL,'Active','Mixing with propellant','Mixing of drug formulation with HFA propellant under controlled conditions. Requires pressure vessel and temperature control.',NULL,NULL,'Critical: Maintain temperature to prevent propellant evaporation. Homogeneous mixing essential. Pressure: 3-5 bar typical.','2025-11-23 19:30:11','2025-11-24 20:25:43',NULL,NULL,26,NULL,NULL,2,2),(29,'process',NULL,'Active','Device Components Manufacturing','Manufacturing of device components including plastic parts, metal canisters, valves, and actuators for inhalation products.',NULL,NULL,'Components must meet ISO standards and regulatory requirements. Quality control at each manufacturing step.','2025-11-23 19:30:11','2025-11-24 20:25:42',NULL,NULL,22,NULL,NULL,2,3),(30,'step',NULL,'Active','Injection molding of plastic components','Injection molding of plastic components (actuators, mouthpieces, device bodies) using medical-grade polymers.',NULL,NULL,'Materials: PP, PE, or medical-grade plastics. Must meet USP Class VI. Cleanroom manufacturing required.','2025-11-23 19:30:11','2025-11-24 20:25:42',NULL,NULL,29,NULL,NULL,NULL,1),(31,'step',NULL,'Active','Metal components fabrication (e.g., canisters for MDIs)','Manufacturing of aluminum canisters for MDIs including deep drawing, anodizing, and quality inspection.',NULL,NULL,'Canister must be leak-tight, compatible with propellant, and meet dimensional specifications. Coating may be required.','2025-11-23 19:30:11','2025-11-24 20:25:43',NULL,NULL,29,NULL,NULL,2,2),(32,'step',NULL,'Active','Assembly of device parts','Assembly of device components including valve mounting, actuator attachment, and functional testing.',NULL,NULL,'Assembly in cleanroom environment. Functional testing: spray pattern, dose uniformity, leak testing.','2025-11-23 19:30:11','2025-11-24 20:25:42',NULL,NULL,29,NULL,NULL,NULL,3),(33,'process',NULL,'Active','Filling and Assembly','Final filling of drug product into devices and assembly. Includes dose uniformity testing and packaging.',NULL,NULL,'Critical process requiring validated filling equipment. Separate procedures for MDI and DPI products.','2025-11-23 19:30:11','2025-12-08 18:11:14',NULL,NULL,356,NULL,NULL,2,4),(34,'step',NULL,'Active','For DPIs','Filling of powder formulation into DPI device reservoirs or blisters. Requires precision dosing equipment.',NULL,NULL,'Dose weight: typically 5-25mg per dose. Weight variation: ±10% acceptable. In-process controls required.','2025-11-23 19:30:11','2025-11-24 20:25:43',NULL,NULL,33,NULL,NULL,3,1),(35,'substep',NULL,'Active','Powder filling into blisters or reservoirs','Automated filling of powder blend into device reservoirs or unit-dose blisters using auger or dosator systems.',NULL,NULL,'Critical: Maintain blend uniformity during filling. Prevent segregation. Environmental controls: <30% RH.','2025-11-23 19:30:11','2025-11-24 20:25:43',NULL,NULL,34,NULL,NULL,3,1),(36,'substep',NULL,'Active','Device assembly','Final assembly of DPI device including reservoir/blister loading, mechanism assembly, and packaging.',NULL,NULL,'Assembly in controlled environment. Functional testing: dose delivery, airflow resistance. Leak testing if applicable.','2025-11-23 19:30:11','2025-11-24 20:25:43',NULL,NULL,34,NULL,NULL,3,2),(37,'step',NULL,'Active','For MDIs','Filling of MDI canisters with drug-propellant formulation under pressure. Includes valve crimping and actuator attachment.',NULL,NULL,'Cold-fill or pressure-fill method. Dose volume: typically 50-100μL. Requires validated filling equipment.','2025-11-23 19:30:11','2025-11-24 20:25:43',NULL,NULL,33,NULL,1,2,2),(38,'substep',NULL,'Active','Canister filling with drug formulation and propellant','Filling of drug-propellant formulation into aluminum canisters under controlled pressure and temperature conditions.',NULL,NULL,'Fill weight: typically 10-20g per canister. Pressure: 3-5 bar. Temperature control critical. Leak testing required.','2025-11-23 19:30:11','2025-11-24 20:25:43',NULL,NULL,37,NULL,2,2,1),(39,'substep',NULL,'Active','Valve crimping','Crimping of metering valve onto filled canister using specialized crimping equipment. Ensures leak-tight seal.',NULL,NULL,'Crimp height and force must be within specifications. 100% leak testing required. Visual inspection for defects.','2025-11-23 19:30:11','2025-11-24 20:25:43',NULL,NULL,37,NULL,6,2,2),(40,'substep',NULL,'Active','Actuator attachment','Attachment of actuator/mouthpiece to crimped canister. Includes functional testing and priming.',NULL,NULL,'Snap-fit or threaded attachment. Prime device (waste 2-3 shots) before use. Dose uniformity testing on filled units.','2025-11-23 19:30:11','2025-11-24 20:25:43',NULL,NULL,37,NULL,5,2,3),(100,'substep',NULL,'Active','Pre-formulation compatibility studies','Evaluation of API-excipient compatibility using binary mixtures, thermal analysis (DSC, TGA), and accelerated stress testing to identify potential interactions.',NULL,NULL,'Critical step to prevent formulation failures. Test at 40°C/75% RH for 1-3 months. Monitor for color changes, degradation, polymorphic transitions.','2025-11-24 20:40:41','2025-11-24 20:40:41',NULL,NULL,2,NULL,NULL,NULL,4),(101,'task',NULL,'Active','Prepare binary mixtures','Prepare 1:1 w/w binary mixtures of API with each excipient candidate for compatibility testing.',NULL,NULL,'Use analytical balance. Document exact ratios. Store in controlled conditions.','2025-11-24 20:40:41','2025-11-24 20:40:41',NULL,NULL,100,NULL,NULL,NULL,1),(102,'task',NULL,'Active','Perform DSC analysis','Differential Scanning Calorimetry analysis to detect physical interactions and polymorphic changes.',NULL,NULL,'Heating rate: 10°C/min. Temperature range: 25-300°C. Compare with individual components.','2025-11-24 20:40:41','2025-11-24 20:40:41',NULL,NULL,100,NULL,NULL,NULL,2),(103,'task',NULL,'Active','Conduct accelerated stress testing','Store binary mixtures at 40°C/75% RH for 1-3 months and analyze for degradation products.',NULL,NULL,'Sample at 0, 1, 2, 3 months. Use HPLC for degradation product analysis.','2025-11-24 20:40:41','2025-11-24 20:40:41',NULL,NULL,100,NULL,NULL,NULL,3),(104,'activity',NULL,'Active','Document compatibility results','Compile compatibility study report with recommendations for excipient selection.',NULL,NULL,'Include all analytical data, photographs, and conclusions. Review with formulation team.','2025-11-24 20:40:41','2025-11-24 20:40:41',NULL,NULL,100,NULL,NULL,NULL,4),(105,'substep',NULL,'Active','Formulation optimization using DoE','Design of Experiments approach to optimize formulation parameters (API concentration, excipient ratio, mixing conditions) to achieve target performance.',NULL,NULL,'Use statistical software (JMP, Design-Expert). Typical factors: API%, carrier type, blend time. Responses: FPF, dose uniformity, stability.','2025-11-24 20:40:41','2025-11-24 20:40:41',NULL,NULL,2,NULL,NULL,NULL,5),(106,'task',NULL,'Active','Design experimental matrix','Create factorial or response surface design to systematically vary formulation parameters.',NULL,NULL,'Include center points for curvature detection. Randomize run order. Plan 15-30 experiments.','2025-11-24 20:40:41','2025-11-24 20:40:41',NULL,NULL,105,NULL,NULL,NULL,1),(107,'task',NULL,'Active','Prepare experimental batches','Manufacture formulation batches according to DoE matrix with precise control of variables.',NULL,NULL,'Document all process parameters. Use calibrated equipment. Maintain batch records.','2025-11-24 20:40:41','2025-11-24 20:40:41',NULL,NULL,105,NULL,NULL,NULL,2),(108,'task',NULL,'Active','Characterize formulations','Test all batches for key performance indicators: fine particle fraction (FPF), dose uniformity, flow properties.',NULL,NULL,'Use cascade impaction for FPF. USP <601> for dose uniformity. Flow properties: angle of repose, Carr index.','2025-11-24 20:40:41','2025-11-24 20:40:41',NULL,NULL,105,NULL,NULL,NULL,3),(109,'activity',NULL,'Active','Statistical analysis and optimization','Analyze results using regression analysis to identify optimal formulation parameters.',NULL,NULL,'Generate response surface plots. Identify design space. Validate optimal formulation with confirmation runs.','2025-11-24 20:40:41','2025-11-24 20:40:41',NULL,NULL,105,NULL,NULL,NULL,4),(110,'substep',NULL,'Active','Analytical method development and validation','Development and validation of analytical methods for API assay, degradation products, particle size, and dose content uniformity per ICH Q2(R1).',NULL,NULL,'Methods must be specific, accurate, precise, linear, and robust. Validation required before use in stability studies.','2025-11-24 20:40:41','2025-11-24 20:40:41',NULL,NULL,2,NULL,NULL,NULL,6),(111,'task',NULL,'Active','Develop HPLC method for assay','Develop and optimize HPLC method for API quantification in formulation with appropriate specificity and sensitivity.',NULL,NULL,'Method development: column selection, mobile phase optimization, detection wavelength. Target: LOD < 0.1%, LOQ < 0.3%.','2025-11-24 20:40:41','2025-11-24 20:40:41',NULL,NULL,110,NULL,NULL,NULL,1),(112,'task',NULL,'Active','Develop method for degradation products','Develop HPLC method with gradient elution to separate and quantify degradation products (impurities).',NULL,NULL,'Must separate all known and potential degradation products. Use forced degradation studies to identify peaks.','2025-11-24 20:40:41','2025-11-24 20:40:41',NULL,NULL,110,NULL,NULL,NULL,2),(113,'task',NULL,'Active','Validate particle size method','Validate laser diffraction method (Malvern Mastersizer) for particle size distribution analysis.',NULL,NULL,'Validation: precision (RSD < 5%), accuracy (recovery 95-105%), robustness. Include sample preparation procedure.','2025-11-24 20:40:41','2025-11-24 20:40:41',NULL,NULL,110,NULL,NULL,NULL,3),(114,'activity',NULL,'Active','Complete method validation report','Document all validation data per ICH Q2(R1) including system suitability, specificity, linearity, accuracy, precision, LOD/LOQ, robustness.',NULL,NULL,'Review with QA. Include in regulatory submission. Method must be transferable to QC laboratory.','2025-11-24 20:40:41','2025-11-24 20:40:41',NULL,NULL,110,NULL,NULL,NULL,4),(115,'substep',NULL,'Active','Concept design and requirements definition','Define device requirements including dose delivery mechanism, airflow resistance, user interface, and ergonomic considerations.',NULL,NULL,'Requirements: dose accuracy ±15%, airflow resistance 0.01-0.05 kPa·s/L, user-friendly operation. Document in Design Requirements Specification.','2025-11-24 20:40:41','2025-11-24 20:40:41',NULL,NULL,6,NULL,NULL,NULL,1),(116,'substep',NULL,'Active','CAD modeling and engineering design','3D CAD modeling of device components including detailed engineering drawings, tolerances, and material specifications.',NULL,NULL,'Use SolidWorks, CATIA, or similar. Include all dimensions, tolerances, surface finishes. Design for manufacturability (DFM).','2025-11-24 20:40:41','2025-11-24 20:40:41',NULL,NULL,6,NULL,NULL,NULL,2),(117,'substep',NULL,'Active','Rapid prototyping and iterative design','3D printing and rapid prototyping of device concepts for functional testing and design iteration.',NULL,NULL,'Materials: SLA, SLS, or FDM. Multiple iterations typical. Test form, fit, and function. Refine design based on feedback.','2025-11-24 20:40:41','2025-11-24 20:40:41',NULL,NULL,6,NULL,NULL,NULL,3),(118,'substep',NULL,'Active','Functional testing and performance validation','Testing of prototype devices for dose delivery, airflow characteristics, spray pattern (MDI), and powder dispersion (DPI).',NULL,NULL,'Test methods: cascade impaction, laser diffraction, high-speed video. Compare against target specifications. Document all results.','2025-11-24 20:40:41','2025-11-24 20:40:41',NULL,NULL,6,NULL,NULL,NULL,4),(119,'substep',NULL,'Active','User studies and usability testing','Human factors studies with target patient population to assess device usability, ease of use, and patient preference.',NULL,NULL,'Follow FDA Human Factors Guidance. Test with 20-30 participants. Assess: ease of use, error rates, patient satisfaction. Document findings.','2025-11-24 20:40:41','2025-11-24 20:40:41',NULL,NULL,6,NULL,NULL,NULL,5),(120,'task',NULL,'Active','Create actuator body model','3D CAD model of MDI actuator body with internal channels, valve interface, and mouthpiece connection.',NULL,NULL,'Critical dimensions: valve stem diameter, spray channel geometry. Material: medical-grade PP or PE.','2025-11-24 20:40:41','2025-11-24 20:40:41',NULL,NULL,116,NULL,NULL,NULL,1),(121,'task',NULL,'Active','Design DPI device mechanism','CAD model of DPI device including powder reservoir, dose metering mechanism, and airflow channels.',NULL,NULL,'Mechanism must provide consistent dose delivery. Airflow resistance critical for patient inhalation effort.','2025-11-24 20:40:41','2025-11-24 20:40:41',NULL,NULL,116,NULL,NULL,NULL,2),(122,'activity',NULL,'Active','Generate engineering drawings','Create detailed 2D engineering drawings from 3D models with all dimensions, tolerances, and GD&T symbols.',NULL,NULL,'Follow ASME Y14.5 standards. Include: front view, side view, section views, detail views. Review with manufacturing team.','2025-11-24 20:40:41','2025-11-24 20:40:41',NULL,NULL,116,NULL,NULL,NULL,3),(123,'task',NULL,'Active','3D print prototype components','Print device components using appropriate 3D printing technology (SLA, SLS, FDM) based on requirements.',NULL,NULL,'SLA: high detail, smooth finish. SLS: functional parts, good mechanical properties. Post-process: sanding, support removal.','2025-11-24 20:40:41','2025-11-24 20:40:41',NULL,NULL,117,NULL,NULL,NULL,1),(124,'task',NULL,'Active','Assemble prototype devices','Assemble 3D printed components into functional prototype devices for testing.',NULL,NULL,'May require additional components (valves, springs). Document assembly procedure. Test fit and function.','2025-11-24 20:40:41','2025-11-24 20:40:41',NULL,NULL,117,NULL,NULL,NULL,2),(125,'activity',NULL,'Active','Functional testing of prototypes','Test prototype devices for dose delivery, airflow, and mechanical function. Compare against design targets.',NULL,NULL,'Test: dose uniformity, spray pattern (MDI), powder dispersion (DPI), airflow resistance. Document all results. Iterate if needed.','2025-11-24 20:40:41','2025-11-24 20:40:41',NULL,NULL,117,NULL,NULL,NULL,3),(126,'substep',NULL,'Active','In-vitro deposition testing','Cascade impaction studies (Andersen, Next Generation Impactor) to characterize aerosol performance and lung deposition profile.',NULL,NULL,'Test conditions: flow rate 28.3 L/min (MDI) or 60 L/min (DPI). Calculate: FPF, MMAD, GSD. Compare against target profile.','2025-11-24 20:40:41','2025-11-24 20:40:41',NULL,NULL,7,NULL,NULL,NULL,1),(127,'substep',NULL,'Active','Animal toxicology studies','Repeat-dose toxicology studies in rodents and non-rodents to assess safety and establish NOAEL (No Observed Adverse Effect Level).',NULL,NULL,'Follow ICH M3(R2). Typical: 28-day and 90-day studies. Monitor: clinical signs, body weight, food consumption, clinical pathology, histopathology.','2025-11-24 20:40:41','2025-11-24 20:40:41',NULL,NULL,7,NULL,NULL,NULL,2),(128,'substep',NULL,'Active','Pharmacokinetic studies','PK studies in animals to understand absorption, distribution, metabolism, and excretion (ADME) of the drug after inhalation.',NULL,NULL,'Study: plasma concentration-time profiles, bioavailability, half-life, clearance. Compare IV vs. inhalation routes.','2025-11-24 20:40:41','2025-11-24 20:40:41',NULL,NULL,7,NULL,NULL,NULL,3),(129,'substep',NULL,'Active','Safety pharmacology studies','Assessment of effects on vital organ systems (cardiovascular, respiratory, central nervous system) at therapeutic and supra-therapeutic doses.',NULL,NULL,'Follow ICH S7A. Test: cardiovascular (ECG, blood pressure), respiratory (respiratory rate, tidal volume), CNS (behavioral observations).','2025-11-24 20:40:41','2025-11-24 20:40:41',NULL,NULL,7,NULL,NULL,NULL,4),(130,'substep',NULL,'Active','Genotoxicity studies','Assessment of potential genotoxic effects using bacterial reverse mutation assay (Ames test) and in-vitro mammalian cell tests.',NULL,NULL,'Follow ICH S2(R1). Required before first-in-human studies. Must be negative for clinical progression.','2025-11-24 20:40:41','2025-11-24 20:40:41',NULL,NULL,7,NULL,NULL,NULL,5),(131,'task',NULL,'Active','Set up cascade impactor','Calibrate and prepare cascade impactor (Andersen or NGI) according to pharmacopoeial methods (USP <601>).',NULL,NULL,'Calibrate flow rate. Pre-condition impactor plates with coating solution. Document environmental conditions (T, RH).','2025-11-24 20:40:41','2025-11-24 20:40:41',NULL,NULL,126,NULL,NULL,NULL,1),(132,'task',NULL,'Active','Perform actuation and collection','Actuate device into impactor at specified flow rate. Collect drug on each stage and filter.',NULL,NULL,'MDI: actuate at t=0. DPI: use vacuum pump at 60 L/min. Collect for specified number of actuations (typically 10).','2025-11-24 20:40:41','2025-11-24 20:40:41',NULL,NULL,126,NULL,NULL,NULL,2),(133,'task',NULL,'Active','Analyze stage deposits','Extract drug from each impactor stage and analyze using validated HPLC method to quantify drug mass per stage.',NULL,NULL,'Extract with appropriate solvent. Analyze by HPLC. Calculate mass per stage. Sum to get total recovered dose.','2025-11-24 20:40:41','2025-11-24 20:40:41',NULL,NULL,126,NULL,NULL,NULL,3),(134,'activity',NULL,'Active','Calculate deposition parameters','Calculate fine particle fraction (FPF), mass median aerodynamic diameter (MMAD), and geometric standard deviation (GSD).',NULL,NULL,'FPF = mass < 5μm / total recovered. MMAD from cumulative distribution. GSD from log-normal fit. Compare against targets.','2025-11-24 20:40:41','2025-11-24 20:40:41',NULL,NULL,126,NULL,NULL,NULL,4),(135,'step',NULL,'Active','Regulatory documentation and submission preparation','Preparation of comprehensive regulatory documentation including IND (Investigational New Drug), IMPD (Investigational Medicinal Product Dossier), and supporting documents for FDA/EMA submission.',NULL,NULL,'Critical for clinical trial authorization. Requires multidisciplinary input. Follow CTD format. Timeline: 3-6 months preparation.','2025-11-24 20:40:41','2025-11-24 20:40:41',NULL,NULL,1,NULL,NULL,NULL,4),(136,'substep',NULL,'Active','Module 2: Quality Overall Summary','Preparation of Quality Overall Summary (QOS) including drug substance, drug product, and analytical methods summaries.',NULL,NULL,'Follow ICH M4Q(R1). Include: manufacturing process, specifications, analytical methods, stability data. Review with regulatory affairs.','2025-11-24 20:40:41','2025-11-24 20:40:41',NULL,NULL,135,NULL,NULL,NULL,1),(137,'substep',NULL,'Active','Module 3: Quality Documentation','Complete Module 3 documentation including drug substance and drug product information, manufacturing process, specifications, and analytical methods.',NULL,NULL,'Detailed documentation of all quality aspects. Include: batch records, validation reports, stability protocols and reports, analytical method validation.','2025-11-24 20:40:41','2025-11-24 20:40:41',NULL,NULL,135,NULL,NULL,NULL,2),(138,'substep',NULL,'Active','Module 4: Non-clinical Study Reports','Compilation of all non-clinical study reports including toxicology, pharmacokinetics, and safety pharmacology studies.',NULL,NULL,'Include: study protocols, final reports, GLP compliance statements. All studies must be conducted per GLP guidelines.','2025-11-24 20:40:41','2025-11-24 20:40:41',NULL,NULL,135,NULL,NULL,NULL,3),(139,'substep',NULL,'Active','Clinical trial application submission','Submission of IND (FDA) or IMPD/CTA (EMA) application to regulatory authorities for authorization to conduct clinical trials.',NULL,NULL,'Coordinate with regulatory affairs. Submit electronically (eCTD format preferred). Prepare for potential questions from regulatory reviewers.','2025-11-24 20:40:41','2025-11-24 20:40:41',NULL,NULL,135,NULL,NULL,NULL,4),(140,'task',NULL,'Active','Prepare drug substance summary','Summary of drug substance (API) including manufacturing process, characterization, specifications, and stability.',NULL,NULL,'Include: synthetic route, impurities, particle size, polymorphic form, stability data. Keep concise but complete.','2025-11-24 20:40:41','2025-11-24 20:40:41',NULL,NULL,136,NULL,NULL,NULL,1),(141,'task',NULL,'Active','Prepare drug product summary','Summary of drug product including formulation, manufacturing process, specifications, and stability data.',NULL,NULL,'Include: composition, manufacturing steps, critical process parameters, specifications, stability protocol and results.','2025-11-24 20:40:41','2025-11-24 20:40:41',NULL,NULL,136,NULL,NULL,NULL,2),(142,'activity',NULL,'Active','Review and finalize QOS','Internal review of Quality Overall Summary with quality, regulatory, and technical teams. Finalize for submission.',NULL,NULL,'Ensure consistency with Module 3. Address all reviewer comments. Obtain management approval before submission.','2025-11-24 20:40:41','2025-11-24 20:40:41',NULL,NULL,136,NULL,NULL,NULL,3),(143,'step',NULL,'Active','Clinical trial material preparation','Preparation of clinical trial materials including manufacturing, packaging, labeling, and release testing of investigational product for Phase I/II studies.',NULL,NULL,'Must be manufactured under GMP conditions. Requires qualified manufacturing facility. Timeline: 2-3 months for first clinical batch.','2025-11-24 20:40:41','2025-11-24 20:40:41',NULL,NULL,1,NULL,NULL,NULL,5),(144,'substep',NULL,'Active','Clinical batch manufacturing','Manufacture of clinical trial material batches under GMP conditions following validated manufacturing process.',NULL,NULL,'Batch size: typically 1000-5000 units. Document all process parameters. In-process controls required. Batch record must be complete.','2025-11-24 20:40:41','2025-11-24 20:40:41',NULL,NULL,143,NULL,NULL,NULL,1),(145,'substep',NULL,'Active','Packaging and labeling','Packaging of clinical trial materials with appropriate labeling including randomization codes, expiry dates, and storage conditions.',NULL,NULL,'Follow GMP packaging requirements. Labeling must comply with regulatory requirements. Include: batch number, expiry, storage conditions, \"For clinical trial use only\".','2025-11-24 20:40:41','2025-11-24 20:40:41',NULL,NULL,143,NULL,NULL,NULL,2),(146,'substep',NULL,'Active','Release testing and quality control','Complete quality control testing and release of clinical trial materials including assay, impurities, dose uniformity, and microbial testing.',NULL,NULL,'All tests must pass specifications. Release by Qualified Person (EU) or authorized person (US). Document in Certificate of Analysis.','2025-11-24 20:40:41','2025-11-24 20:40:41',NULL,NULL,143,NULL,NULL,NULL,3),(147,'substep',NULL,'Active','Stability testing of clinical materials','Ongoing stability testing of clinical trial materials to support expiry dating and storage conditions.',NULL,NULL,'Test at specified intervals (0, 1, 3, 6, 12 months). Monitor: appearance, assay, impurities, particle size. Update stability report as data becomes available.','2025-11-24 20:40:41','2025-11-24 20:40:41',NULL,NULL,143,NULL,NULL,NULL,4),(148,'task',NULL,'Active','Prepare manufacturing batch record','Prepare detailed batch record for clinical trial material manufacturing including all process steps, parameters, and acceptance criteria.',NULL,NULL,'Include: material quantities, equipment settings, process parameters, in-process controls, sampling plan. Review and approve before use.','2025-11-24 20:40:41','2025-11-24 20:40:41',NULL,NULL,144,NULL,NULL,NULL,1),(149,'task',NULL,'Active','Manufacture clinical batch','Execute manufacturing of clinical trial batch following approved batch record under GMP conditions.',NULL,NULL,'Document all deviations. Perform in-process controls. Collect samples for testing. Maintain cleanroom environment.','2025-11-24 20:40:41','2025-11-24 20:40:41',NULL,NULL,144,NULL,NULL,NULL,2),(150,'activity',NULL,'Active','Complete batch documentation','Complete all batch documentation including batch record, deviation reports (if any), and prepare for quality review.',NULL,NULL,'Ensure all entries are complete, legible, and signed. Attach all supporting documentation (COAs, calibration certificates).','2025-11-24 20:40:41','2025-11-24 20:40:41',NULL,NULL,144,NULL,NULL,NULL,3),(151,'process',NULL,'Active','Regulatory Submission Preparation','Comprehensive process for preparing regulatory submissions including IND (Investigational New Drug), NDA (New Drug Application), IMPD (Investigational Medicinal Product Dossier), and MAA (Marketing Authorization Application) for FDA, EMA, HPRA, and other regulatory authorities.',NULL,NULL,'Critical process requiring multidisciplinary coordination. Follows CTD (Common Technical Document) format. Timeline: 3-6 months for initial submission preparation. All documents must be eCTD compliant.','2025-11-24 21:06:54','2025-12-08 18:11:14',NULL,NULL,356,NULL,NULL,NULL,0),(152,'step',NULL,'Active','IND/IMPD Preparation','Preparation of Investigational New Drug (FDA) or Investigational Medicinal Product Dossier (EMA) application for authorization to conduct clinical trials.',NULL,NULL,'Includes: Module 1 (Administrative), Module 2 (Summaries), Module 3 (Quality), Module 4 (Non-clinical), Module 5 (Clinical protocol). Requires cross-functional team input.','2025-11-24 21:06:54','2025-11-24 21:06:54',NULL,NULL,151,NULL,NULL,NULL,1),(153,'step',NULL,'Active','NDA/MAA Preparation','Preparation of New Drug Application (FDA) or Marketing Authorization Application (EMA) for product approval and market authorization.',NULL,NULL,'Comprehensive submission including all clinical data, manufacturing information, labeling, and risk management plans. Requires extensive documentation and data analysis.','2025-11-24 21:06:54','2025-11-24 21:06:54',NULL,NULL,151,NULL,NULL,NULL,2),(154,'step',NULL,'Active','Post-Marketing Submissions','Management of post-approval submissions including variations, supplements, annual reports, and safety updates.',NULL,NULL,'Ongoing regulatory maintenance. Includes: Type IA/IB variations (EU), CBE-30/CBE-0 supplements (US), PADER (Periodic Adverse Drug Experience Reports), PSUR (Periodic Safety Update Reports).','2025-11-24 21:06:54','2025-11-24 21:06:54',NULL,NULL,151,NULL,NULL,NULL,3),(155,'substep',NULL,'Active','Module 1: Administrative Information','Compilation of administrative documents including application forms, cover letters, table of contents, and regional information.',NULL,NULL,'FDA Form 1571/1572 (IND), EU Application Form. Include: applicant information, product information, proposed indication, orphan drug designation (if applicable).','2025-11-24 21:06:54','2025-11-24 21:06:54',NULL,NULL,152,NULL,NULL,NULL,1),(156,'substep',NULL,'Active','Module 2: Quality Overall Summary','Preparation of Quality Overall Summary (QOS) summarizing drug substance, drug product, and analytical methods.',NULL,NULL,'Follow ICH M4Q(R1). Include: manufacturing process summary, specifications, analytical methods summary, stability data summary. Keep concise but complete.','2025-11-24 21:06:54','2025-11-24 21:06:54',NULL,NULL,152,NULL,NULL,NULL,2),(157,'substep',NULL,'Active','Module 3: Quality Documentation','Complete quality documentation including drug substance and drug product information, manufacturing process, specifications, and analytical methods.',NULL,NULL,'Detailed documentation: batch records, validation reports, stability protocols and reports, analytical method validation, container closure system.','2025-11-24 21:06:54','2025-11-24 21:06:54',NULL,NULL,152,NULL,NULL,NULL,3),(158,'substep',NULL,'Active','Module 4: Non-clinical Study Reports','Compilation of all non-clinical study reports including toxicology, pharmacokinetics, and safety pharmacology.',NULL,NULL,'Include: study protocols, final reports, GLP compliance statements. All studies must be conducted per GLP guidelines. Cross-reference to Module 2 summaries.','2025-11-24 21:06:54','2025-11-24 21:06:54',NULL,NULL,152,NULL,NULL,NULL,4),(159,'substep',NULL,'Active','Module 5: Clinical Protocol and Information','Clinical trial protocol, investigator brochure, and clinical trial authorization documentation.',NULL,NULL,'Protocol must be scientifically sound and ethically acceptable. Include: study design, inclusion/exclusion criteria, endpoints, statistical analysis plan, informed consent form.','2025-11-24 21:06:54','2025-11-24 21:06:54',NULL,NULL,152,NULL,NULL,NULL,5),(160,'substep',NULL,'Active','eCTD Compilation and Submission','Compilation of submission in eCTD (electronic Common Technical Document) format and submission to regulatory authorities.',NULL,NULL,'Use validated eCTD software. Ensure proper XML structure, hyperlinking, and document organization. Submit electronically via FDA ESG or EMA Gateway.','2025-11-24 21:06:54','2025-11-24 21:06:54',NULL,NULL,152,NULL,NULL,NULL,6),(161,'task',NULL,'Active','Complete application forms','Fill out regulatory application forms (FDA Form 1571/1572 for IND, EU Application Form for IMPD) with all required information.',NULL,NULL,'Ensure all fields completed accurately. Signatures required from sponsor and investigators. Review for completeness before submission.','2025-11-24 21:06:54','2025-11-24 21:06:54',NULL,NULL,155,NULL,NULL,NULL,1),(162,'task',NULL,'Active','Prepare cover letter','Draft cover letter to regulatory authority introducing the submission and highlighting key points.',NULL,NULL,'Include: submission type, product name, indication, request for authorization, contact information. Professional tone, clear and concise.','2025-11-24 21:06:54','2025-11-24 21:06:54',NULL,NULL,155,NULL,NULL,NULL,2),(163,'activity',NULL,'Active','Compile administrative documents','Gather and organize all administrative documents including certificates, authorizations, and declarations.',NULL,NULL,'Check completeness: GMP certificates, manufacturing authorizations, import licenses (if applicable), orphan drug designation (if applicable).','2025-11-24 21:06:54','2025-11-24 21:06:54',NULL,NULL,155,NULL,NULL,NULL,3),(164,'process',NULL,'Active','Regulatory Compliance Tracking','Systematic tracking of regulatory compliance across multiple jurisdictions (FDA, EMA, HPRA, Health Canada, TGA, etc.) including submission status, approval timelines, and regulatory commitments.',NULL,NULL,'Critical for maintaining market authorization. Track: submission dates, review timelines, information requests, approval dates, post-marketing commitments, inspection schedules.','2025-11-24 21:06:54','2025-12-08 18:11:14',NULL,NULL,356,NULL,NULL,NULL,0),(165,'step',NULL,'Active','FDA Compliance Tracking','Tracking of FDA submissions, approvals, and post-marketing requirements including PDUFA dates, user fee payments, and inspection schedules.',NULL,NULL,'Monitor: IND status, NDA review timeline, PDUFA goal dates, information requests, advisory committee meetings, approval letters, post-marketing commitments.','2025-11-24 21:06:54','2025-11-24 21:06:54',NULL,NULL,164,NULL,NULL,NULL,1),(166,'step',NULL,'Active','EMA/HPRA Compliance Tracking','Tracking of European regulatory submissions including IMPD, MAA, variations, and post-authorization commitments.',NULL,NULL,'Monitor: validation dates, assessment timelines, Day 120/180 questions, CHMP opinion, authorization dates, post-authorization measures, PSUR submission dates.','2025-11-24 21:06:54','2025-11-24 21:06:54',NULL,NULL,164,NULL,NULL,NULL,2),(167,'step',NULL,'Active','Multi-Jurisdictional Coordination','Coordination of regulatory activities across multiple jurisdictions to ensure consistent submissions and timely approvals.',NULL,NULL,'Synchronize submission timelines where possible. Coordinate responses to similar questions. Maintain master regulatory timeline. Track country-specific requirements.','2025-11-24 21:06:54','2025-11-24 21:06:54',NULL,NULL,164,NULL,NULL,NULL,3),(168,'process',NULL,'Active','Document Revision History Management','Comprehensive document control system for tracking revision history of regulatory documents including protocols, reports, specifications, and SOPs.',NULL,NULL,'Maintains audit trail of all document changes. Includes: version control, change justification, approval workflow, effective dates, superseded documents archive.','2025-11-24 21:06:54','2025-12-08 18:11:14',NULL,NULL,356,NULL,NULL,NULL,0),(169,'step',NULL,'Active','Document Change Control','Formal process for requesting, reviewing, approving, and implementing document changes.',NULL,NULL,'Change request → Impact assessment → Review → Approval → Implementation → Training. Document all changes with justification.','2025-11-24 21:06:54','2025-11-24 21:06:54',NULL,NULL,168,NULL,NULL,NULL,1),(170,'step',NULL,'Active','Version Control and Archive','Maintenance of document versions and archive of superseded documents for regulatory inspection readiness.',NULL,NULL,'All versions retained. Archive system searchable. Retention per regulatory requirements (typically 10+ years). Easy retrieval for inspections.','2025-11-24 21:06:54','2025-11-24 21:06:54',NULL,NULL,168,NULL,NULL,NULL,2),(171,'process',NULL,'Active','Product License Lifecycle Management','End-to-end management of product license lifecycle from initial application through renewal, variations, and eventual withdrawal.',NULL,NULL,'Tracks: application submission → approval → post-marketing variations → renewals → license maintenance → withdrawal (if applicable).','2025-11-24 21:06:54','2025-12-08 18:11:14',NULL,NULL,356,NULL,NULL,NULL,0),(172,'step',NULL,'Active','License Application and Approval','Initial product license application and approval process including preparation, submission, review, and authorization.',NULL,NULL,'Timeline: 6-12 months typical. Monitor review progress. Respond to questions promptly. Prepare for potential advisory committee.','2025-11-24 21:06:54','2025-11-24 21:06:54',NULL,NULL,171,NULL,NULL,NULL,1),(173,'step',NULL,'Active','Post-Marketing Variations','Management of post-approval changes including manufacturing changes, labeling updates, and indication expansions.',NULL,NULL,'Classify variations: Type IA/IB/II (EU), CBE-30/CBE-0/PAS (US). Assess regulatory impact. Submit appropriate variation application.','2025-11-24 21:06:54','2025-11-24 21:06:54',NULL,NULL,171,NULL,NULL,NULL,2),(174,'step',NULL,'Active','License Renewal','Periodic license renewal process to maintain market authorization.',NULL,NULL,'EU: Renewal every 5 years. US: Annual reports. Prepare renewal documentation including safety and efficacy updates, post-marketing commitments status.','2025-11-24 21:06:54','2025-11-24 21:06:54',NULL,NULL,171,NULL,NULL,NULL,3),(175,'process',NULL,'Active','Batch Record Review and Approval','Comprehensive batch record review process including manufacturing batch records, packaging records, and quality control test results to ensure compliance with specifications before product release.',NULL,NULL,'Critical quality gate. All batch records must be reviewed and approved by authorized personnel (Qualified Person in EU, authorized person in US) before release. Review includes: completeness, accuracy, deviations, test results, environmental monitoring.','2025-11-24 21:07:13','2025-12-08 18:11:14',NULL,NULL,356,NULL,NULL,NULL,0),(176,'step',NULL,'Active','Manufacturing Batch Record Review','Review of manufacturing batch records for completeness, accuracy, and compliance with approved procedures.',NULL,NULL,'Check: material quantities, process parameters, in-process controls, sampling, environmental conditions, equipment used, operator signatures, timestamps. Document any discrepancies.','2025-11-24 21:07:13','2025-11-24 21:07:13',NULL,NULL,175,NULL,NULL,NULL,1),(177,'step',NULL,'Active','Quality Control Test Results Review','Review of all QC test results including assay, impurities, dose uniformity, particle size, microbial limits, and container closure integrity.',NULL,NULL,'Verify: all tests performed, results within specifications, methods validated, equipment calibrated, analysts qualified. Investigate any OOS results.','2025-11-24 21:07:13','2025-11-24 21:07:13',NULL,NULL,175,NULL,NULL,NULL,2),(178,'step',NULL,'Active','Deviation and Investigation Review','Review of any deviations, non-conformances, or investigations associated with the batch.',NULL,NULL,'Assess: impact on product quality, root cause analysis completeness, corrective actions taken, preventive measures. Ensure deviations properly documented and closed.','2025-11-24 21:07:13','2025-11-24 21:07:13',NULL,NULL,175,NULL,NULL,NULL,3),(179,'step',NULL,'Active','Final Release Decision','Final review and release decision by Qualified Person (EU) or authorized person (US) based on complete batch documentation.',NULL,NULL,'Decision criteria: all tests passed, no critical deviations, documentation complete, batch meets specifications. Document release decision with signature and date.','2025-11-24 21:07:13','2025-11-24 21:07:13',NULL,NULL,175,NULL,NULL,NULL,4),(180,'substep',NULL,'Active','Completeness Check','Verify all required sections of batch record are completed including material reconciliation, process steps, and signatures.',NULL,NULL,'Checklist: material quantities, process parameters documented, all steps signed, timestamps present, no blank fields. Flag incomplete records for correction.','2025-11-24 21:07:13','2025-11-24 21:07:13',NULL,NULL,176,NULL,NULL,NULL,1),(181,'substep',NULL,'Active','Accuracy Verification','Verify accuracy of recorded data including calculations, measurements, and process parameters against approved ranges.',NULL,NULL,'Compare: material weights against BOM, process parameters against validated ranges, calculations verified. Document any discrepancies.','2025-11-24 21:07:13','2025-11-24 21:07:13',NULL,NULL,176,NULL,NULL,NULL,2),(182,'substep',NULL,'Active','Compliance Assessment','Assess compliance with approved procedures, specifications, and regulatory requirements.',NULL,NULL,'Verify: procedures followed, specifications met, environmental conditions within limits, equipment qualified, operators trained. Document compliance status.','2025-11-24 21:07:13','2025-11-24 21:07:13',NULL,NULL,176,NULL,NULL,NULL,3),(183,'process',NULL,'Active','Change Control and CAPA Management','Formal change control process for managing changes to processes, procedures, equipment, and systems, plus Corrective and Preventive Action (CAPA) system for addressing non-conformances.',NULL,NULL,'All changes must be assessed for impact on product quality, safety, and efficacy. CAPA system ensures systematic approach to problem resolution and prevention.','2025-11-24 21:07:13','2025-12-08 18:11:14',NULL,NULL,356,NULL,NULL,NULL,0),(184,'step',NULL,'Active','Change Request and Impact Assessment','Formal change request process including description of proposed change, justification, and comprehensive impact assessment.',NULL,NULL,'Assess impact on: product quality, regulatory compliance, validation status, documentation, training needs, supply chain. Classify change: minor, major, critical.','2025-11-24 21:07:13','2025-11-24 21:07:13',NULL,NULL,183,NULL,NULL,NULL,1),(185,'step',NULL,'Active','Change Review and Approval','Multi-disciplinary review and approval of change requests by appropriate stakeholders including QA, Regulatory, Manufacturing, and Engineering.',NULL,NULL,'Review team evaluates: technical feasibility, quality impact, regulatory implications, resource requirements, timeline. Approval required before implementation.','2025-11-24 21:07:13','2025-11-24 21:07:13',NULL,NULL,183,NULL,NULL,NULL,2),(186,'step',NULL,'Active','Change Implementation and Verification','Implementation of approved changes including validation (if required), documentation updates, training, and verification of effectiveness.',NULL,NULL,'Implement per approved plan. Update procedures, batch records, specifications as needed. Train affected personnel. Verify change implemented correctly.','2025-11-24 21:07:13','2025-11-24 21:07:13',NULL,NULL,183,NULL,NULL,NULL,3),(187,'step',NULL,'Active','CAPA Initiation and Investigation','Initiation of Corrective and Preventive Action for non-conformances, deviations, complaints, or audit findings.',NULL,NULL,'Document: problem description, immediate containment actions, investigation team assignment, timeline for completion. Use root cause analysis tools (5-Whys, fishbone, etc.).','2025-11-24 21:07:13','2025-11-24 21:07:13',NULL,NULL,183,NULL,NULL,NULL,4),(188,'step',NULL,'Active','CAPA Implementation and Effectiveness Check','Implementation of corrective and preventive actions and verification of effectiveness.',NULL,NULL,'Implement: corrective actions (address immediate problem), preventive actions (prevent recurrence). Monitor effectiveness. Close CAPA when verified effective.','2025-11-24 21:07:13','2025-11-24 21:07:13',NULL,NULL,183,NULL,NULL,NULL,5),(189,'process',NULL,'Active','Audit Management','Comprehensive audit management system for internal audits, external supplier audits, and regulatory inspections (FDA, EMA, HPRA).',NULL,NULL,'Maintains audit schedule, tracks findings, manages corrective actions, and ensures inspection readiness. Critical for maintaining GMP compliance and market authorization.','2025-11-24 21:07:13','2025-12-08 18:11:14',NULL,NULL,356,NULL,NULL,NULL,0),(190,'step',NULL,'Active','Internal Audit Program','Scheduled internal audits of all GMP areas including manufacturing, quality control, warehouse, documentation, and computer systems.',NULL,NULL,'Annual audit schedule. Areas audited: manufacturing processes, QC laboratories, warehouse operations, documentation systems, validation, training records. Use risk-based approach.','2025-11-24 21:07:13','2025-11-24 21:07:13',NULL,NULL,189,NULL,NULL,NULL,1),(191,'step',NULL,'Active','Supplier/Vendor Audit','Audit of critical suppliers and vendors including API manufacturers, excipient suppliers, packaging material suppliers, and contract manufacturers.',NULL,NULL,'Audit frequency based on risk: critical suppliers annually, others biennially. Assess: GMP compliance, quality systems, change control, deviation management, supply reliability.','2025-11-24 21:07:13','2025-11-24 21:07:13',NULL,NULL,189,NULL,NULL,NULL,2),(192,'step',NULL,'Active','Regulatory Inspection Management','Preparation, management, and follow-up of regulatory inspections (FDA, EMA, HPRA, MHRA, etc.).',NULL,NULL,'Pre-inspection: readiness assessment, document organization, team briefing. During: escort, document requests, responses. Post-inspection: response to findings, corrective actions, follow-up.','2025-11-24 21:07:13','2025-11-24 21:07:13',NULL,NULL,189,NULL,NULL,NULL,3),(193,'step',NULL,'Active','Audit Finding Management','Systematic management of audit findings including classification, root cause analysis, corrective action planning, and closure verification.',NULL,NULL,'Classify findings: critical, major, minor. Document: finding description, root cause, impact assessment, corrective action plan, timeline, responsible party. Track to closure.','2025-11-24 21:07:13','2025-11-24 21:07:13',NULL,NULL,189,NULL,NULL,NULL,4),(194,'process',NULL,'Active','Analytical Method Validation and OOS Handling','Comprehensive system for analytical method validation per ICH Q2(R1) and systematic handling of Out-of-Specification (OOS) and Out-of-Trend (OOT) results.',NULL,NULL,'All analytical methods must be validated before use. OOS results require formal investigation per FDA OOS Guidance. Maintains data integrity and ensures reliable test results.','2025-11-24 21:07:13','2025-12-08 18:11:14',NULL,NULL,356,NULL,NULL,NULL,0),(195,'step',NULL,'Active','Method Development and Optimization','Development and optimization of analytical methods for drug substance and drug product testing.',NULL,NULL,'Develop: HPLC, GC, dissolution, particle size, microbial methods. Optimize: column selection, mobile phase, detection wavelength, sample preparation. Document development work.','2025-11-24 21:07:13','2025-11-24 21:07:13',NULL,NULL,194,NULL,NULL,NULL,1),(196,'step',NULL,'Active','Method Validation per ICH Q2(R1)','Comprehensive validation of analytical methods including specificity, accuracy, precision, linearity, range, LOD, LOQ, and robustness.',NULL,NULL,'Validation parameters: specificity (forced degradation), accuracy (recovery 98-102%), precision (RSD <2%), linearity (R² >0.99), range, LOD/LOQ, robustness. Document in validation report.','2025-11-24 21:07:13','2025-11-24 21:07:13',NULL,NULL,194,NULL,NULL,NULL,2),(197,'step',NULL,'Active','OOS Investigation Phase 1: Laboratory Investigation','Initial laboratory investigation of OOS results including analyst interview, sample preparation review, and instrument check.',NULL,NULL,'Within 1 business day. Check: calculation errors, sample preparation errors, instrument malfunction, analyst technique. Document all findings. If no assignable cause, proceed to Phase 2.','2025-11-24 21:07:13','2025-11-24 21:07:13',NULL,NULL,194,NULL,NULL,NULL,3),(198,'step',NULL,'Active','OOS Investigation Phase 2: Full Investigation','Comprehensive investigation including retest, resample, and root cause analysis if Phase 1 inconclusive.',NULL,NULL,'Retest: original sample (if available), resample from batch. Root cause analysis: review manufacturing process, review method, review equipment. Determine if batch is out of specification.','2025-11-24 21:07:13','2025-11-24 21:07:13',NULL,NULL,194,NULL,NULL,NULL,4),(199,'step',NULL,'Active','OOS Investigation Phase 3: Batch Disposition','Final decision on batch disposition based on investigation findings and risk assessment.',NULL,NULL,'If assignable cause found: invalidate original result, use retest results. If no assignable cause: batch fails specification, investigate manufacturing process. Document decision and rationale.','2025-11-24 21:07:13','2025-11-24 21:07:13',NULL,NULL,194,NULL,NULL,NULL,5),(200,'process',NULL,'Active','Packaging Material Specification and Sourcing','Development and management of packaging material specifications including primary packaging (blisters, canisters), secondary packaging (cartons), and tertiary packaging (shippers). Includes supplier qualification and material testing.',NULL,NULL,'All packaging materials must meet regulatory requirements and protect product integrity. Specifications include: dimensions, materials of construction, barrier properties, compatibility testing, supplier qualification.','2025-11-24 21:07:42','2025-12-08 18:11:14',NULL,NULL,356,NULL,NULL,NULL,0),(201,'step',NULL,'Active','Primary Packaging Specification','Development of specifications for primary packaging components (blisters for DPI, canisters for MDI, valves, actuators).',NULL,NULL,'Specifications: dimensions, materials (aluminum, plastic grades), barrier properties (moisture, oxygen), compatibility with drug product, regulatory compliance (Ph.Eur., USP).','2025-11-24 21:07:42','2025-11-24 21:07:42',NULL,NULL,200,NULL,NULL,NULL,1),(202,'step',NULL,'Active','Secondary Packaging Specification','Development of specifications for secondary packaging (cartons, leaflets, labels).',NULL,NULL,'Specifications: dimensions, materials, print quality, regulatory text requirements, child-resistant features (if required), tamper-evident features.','2025-11-24 21:07:42','2025-11-24 21:07:42',NULL,NULL,200,NULL,NULL,NULL,2),(203,'step',NULL,'Active','Packaging Material Testing and Qualification','Testing and qualification of packaging materials including compatibility studies, barrier testing, and stability studies.',NULL,NULL,'Tests: extractables/leachables, moisture permeability, oxygen transmission, light protection, compatibility with drug product, stability in contact with product.','2025-11-24 21:07:42','2025-11-24 21:07:42',NULL,NULL,200,NULL,NULL,NULL,3),(204,'process',NULL,'Active','Label Design and Regulatory Compliance','Complete label design process ensuring regulatory compliance with FDA, EMA, and local requirements. Includes artwork development, regulatory text review, and approval workflow.',NULL,NULL,'Labels must comply with: FDA 21 CFR Part 201, EU Directive 2001/83/EC, local country requirements. Includes: product name, active ingredient, strength, dosage, warnings, storage conditions, expiry, batch number.','2025-11-24 21:07:42','2025-12-08 18:11:14',NULL,NULL,356,NULL,NULL,NULL,0),(205,'step',NULL,'Active','Regulatory Text Development','Development of regulatory text for labels including indications, dosage, warnings, contraindications, and storage instructions.',NULL,NULL,'Text must be approved by Regulatory Affairs. Follow approved product information (SmPC, Package Insert). Ensure accuracy and completeness. Review for medical accuracy.','2025-11-24 21:07:42','2025-11-24 21:07:42',NULL,NULL,204,NULL,NULL,NULL,1),(206,'step',NULL,'Active','Artwork Design and Layout','Graphic design of label artwork including layout, fonts, colors, and branding elements while maintaining regulatory compliance.',NULL,NULL,'Design considerations: readability, font size (minimum 7pt), color contrast, space for all required text, branding consistency. Use approved templates.','2025-11-24 21:07:42','2025-11-24 21:07:42',NULL,NULL,204,NULL,NULL,NULL,2),(207,'step',NULL,'Active','Regulatory Review and Approval','Review of label artwork by Regulatory Affairs, Medical Affairs, and Quality Assurance for compliance and accuracy.',NULL,NULL,'Review: regulatory text accuracy, completeness, compliance with regulations, medical accuracy, readability. Obtain approvals before printing.','2025-11-24 21:07:42','2025-11-24 21:07:42',NULL,NULL,204,NULL,NULL,NULL,3),(208,'step',NULL,'Active','Label Printing and Quality Control','Printing of labels with quality control checks including color matching, text accuracy, barcode verification, and print quality.',NULL,NULL,'Print per approved artwork. QC checks: text accuracy, color match, barcode readability, print quality, dimensions. Document print batch information.','2025-11-24 21:07:42','2025-11-24 21:07:42',NULL,NULL,204,NULL,NULL,NULL,4),(209,'process',NULL,'Active','Serialization and Anti-Counterfeiting','Implementation of serialization and track-and-trace systems to prevent counterfeiting and ensure product authenticity. Includes unique identifiers (GTIN, serial numbers), barcodes, and data submission to regulatory databases.',NULL,NULL,'Required by: EU FMD (Falsified Medicines Directive), US DSCSA (Drug Supply Chain Security Act). Serialization: unique serial number per unit, aggregation (carton to case), data submission to national databases.','2025-11-24 21:07:42','2025-12-08 18:11:14',NULL,NULL,356,NULL,NULL,NULL,0),(210,'step',NULL,'Active','Serial Number Generation and Assignment','Generation and assignment of unique serial numbers to each product unit following GS1 standards.',NULL,NULL,'Format: GTIN (14 digits) + Serial Number (variable length). Ensure uniqueness. Generate in secure system. Maintain serial number database.','2025-11-24 21:07:42','2025-11-24 21:07:42',NULL,NULL,209,NULL,NULL,NULL,1),(211,'step',NULL,'Active','Barcode Printing and Verification','Printing of 2D DataMatrix or QR codes on product labels and verification of code quality and readability.',NULL,NULL,'Print codes per GS1 standards. Verify: code quality (grade A or B), readability by scanners, data accuracy. 100% verification required.','2025-11-24 21:07:42','2025-11-24 21:07:42',NULL,NULL,209,NULL,NULL,NULL,2),(212,'step',NULL,'Active','Aggregation and Parent-Child Relationships','Establishment of parent-child relationships (unit to carton, carton to case) for supply chain tracking.',NULL,NULL,'Aggregate: units into cartons, cartons into cases. Maintain parent-child relationships in database. Enable de-aggregation for returns/recalls.','2025-11-24 21:07:42','2025-11-24 21:07:42',NULL,NULL,209,NULL,NULL,NULL,3),(213,'step',NULL,'Active','Data Submission to Regulatory Databases','Submission of serialization data to national regulatory databases (EMVO for EU, FDA for US) for product authentication.',NULL,NULL,'Submit: product information, serial numbers, batch numbers, expiry dates, aggregation data. Submit before product release. Maintain data accuracy and completeness.','2025-11-24 21:07:42','2025-11-24 21:07:42',NULL,NULL,209,NULL,NULL,NULL,4),(214,'process',NULL,'Active','Batch Packaging and Labeling Workflow','Complete packaging and labeling workflow for production batches including line setup, packaging operations, in-process controls, and documentation.',NULL,NULL,'Performed under GMP conditions. Includes: line clearance, material verification, packaging operations, label application, in-process checks, batch documentation, line clearance after completion.','2025-11-24 21:07:42','2025-12-08 18:11:14',NULL,NULL,356,NULL,NULL,NULL,0),(215,'step',NULL,'Active','Packaging Line Setup and Clearance','Setup and clearance of packaging line including equipment cleaning, material verification, and line clearance documentation.',NULL,NULL,'Clear previous batch. Verify: equipment clean, correct materials, correct batch number, line clearance documented. QA approval required before start.','2025-11-24 21:07:42','2025-11-24 21:07:42',NULL,NULL,214,NULL,NULL,NULL,1),(216,'step',NULL,'Active','Primary Packaging Operations','Primary packaging operations including filling product into primary containers (blisters, canisters) and sealing.',NULL,NULL,'Operations: product filling, container sealing, leak testing (if applicable), visual inspection. Document: quantities, line speed, operator, timestamps.','2025-11-24 21:07:42','2025-11-24 21:07:42',NULL,NULL,214,NULL,NULL,NULL,2),(217,'step',NULL,'Active','Labeling Operations','Application of labels to primary containers including label verification, application, and quality checks.',NULL,NULL,'Verify: correct label, correct batch number, expiry date, serial numbers. Apply labels. Check: alignment, adhesion, readability. Document label batch information.','2025-11-24 21:07:42','2025-11-24 21:07:42',NULL,NULL,214,NULL,NULL,NULL,3),(218,'step',NULL,'Active','Secondary Packaging Operations','Secondary packaging operations including cartoning, leaflet insertion, and case packing.',NULL,NULL,'Operations: carton erection, leaflet insertion, carton closing, case packing, palletizing. Verify: correct carton, correct leaflet, correct quantities.','2025-11-24 21:07:42','2025-11-24 21:07:42',NULL,NULL,214,NULL,NULL,NULL,4),(219,'step',NULL,'Active','In-Process Controls and Sampling','In-process quality controls during packaging including visual inspection, label verification, and sampling for testing.',NULL,NULL,'Controls: label accuracy checks, visual inspection, weight checks, barcode verification, sampling for retain samples. Document all controls and results.','2025-11-24 21:07:42','2025-11-24 21:07:42',NULL,NULL,214,NULL,NULL,NULL,5),(220,'process',NULL,'Active','Finished Goods Release','Final release of finished goods after completion of packaging, labeling, and all quality checks. Includes batch record review, test result review, and release authorization.',NULL,NULL,'Release by Qualified Person (EU) or authorized person (US). All requirements must be met: manufacturing complete, packaging complete, all tests passed, documentation complete, no critical deviations.','2025-11-24 21:07:42','2025-12-08 18:11:14',NULL,NULL,356,NULL,NULL,NULL,0),(221,'step',NULL,'Active','Packaging Batch Record Review','Review of packaging batch records for completeness, accuracy, and compliance.',NULL,NULL,'Review: material reconciliation, packaging operations, label application, in-process controls, deviations, operator signatures. Verify completeness and accuracy.','2025-11-24 21:07:42','2025-11-24 21:07:42',NULL,NULL,220,NULL,NULL,NULL,1),(222,'step',NULL,'Active','Final Quality Check','Final quality check including retain sample inspection, label verification, and packaging integrity check.',NULL,NULL,'Check: retain samples, label accuracy, packaging integrity, serialization data, aggregation data. Document all checks.','2025-11-24 21:07:42','2025-11-24 21:07:42',NULL,NULL,220,NULL,NULL,NULL,2),(223,'step',NULL,'Active','Release Authorization','Final release authorization by Qualified Person or authorized person after all requirements met.',NULL,NULL,'Authorize release: sign batch record, issue release certificate, update system status. Release only if all requirements met. Document release decision.','2025-11-24 21:07:42','2025-11-24 21:07:42',NULL,NULL,220,NULL,NULL,NULL,3),(224,'process',NULL,'Active','Vendor and Material Qualification','Comprehensive vendor qualification process including supplier assessment, material qualification, quality agreements, and ongoing supplier management.',NULL,NULL,'Critical suppliers: API manufacturers, excipient suppliers, packaging material suppliers. Qualification includes: GMP audit, quality system assessment, material testing, quality agreement execution.','2025-11-24 21:07:55','2025-12-08 18:11:14',NULL,NULL,356,NULL,NULL,NULL,0),(225,'step',NULL,'Active','Supplier Assessment and Selection','Initial assessment and selection of potential suppliers including capability assessment, quality system review, and financial stability check.',NULL,NULL,'Assess: manufacturing capabilities, quality systems, regulatory compliance, financial stability, supply reliability, technical support. Use supplier questionnaire and site visits.','2025-11-24 21:07:55','2025-11-24 21:07:55',NULL,NULL,224,NULL,NULL,NULL,1),(226,'step',NULL,'Active','Supplier Audit and Qualification','Formal GMP audit of supplier facilities and quality systems to assess compliance and capability.',NULL,NULL,'Audit scope: manufacturing facilities, quality systems, documentation, change control, deviation management, training. Document findings. Require corrective actions if needed.','2025-11-24 21:07:55','2025-11-24 21:07:55',NULL,NULL,224,NULL,NULL,NULL,2),(227,'step',NULL,'Active','Material Qualification and Testing','Qualification of materials from supplier including identity testing, specification verification, and compatibility studies.',NULL,NULL,'Test: identity, purity, particle size (if applicable), microbial limits, endotoxins. Verify against specifications. Perform compatibility studies if needed.','2025-11-24 21:07:55','2025-11-24 21:07:55',NULL,NULL,224,NULL,NULL,NULL,3),(228,'step',NULL,'Active','Quality Agreement Execution','Execution of quality agreement defining responsibilities, specifications, testing requirements, and change control procedures.',NULL,NULL,'Agreement includes: material specifications, testing requirements, change control procedures, deviation reporting, audit rights, recall procedures. Legal review required.','2025-11-24 21:07:55','2025-11-24 21:07:55',NULL,NULL,224,NULL,NULL,NULL,4),(229,'process',NULL,'Active','Warehouse Operations and Stock Control','Complete warehouse management system including material receipt, storage, inventory control, stock rotation (FIFO/FEFO), and material issue to production.',NULL,NULL,'Warehouse must maintain: controlled storage conditions, accurate inventory records, proper segregation, security, traceability. Follow GMP requirements for storage and handling.','2025-11-24 21:07:55','2025-12-08 18:11:14',NULL,NULL,356,NULL,NULL,NULL,0),(230,'step',NULL,'Active','Material Receipt and Verification','Receipt of materials from suppliers including verification of delivery, documentation check, and initial inspection.',NULL,NULL,'Verify: delivery matches purchase order, documentation complete (COA, delivery note), container integrity, labeling. Document receipt. Quarantine until QC release.','2025-11-24 21:07:56','2025-11-24 21:07:56',NULL,NULL,229,NULL,NULL,NULL,1),(231,'step',NULL,'Active','Quarantine and QC Release','Quarantine of materials pending quality control testing and release to production use.',NULL,NULL,'Store in quarantine area. Await QC testing and release. Move to approved storage after release. Document quarantine and release dates.','2025-11-24 21:07:56','2025-11-24 21:07:56',NULL,NULL,229,NULL,NULL,NULL,2),(232,'step',NULL,'Active','Storage and Inventory Management','Storage of approved materials under controlled conditions with accurate inventory tracking and stock rotation.',NULL,NULL,'Storage: controlled temperature/humidity, proper segregation, security, FIFO/FEFO rotation. Inventory: accurate records, regular cycle counts, reconciliation. Monitor expiry dates.','2025-11-24 21:07:56','2025-11-24 21:07:56',NULL,NULL,229,NULL,NULL,NULL,3),(233,'step',NULL,'Active','Material Issue to Production','Issue of materials to production following approved procedures including material verification and documentation.',NULL,NULL,'Verify: material approved, within expiry, correct material, correct quantity. Issue per production order. Document issue. Update inventory records.','2025-11-24 21:07:56','2025-11-24 21:07:56',NULL,NULL,229,NULL,NULL,NULL,4),(234,'process',NULL,'Active','Transportation and Distribution Tracking','Complete distribution management including transportation arrangements, shipment tracking, delivery verification, and distribution records.',NULL,NULL,'Track: shipment status, delivery dates, temperature monitoring (if applicable), security, customs clearance (if international). Maintain distribution records for regulatory inspection.','2025-11-24 21:07:56','2025-12-08 18:11:14',NULL,NULL,356,NULL,NULL,NULL,0),(235,'step',NULL,'Active','Shipment Planning and Coordination','Planning and coordination of product shipments including carrier selection, route planning, and documentation preparation.',NULL,NULL,'Plan: shipment dates, carrier selection, route optimization, documentation (commercial invoice, packing list, certificates). Coordinate with customers and carriers.','2025-11-24 21:07:56','2025-11-24 21:07:56',NULL,NULL,234,NULL,NULL,NULL,1),(236,'step',NULL,'Active','Shipment Execution and Tracking','Execution of shipments with real-time tracking and monitoring of shipment status and conditions.',NULL,NULL,'Execute: prepare shipment, load product, dispatch, track in transit. Monitor: location, temperature (if applicable), delivery status. Update tracking system.','2025-11-24 21:07:56','2025-11-24 21:07:56',NULL,NULL,234,NULL,NULL,NULL,2),(237,'step',NULL,'Active','Delivery Verification and Documentation','Verification of delivery including proof of delivery, condition check, and documentation of any issues.',NULL,NULL,'Verify: delivery complete, product condition, temperature records (if applicable), documentation complete. Document any damage or discrepancies. Obtain POD.','2025-11-24 21:07:56','2025-11-24 21:07:56',NULL,NULL,234,NULL,NULL,NULL,3),(238,'process',NULL,'Active','Cold Chain Management','Management of temperature-controlled supply chain for products requiring cold storage (2-8°C) or frozen storage (-20°C). Includes temperature monitoring, validation, and deviation handling.',NULL,NULL,'Critical for biologics, vaccines, and temperature-sensitive products. Requires: validated cold storage, temperature monitoring during transport, qualified packaging, deviation procedures.','2025-11-24 21:07:56','2025-12-08 18:11:14',NULL,NULL,356,NULL,NULL,NULL,0),(239,'step',NULL,'Active','Cold Storage Validation','Validation of cold storage facilities and transport systems to ensure temperature control within specified ranges.',NULL,NULL,'Validate: storage facilities, transport vehicles, packaging systems. Temperature mapping studies. Establish temperature limits and monitoring procedures.','2025-11-24 21:07:56','2025-11-24 21:07:56',NULL,NULL,238,NULL,NULL,NULL,1),(240,'step',NULL,'Active','Temperature Monitoring and Control','Continuous temperature monitoring during storage and transport using data loggers and monitoring systems.',NULL,NULL,'Monitor: storage temperature, transport temperature, temperature excursions. Use calibrated data loggers. Review temperature records. Alert on excursions.','2025-11-24 21:07:56','2025-11-24 21:07:56',NULL,NULL,238,NULL,NULL,NULL,2),(241,'step',NULL,'Active','Temperature Excursion Handling','Investigation and handling of temperature excursions including impact assessment and product disposition.',NULL,NULL,'Investigate: duration, magnitude, product impact. Assess: stability data, product quality impact. Decide: use product, quarantine, reject. Document investigation and decision.','2025-11-24 21:07:56','2025-11-24 21:07:56',NULL,NULL,238,NULL,NULL,NULL,3),(242,'process',NULL,'Active','Recall Management','Comprehensive recall management system for product recalls including recall initiation, classification, execution, effectiveness checks, and regulatory reporting.',NULL,NULL,'Recalls classified: Class I (life-threatening), Class II (serious), Class III (minor). Must notify regulatory authorities. Track recall effectiveness. Document all activities.','2025-11-24 21:07:56','2025-12-08 18:11:14',NULL,NULL,356,NULL,NULL,NULL,0),(243,'step',NULL,'Active','Recall Initiation and Classification','Initiation of recall process including problem identification, risk assessment, and recall classification (Class I, II, or III).',NULL,NULL,'Initiate: identify problem, assess risk, classify recall, notify management. Classify per FDA/EMA guidance. Document initiation and rationale.','2025-11-24 21:07:56','2025-11-24 21:07:56',NULL,NULL,242,NULL,NULL,NULL,1),(244,'step',NULL,'Active','Regulatory Notification','Notification of regulatory authorities (FDA, EMA, etc.) of recall including recall strategy and communication plan.',NULL,NULL,'Notify: within 24 hours for Class I, within 48 hours for Class II. Submit: recall notification, recall strategy, communication materials. Coordinate with regulatory affairs.','2025-11-24 21:07:56','2025-11-24 21:07:56',NULL,NULL,242,NULL,NULL,NULL,2),(245,'step',NULL,'Active','Recall Execution','Execution of recall including customer notification, product retrieval, and quarantine of recalled product.',NULL,NULL,'Execute: notify customers, retrieve product, quarantine recalled product, track retrieval effectiveness. Use distribution records to identify customers. Document all activities.','2025-11-24 21:07:56','2025-11-24 21:07:56',NULL,NULL,242,NULL,NULL,NULL,3),(246,'step',NULL,'Active','Recall Effectiveness Check','Verification of recall effectiveness including retrieval rate calculation and assessment of recall completeness.',NULL,NULL,'Calculate: retrieval rate, effectiveness. Assess: completeness of retrieval, remaining product in market. Report effectiveness to regulatory authorities. Close recall when complete.','2025-11-24 21:07:56','2025-11-24 21:07:56',NULL,NULL,242,NULL,NULL,NULL,4),(247,'process',NULL,'Active','Preventive and Corrective Maintenance','Comprehensive maintenance management system including scheduled preventive maintenance, unscheduled corrective maintenance, maintenance planning, and equipment reliability tracking.',NULL,NULL,'Maintenance critical for: GMP compliance, product quality, equipment reliability, production efficiency. Includes: maintenance schedules, work orders, spare parts management, maintenance history, downtime tracking.','2025-11-24 21:08:10','2025-12-08 18:11:14',NULL,NULL,356,NULL,NULL,NULL,0),(248,'step',NULL,'Active','Maintenance Schedule Development','Development of preventive maintenance schedules based on equipment criticality, manufacturer recommendations, and historical data.',NULL,NULL,'Schedule: daily, weekly, monthly, quarterly, annual tasks. Based on: manufacturer recommendations, risk assessment, historical failure data. Document in maintenance plan.','2025-11-24 21:08:10','2025-11-24 21:08:10',NULL,NULL,247,NULL,NULL,NULL,1),(249,'step',NULL,'Active','Preventive Maintenance Execution','Execution of scheduled preventive maintenance tasks including lubrication, cleaning, inspection, and parts replacement.',NULL,NULL,'Execute per schedule. Tasks: cleaning, lubrication, inspection, calibration, parts replacement, testing. Document: work performed, parts used, findings, completion date, technician.','2025-11-24 21:08:10','2025-11-24 21:08:10',NULL,NULL,247,NULL,NULL,NULL,2),(250,'step',NULL,'Active','Corrective Maintenance and Troubleshooting','Response to equipment failures including troubleshooting, repair, and return to service verification.',NULL,NULL,'Respond: identify problem, troubleshoot, repair, test, return to service. Document: failure description, root cause, repair actions, parts used, verification testing.','2025-11-24 21:08:10','2025-11-24 21:08:10',NULL,NULL,247,NULL,NULL,NULL,3),(251,'step',NULL,'Active','Maintenance Documentation and History','Documentation of all maintenance activities including work orders, maintenance logs, and equipment history.',NULL,NULL,'Document: work orders, maintenance logs, parts usage, downtime, findings, recommendations. Maintain equipment history file. Track: MTBF, MTTR, maintenance costs.','2025-11-24 21:08:10','2025-11-24 21:08:10',NULL,NULL,247,NULL,NULL,NULL,4),(252,'process',NULL,'Active','Equipment Calibration Management','Comprehensive calibration management system for all measuring and testing equipment including calibration schedules, calibration execution, and calibration records.',NULL,NULL,'All critical equipment must be calibrated. Calibration: against traceable standards, at defined intervals, by qualified personnel. Document: calibration certificates, calibration history, out-of-calibration handling.','2025-11-24 21:08:10','2025-12-08 18:11:14',NULL,NULL,356,NULL,NULL,NULL,0),(253,'step',NULL,'Active','Calibration Schedule Development','Development of calibration schedules based on equipment criticality, manufacturer recommendations, and regulatory requirements.',NULL,NULL,'Schedule: critical equipment annually, others biennially or per manufacturer. Based on: equipment criticality, usage frequency, historical drift data. Document in calibration plan.','2025-11-24 21:08:10','2025-11-24 21:08:10',NULL,NULL,252,NULL,NULL,NULL,1),(254,'step',NULL,'Active','Calibration Execution','Execution of calibration using traceable standards and documented procedures.',NULL,NULL,'Execute: use traceable standards (NIST, NPL), follow documented procedures, perform at multiple points, document results, apply calibration labels. Outsource to accredited labs if needed.','2025-11-24 21:08:10','2025-11-24 21:08:10',NULL,NULL,252,NULL,NULL,NULL,2),(255,'step',NULL,'Active','Calibration Verification and Documentation','Verification of calibration results and documentation of calibration certificates and history.',NULL,NULL,'Verify: results within tolerance, certificate complete, traceability documented. Document: calibration certificate, calibration history, next due date. Update equipment status.','2025-11-24 21:08:10','2025-11-24 21:08:10',NULL,NULL,252,NULL,NULL,NULL,3),(256,'step',NULL,'Active','Out-of-Calibration Handling','Investigation and handling of out-of-calibration equipment including impact assessment and product review.',NULL,NULL,'Investigate: when out of calibration, impact on products tested, root cause. Assess: product impact, need for retest. Document: investigation, corrective actions, product disposition.','2025-11-24 21:08:10','2025-11-24 21:08:10',NULL,NULL,252,NULL,NULL,NULL,4),(257,'process',NULL,'Active','Downtime and Uptime Tracking','Systematic tracking of equipment downtime and uptime for production planning, reliability analysis, and continuous improvement.',NULL,NULL,'Track: downtime events, downtime duration, downtime causes, uptime percentage, MTBF (Mean Time Between Failures), MTTR (Mean Time To Repair). Use for: production planning, reliability improvement, maintenance optimization.','2025-11-24 21:08:10','2025-12-08 18:11:14',NULL,NULL,356,NULL,NULL,NULL,0),(258,'step',NULL,'Active','Downtime Event Recording','Recording of equipment downtime events including start time, end time, cause, and impact.',NULL,NULL,'Record: equipment, start time, end time, cause (breakdown, maintenance, changeover, etc.), impact on production, operator, maintenance technician. Use downtime tracking system.','2025-11-24 21:08:10','2025-11-24 21:08:10',NULL,NULL,257,NULL,NULL,NULL,1),(259,'step',NULL,'Active','Downtime Analysis and Reporting','Analysis of downtime data including trend analysis, root cause analysis, and downtime reports.',NULL,NULL,'Analyze: downtime trends, common causes, equipment reliability, production impact. Report: monthly downtime summary, equipment performance, recommendations for improvement.','2025-11-24 21:08:10','2025-11-24 21:08:10',NULL,NULL,257,NULL,NULL,NULL,2),(260,'step',NULL,'Active','Uptime Calculation and OEE','Calculation of equipment uptime, availability, and Overall Equipment Effectiveness (OEE).',NULL,NULL,'Calculate: uptime percentage, availability, OEE (availability × performance × quality). Target: >95% uptime, >85% OEE. Use for: performance monitoring, improvement initiatives.','2025-11-24 21:08:10','2025-11-24 21:08:10',NULL,NULL,257,NULL,NULL,NULL,3),(261,'process',NULL,'Active','Spare Parts Inventory Management','Management of spare parts inventory including parts identification, stock levels, procurement, storage, and usage tracking.',NULL,NULL,'Maintain: critical spare parts inventory, minimum stock levels, parts database, supplier information, parts usage history. Ensure: parts availability for maintenance, cost optimization, obsolete parts management.','2025-11-24 21:08:10','2025-12-08 18:11:14',NULL,NULL,356,NULL,NULL,NULL,0),(262,'step',NULL,'Active','Spare Parts Identification and Cataloging','Identification and cataloging of spare parts including part numbers, descriptions, and equipment associations.',NULL,NULL,'Identify: critical spare parts, part numbers, suppliers, lead times, costs. Catalog: part numbers, descriptions, equipment associations, specifications. Maintain parts database.','2025-11-24 21:08:10','2025-11-24 21:08:10',NULL,NULL,261,NULL,NULL,NULL,1),(263,'step',NULL,'Active','Stock Level Management','Management of spare parts stock levels including minimum/maximum levels, reorder points, and inventory optimization.',NULL,NULL,'Set: minimum stock levels, reorder points, maximum stock levels. Based on: usage history, lead times, criticality, cost. Monitor: stock levels, usage rates, reorder when needed.','2025-11-24 21:08:10','2025-11-24 21:08:10',NULL,NULL,261,NULL,NULL,NULL,2),(264,'step',NULL,'Active','Parts Procurement and Receipt','Procurement and receipt of spare parts including purchase orders, supplier coordination, and receipt verification.',NULL,NULL,'Procure: issue purchase orders, coordinate with suppliers, track delivery, receive parts, verify against order, update inventory. Document: purchase orders, delivery notes, receipts.','2025-11-24 21:08:10','2025-11-24 21:08:10',NULL,NULL,261,NULL,NULL,NULL,3),(265,'step',NULL,'Active','Parts Usage and Tracking','Tracking of spare parts usage including issue to maintenance, usage recording, and inventory updates.',NULL,NULL,'Issue: parts to maintenance work orders, record usage, update inventory, track usage history. Document: parts issued, work order, date, technician. Analyze: usage patterns, costs.','2025-11-24 21:08:10','2025-11-24 21:08:10',NULL,NULL,261,NULL,NULL,NULL,4),(266,'process',NULL,'Active','Equipment Qualification','Comprehensive equipment qualification process including Design Qualification (DQ), Installation Qualification (IQ), Operational Qualification (OQ), and Performance Qualification (PQ).',NULL,NULL,'Qualification required for: GMP equipment, critical process equipment, analytical instruments. Follows: ICH Q7, FDA Process Validation Guidance. Documents: DQ, IQ, OQ, PQ protocols and reports.','2025-11-24 21:08:10','2025-12-08 18:11:14',NULL,NULL,356,NULL,NULL,NULL,0),(267,'step',NULL,'Active','Design Qualification (DQ)','Verification that equipment design meets user requirements and regulatory requirements.',NULL,NULL,'Verify: design meets URS (User Requirements Specification), regulatory compliance, GMP requirements. Document: design review, design approval, design qualification report.','2025-11-24 21:08:10','2025-11-24 21:08:10',NULL,NULL,266,NULL,NULL,NULL,1),(268,'step',NULL,'Active','Installation Qualification (IQ)','Verification that equipment is installed correctly according to specifications and manufacturer requirements.',NULL,NULL,'Verify: equipment received as specified, installed correctly, utilities connected, documentation received. Document: installation checklist, installation report, as-built drawings.','2025-11-24 21:08:10','2025-11-24 21:08:10',NULL,NULL,266,NULL,NULL,NULL,2),(269,'step',NULL,'Active','Operational Qualification (OQ)','Verification that equipment operates correctly across all operating ranges and functions as intended.',NULL,NULL,'Test: all functions, operating ranges, alarms, safety features. Document: test protocols, test results, OQ report. Verify: equipment operates per specifications.','2025-11-24 21:08:10','2025-11-24 21:08:10',NULL,NULL,266,NULL,NULL,NULL,3),(270,'step',NULL,'Active','Performance Qualification (PQ)','Verification that equipment performs consistently under actual operating conditions with actual product.',NULL,NULL,'Test: performance under actual conditions, consistency, reliability. Document: PQ protocol, test results, PQ report. Verify: equipment meets performance requirements.','2025-11-24 21:08:10','2025-11-24 21:08:10',NULL,NULL,266,NULL,NULL,NULL,4),(271,'process',NULL,'Active','Risk Assessment Workflow','Comprehensive risk assessment system using various methodologies (HAZOP, 5-Whys, Job Safety Analysis, FMEA) to identify, assess, and control workplace hazards.',NULL,NULL,'Risk assessments required for: new processes, equipment changes, work activities, chemical handling. Methods: HAZOP (Hazard and Operability Study), 5-Whys, JSA (Job Safety Analysis), FMEA (Failure Mode and Effects Analysis).','2025-11-24 21:08:23','2025-12-08 18:11:14',NULL,NULL,356,NULL,NULL,NULL,0),(272,'step',NULL,'Active','HAZOP Study','Hazard and Operability Study for systematic identification of hazards and operability problems in processes and equipment.',NULL,NULL,'Method: guideword approach (no flow, more flow, less pressure, etc.). Team: process engineer, operator, EHS, maintenance. Document: HAZOP worksheet, recommendations, action items.','2025-11-24 21:08:23','2025-11-24 21:08:23',NULL,NULL,271,NULL,NULL,NULL,1),(273,'step',NULL,'Active','5-Whys Root Cause Analysis','Systematic root cause analysis using 5-Whys methodology to identify underlying causes of incidents or hazards.',NULL,NULL,'Method: ask \"why\" five times to identify root cause. Document: problem statement, why questions, root cause, corrective actions. Use for: incident investigation, problem solving.','2025-11-24 21:08:23','2025-11-24 21:08:23',NULL,NULL,271,NULL,NULL,NULL,2),(274,'step',NULL,'Active','Job Safety Analysis (JSA)','Job Safety Analysis to identify hazards associated with specific work tasks and develop safe work procedures.',NULL,NULL,'Steps: break down job into steps, identify hazards for each step, develop controls, document safe work procedure. Review: with workers, update as needed, train workers.','2025-11-24 21:08:23','2025-11-24 21:08:23',NULL,NULL,271,NULL,NULL,NULL,3),(275,'step',NULL,'Active','Risk Control and Mitigation','Implementation of risk controls and mitigation measures based on risk assessment findings.',NULL,NULL,'Hierarchy: eliminate, substitute, engineering controls, administrative controls, PPE. Implement: controls per risk assessment, verify effectiveness, document implementation.','2025-11-24 21:08:23','2025-11-24 21:08:23',NULL,NULL,271,NULL,NULL,NULL,4),(276,'process',NULL,'Active','Incident Reporting and Investigation','Comprehensive incident management system including incident reporting, investigation, root cause analysis, corrective actions, and regulatory reporting (RIDDOR, OSHA).',NULL,NULL,'Incidents: injuries, near misses, property damage, environmental releases. Report: immediately for serious incidents, within 24 hours for others. Investigate: all incidents, identify root causes, implement corrective actions.','2025-11-24 21:08:23','2025-12-08 18:11:14',NULL,NULL,356,NULL,NULL,NULL,0),(277,'step',NULL,'Active','Incident Reporting','Immediate reporting of incidents including injury, near miss, property damage, or environmental release.',NULL,NULL,'Report: immediately to supervisor, EHS department, management. Document: incident report form, witness statements, photographs, initial assessment. Classify: severity, type.','2025-11-24 21:08:23','2025-11-24 21:08:23',NULL,NULL,276,NULL,NULL,NULL,1),(278,'step',NULL,'Active','Incident Investigation','Comprehensive investigation of incidents including fact gathering, witness interviews, and evidence collection.',NULL,NULL,'Investigate: within 24-48 hours, gather facts, interview witnesses, collect evidence, review procedures, identify contributing factors. Document: investigation report, timeline, findings.','2025-11-24 21:08:23','2025-11-24 21:08:23',NULL,NULL,276,NULL,NULL,NULL,2),(279,'step',NULL,'Active','Root Cause Analysis','Root cause analysis to identify underlying causes of incidents using appropriate methodologies.',NULL,NULL,'Methods: 5-Whys, fishbone diagram, fault tree analysis. Identify: immediate causes, contributing factors, root causes. Document: analysis, root causes identified.','2025-11-24 21:08:23','2025-11-24 21:08:23',NULL,NULL,276,NULL,NULL,NULL,3),(280,'step',NULL,'Active','Corrective Action Implementation','Development and implementation of corrective actions to prevent recurrence of incidents.',NULL,NULL,'Develop: corrective actions addressing root causes, preventive actions to prevent similar incidents. Implement: actions per plan, verify effectiveness, document implementation.','2025-11-24 21:08:23','2025-11-24 21:08:23',NULL,NULL,276,NULL,NULL,NULL,4),(281,'step',NULL,'Active','Regulatory Reporting','Reporting of reportable incidents to regulatory authorities (RIDDOR, OSHA) as required by regulations.',NULL,NULL,'Report: serious injuries, fatalities, dangerous occurrences per RIDDOR (UK) or OSHA (US). Submit: within required timeframe, complete forms, provide investigation findings. Coordinate with regulatory affairs.','2025-11-24 21:08:23','2025-11-24 21:08:23',NULL,NULL,276,NULL,NULL,NULL,5),(282,'process',NULL,'Active','Waste Management Tracking','Comprehensive waste management system including waste identification, classification, segregation, storage, treatment, and disposal tracking.',NULL,NULL,'Waste types: hazardous, non-hazardous, pharmaceutical, chemical, biological. Classify: per regulations (EPA, Environment Agency). Track: waste generation, storage, treatment, disposal. Maintain: waste manifests, disposal certificates.','2025-11-24 21:08:23','2025-12-08 18:11:14',NULL,NULL,356,NULL,NULL,NULL,0),(283,'step',NULL,'Active','Waste Identification and Classification','Identification and classification of waste streams including hazardous waste determination and waste codes.',NULL,NULL,'Identify: waste streams, quantities, characteristics. Classify: hazardous/non-hazardous, waste codes (EPA codes, EWC codes). Document: waste inventory, classification rationale.','2025-11-24 21:08:24','2025-11-24 21:08:24',NULL,NULL,282,NULL,NULL,NULL,1),(284,'step',NULL,'Active','Waste Segregation and Storage','Proper segregation and storage of waste including labeling, container management, and storage area compliance.',NULL,NULL,'Segregate: by waste type, compatibility. Store: in appropriate containers, labeled correctly, in designated areas, within capacity limits. Monitor: storage conditions, accumulation time limits.','2025-11-24 21:08:24','2025-11-24 21:08:24',NULL,NULL,282,NULL,NULL,NULL,2),(285,'step',NULL,'Active','Waste Treatment and Disposal','Treatment and disposal of waste through licensed waste management companies with proper documentation.',NULL,NULL,'Dispose: through licensed contractors, per regulations, with proper documentation. Track: waste manifests, disposal certificates, treatment methods. Verify: proper disposal, regulatory compliance.','2025-11-24 21:08:24','2025-11-24 21:08:24',NULL,NULL,282,NULL,NULL,NULL,3),(286,'step',NULL,'Active','Waste Tracking and Reporting','Tracking and reporting of waste generation, treatment, and disposal for regulatory compliance and environmental reporting.',NULL,NULL,'Track: waste quantities, types, disposal methods, costs. Report: to regulatory authorities (if required), in environmental reports. Maintain: waste records, manifests, certificates.','2025-11-24 21:08:24','2025-11-24 21:08:24',NULL,NULL,282,NULL,NULL,NULL,4),(287,'process',NULL,'Active','Permit-to-Work Management','Comprehensive permit-to-work system for high-risk activities including hot work, confined space entry, electrical work, and maintenance activities.',NULL,NULL,'Permits required for: hot work, confined space entry, electrical work, working at height, isolation work. Process: application, risk assessment, authorization, work execution, permit closure. Ensures: safe work practices, proper controls, authorization.','2025-11-24 21:08:24','2025-12-08 18:11:14',NULL,NULL,356,NULL,NULL,NULL,0),(288,'step',NULL,'Active','Permit Application and Risk Assessment','Application for permit-to-work including work description, risk assessment, and control measures.',NULL,NULL,'Apply: work description, location, duration, personnel, hazards identified, control measures. Assess: risks, required controls, isolation requirements, emergency procedures. Document: permit application, risk assessment.','2025-11-24 21:08:24','2025-11-24 21:08:24',NULL,NULL,287,NULL,NULL,NULL,1),(289,'step',NULL,'Active','Permit Authorization','Authorization of permit-to-work by authorized person after verification of controls and conditions.',NULL,NULL,'Authorize: verify risk assessment, verify controls in place, verify isolations, verify personnel trained, sign permit. Authorized by: competent person, EHS, area supervisor.','2025-11-24 21:08:24','2025-11-24 21:08:24',NULL,NULL,287,NULL,NULL,NULL,2),(290,'step',NULL,'Active','Work Execution and Monitoring','Execution of work under permit with monitoring of conditions and compliance with permit requirements.',NULL,NULL,'Execute: work per permit, monitor conditions, verify controls maintained, report any changes. Monitor: work progress, conditions, compliance. Document: work progress, any issues.','2025-11-24 21:08:24','2025-11-24 21:08:24',NULL,NULL,287,NULL,NULL,NULL,3),(291,'step',NULL,'Active','Permit Closure and Handback','Closure of permit after work completion including verification of work completion, removal of isolations, and area handback.',NULL,NULL,'Close: verify work complete, remove isolations, restore area, verify safe condition, sign permit closed. Handback: return area to operations, update status, archive permit.','2025-11-24 21:08:24','2025-11-24 21:08:24',NULL,NULL,287,NULL,NULL,NULL,4),(292,'process',NULL,'Active','Training and Competency Documentation','Comprehensive training management system including training needs assessment, training delivery, competency assessment, and training records maintenance.',NULL,NULL,'Training required for: GMP, EHS, job-specific, equipment operation, procedures. Document: training records, competency assessments, training certificates, refresher training. Maintain: training matrix, training history.','2025-11-24 21:08:24','2025-12-08 18:11:14',NULL,NULL,356,NULL,NULL,NULL,0),(293,'step',NULL,'Active','Training Needs Assessment','Assessment of training needs for employees including job requirements, regulatory requirements, and competency gaps.',NULL,NULL,'Assess: job requirements, regulatory requirements, competency gaps, training history. Identify: required training, training frequency, refresher requirements. Document: training needs, training plan.','2025-11-24 21:08:24','2025-11-24 21:08:24',NULL,NULL,292,NULL,NULL,NULL,1),(294,'step',NULL,'Active','Training Delivery','Delivery of training including classroom training, on-the-job training, e-learning, and competency-based training.',NULL,NULL,'Deliver: per training plan, using appropriate methods, by qualified trainers. Methods: classroom, OJT, e-learning, workshops. Document: training attendance, training content, trainer.','2025-11-24 21:08:24','2025-11-24 21:08:24',NULL,NULL,292,NULL,NULL,NULL,2),(295,'step',NULL,'Active','Competency Assessment','Assessment of employee competency including knowledge testing, practical assessment, and observation.',NULL,NULL,'Assess: knowledge (written test), skills (practical assessment), behavior (observation). Document: assessment results, competency level, pass/fail. Require: retraining if not competent.','2025-11-24 21:08:24','2025-11-24 21:08:24',NULL,NULL,292,NULL,NULL,NULL,3),(296,'step',NULL,'Active','Training Records Maintenance','Maintenance of training records including training certificates, training history, and competency records.',NULL,NULL,'Maintain: training records, certificates, training history, competency records, refresher training schedule. Update: training matrix, employee records. Retain: per retention policy.','2025-11-24 21:08:24','2025-11-24 21:08:24',NULL,NULL,292,NULL,NULL,NULL,4),(297,'process',NULL,'Active','Clinical Batch Manufacturing Coordination','Coordination of clinical trial material manufacturing including batch planning, manufacturing execution, quality control, and release for clinical use.',NULL,NULL,'Clinical batches: manufactured under GMP, labeled for clinical use, released by Qualified Person. Coordinate: manufacturing schedule, QC testing, release, supply to sites. Document: batch records, test results, release certificates.','2025-11-24 21:08:38','2025-12-08 18:11:14',NULL,NULL,356,NULL,NULL,NULL,0),(298,'step',NULL,'Active','Clinical Batch Planning','Planning of clinical batch manufacturing including batch size determination, manufacturing schedule, and resource allocation.',NULL,NULL,'Plan: batch sizes (based on trial needs), manufacturing schedule, material requirements, resource allocation. Coordinate: with manufacturing, QC, regulatory, clinical operations.','2025-11-24 21:08:38','2025-11-24 21:08:38',NULL,NULL,297,NULL,NULL,NULL,1),(299,'step',NULL,'Active','Clinical Batch Manufacturing','Manufacturing of clinical trial material batches under GMP conditions following validated or qualified processes.',NULL,NULL,'Manufacture: per batch record, under GMP, document all steps, perform in-process controls, collect samples. Label: \"For clinical trial use only\", include batch number, expiry.','2025-11-24 21:08:38','2025-11-24 21:08:38',NULL,NULL,297,NULL,NULL,NULL,2),(300,'step',NULL,'Active','Clinical Batch Quality Control','Quality control testing of clinical batches including assay, impurities, dose uniformity, and stability testing.',NULL,NULL,'Test: per specifications, using validated methods, document results. Include: assay, impurities, dose uniformity, particle size, microbial limits. Release: only if all tests pass.','2025-11-24 21:08:38','2025-11-24 21:08:38',NULL,NULL,297,NULL,NULL,NULL,3),(301,'step',NULL,'Active','Clinical Batch Release','Release of clinical batches by Qualified Person for use in clinical trials.',NULL,NULL,'Release: by QP (EU) or authorized person (US), after all requirements met. Document: release certificate, batch record review, test results review. Release to: clinical supply chain.','2025-11-24 21:08:38','2025-11-24 21:08:38',NULL,NULL,297,NULL,NULL,NULL,4),(302,'process',NULL,'Active','Clinical Site Supply and Distribution','Management of clinical trial material supply to investigational sites including inventory management, shipment planning, distribution, and site inventory tracking.',NULL,NULL,'Supply: investigational product, comparator (if applicable), placebo (if applicable). Track: inventory at sites, shipments, returns, destruction. Maintain: distribution records, temperature records (if applicable).','2025-11-24 21:08:38','2025-12-08 18:11:14',NULL,NULL,356,NULL,NULL,NULL,0),(303,'step',NULL,'Active','Site Inventory Planning','Planning of clinical site inventory including initial supply quantities, resupply planning, and inventory optimization.',NULL,NULL,'Plan: initial supply (based on enrollment projections), resupply triggers, inventory levels, expiry management. Optimize: inventory levels, minimize waste, ensure availability.','2025-11-24 21:08:38','2025-11-24 21:08:38',NULL,NULL,302,NULL,NULL,NULL,1),(304,'step',NULL,'Active','Clinical Material Shipment','Shipment of clinical trial materials to investigational sites including packaging, labeling, documentation, and tracking.',NULL,NULL,'Ship: per shipment plan, with proper packaging, correct labeling, complete documentation, temperature monitoring (if applicable). Track: shipment status, delivery, temperature.','2025-11-24 21:08:38','2025-11-24 21:08:38',NULL,NULL,302,NULL,NULL,NULL,2),(305,'step',NULL,'Active','Site Inventory Management','Management of clinical trial material inventory at investigational sites including receipt, storage, dispensing, and returns.',NULL,NULL,'Manage: site inventory, receipt verification, storage conditions, dispensing records, returns processing. Monitor: inventory levels, expiry dates, storage conditions.','2025-11-24 21:08:38','2025-11-24 21:08:38',NULL,NULL,302,NULL,NULL,NULL,3),(306,'step',NULL,'Active','Material Returns and Destruction','Management of returned clinical trial materials including receipt, verification, and destruction.',NULL,NULL,'Return: unused product, expired product, damaged product. Verify: returned material, document returns, arrange destruction. Destroy: per protocol, with proper documentation, by authorized contractor.','2025-11-24 21:08:38','2025-11-24 21:08:38',NULL,NULL,302,NULL,NULL,NULL,4),(307,'process',NULL,'Active','Trial Material Accountability','Complete accountability system for clinical trial materials including receipt, storage, dispensing, returns, and destruction tracking.',NULL,NULL,'Accountability: 100% accountability required. Track: every unit from receipt to destruction. Document: all transactions, maintain accountability records, reconcile inventory. Required for: regulatory inspection, trial integrity.','2025-11-24 21:08:38','2025-12-08 18:11:14',NULL,NULL,356,NULL,NULL,NULL,0),(308,'step',NULL,'Active','Material Receipt and Documentation','Receipt and documentation of clinical trial materials including verification, inventory entry, and storage assignment.',NULL,NULL,'Receive: verify shipment, check documentation, verify quantities, enter into inventory system, assign storage location. Document: receipt date, quantities, batch numbers, storage location.','2025-11-24 21:08:38','2025-11-24 21:08:38',NULL,NULL,307,NULL,NULL,NULL,1),(309,'step',NULL,'Active','Dispensing and Patient Assignment','Dispensing of clinical trial materials to patients including randomization, blinding, and dispensing documentation.',NULL,NULL,'Dispense: per randomization schedule, maintain blinding, document dispensing, assign to patient. Document: patient number, kit number, dispensing date, quantity dispensed, investigator signature.','2025-11-24 21:08:38','2025-11-24 21:08:38',NULL,NULL,307,NULL,NULL,NULL,2),(310,'step',NULL,'Active','Accountability Reconciliation','Regular reconciliation of clinical trial material accountability including inventory counts and discrepancy investigation.',NULL,NULL,'Reconcile: regularly (monthly), count inventory, compare with records, investigate discrepancies, document reconciliation. Ensure: 100% accountability, all units accounted for.','2025-11-24 21:08:38','2025-11-24 21:08:38',NULL,NULL,307,NULL,NULL,NULL,3),(311,'step',NULL,'Active','Final Accountability Report','Final accountability report at trial end including summary of all material transactions and final reconciliation.',NULL,NULL,'Report: all receipts, dispensings, returns, destruction, final inventory, reconciliation. Document: complete accountability, any discrepancies, final status. Required for: regulatory submission, inspection.','2025-11-24 21:08:38','2025-11-24 21:08:38',NULL,NULL,307,NULL,NULL,NULL,4),(312,'process',NULL,'Active','Patient Randomization and Blinding','Management of patient randomization and blinding procedures including randomization schedule generation, kit assignment, and unblinding procedures.',NULL,NULL,'Randomization: ensures treatment groups balanced, prevents selection bias. Blinding: prevents bias in treatment assignment and assessment. Maintain: blinding integrity, unblinding procedures for emergencies.','2025-11-24 21:08:38','2025-12-08 18:11:14',NULL,NULL,356,NULL,NULL,NULL,0),(313,'step',NULL,'Active','Randomization Schedule Generation','Generation of randomization schedule using appropriate methodology (simple, block, stratified) and seed management.',NULL,NULL,'Generate: per protocol, using validated system, with appropriate methodology, secure seed. Document: randomization schedule, methodology, seed. Maintain: schedule security, access control.','2025-11-24 21:08:38','2025-11-24 21:08:38',NULL,NULL,312,NULL,NULL,NULL,1),(314,'step',NULL,'Active','Kit Assignment and Labeling','Assignment of treatment kits to randomization numbers and labeling of kits to maintain blinding.',NULL,NULL,'Assign: kits to randomization numbers, label kits (A, B, or treatment codes), maintain blinding, document assignments. Ensure: identical appearance, proper labeling, blinding maintained.','2025-11-24 21:08:38','2025-11-24 21:08:38',NULL,NULL,312,NULL,NULL,NULL,2),(315,'step',NULL,'Active','Randomization and Kit Dispensing','Randomization of patients and dispensing of assigned treatment kits maintaining blinding.',NULL,NULL,'Randomize: patient per schedule, assign kit, dispense kit, document randomization. Maintain: blinding, document patient number, kit number, randomization number, date.','2025-11-24 21:08:38','2025-11-24 21:08:38',NULL,NULL,312,NULL,NULL,NULL,3),(316,'step',NULL,'Active','Emergency Unblinding','Procedures for emergency unblinding when required for patient safety or medical emergency.',NULL,NULL,'Unblind: only in emergency, per protocol, with proper authorization, document unblinding. Maintain: unblinding log, reasons for unblinding, authorization. Minimize: unblinding events.','2025-11-24 21:08:38','2025-11-24 21:08:38',NULL,NULL,312,NULL,NULL,NULL,4),(317,'process',NULL,'Active','Adverse Event and Safety Reporting','Comprehensive adverse event and safety reporting system including AE collection, assessment, causality assessment, and regulatory reporting (SUSAR, IND safety reports).',NULL,NULL,'AEs: any untoward medical occurrence. Serious AEs: death, life-threatening, hospitalization, disability, birth defect. Report: serious AEs immediately, non-serious per protocol. Regulatory: SUSARs to authorities within timelines.','2025-11-24 21:08:38','2025-12-08 18:11:14',NULL,NULL,356,NULL,NULL,NULL,0),(318,'step',NULL,'Active','Adverse Event Collection','Collection of adverse event information from investigational sites including AE forms, medical records, and follow-up information.',NULL,NULL,'Collect: AE reports from sites, medical records, follow-up information, laboratory results. Document: AE forms, narrative, severity, relationship, outcome. Ensure: completeness, accuracy, timeliness.','2025-11-24 21:08:38','2025-11-24 21:08:38',NULL,NULL,317,NULL,NULL,NULL,1),(319,'step',NULL,'Active','AE Assessment and Coding','Assessment and coding of adverse events including MedDRA coding, severity assessment, and relationship assessment.',NULL,NULL,'Assess: severity (mild, moderate, severe), relationship (related, not related, unknown), outcome (recovered, recovering, not recovered, fatal). Code: using MedDRA, verify coding accuracy.','2025-11-24 21:08:38','2025-11-24 21:08:38',NULL,NULL,317,NULL,NULL,NULL,2),(320,'step',NULL,'Active','Serious Adverse Event Processing','Processing of serious adverse events including immediate notification, investigation, and regulatory reporting.',NULL,NULL,'Process: serious AEs immediately, notify safety team, investigate, assess causality, prepare reports. Report: SUSARs to authorities (FDA: 7/15 day reports, EMA: 7 day reports).','2025-11-24 21:08:38','2025-11-24 21:08:38',NULL,NULL,317,NULL,NULL,NULL,3),(321,'step',NULL,'Active','Safety Database and Reporting','Maintenance of safety database and generation of safety reports including listings, summaries, and DSUR/IND safety reports.',NULL,NULL,'Maintain: safety database, update with new AEs, generate listings, prepare summaries. Report: DSUR (Development Safety Update Report) annually, IND safety reports per requirements.','2025-11-24 21:08:38','2025-11-24 21:08:38',NULL,NULL,317,NULL,NULL,NULL,4),(322,'process',NULL,'Active','Patient Follow-Up and Post-Treatment Monitoring','Comprehensive patient follow-up system for monitoring after-effects, long-term safety, efficacy outcomes, and quality of life following treatment completion or discontinuation. Includes scheduled follow-up visits, unscheduled visits, long-term monitoring, and post-marketing surveillance.',NULL,NULL,'Critical for: long-term safety assessment, efficacy durability, quality of life evaluation, post-treatment adverse events, survival outcomes, disease progression. Follow-up periods: typically 30 days, 90 days, 6 months, 1 year, and annually thereafter per protocol.','2025-11-24 21:21:40','2025-12-08 18:11:14',NULL,NULL,356,NULL,NULL,NULL,0),(323,'step',NULL,'Active','Scheduled Follow-Up Visits','Conducting scheduled follow-up visits per protocol schedule to assess patient status, treatment effects, adverse events, and outcomes.',NULL,NULL,'Schedule: per protocol (typically 30 days, 90 days, 6 months, 1 year post-treatment). Assess: vital signs, physical examination, laboratory tests, adverse events, efficacy endpoints, quality of life. Document: visit date, findings, assessments, next visit date.','2025-11-24 21:21:40','2025-11-24 21:21:40',NULL,NULL,322,NULL,NULL,NULL,1),(324,'step',NULL,'Active','Unscheduled Follow-Up and Adverse Event Monitoring','Management of unscheduled patient visits and continuous monitoring for adverse events, treatment-related effects, and safety concerns.',NULL,NULL,'Trigger: patient-initiated visits, adverse events, safety concerns, protocol deviations. Assess: reason for visit, adverse events, treatment effects, safety. Document: visit reason, findings, actions taken, follow-up required.','2025-11-24 21:21:40','2025-11-24 21:21:40',NULL,NULL,322,NULL,NULL,NULL,2),(325,'step',NULL,'Active','Long-Term Safety and Efficacy Monitoring','Long-term monitoring of patient safety, efficacy outcomes, and treatment durability beyond initial follow-up period.',NULL,NULL,'Period: typically 1-5 years post-treatment. Monitor: long-term adverse events, efficacy durability, disease progression, survival outcomes, quality of life. Document: annual assessments, safety updates, efficacy data, survival status.','2025-11-24 21:21:40','2025-11-24 21:21:40',NULL,NULL,322,NULL,NULL,NULL,3),(326,'step',NULL,'Active','Post-Treatment Laboratory and Diagnostic Testing','Laboratory testing and diagnostic procedures during follow-up to assess treatment effects, safety parameters, and disease status.',NULL,NULL,'Tests: hematology, chemistry, liver function, renal function, biomarkers, imaging studies (if applicable). Schedule: per protocol, typically at each follow-up visit. Document: test results, abnormalities, clinical significance, actions taken.','2025-11-24 21:21:40','2025-11-24 21:21:40',NULL,NULL,322,NULL,NULL,NULL,4),(327,'step',NULL,'Active','Quality of Life and Patient-Reported Outcomes','Assessment of patient quality of life, functional status, and patient-reported outcomes during follow-up period.',NULL,NULL,'Assess: quality of life questionnaires (EQ-5D, SF-36, disease-specific), functional status, symptom burden, treatment satisfaction. Schedule: per protocol, typically at key timepoints. Document: questionnaire responses, scores, changes from baseline, clinical significance.','2025-11-24 21:21:40','2025-11-24 21:21:40',NULL,NULL,322,NULL,NULL,NULL,5),(328,'step',NULL,'Active','Post-Marketing Surveillance and Long-Term Registry','Post-marketing surveillance and long-term patient registry for continued safety and efficacy monitoring after product approval.',NULL,NULL,'Period: ongoing post-approval. Monitor: real-world safety, efficacy, patient outcomes, rare adverse events. Methods: registries, post-marketing studies, spontaneous reporting. Document: registry data, safety signals, efficacy outcomes, regulatory reports.','2025-11-24 21:21:40','2025-11-24 21:21:40',NULL,NULL,322,NULL,NULL,NULL,6),(329,'substep',NULL,'Active','Follow-Up Visit Scheduling and Reminders','Scheduling of follow-up visits per protocol and sending reminders to patients to ensure compliance.',NULL,NULL,'Schedule: per protocol timeline (30 days, 90 days, 6 months, 1 year). Send: appointment reminders (phone, email, letter), confirm attendance. Document: scheduled date, reminder sent, patient confirmation.','2025-11-24 21:21:40','2025-11-24 21:21:40',NULL,NULL,323,NULL,NULL,NULL,1),(330,'substep',NULL,'Active','Vital Signs and Physical Examination','Assessment of vital signs and comprehensive physical examination during follow-up visit.',NULL,NULL,'Measure: blood pressure, heart rate, respiratory rate, temperature, weight, height. Examine: general appearance, systems review, treatment site (if applicable), adverse event signs. Document: all measurements, examination findings, abnormalities.','2025-11-24 21:21:40','2025-11-24 21:21:40',NULL,NULL,323,NULL,NULL,NULL,2),(331,'substep',NULL,'Active','Adverse Event Assessment and Documentation','Systematic assessment and documentation of adverse events during follow-up visit.',NULL,NULL,'Assess: new adverse events, ongoing adverse events, resolved adverse events, severity, relationship to treatment, outcome. Document: AE forms, narrative, severity, relationship, outcome, actions taken. Update: safety database.','2025-11-24 21:21:40','2025-11-24 21:21:40',NULL,NULL,323,NULL,NULL,NULL,3),(332,'substep',NULL,'Active','Efficacy Endpoint Assessment','Assessment of primary and secondary efficacy endpoints during follow-up visit.',NULL,NULL,'Assess: primary endpoints (per protocol), secondary endpoints, disease status, treatment response, progression. Document: endpoint measurements, changes from baseline, clinical significance, treatment response.','2025-11-24 21:21:40','2025-11-24 21:21:40',NULL,NULL,323,NULL,NULL,NULL,4),(333,'substep',NULL,'Active','Concomitant Medications and Treatments Review','Review of concomitant medications and treatments since last visit.',NULL,NULL,'Review: all medications, treatments, procedures, hospitalizations. Assess: interactions, impact on study treatment, protocol compliance. Document: medication list, changes, compliance, interactions.','2025-11-24 21:21:40','2025-11-24 21:21:40',NULL,NULL,323,NULL,NULL,NULL,5),(334,'substep',NULL,'Active','Follow-Up Visit Documentation and Next Visit Planning','Complete documentation of follow-up visit and planning of next scheduled visit.',NULL,NULL,'Document: visit date, all assessments, findings, adverse events, efficacy data, laboratory results. Plan: next visit date, required tests, follow-up actions. Update: case report forms, safety database, efficacy database.','2025-11-24 21:21:40','2025-11-24 21:21:40',NULL,NULL,323,NULL,NULL,NULL,6),(335,'substep',NULL,'Active','Unscheduled Visit Request and Triage','Receipt and triage of unscheduled visit requests from patients or investigators.',NULL,NULL,'Receive: patient calls, investigator reports, safety concerns. Triage: urgency, severity, need for immediate assessment. Schedule: urgent visits immediately, routine visits within protocol timeframe. Document: request reason, triage decision, scheduled date.','2025-11-24 21:21:40','2025-11-24 21:21:40',NULL,NULL,324,NULL,NULL,NULL,1),(336,'substep',NULL,'Active','Adverse Event Investigation and Assessment','Comprehensive investigation and assessment of adverse events reported during unscheduled visit.',NULL,NULL,'Investigate: event details, onset, severity, relationship to treatment, actions taken, outcome. Assess: seriousness, causality, need for regulatory reporting. Document: detailed AE report, investigation findings, causality assessment, regulatory reporting (if required).','2025-11-24 21:21:40','2025-11-24 21:21:40',NULL,NULL,324,NULL,NULL,NULL,2),(337,'substep',NULL,'Active','Safety Concern Evaluation','Evaluation of safety concerns and determination of appropriate actions.',NULL,NULL,'Evaluate: safety concern nature, severity, impact on patient, impact on study. Determine: actions required (treatment modification, discontinuation, additional monitoring). Document: safety concern, evaluation, actions taken, follow-up required.','2025-11-24 21:21:40','2025-11-24 21:21:40',NULL,NULL,324,NULL,NULL,NULL,3),(338,'substep',NULL,'Active','Treatment Modification or Discontinuation Management','Management of treatment modifications or discontinuations due to adverse events or safety concerns.',NULL,NULL,'Manage: treatment dose reduction, treatment interruption, treatment discontinuation. Document: reason for modification, date, patient status, follow-up required. Update: treatment records, safety database, protocol deviation log.','2025-11-24 21:21:40','2025-11-24 21:21:40',NULL,NULL,324,NULL,NULL,NULL,4),(339,'substep',NULL,'Active','Annual Safety and Efficacy Assessments','Annual comprehensive assessments of patient safety and efficacy outcomes.',NULL,NULL,'Assess: adverse events (new, ongoing, resolved), efficacy outcomes, disease status, survival, quality of life. Schedule: annually post-treatment completion. Document: annual assessment report, safety summary, efficacy summary, survival status.','2025-11-24 21:21:40','2025-11-24 21:21:40',NULL,NULL,325,NULL,NULL,NULL,1),(340,'substep',NULL,'Active','Long-Term Adverse Event Tracking','Tracking of long-term adverse events including delayed onset events and late effects.',NULL,NULL,'Track: delayed onset adverse events, late effects, chronic adverse events, rare events. Monitor: patterns, trends, risk factors. Document: long-term AE database, trends analysis, risk assessment, regulatory updates.','2025-11-24 21:21:40','2025-11-24 21:21:40',NULL,NULL,325,NULL,NULL,NULL,2),(341,'substep',NULL,'Active','Survival and Disease Progression Monitoring','Monitoring of patient survival and disease progression outcomes.',NULL,NULL,'Monitor: overall survival, progression-free survival, disease-free survival, time to progression, time to recurrence. Document: survival data, progression events, dates, causes. Analyze: survival curves, progression rates, prognostic factors.','2025-11-24 21:21:40','2025-11-24 21:21:40',NULL,NULL,325,NULL,NULL,NULL,3),(342,'substep',NULL,'Active','Efficacy Durability Assessment','Assessment of treatment efficacy durability and long-term treatment response.',NULL,NULL,'Assess: treatment response duration, maintenance of response, loss of response, need for retreatment. Document: efficacy durability data, response duration, factors affecting durability, retreatment needs.','2025-11-24 21:21:40','2025-11-24 21:21:40',NULL,NULL,325,NULL,NULL,NULL,4),(343,'substep',NULL,'Active','Hematology and Chemistry Testing','Routine hematology and chemistry laboratory testing during follow-up.',NULL,NULL,'Tests: complete blood count (CBC), comprehensive metabolic panel, liver function tests, renal function tests. Schedule: per protocol, typically at each follow-up visit. Document: test results, reference ranges, abnormalities, clinical significance.','2025-11-24 21:21:40','2025-11-24 21:21:40',NULL,NULL,326,NULL,NULL,NULL,1),(344,'substep',NULL,'Active','Biomarker and Specialized Testing','Biomarker and specialized laboratory testing for efficacy and safety monitoring.',NULL,NULL,'Tests: disease-specific biomarkers, pharmacodynamic markers, safety biomarkers, genetic testing (if applicable). Schedule: per protocol, at key timepoints. Document: biomarker results, changes from baseline, clinical significance, correlation with outcomes.','2025-11-24 21:21:40','2025-11-24 21:21:40',NULL,NULL,326,NULL,NULL,NULL,2),(345,'substep',NULL,'Active','Imaging Studies and Diagnostic Procedures','Imaging studies and diagnostic procedures for disease assessment and safety monitoring.',NULL,NULL,'Studies: CT, MRI, X-ray, ultrasound, PET scan (as per protocol). Schedule: per protocol, typically at key efficacy timepoints. Document: imaging reports, findings, changes from baseline, clinical significance, radiologist interpretation.','2025-11-24 21:21:40','2025-11-24 21:21:40',NULL,NULL,326,NULL,NULL,NULL,3),(346,'substep',NULL,'Active','Laboratory Result Review and Action','Review of laboratory results and determination of appropriate actions.',NULL,NULL,'Review: all test results, compare to baseline, identify abnormalities, assess clinical significance. Determine: actions required (monitoring, treatment modification, additional testing). Document: result review, clinical interpretation, actions taken, follow-up required.','2025-11-24 21:21:40','2025-11-24 21:21:40',NULL,NULL,326,NULL,NULL,NULL,4),(347,'substep',NULL,'Active','Quality of Life Questionnaire Administration','Administration of quality of life and patient-reported outcome questionnaires.',NULL,NULL,'Questionnaires: generic (EQ-5D, SF-36), disease-specific, symptom-specific. Schedule: per protocol, typically at baseline, key timepoints, and follow-up visits. Administer: in person, by phone, electronically. Document: questionnaire completion, scores, completion date.','2025-11-24 21:21:40','2025-11-24 21:21:40',NULL,NULL,327,NULL,NULL,NULL,1),(348,'substep',NULL,'Active','Functional Status and Symptom Assessment','Assessment of patient functional status and symptom burden.',NULL,NULL,'Assess: activities of daily living, functional capacity, symptom severity, symptom frequency, symptom impact. Methods: questionnaires, interviews, physical assessment. Document: functional status, symptom scores, changes from baseline, clinical significance.','2025-11-24 21:21:40','2025-11-24 21:21:40',NULL,NULL,327,NULL,NULL,NULL,2),(349,'substep',NULL,'Active','Treatment Satisfaction and Patient Experience','Assessment of patient satisfaction with treatment and overall treatment experience.',NULL,NULL,'Assess: treatment satisfaction, ease of use, convenience, side effects acceptability, overall experience. Methods: questionnaires, interviews. Document: satisfaction scores, patient feedback, experience narratives, areas for improvement.','2025-11-24 21:21:40','2025-11-24 21:21:40',NULL,NULL,327,NULL,NULL,NULL,3),(350,'substep',NULL,'Active','Quality of Life Data Analysis and Reporting','Analysis and reporting of quality of life and patient-reported outcome data.',NULL,NULL,'Analyze: QOL scores, changes from baseline, treatment group comparisons, factors affecting QOL. Report: QOL summaries, statistical analyses, clinical significance, publication (if applicable). Document: analysis results, reports, publications.','2025-11-24 21:21:40','2025-11-24 21:21:40',NULL,NULL,327,NULL,NULL,NULL,4),(351,'substep',NULL,'Active','Patient Registry Enrollment and Data Collection','Enrollment of patients in post-marketing registry and collection of long-term data.',NULL,NULL,'Enroll: patients post-approval, obtain informed consent, collect baseline data. Collect: demographics, treatment data, outcomes, adverse events, quality of life. Maintain: registry database, data quality, patient follow-up. Document: enrollment, data collection, database updates.','2025-11-24 21:21:40','2025-11-24 21:21:40',NULL,NULL,328,NULL,NULL,NULL,1),(352,'substep',NULL,'Active','Spontaneous Adverse Event Reporting','Collection and processing of spontaneous adverse event reports from healthcare providers and patients.',NULL,NULL,'Collect: spontaneous reports from healthcare providers, patients, regulatory authorities. Process: triage, assessment, causality, seriousness, regulatory reporting. Document: spontaneous reports, assessment, regulatory submissions, follow-up actions.','2025-11-24 21:21:40','2025-11-24 21:21:40',NULL,NULL,328,NULL,NULL,NULL,2),(353,'substep',NULL,'Active','Real-World Evidence Generation','Generation of real-world evidence on product safety and efficacy from post-marketing data.',NULL,NULL,'Generate: real-world safety data, real-world efficacy data, comparative effectiveness, patient outcomes. Methods: registry studies, observational studies, database analyses. Document: study protocols, results, publications, regulatory submissions.','2025-11-24 21:21:40','2025-11-24 21:21:40',NULL,NULL,328,NULL,NULL,NULL,3),(354,'substep',NULL,'Active','Post-Marketing Safety Signal Detection','Detection and evaluation of safety signals from post-marketing data.',NULL,NULL,'Detect: safety signals from spontaneous reports, registries, literature, regulatory databases. Evaluate: signal strength, clinical significance, need for action. Document: signal detection reports, evaluation, risk assessment, regulatory communications.','2025-11-24 21:21:40','2025-11-24 21:21:40',NULL,NULL,328,NULL,NULL,NULL,4),(355,'substep',NULL,'Active','Regulatory Reporting and Communication','Regulatory reporting of post-marketing safety and efficacy data.',NULL,NULL,'Report: PSUR (Periodic Safety Update Report), PADER (Periodic Adverse Drug Experience Report), safety updates, efficacy updates. Schedule: per regulatory requirements (annually, quarterly, as needed). Document: regulatory reports, submissions, communications, responses.','2025-11-24 21:21:40','2025-11-24 21:21:40',NULL,NULL,328,NULL,NULL,NULL,5),(356,'process',NULL,'Active','Amneal Ireland','Top-level organizational structure for all underlying R&D, manufacturing, regulatory, and quality processes.',NULL,NULL,'System-generated root node for the entire process structure hierarchy.','2025-12-08 18:11:14','2025-12-08 18:14:16',NULL,NULL,NULL,NULL,NULL,NULL,0);
/*!40000 ALTER TABLE `process_map` ENABLE KEYS */;
UNLOCK TABLES;

--
-- Table structure for table `process_map_activity`
--

DROP TABLE IF EXISTS `process_map_activity`;
/*!40101 SET @saved_cs_client     = @@character_set_client */;
/*!40101 SET character_set_client = utf8 */;
CREATE TABLE `process_map_activity` (
  `id` int(11) NOT NULL AUTO_INCREMENT,
  `process_map_id` int(11) NOT NULL,
  `activity_id` int(11) NOT NULL,
  `linked_date` timestamp NOT NULL DEFAULT current_timestamp(),
  `linked_by` int(11) DEFAULT NULL,
  `notes` text DEFAULT NULL,
  PRIMARY KEY (`id`),
  UNIQUE KEY `unique_process_activity` (`process_map_id`,`activity_id`),
  KEY `ix_process_map_id` (`process_map_id`),
  KEY `ix_activity_id` (`activity_id`),
  KEY `ix_linked_by` (`linked_by`),
  CONSTRAINT `process_map_activity_ibfk_1` FOREIGN KEY (`process_map_id`) REFERENCES `process_map` (`id`) ON DELETE CASCADE,
  CONSTRAINT `process_map_activity_ibfk_2` FOREIGN KEY (`activity_id`) REFERENCES `activities` (`activity_id`) ON DELETE CASCADE,
  CONSTRAINT `process_map_activity_ibfk_3` FOREIGN KEY (`linked_by`) REFERENCES `people` (`people_id`) ON DELETE SET NULL
) ENGINE=InnoDB DEFAULT CHARSET=utf8mb4 COLLATE=utf8mb4_general_ci;
/*!40101 SET character_set_client = @saved_cs_client */;

--
-- Dumping data for table `process_map_activity`
--

LOCK TABLES `process_map_activity` WRITE;
/*!40000 ALTER TABLE `process_map_activity` DISABLE KEYS */;
/*!40000 ALTER TABLE `process_map_activity` ENABLE KEYS */;
UNLOCK TABLES;

--
-- Table structure for table `process_map_approval`
--

DROP TABLE IF EXISTS `process_map_approval`;
/*!40101 SET @saved_cs_client     = @@character_set_client */;
/*!40101 SET character_set_client = utf8 */;
CREATE TABLE `process_map_approval` (
  `id` int(11) NOT NULL AUTO_INCREMENT,
  `process_map_id` int(11) NOT NULL,
  `approval_id` int(11) NOT NULL,
  `approval_type` enum('Activity','Change','Deviation','Process') NOT NULL DEFAULT 'Process',
  `linked_date` timestamp NOT NULL DEFAULT current_timestamp(),
  `linked_by` int(11) DEFAULT NULL,
  `notes` text DEFAULT NULL,
  PRIMARY KEY (`id`),
  UNIQUE KEY `unique_process_approval` (`process_map_id`,`approval_id`,`approval_type`),
  KEY `ix_process_map_id` (`process_map_id`),
  KEY `ix_approval_id` (`approval_id`),
  KEY `ix_approval_type` (`approval_type`),
  KEY `ix_linked_by` (`linked_by`),
  CONSTRAINT `process_map_approval_ibfk_1` FOREIGN KEY (`process_map_id`) REFERENCES `process_map` (`id`) ON DELETE CASCADE,
  CONSTRAINT `process_map_approval_ibfk_2` FOREIGN KEY (`approval_id`) REFERENCES `approvals` (`ApprovalID`) ON DELETE CASCADE,
  CONSTRAINT `process_map_approval_ibfk_3` FOREIGN KEY (`linked_by`) REFERENCES `people` (`people_id`) ON DELETE SET NULL
) ENGINE=InnoDB DEFAULT CHARSET=utf8mb4 COLLATE=utf8mb4_general_ci;
/*!40101 SET character_set_client = @saved_cs_client */;

--
-- Dumping data for table `process_map_approval`
--

LOCK TABLES `process_map_approval` WRITE;
/*!40000 ALTER TABLE `process_map_approval` DISABLE KEYS */;
/*!40000 ALTER TABLE `process_map_approval` ENABLE KEYS */;
UNLOCK TABLES;

--
-- Table structure for table `process_map_area`
--

DROP TABLE IF EXISTS `process_map_area`;
/*!40101 SET @saved_cs_client     = @@character_set_client */;
/*!40101 SET character_set_client = utf8 */;
CREATE TABLE `process_map_area` (
  `id` int(11) NOT NULL AUTO_INCREMENT,
  `process_map_id` int(11) NOT NULL,
  `area_id` int(11) NOT NULL,
  `usage` varchar(100) DEFAULT NULL COMMENT 'Usage description (e.g., "10 sq.m")',
  `fixed` tinyint(1) DEFAULT 0 COMMENT '1 = Fixed resource, 0 = Movable resource',
  PRIMARY KEY (`id`),
  KEY `ix_process_map_id` (`process_map_id`),
  KEY `ix_area_id` (`area_id`),
  CONSTRAINT `process_map_area_ibfk_1` FOREIGN KEY (`process_map_id`) REFERENCES `process_map` (`id`) ON DELETE CASCADE,
  CONSTRAINT `process_map_area_ibfk_2` FOREIGN KEY (`area_id`) REFERENCES `areas` (`area_id`) ON DELETE CASCADE
) ENGINE=InnoDB AUTO_INCREMENT=41 DEFAULT CHARSET=utf8mb4 COLLATE=utf8mb4_general_ci;
/*!40101 SET character_set_client = @saved_cs_client */;

--
-- Dumping data for table `process_map_area`
--

LOCK TABLES `process_map_area` WRITE;
/*!40000 ALTER TABLE `process_map_area` DISABLE KEYS */;
INSERT INTO `process_map_area` VALUES (1,1,4,NULL,0),(2,2,4,NULL,0),(3,3,1,NULL,0),(4,4,2,NULL,0),(5,8,1,NULL,0),(6,9,1,NULL,0),(7,10,1,NULL,0),(8,11,1,NULL,0),(9,12,2,NULL,0),(10,13,2,NULL,0),(11,1,4,NULL,0),(12,2,4,NULL,0),(13,3,1,NULL,0),(14,4,2,NULL,0),(15,8,1,NULL,0),(16,9,1,NULL,0),(17,10,1,NULL,0),(18,11,1,NULL,0),(19,12,2,NULL,0),(20,13,2,NULL,0),(21,1,4,NULL,0),(22,2,4,NULL,0),(23,3,1,NULL,0),(24,4,2,NULL,0),(25,8,1,NULL,0),(26,9,1,NULL,0),(27,10,1,NULL,0),(28,11,1,NULL,0),(29,12,2,NULL,0),(30,13,2,NULL,0),(31,1,4,NULL,0),(32,2,4,NULL,0),(33,3,1,NULL,0),(34,4,2,NULL,0),(35,8,1,NULL,0),(36,9,1,NULL,0),(37,10,1,NULL,0),(38,11,1,NULL,0),(39,12,2,NULL,0),(40,13,2,NULL,0);
/*!40000 ALTER TABLE `process_map_area` ENABLE KEYS */;
UNLOCK TABLES;

--
-- Table structure for table `process_map_audit`
--

DROP TABLE IF EXISTS `process_map_audit`;
/*!40101 SET @saved_cs_client     = @@character_set_client */;
/*!40101 SET character_set_client = utf8 */;
CREATE TABLE `process_map_audit` (
  `audit_id` int(11) NOT NULL AUTO_INCREMENT,
  `process_map_id` int(11) NOT NULL,
  `action` enum('CREATE','UPDATE','DELETE','LINK','UNLINK','STATUS_CHANGE','OWNER_CHANGE') NOT NULL,
  `field_name` varchar(100) DEFAULT NULL,
  `old_value` text DEFAULT NULL,
  `new_value` text DEFAULT NULL,
  `changed_by` int(11) NOT NULL,
  `changed_at` timestamp NOT NULL DEFAULT current_timestamp(),
  `reason` text DEFAULT NULL,
  `ip_address` varchar(45) DEFAULT NULL,
  `user_agent` varchar(255) DEFAULT NULL,
  PRIMARY KEY (`audit_id`),
  KEY `ix_process_map_id` (`process_map_id`),
  KEY `ix_changed_by` (`changed_by`),
  KEY `ix_changed_at` (`changed_at`),
  KEY `ix_action` (`action`),
  CONSTRAINT `process_map_audit_ibfk_1` FOREIGN KEY (`process_map_id`) REFERENCES `process_map` (`id`) ON DELETE CASCADE,
  CONSTRAINT `process_map_audit_ibfk_2` FOREIGN KEY (`changed_by`) REFERENCES `people` (`people_id`)
) ENGINE=InnoDB DEFAULT CHARSET=utf8mb4 COLLATE=utf8mb4_general_ci;
/*!40101 SET character_set_client = @saved_cs_client */;

--
-- Dumping data for table `process_map_audit`
--

LOCK TABLES `process_map_audit` WRITE;
/*!40000 ALTER TABLE `process_map_audit` DISABLE KEYS */;
/*!40000 ALTER TABLE `process_map_audit` ENABLE KEYS */;
UNLOCK TABLES;

--
-- Table structure for table `process_map_batch_quantity`
--

DROP TABLE IF EXISTS `process_map_batch_quantity`;
/*!40101 SET @saved_cs_client     = @@character_set_client */;
/*!40101 SET character_set_client = utf8 */;
CREATE TABLE `process_map_batch_quantity` (
  `id` int(11) NOT NULL AUTO_INCREMENT,
  `process_map_id` int(11) NOT NULL,
  `batch_id` int(11) NOT NULL,
  `quantity` decimal(14,4) NOT NULL,
  `measurement_unit_id` bigint(20) unsigned DEFAULT NULL,
  `notes` varchar(255) DEFAULT NULL,
  PRIMARY KEY (`id`),
  KEY `process_map_id` (`process_map_id`),
  KEY `batch_id` (`batch_id`),
  KEY `measurement_unit_id` (`measurement_unit_id`),
  CONSTRAINT `process_map_batch_quantity_ibfk_1` FOREIGN KEY (`process_map_id`) REFERENCES `process_map` (`id`) ON DELETE CASCADE,
  CONSTRAINT `process_map_batch_quantity_ibfk_2` FOREIGN KEY (`batch_id`) REFERENCES `batches` (`batch_id`) ON DELETE CASCADE,
  CONSTRAINT `process_map_batch_quantity_ibfk_3` FOREIGN KEY (`measurement_unit_id`) REFERENCES `measurementunit` (`UnitID`) ON DELETE SET NULL
) ENGINE=InnoDB AUTO_INCREMENT=2 DEFAULT CHARSET=utf8mb4 COLLATE=utf8mb4_general_ci;
/*!40101 SET character_set_client = @saved_cs_client */;

--
-- Dumping data for table `process_map_batch_quantity`
--

LOCK TABLES `process_map_batch_quantity` WRITE;
/*!40000 ALTER TABLE `process_map_batch_quantity` DISABLE KEYS */;
/*!40000 ALTER TABLE `process_map_batch_quantity` ENABLE KEYS */;
UNLOCK TABLES;

--
-- Table structure for table `process_map_document`
--

DROP TABLE IF EXISTS `process_map_document`;
/*!40101 SET @saved_cs_client     = @@character_set_client */;
/*!40101 SET character_set_client = utf8 */;
CREATE TABLE `process_map_document` (
  `id` int(11) NOT NULL AUTO_INCREMENT,
  `process_map_id` int(11) NOT NULL,
  `document_id` int(11) NOT NULL,
  PRIMARY KEY (`id`),
  KEY `process_map_id` (`process_map_id`),
  KEY `document_id` (`document_id`),
  CONSTRAINT `process_map_document_ibfk_1` FOREIGN KEY (`process_map_id`) REFERENCES `process_map` (`id`) ON DELETE CASCADE,
  CONSTRAINT `process_map_document_ibfk_2` FOREIGN KEY (`document_id`) REFERENCES `documents` (`DocumentID`) ON DELETE CASCADE
) ENGINE=InnoDB AUTO_INCREMENT=2 DEFAULT CHARSET=utf8mb4 COLLATE=utf8mb4_general_ci;
/*!40101 SET character_set_client = @saved_cs_client */;

--
-- Dumping data for table `process_map_document`
--

LOCK TABLES `process_map_document` WRITE;
/*!40000 ALTER TABLE `process_map_document` DISABLE KEYS */;
/*!40000 ALTER TABLE `process_map_document` ENABLE KEYS */;
UNLOCK TABLES;

--
-- Table structure for table `process_map_energy`
--

DROP TABLE IF EXISTS `process_map_energy`;
/*!40101 SET @saved_cs_client     = @@character_set_client */;
/*!40101 SET character_set_client = utf8 */;
CREATE TABLE `process_map_energy` (
  `id` int(11) NOT NULL AUTO_INCREMENT,
  `process_map_id` int(11) NOT NULL,
  `energy_id` int(11) NOT NULL,
  `usage` varchar(100) DEFAULT NULL COMMENT 'Usage description (e.g., "10 kWh")',
  `fixed` tinyint(1) DEFAULT 0 COMMENT '1 = Fixed resource, 0 = Movable resource',
  PRIMARY KEY (`id`),
  KEY `ix_process_map_id` (`process_map_id`),
  KEY `ix_energy_id` (`energy_id`),
  CONSTRAINT `process_map_energy_ibfk_1` FOREIGN KEY (`process_map_id`) REFERENCES `process_map` (`id`) ON DELETE CASCADE,
  CONSTRAINT `process_map_energy_ibfk_2` FOREIGN KEY (`energy_id`) REFERENCES `energy` (`EnergyID`) ON DELETE CASCADE
) ENGINE=InnoDB AUTO_INCREMENT=33 DEFAULT CHARSET=utf8mb4 COLLATE=utf8mb4_general_ci;
/*!40101 SET character_set_client = @saved_cs_client */;

--
-- Dumping data for table `process_map_energy`
--

LOCK TABLES `process_map_energy` WRITE;
/*!40000 ALTER TABLE `process_map_energy` DISABLE KEYS */;
INSERT INTO `process_map_energy` VALUES (1,8,1,NULL,0),(2,8,3,NULL,0),(3,9,1,NULL,0),(4,9,2,NULL,0),(5,10,1,NULL,0),(6,10,3,NULL,0),(7,12,1,NULL,0),(8,13,1,NULL,0),(9,8,1,NULL,0),(10,8,3,NULL,0),(11,9,1,NULL,0),(12,9,2,NULL,0),(13,10,1,NULL,0),(14,10,3,NULL,0),(15,12,1,NULL,0),(16,13,1,NULL,0),(17,8,1,NULL,0),(18,8,3,NULL,0),(19,9,1,NULL,0),(20,9,2,NULL,0),(21,10,1,NULL,0),(22,10,3,NULL,0),(23,12,1,NULL,0),(24,13,1,NULL,0),(25,8,1,NULL,0),(26,8,3,NULL,0),(27,9,1,NULL,0),(28,9,2,NULL,0),(29,10,1,NULL,0),(30,10,3,NULL,0),(31,12,1,NULL,0),(32,13,1,NULL,0);
/*!40000 ALTER TABLE `process_map_energy` ENABLE KEYS */;
UNLOCK TABLES;

--
-- Table structure for table `process_map_equipment`
--

DROP TABLE IF EXISTS `process_map_equipment`;
/*!40101 SET @saved_cs_client     = @@character_set_client */;
/*!40101 SET character_set_client = utf8 */;
CREATE TABLE `process_map_equipment` (
  `id` int(11) NOT NULL AUTO_INCREMENT,
  `process_map_id` int(11) NOT NULL,
  `equipment_id` int(11) NOT NULL,
  `usage` varchar(100) DEFAULT NULL COMMENT 'Usage description (e.g., "30 min", "5 min")',
  `fixed` tinyint(1) DEFAULT 0 COMMENT '1 = Fixed resource, 0 = Movable resource',
  PRIMARY KEY (`id`),
  KEY `ix_process_map_id` (`process_map_id`),
  KEY `ix_equipment_id` (`equipment_id`),
  CONSTRAINT `process_map_equipment_ibfk_1` FOREIGN KEY (`process_map_id`) REFERENCES `process_map` (`id`) ON DELETE CASCADE,
  CONSTRAINT `process_map_equipment_ibfk_2` FOREIGN KEY (`equipment_id`) REFERENCES `equipment` (`equipment_id`) ON DELETE CASCADE
) ENGINE=InnoDB AUTO_INCREMENT=22 DEFAULT CHARSET=utf8mb4 COLLATE=utf8mb4_general_ci;
/*!40101 SET character_set_client = @saved_cs_client */;

--
-- Dumping data for table `process_map_equipment`
--

LOCK TABLES `process_map_equipment` WRITE;
/*!40000 ALTER TABLE `process_map_equipment` DISABLE KEYS */;
INSERT INTO `process_map_equipment` VALUES (2,8,2,NULL,0),(3,9,1,NULL,0),(4,10,4,NULL,0),(5,12,3,NULL,0),(6,13,3,NULL,0),(7,8,2,NULL,0),(8,9,1,NULL,0),(9,10,4,NULL,0),(10,12,3,NULL,0),(11,13,3,NULL,0),(12,8,2,NULL,0),(13,9,1,NULL,0),(14,10,4,NULL,0),(15,12,3,NULL,0),(16,13,3,NULL,0),(17,8,2,NULL,0),(18,9,1,NULL,0),(19,10,4,NULL,0),(20,12,3,NULL,0),(21,13,3,NULL,0);
/*!40000 ALTER TABLE `process_map_equipment` ENABLE KEYS */;
UNLOCK TABLES;

--
-- Table structure for table `process_map_event`
--

DROP TABLE IF EXISTS `process_map_event`;
/*!40101 SET @saved_cs_client     = @@character_set_client */;
/*!40101 SET character_set_client = utf8 */;
CREATE TABLE `process_map_event` (
  `id` int(11) NOT NULL AUTO_INCREMENT,
  `process_map_id` int(11) NOT NULL,
  `event_id` int(11) NOT NULL,
  `linked_date` timestamp NOT NULL DEFAULT current_timestamp(),
  `linked_by` int(11) DEFAULT NULL,
  `notes` text DEFAULT NULL,
  PRIMARY KEY (`id`),
  UNIQUE KEY `unique_process_event` (`process_map_id`,`event_id`),
  KEY `ix_process_map_id` (`process_map_id`),
  KEY `ix_event_id` (`event_id`),
  KEY `ix_linked_by` (`linked_by`),
  CONSTRAINT `process_map_event_ibfk_1` FOREIGN KEY (`process_map_id`) REFERENCES `process_map` (`id`) ON DELETE CASCADE,
  CONSTRAINT `process_map_event_ibfk_2` FOREIGN KEY (`event_id`) REFERENCES `events` (`event_id`) ON DELETE CASCADE,
  CONSTRAINT `process_map_event_ibfk_3` FOREIGN KEY (`linked_by`) REFERENCES `people` (`people_id`) ON DELETE SET NULL
) ENGINE=InnoDB DEFAULT CHARSET=utf8mb4 COLLATE=utf8mb4_general_ci;
/*!40101 SET character_set_client = @saved_cs_client */;

--
-- Dumping data for table `process_map_event`
--

LOCK TABLES `process_map_event` WRITE;
/*!40000 ALTER TABLE `process_map_event` DISABLE KEYS */;
/*!40000 ALTER TABLE `process_map_event` ENABLE KEYS */;
UNLOCK TABLES;

--
-- Table structure for table `process_map_hira`
--

DROP TABLE IF EXISTS `process_map_hira`;
/*!40101 SET @saved_cs_client     = @@character_set_client */;
/*!40101 SET character_set_client = utf8 */;
CREATE TABLE `process_map_hira` (
  `id` int(11) NOT NULL AUTO_INCREMENT,
  `process_map_id` int(11) NOT NULL,
  `hira_id` bigint(20) NOT NULL,
  `linked_date` timestamp NOT NULL DEFAULT current_timestamp(),
  `linked_by` int(11) DEFAULT NULL,
  `notes` text DEFAULT NULL,
  PRIMARY KEY (`id`),
  UNIQUE KEY `unique_process_hira` (`process_map_id`,`hira_id`),
  KEY `ix_process_map_id` (`process_map_id`),
  KEY `ix_hira_id` (`hira_id`),
  KEY `ix_linked_by` (`linked_by`),
  CONSTRAINT `process_map_hira_ibfk_1` FOREIGN KEY (`process_map_id`) REFERENCES `process_map` (`id`) ON DELETE CASCADE,
  CONSTRAINT `process_map_hira_ibfk_2` FOREIGN KEY (`hira_id`) REFERENCES `hira_register` (`hira_id`) ON DELETE CASCADE,
  CONSTRAINT `process_map_hira_ibfk_3` FOREIGN KEY (`linked_by`) REFERENCES `people` (`people_id`) ON DELETE SET NULL
) ENGINE=InnoDB DEFAULT CHARSET=utf8mb4 COLLATE=utf8mb4_general_ci;
/*!40101 SET character_set_client = @saved_cs_client */;

--
-- Dumping data for table `process_map_hira`
--

LOCK TABLES `process_map_hira` WRITE;
/*!40000 ALTER TABLE `process_map_hira` DISABLE KEYS */;
/*!40000 ALTER TABLE `process_map_hira` ENABLE KEYS */;
UNLOCK TABLES;

--
-- Table structure for table `process_map_material`
--

DROP TABLE IF EXISTS `process_map_material`;
/*!40101 SET @saved_cs_client     = @@character_set_client */;
/*!40101 SET character_set_client = utf8 */;
CREATE TABLE `process_map_material` (
  `id` int(11) NOT NULL AUTO_INCREMENT,
  `process_map_id` int(11) NOT NULL,
  `material_id` int(11) NOT NULL,
  `quantity` decimal(12,4) DEFAULT NULL,
  `measurement_unit_id` bigint(20) unsigned DEFAULT NULL,
  `usage` varchar(100) DEFAULT NULL COMMENT 'Usage description (e.g., "5 kg", "10 units") - human readable format',
  `fixed` tinyint(1) DEFAULT 0 COMMENT '1 = Fixed resource, 0 = Movable resource',
  PRIMARY KEY (`id`),
  KEY `ix_process_map_id` (`process_map_id`),
  KEY `ix_material_id` (`material_id`),
  KEY `ix_measurement_unit_id` (`measurement_unit_id`),
  CONSTRAINT `process_map_material_ibfk_1` FOREIGN KEY (`process_map_id`) REFERENCES `process_map` (`id`) ON DELETE CASCADE,
  CONSTRAINT `process_map_material_ibfk_2` FOREIGN KEY (`material_id`) REFERENCES `materials` (`MaterialID`) ON DELETE CASCADE,
  CONSTRAINT `process_map_material_ibfk_3` FOREIGN KEY (`measurement_unit_id`) REFERENCES `measurementunit` (`UnitID`) ON DELETE SET NULL
) ENGINE=InnoDB AUTO_INCREMENT=45 DEFAULT CHARSET=utf8mb4 COLLATE=utf8mb4_general_ci;
/*!40101 SET character_set_client = @saved_cs_client */;

--
-- Dumping data for table `process_map_material`
--

LOCK TABLES `process_map_material` WRITE;
/*!40000 ALTER TABLE `process_map_material` DISABLE KEYS */;
INSERT INTO `process_map_material` VALUES (9,3,1,50.0000,1,NULL,0),(10,4,2,25.5000,1,NULL,0),(11,12,5,5.0000,1,NULL,0),(12,19,3,300.0000,3,NULL,0),(13,25,4,200.0000,1,NULL,0),(14,35,6,800.0000,1,NULL,0),(17,3,1,50.0000,1,NULL,0),(18,4,2,25.5000,1,NULL,0),(19,12,5,5.0000,1,NULL,0),(20,19,3,300.0000,3,NULL,0),(21,7,1,50.0000,NULL,NULL,0),(22,8,1,100.0000,NULL,NULL,0),(23,8,4,50.0000,NULL,NULL,0),(24,9,2,10.0000,NULL,NULL,0),(25,9,3,1.0000,NULL,NULL,0),(26,10,1,5.0000,NULL,NULL,0),(27,7,1,50.0000,NULL,NULL,0),(28,8,1,100.0000,NULL,NULL,0),(29,8,4,50.0000,NULL,NULL,0),(30,9,2,10.0000,NULL,NULL,0),(31,9,3,1.0000,NULL,NULL,0),(32,10,1,5.0000,NULL,NULL,0),(33,7,1,50.0000,NULL,NULL,0),(34,8,1,100.0000,NULL,NULL,0),(35,8,4,50.0000,NULL,NULL,0),(36,9,2,10.0000,NULL,NULL,0),(37,9,3,1.0000,NULL,NULL,0),(38,10,1,5.0000,NULL,NULL,0),(39,7,1,50.0000,NULL,NULL,0),(40,8,1,100.0000,NULL,NULL,0),(41,8,4,50.0000,NULL,NULL,0),(42,9,2,10.0000,NULL,NULL,0),(43,9,3,1.0000,NULL,NULL,0),(44,10,1,5.0000,NULL,NULL,0);
/*!40000 ALTER TABLE `process_map_material` ENABLE KEYS */;
UNLOCK TABLES;

--
-- Table structure for table `process_map_ofi`
--

DROP TABLE IF EXISTS `process_map_ofi`;
/*!40101 SET @saved_cs_client     = @@character_set_client */;
/*!40101 SET character_set_client = utf8 */;
CREATE TABLE `process_map_ofi` (
  `id` int(11) NOT NULL AUTO_INCREMENT,
  `process_map_id` int(11) NOT NULL,
  `ofi_id` int(11) NOT NULL,
  `linked_date` timestamp NOT NULL DEFAULT current_timestamp(),
  `linked_by` int(11) DEFAULT NULL,
  `notes` text DEFAULT NULL,
  PRIMARY KEY (`id`),
  UNIQUE KEY `unique_process_ofi` (`process_map_id`,`ofi_id`),
  KEY `ix_process_map_id` (`process_map_id`),
  KEY `ix_ofi_id` (`ofi_id`),
  KEY `ix_linked_by` (`linked_by`),
  CONSTRAINT `process_map_ofi_ibfk_1` FOREIGN KEY (`process_map_id`) REFERENCES `process_map` (`id`) ON DELETE CASCADE,
  CONSTRAINT `process_map_ofi_ibfk_2` FOREIGN KEY (`ofi_id`) REFERENCES `ofi_details` (`ofi_id`) ON DELETE CASCADE,
  CONSTRAINT `process_map_ofi_ibfk_3` FOREIGN KEY (`linked_by`) REFERENCES `people` (`people_id`) ON DELETE SET NULL
) ENGINE=InnoDB DEFAULT CHARSET=utf8mb4 COLLATE=utf8mb4_general_ci;
/*!40101 SET character_set_client = @saved_cs_client */;

--
-- Dumping data for table `process_map_ofi`
--

LOCK TABLES `process_map_ofi` WRITE;
/*!40000 ALTER TABLE `process_map_ofi` DISABLE KEYS */;
/*!40000 ALTER TABLE `process_map_ofi` ENABLE KEYS */;
UNLOCK TABLES;

--
-- Table structure for table `process_map_operational_event`
--

DROP TABLE IF EXISTS `process_map_operational_event`;
/*!40101 SET @saved_cs_client     = @@character_set_client */;
/*!40101 SET character_set_client = utf8 */;
CREATE TABLE `process_map_operational_event` (
  `id` int(11) NOT NULL AUTO_INCREMENT,
  `process_map_id` int(11) NOT NULL,
  `operational_event_id` int(11) NOT NULL,
  `linked_date` timestamp NOT NULL DEFAULT current_timestamp(),
  `linked_by` int(11) DEFAULT NULL,
  `notes` text DEFAULT NULL,
  PRIMARY KEY (`id`),
  UNIQUE KEY `unique_process_operational_event` (`process_map_id`,`operational_event_id`),
  KEY `ix_process_map_id` (`process_map_id`),
  KEY `ix_operational_event_id` (`operational_event_id`),
  KEY `ix_linked_by` (`linked_by`),
  CONSTRAINT `process_map_operational_event_ibfk_1` FOREIGN KEY (`process_map_id`) REFERENCES `process_map` (`id`) ON DELETE CASCADE,
  CONSTRAINT `process_map_operational_event_ibfk_2` FOREIGN KEY (`operational_event_id`) REFERENCES `operational_events` (`event_id`) ON DELETE CASCADE,
  CONSTRAINT `process_map_operational_event_ibfk_3` FOREIGN KEY (`linked_by`) REFERENCES `people` (`people_id`) ON DELETE SET NULL
) ENGINE=InnoDB DEFAULT CHARSET=utf8mb4 COLLATE=utf8mb4_general_ci;
/*!40101 SET character_set_client = @saved_cs_client */;

--
-- Dumping data for table `process_map_operational_event`
--

LOCK TABLES `process_map_operational_event` WRITE;
/*!40000 ALTER TABLE `process_map_operational_event` DISABLE KEYS */;
/*!40000 ALTER TABLE `process_map_operational_event` ENABLE KEYS */;
UNLOCK TABLES;

--
-- Table structure for table `process_map_people`
--

DROP TABLE IF EXISTS `process_map_people`;
/*!40101 SET @saved_cs_client     = @@character_set_client */;
/*!40101 SET character_set_client = utf8 */;
CREATE TABLE `process_map_people` (
  `id` int(11) NOT NULL AUTO_INCREMENT,
  `process_map_id` int(11) NOT NULL,
  `people_id` int(11) NOT NULL,
  `usage` varchar(100) DEFAULT NULL COMMENT 'Usage description (e.g., "2 hours", "1 hour", "Access")',
  `fixed` tinyint(1) DEFAULT 0 COMMENT '1 = Fixed resource, 0 = Movable resource',
  PRIMARY KEY (`id`),
  KEY `ix_process_map_id` (`process_map_id`),
  KEY `ix_people_id` (`people_id`),
  CONSTRAINT `process_map_people_ibfk_1` FOREIGN KEY (`process_map_id`) REFERENCES `process_map` (`id`) ON DELETE CASCADE,
  CONSTRAINT `process_map_people_ibfk_2` FOREIGN KEY (`people_id`) REFERENCES `people` (`people_id`) ON DELETE CASCADE
) ENGINE=InnoDB AUTO_INCREMENT=37 DEFAULT CHARSET=utf8mb4 COLLATE=utf8mb4_general_ci;
/*!40101 SET character_set_client = @saved_cs_client */;

--
-- Dumping data for table `process_map_people`
--

LOCK TABLES `process_map_people` WRITE;
/*!40000 ALTER TABLE `process_map_people` DISABLE KEYS */;
INSERT INTO `process_map_people` VALUES (1,5,4,NULL,0),(2,6,4,NULL,0),(3,7,4,NULL,0),(4,8,1,NULL,0),(5,9,1,NULL,0),(6,10,1,NULL,0),(7,11,3,NULL,0),(8,12,2,NULL,0),(9,13,2,NULL,0),(10,5,4,NULL,0),(11,6,4,NULL,0),(12,7,4,NULL,0),(13,8,1,NULL,0),(14,9,1,NULL,0),(15,10,1,NULL,0),(16,11,3,NULL,0),(17,12,2,NULL,0),(18,13,2,NULL,0),(19,5,4,NULL,0),(20,6,4,NULL,0),(21,7,4,NULL,0),(22,8,1,NULL,0),(23,9,1,NULL,0),(24,10,1,NULL,0),(25,11,3,NULL,0),(26,12,2,NULL,0),(27,13,2,NULL,0),(28,5,4,NULL,0),(29,6,4,NULL,0),(30,7,4,NULL,0),(31,8,1,NULL,0),(32,9,1,NULL,0),(33,10,1,NULL,0),(34,11,3,NULL,0),(35,12,2,NULL,0),(36,13,2,NULL,0);
/*!40000 ALTER TABLE `process_map_people` ENABLE KEYS */;
UNLOCK TABLES;

--
-- Table structure for table `process_map_permit`
--

DROP TABLE IF EXISTS `process_map_permit`;
/*!40101 SET @saved_cs_client     = @@character_set_client */;
/*!40101 SET character_set_client = utf8 */;
CREATE TABLE `process_map_permit` (
  `id` int(11) NOT NULL AUTO_INCREMENT,
  `process_map_id` int(11) NOT NULL,
  `permit_id` int(11) NOT NULL,
  `linked_date` timestamp NOT NULL DEFAULT current_timestamp(),
  `linked_by` int(11) DEFAULT NULL,
  `notes` text DEFAULT NULL,
  PRIMARY KEY (`id`),
  UNIQUE KEY `unique_process_permit` (`process_map_id`,`permit_id`),
  KEY `ix_process_map_id` (`process_map_id`),
  KEY `ix_permit_id` (`permit_id`),
  KEY `ix_linked_by` (`linked_by`),
  CONSTRAINT `process_map_permit_ibfk_1` FOREIGN KEY (`process_map_id`) REFERENCES `process_map` (`id`) ON DELETE CASCADE,
  CONSTRAINT `process_map_permit_ibfk_2` FOREIGN KEY (`permit_id`) REFERENCES `permits` (`permit_id`) ON DELETE CASCADE,
  CONSTRAINT `process_map_permit_ibfk_3` FOREIGN KEY (`linked_by`) REFERENCES `people` (`people_id`) ON DELETE SET NULL
) ENGINE=InnoDB DEFAULT CHARSET=utf8mb4 COLLATE=utf8mb4_general_ci;
/*!40101 SET character_set_client = @saved_cs_client */;

--
-- Dumping data for table `process_map_permit`
--

LOCK TABLES `process_map_permit` WRITE;
/*!40000 ALTER TABLE `process_map_permit` DISABLE KEYS */;
/*!40000 ALTER TABLE `process_map_permit` ENABLE KEYS */;
UNLOCK TABLES;

--
-- Table structure for table `process_map_risk`
--

DROP TABLE IF EXISTS `process_map_risk`;
/*!40101 SET @saved_cs_client     = @@character_set_client */;
/*!40101 SET character_set_client = utf8 */;
CREATE TABLE `process_map_risk` (
  `id` int(11) NOT NULL AUTO_INCREMENT,
  `process_map_id` int(11) NOT NULL,
  `risk_id` int(11) NOT NULL,
  PRIMARY KEY (`id`),
  KEY `process_map_id` (`process_map_id`),
  KEY `risk_id` (`risk_id`),
  CONSTRAINT `process_map_risk_ibfk_1` FOREIGN KEY (`process_map_id`) REFERENCES `process_map` (`id`) ON DELETE CASCADE,
  CONSTRAINT `process_map_risk_ibfk_2` FOREIGN KEY (`risk_id`) REFERENCES `risks` (`risk_id`) ON DELETE CASCADE
) ENGINE=InnoDB AUTO_INCREMENT=2 DEFAULT CHARSET=utf8mb4 COLLATE=utf8mb4_general_ci;
/*!40101 SET character_set_client = @saved_cs_client */;

--
-- Dumping data for table `process_map_risk`
--

LOCK TABLES `process_map_risk` WRITE;
/*!40000 ALTER TABLE `process_map_risk` DISABLE KEYS */;
/*!40000 ALTER TABLE `process_map_risk` ENABLE KEYS */;
UNLOCK TABLES;

--
-- Table structure for table `process_map_risk_register`
--

DROP TABLE IF EXISTS `process_map_risk_register`;
/*!40101 SET @saved_cs_client     = @@character_set_client */;
/*!40101 SET character_set_client = utf8 */;
CREATE TABLE `process_map_risk_register` (
  `id` int(11) NOT NULL AUTO_INCREMENT,
  `process_map_id` int(11) NOT NULL,
  `risk_id` int(11) NOT NULL,
  `created_at` timestamp NOT NULL DEFAULT current_timestamp(),
  `created_by` int(11) DEFAULT NULL,
  PRIMARY KEY (`id`),
  UNIQUE KEY `unique_process_risk` (`process_map_id`,`risk_id`),
  KEY `idx_process_map_id` (`process_map_id`),
  KEY `idx_risk_id` (`risk_id`),
  KEY `idx_created_by` (`created_by`),
  CONSTRAINT `process_map_risk_register_ibfk_created_by` FOREIGN KEY (`created_by`) REFERENCES `people` (`people_id`) ON DELETE SET NULL,
  CONSTRAINT `process_map_risk_register_ibfk_process` FOREIGN KEY (`process_map_id`) REFERENCES `process_map` (`id`) ON DELETE CASCADE,
  CONSTRAINT `process_map_risk_register_ibfk_risk` FOREIGN KEY (`risk_id`) REFERENCES `risk_register` (`risk_id`) ON DELETE CASCADE
) ENGINE=InnoDB DEFAULT CHARSET=utf8mb4 COLLATE=utf8mb4_general_ci;
/*!40101 SET character_set_client = @saved_cs_client */;

--
-- Dumping data for table `process_map_risk_register`
--

LOCK TABLES `process_map_risk_register` WRITE;
/*!40000 ALTER TABLE `process_map_risk_register` DISABLE KEYS */;
/*!40000 ALTER TABLE `process_map_risk_register` ENABLE KEYS */;
UNLOCK TABLES;

--
-- Table structure for table `process_map_sop`
--

DROP TABLE IF EXISTS `process_map_sop`;
/*!40101 SET @saved_cs_client     = @@character_set_client */;
/*!40101 SET character_set_client = utf8 */;
CREATE TABLE `process_map_sop` (
  `id` int(11) NOT NULL AUTO_INCREMENT,
  `process_map_id` int(11) NOT NULL,
  `sop_id` int(11) NOT NULL,
  PRIMARY KEY (`id`),
  KEY `ix_process_map_id` (`process_map_id`),
  KEY `ix_sop_id` (`sop_id`),
  CONSTRAINT `process_map_sop_ibfk_1` FOREIGN KEY (`process_map_id`) REFERENCES `process_map` (`id`) ON DELETE CASCADE,
  CONSTRAINT `process_map_sop_ibfk_2` FOREIGN KEY (`sop_id`) REFERENCES `sop_data` (`id`) ON DELETE CASCADE
) ENGINE=InnoDB DEFAULT CHARSET=utf8mb4 COLLATE=utf8mb4_general_ci;
/*!40101 SET character_set_client = @saved_cs_client */;

--
-- Dumping data for table `process_map_sop`
--

LOCK TABLES `process_map_sop` WRITE;
/*!40000 ALTER TABLE `process_map_sop` DISABLE KEYS */;
/*!40000 ALTER TABLE `process_map_sop` ENABLE KEYS */;
UNLOCK TABLES;

--
-- Table structure for table `process_map_task`
--

DROP TABLE IF EXISTS `process_map_task`;
/*!40101 SET @saved_cs_client     = @@character_set_client */;
/*!40101 SET character_set_client = utf8 */;
CREATE TABLE `process_map_task` (
  `id` int(11) NOT NULL AUTO_INCREMENT,
  `process_map_id` int(11) NOT NULL,
  `task_id` int(11) NOT NULL,
  `linked_date` timestamp NOT NULL DEFAULT current_timestamp(),
  `linked_by` int(11) DEFAULT NULL,
  `notes` text DEFAULT NULL,
  PRIMARY KEY (`id`),
  UNIQUE KEY `unique_process_task` (`process_map_id`,`task_id`),
  KEY `ix_process_map_id` (`process_map_id`),
  KEY `ix_task_id` (`task_id`),
  KEY `ix_linked_by` (`linked_by`),
  CONSTRAINT `process_map_task_ibfk_1` FOREIGN KEY (`process_map_id`) REFERENCES `process_map` (`id`) ON DELETE CASCADE,
  CONSTRAINT `process_map_task_ibfk_2` FOREIGN KEY (`task_id`) REFERENCES `tasks` (`task_id`) ON DELETE CASCADE,
  CONSTRAINT `process_map_task_ibfk_3` FOREIGN KEY (`linked_by`) REFERENCES `people` (`people_id`) ON DELETE SET NULL
) ENGINE=InnoDB DEFAULT CHARSET=utf8mb4 COLLATE=utf8mb4_general_ci;
/*!40101 SET character_set_client = @saved_cs_client */;

--
-- Dumping data for table `process_map_task`
--

LOCK TABLES `process_map_task` WRITE;
/*!40000 ALTER TABLE `process_map_task` DISABLE KEYS */;
/*!40000 ALTER TABLE `process_map_task` ENABLE KEYS */;
UNLOCK TABLES;

--
-- Table structure for table `process_steps`
--

DROP TABLE IF EXISTS `process_steps`;
/*!40101 SET @saved_cs_client     = @@character_set_client */;
/*!40101 SET character_set_client = utf8 */;
CREATE TABLE `process_steps` (
  `step_id` int(11) NOT NULL AUTO_INCREMENT,
  `process_id` int(11) NOT NULL,
  `step_order` int(11) NOT NULL,
  `name` varchar(255) NOT NULL,
  `description` text DEFAULT NULL,
  `mandatory` tinyint(1) DEFAULT 1,
  `can_be_parallel` tinyint(1) DEFAULT 0,
  PRIMARY KEY (`step_id`),
  KEY `ix_process_id` (`process_id`),
  CONSTRAINT `process_steps_ibfk_1` FOREIGN KEY (`process_id`) REFERENCES `process_definitions` (`process_id`) ON DELETE CASCADE
) ENGINE=InnoDB AUTO_INCREMENT=100 DEFAULT CHARSET=utf8mb4 COLLATE=utf8mb4_general_ci;
/*!40101 SET character_set_client = @saved_cs_client */;

--
-- Dumping data for table `process_steps`
--

LOCK TABLES `process_steps` WRITE;
/*!40000 ALTER TABLE `process_steps` DISABLE KEYS */;
INSERT INTO `process_steps` VALUES (1,1,1,'Device Design and Prototyping','Design and prototype development for new devices',1,0),(2,2,1,'API Selection and Characterization','Select and characterize active pharmaceutical ingredients',1,0),(3,2,2,'Excipient Selection','Select appropriate excipients for formulation',1,0),(4,3,1,'Granulation','Wet granulation process for tablet manufacturing',1,0),(5,3,2,'Tablet Compression','Compression of granules into tablets',1,0),(6,3,3,'Coating','Film coating of compressed tablets',0,0),(7,3,4,'Packaging','Primary and secondary packaging of finished products',1,0),(8,4,1,'In-process Testing','Quality testing during manufacturing process',1,0),(9,4,2,'Final Product Testing','Final quality control testing of finished products',1,0);
/*!40000 ALTER TABLE `process_steps` ENABLE KEYS */;
UNLOCK TABLES;

--
-- Table structure for table `process_transformation`
--

DROP TABLE IF EXISTS `process_transformation`;
/*!40101 SET @saved_cs_client     = @@character_set_client */;
/*!40101 SET character_set_client = utf8 */;
CREATE TABLE `process_transformation` (
  `id` int(11) NOT NULL AUTO_INCREMENT,
  `process_map_id` int(11) NOT NULL COMMENT 'Reference to process_map.id',
  `type` enum('input','output') NOT NULL COMMENT 'Whether this is an input or output',
  `material_name` varchar(255) NOT NULL COMMENT 'Name of the material/component',
  `quantity` varchar(50) DEFAULT NULL COMMENT 'Quantity (e.g., "5kg", "4.8kg", "10 units")',
  `unit` varchar(50) DEFAULT NULL COMMENT 'Unit of measurement (e.g., "kg", "units", "liters")',
  `description` text DEFAULT NULL COMMENT 'Additional description or notes',
  `order` int(11) DEFAULT 0 COMMENT 'Order for display purposes',
  `created_at` timestamp NOT NULL DEFAULT current_timestamp(),
  `updated_at` timestamp NOT NULL DEFAULT current_timestamp() ON UPDATE current_timestamp(),
  PRIMARY KEY (`id`),
  KEY `ix_process_map_id` (`process_map_id`),
  KEY `ix_type` (`type`),
  KEY `ix_order` (`process_map_id`,`type`,`order`),
  CONSTRAINT `process_transformation_ibfk_process` FOREIGN KEY (`process_map_id`) REFERENCES `process_map` (`id`) ON DELETE CASCADE
) ENGINE=InnoDB DEFAULT CHARSET=utf8mb4 COLLATE=utf8mb4_general_ci COMMENT='Stores input/output transformation data for process steps';
/*!40101 SET character_set_client = @saved_cs_client */;

--
-- Dumping data for table `process_transformation`
--

LOCK TABLES `process_transformation` WRITE;
/*!40000 ALTER TABLE `process_transformation` DISABLE KEYS */;
/*!40000 ALTER TABLE `process_transformation` ENABLE KEYS */;
UNLOCK TABLES;

--
-- Table structure for table `prodlineregister`
--

DROP TABLE IF EXISTS `prodlineregister`;
/*!40101 SET @saved_cs_client     = @@character_set_client */;
/*!40101 SET character_set_client = utf8 */;
CREATE TABLE `prodlineregister` (
  `production_line_id` int(11) NOT NULL AUTO_INCREMENT,
  `line_name` varchar(100) NOT NULL,
  `line_description` varchar(255) DEFAULT NULL,
  `status` enum('Active','Inactive','Maintenance') NOT NULL,
  `capacity` int(11) NOT NULL,
  `start_date` date NOT NULL,
  `location` varchar(100) DEFAULT NULL,
  `created_at` timestamp NOT NULL DEFAULT current_timestamp(),
  `updated_at` timestamp NOT NULL DEFAULT current_timestamp() ON UPDATE current_timestamp(),
  PRIMARY KEY (`production_line_id`)
) ENGINE=InnoDB AUTO_INCREMENT=8 DEFAULT CHARSET=utf8mb4 COLLATE=utf8mb4_general_ci;
/*!40101 SET character_set_client = @saved_cs_client */;

--
-- Dumping data for table `prodlineregister`
--

LOCK TABLES `prodlineregister` WRITE;
/*!40000 ALTER TABLE `prodlineregister` DISABLE KEYS */;
INSERT INTO `prodlineregister` VALUES (1,'Production Line 1','Main production line for high volume','Active',1000,'2023-01-01','Dublin','2024-11-01 05:57:12','2024-11-01 06:06:13'),(2,'Production Line 2','Secondary line for specialized products','Maintenance',750,'2023-03-15','Cork','2024-11-01 05:57:12','2024-11-01 06:06:13'),(3,'Production Line 3','Flexible production line for custom orders','Inactive',500,'2023-06-01','Galway','2024-11-01 05:58:23','2024-11-01 06:06:13');
/*!40000 ALTER TABLE `prodlineregister` ENABLE KEYS */;
UNLOCK TABLES;

--
-- Table structure for table `product`
--

DROP TABLE IF EXISTS `product`;
/*!40101 SET @saved_cs_client     = @@character_set_client */;
/*!40101 SET character_set_client = utf8 */;
CREATE TABLE `product` (
  `product_id` int(11) NOT NULL AUTO_INCREMENT,
  `product_name` varchar(255) NOT NULL,
  `product_code` varchar(100) NOT NULL,
  `dosage_form` varchar(100) NOT NULL,
  `strength` varchar(100) NOT NULL,
  `active_ingredients` text NOT NULL,
  `packaging_type` varchar(100) NOT NULL,
  `storage_conditions` varchar(255) NOT NULL,
  `shelf_life` int(11) NOT NULL COMMENT 'Shelf life in months',
  `marketing_authorization_number` varchar(100) DEFAULT NULL,
  `marketing_authorization_holder` varchar(255) DEFAULT NULL,
  `gmp_status` enum('approved','pending','rejected') DEFAULT 'pending',
  `date_of_approval` date DEFAULT NULL,
  `manufacturer_name` varchar(255) NOT NULL,
  `manufacturer_location` varchar(255) DEFAULT NULL,
  `batch_size` varchar(100) NOT NULL,
  `risk_category` enum('low','medium','high') DEFAULT 'medium',
  `last_audit_date` date DEFAULT NULL,
  `created_at` timestamp NOT NULL DEFAULT current_timestamp(),
  `updated_at` timestamp NOT NULL DEFAULT current_timestamp() ON UPDATE current_timestamp(),
  PRIMARY KEY (`product_id`),
  UNIQUE KEY `product_code` (`product_code`),
  UNIQUE KEY `marketing_authorization_number` (`marketing_authorization_number`),
  KEY `idx_product_name` (`product_name`),
  KEY `idx_product_code` (`product_code`),
  KEY `idx_gmp_status` (`gmp_status`)
) ENGINE=InnoDB AUTO_INCREMENT=11 DEFAULT CHARSET=utf8mb4 COLLATE=utf8mb4_general_ci;
/*!40101 SET character_set_client = @saved_cs_client */;

--
-- Dumping data for table `product`
--

LOCK TABLES `product` WRITE;
/*!40000 ALTER TABLE `product` DISABLE KEYS */;
INSERT INTO `product` VALUES (1,'Product A','PROD001','Tablet','500mg','Ingredient A','Blister Pack','Store below 25°C',24,'MA001','Holder A','approved','2023-01-15','Manufacturer A','Location A','1000 units','medium','2024-03-10','2024-10-30 20:48:40','2024-10-30 20:48:40'),(2,'Product B','PROD002','Capsule','250mg','Ingredient B','Bottle','Store in a cool dry place',18,'MA002','Holder B','pending',NULL,'Manufacturer B','Location B','2000 units','low','2024-03-15','2024-10-30 20:48:40','2024-10-30 20:48:40'),(3,'Product C','PROD003','Syrup','100mg/5ml','Ingredient C','Bottle','Store at room temperature',12,'MA003','Holder C','rejected','2023-02-10','Manufacturer C','Location C','500 units','high','2024-04-01','2024-10-30 20:48:40','2024-10-30 20:48:40'),(4,'Product D','PROD004','Injection','50mg/ml','Ingredient D','Ampoule','Refrigerate',6,'MA004','Holder D','approved','2023-03-05','Manufacturer D','Location D','300 units','medium','2024-04-15','2024-10-30 20:48:40','2024-10-30 20:48:40'),(5,'Product E','PROD005','Ointment','5%','Ingredient E','Tube','Store below 30°C',24,'MA005','Holder E','pending',NULL,'Manufacturer E','Location E','150 units','low','2024-05-10','2024-10-30 20:48:40','2024-10-30 20:48:40'),(6,'Product F','PROD006','Cream','10%','Ingredient F','Jar','Store below 25°C',18,'MA006','Holder F','approved','2023-04-20','Manufacturer F','Location F','400 units','medium','2024-06-01','2024-10-30 20:48:40','2024-10-30 20:48:40'),(7,'Product G','PROD007','Gel','2%','Ingredient G','Tube','Store in a cool dry place',24,'MA007','Holder G','approved','2023-05-30','Manufacturer G','Location G','350 units','high','2024-06-15','2024-10-30 20:48:40','2024-10-30 20:48:40'),(8,'Product H','PROD008','Powder','50g','Ingredient H','Sachet','Store at room temperature',36,'MA008','Holder H','pending',NULL,'Manufacturer H','Location H','800 units','low','2024-07-10','2024-10-30 20:48:40','2024-10-30 20:48:40'),(9,'Product I','PROD009','Solution','5mg/ml','Ingredient I','Bottle','Refrigerate',12,'MA009','Holder I','approved','2023-06-25','Manufacturer I','Location I','600 units','medium','2024-08-05','2024-10-30 20:48:40','2024-10-30 20:48:40'),(10,'Product J','PROD010','Lozenge','10mg','Ingredient J','Blister Pack','Store below 30°C',24,'MA010','Holder J','rejected','2023-07-10','Manufacturer J','Location J','900 units','high','2024-09-01','2024-10-30 20:48:40','2024-10-30 20:48:40');
/*!40000 ALTER TABLE `product` ENABLE KEYS */;
UNLOCK TABLES;

--
-- Table structure for table `projects`
--

DROP TABLE IF EXISTS `projects`;
/*!40101 SET @saved_cs_client     = @@character_set_client */;
/*!40101 SET character_set_client = utf8 */;
CREATE TABLE `projects` (
  `project_id` int(11) NOT NULL AUTO_INCREMENT,
  `finding_id` int(11) DEFAULT NULL,
  `change_request_id` int(11) DEFAULT NULL,
  `project_name` varchar(255) NOT NULL,
  `project_description` text DEFAULT NULL,
  `category` enum('Change-Driven','Operational','Compliance','Emergency') DEFAULT 'Change-Driven',
  `start_date` date DEFAULT NULL,
  `end_date` date DEFAULT NULL,
  `project_manager_id` int(11) DEFAULT NULL,
  `department_id` int(11) DEFAULT NULL,
  `status` enum('Not Started','In Progress','On Hold','Completed') DEFAULT 'Not Started',
  PRIMARY KEY (`project_id`),
  KEY `project_manager_id` (`project_manager_id`),
  KEY `department_id` (`department_id`),
  KEY `fk_projects_findings` (`finding_id`),
  KEY `fk_projects_change_requests` (`change_request_id`),
  CONSTRAINT `fk_project_department` FOREIGN KEY (`department_id`) REFERENCES `departments` (`department_id`),
  CONSTRAINT `fk_project_manager` FOREIGN KEY (`project_manager_id`) REFERENCES `people` (`people_id`),
  CONSTRAINT `fk_projects_change_requests` FOREIGN KEY (`change_request_id`) REFERENCES `change_requests` (`change_request_id`) ON DELETE SET NULL,
  CONSTRAINT `fk_projects_findings` FOREIGN KEY (`finding_id`) REFERENCES `findings` (`finding_id`) ON DELETE SET NULL,
  CONSTRAINT `projects_ibfk_1` FOREIGN KEY (`finding_id`) REFERENCES `findings` (`finding_id`) ON DELETE SET NULL,
  CONSTRAINT `projects_ibfk_2` FOREIGN KEY (`change_request_id`) REFERENCES `change_requests` (`change_request_id`) ON DELETE SET NULL
) ENGINE=InnoDB AUTO_INCREMENT=4 DEFAULT CHARSET=utf8mb4 COLLATE=utf8mb4_unicode_ci;
/*!40101 SET character_set_client = @saved_cs_client */;

--
-- Dumping data for table `projects`
--

LOCK TABLES `projects` WRITE;
/*!40000 ALTER TABLE `projects` DISABLE KEYS */;
INSERT INTO `projects` VALUES (1,1,NULL,'Project 1','test 1','Change-Driven',NULL,NULL,NULL,NULL,'Not Started'),(3,2,NULL,'Project 2','test 2','Change-Driven',NULL,NULL,NULL,NULL,'Not Started');
/*!40000 ALTER TABLE `projects` ENABLE KEYS */;
UNLOCK TABLES;

--
-- Table structure for table `purchaseorderdetails`
--

DROP TABLE IF EXISTS `purchaseorderdetails`;
/*!40101 SET @saved_cs_client     = @@character_set_client */;
/*!40101 SET character_set_client = utf8 */;
CREATE TABLE `purchaseorderdetails` (
  `PurchaseOrderDetailID` int(11) NOT NULL AUTO_INCREMENT,
  `PurchaseOrderID` int(11) DEFAULT NULL,
  `MaterialID` int(11) DEFAULT NULL,
  `QuantityOrdered` decimal(10,2) DEFAULT NULL,
  `UnitPrice` decimal(10,2) DEFAULT NULL,
  PRIMARY KEY (`PurchaseOrderDetailID`),
  KEY `PurchaseOrderID` (`PurchaseOrderID`),
  KEY `MaterialID` (`MaterialID`),
  CONSTRAINT `purchaseorderdetails_ibfk_1` FOREIGN KEY (`PurchaseOrderID`) REFERENCES `purchaseorders` (`PurchaseOrderID`),
  CONSTRAINT `purchaseorderdetails_ibfk_2` FOREIGN KEY (`MaterialID`) REFERENCES `materials` (`MaterialID`)
) ENGINE=InnoDB DEFAULT CHARSET=utf8mb4 COLLATE=utf8mb4_general_ci;
/*!40101 SET character_set_client = @saved_cs_client */;

--
-- Dumping data for table `purchaseorderdetails`
--

LOCK TABLES `purchaseorderdetails` WRITE;
/*!40000 ALTER TABLE `purchaseorderdetails` DISABLE KEYS */;
/*!40000 ALTER TABLE `purchaseorderdetails` ENABLE KEYS */;
UNLOCK TABLES;

--
-- Table structure for table `purchaseorders`
--

DROP TABLE IF EXISTS `purchaseorders`;
/*!40101 SET @saved_cs_client     = @@character_set_client */;
/*!40101 SET character_set_client = utf8 */;
CREATE TABLE `purchaseorders` (
  `PurchaseOrderID` int(11) NOT NULL AUTO_INCREMENT,
  `SupplierID` int(11) DEFAULT NULL,
  `OrderDate` date DEFAULT NULL,
  `DeliveryDate` date DEFAULT NULL,
  `Status` varchar(50) DEFAULT NULL,
  PRIMARY KEY (`PurchaseOrderID`),
  KEY `SupplierID` (`SupplierID`),
  CONSTRAINT `purchaseorders_ibfk_1` FOREIGN KEY (`SupplierID`) REFERENCES `suppliers` (`SupplierID`)
) ENGINE=InnoDB DEFAULT CHARSET=utf8mb4 COLLATE=utf8mb4_general_ci;
/*!40101 SET character_set_client = @saved_cs_client */;

--
-- Dumping data for table `purchaseorders`
--

LOCK TABLES `purchaseorders` WRITE;
/*!40000 ALTER TABLE `purchaseorders` DISABLE KEYS */;
/*!40000 ALTER TABLE `purchaseorders` ENABLE KEYS */;
UNLOCK TABLES;

--
-- Table structure for table `quality_checks`
--

DROP TABLE IF EXISTS `quality_checks`;
/*!40101 SET @saved_cs_client     = @@character_set_client */;
/*!40101 SET character_set_client = utf8 */;
CREATE TABLE `quality_checks` (
  `check_id` int(11) NOT NULL AUTO_INCREMENT,
  `batch_id` int(11) DEFAULT NULL,
  `check_type` varchar(50) NOT NULL,
  `result` enum('pass','fail') NOT NULL,
  `notes` text DEFAULT NULL,
  PRIMARY KEY (`check_id`),
  KEY `batch_id` (`batch_id`),
  CONSTRAINT `quality_checks_ibfk_1` FOREIGN KEY (`batch_id`) REFERENCES `batches` (`batch_id`) ON DELETE CASCADE ON UPDATE CASCADE
) ENGINE=InnoDB AUTO_INCREMENT=11 DEFAULT CHARSET=utf8mb4 COLLATE=utf8mb4_general_ci;
/*!40101 SET character_set_client = @saved_cs_client */;

--
-- Dumping data for table `quality_checks`
--

LOCK TABLES `quality_checks` WRITE;
/*!40000 ALTER TABLE `quality_checks` DISABLE KEYS */;
/*!40000 ALTER TABLE `quality_checks` ENABLE KEYS */;
UNLOCK TABLES;

--
-- Table structure for table `qualitycontrol`
--

DROP TABLE IF EXISTS `qualitycontrol`;
/*!40101 SET @saved_cs_client     = @@character_set_client */;
/*!40101 SET character_set_client = utf8 */;
CREATE TABLE `qualitycontrol` (
  `QCRecordID` int(11) NOT NULL AUTO_INCREMENT,
  `MaterialID` int(11) DEFAULT NULL,
  `TestDate` date DEFAULT NULL,
  `TestResults` text DEFAULT NULL,
  `Status` varchar(50) DEFAULT NULL,
  PRIMARY KEY (`QCRecordID`),
  KEY `MaterialID` (`MaterialID`),
  CONSTRAINT `qualitycontrol_ibfk_1` FOREIGN KEY (`MaterialID`) REFERENCES `materials` (`MaterialID`)
) ENGINE=InnoDB DEFAULT CHARSET=utf8mb4 COLLATE=utf8mb4_general_ci;
/*!40101 SET character_set_client = @saved_cs_client */;

--
-- Dumping data for table `qualitycontrol`
--

LOCK TABLES `qualitycontrol` WRITE;
/*!40000 ALTER TABLE `qualitycontrol` DISABLE KEYS */;
/*!40000 ALTER TABLE `qualitycontrol` ENABLE KEYS */;
UNLOCK TABLES;

--
-- Table structure for table `question_options`
--

DROP TABLE IF EXISTS `question_options`;
/*!40101 SET @saved_cs_client     = @@character_set_client */;
/*!40101 SET character_set_client = utf8 */;
CREATE TABLE `question_options` (
  `id` int(11) NOT NULL AUTO_INCREMENT,
  `question_id` int(11) NOT NULL,
  `option_text` text NOT NULL,
  `is_correct` tinyint(1) DEFAULT 0,
  `display_order` int(11) DEFAULT 0,
  PRIMARY KEY (`id`),
  KEY `idx_question_order` (`question_id`,`display_order`),
  CONSTRAINT `fk_question_id` FOREIGN KEY (`question_id`) REFERENCES `quiz_questions` (`id`),
  CONSTRAINT `question_options_ibfk_1` FOREIGN KEY (`question_id`) REFERENCES `quiz_questions` (`id`) ON DELETE CASCADE
) ENGINE=InnoDB AUTO_INCREMENT=228 DEFAULT CHARSET=utf8mb4 COLLATE=utf8mb4_general_ci;
/*!40101 SET character_set_client = @saved_cs_client */;

--
-- Dumping data for table `question_options`
--

LOCK TABLES `question_options` WRITE;
/*!40000 ALTER TABLE `question_options` DISABLE KEYS */;
INSERT INTO `question_options` VALUES (26,1,'Raise the alarm',1,1),(27,1,'Try to fight the fire yourself',0,2),(28,1,'Run outside immediately',0,3),(29,1,'Call your manager on your mobile',0,4),(30,2,'Lab coat and eye protection',1,1),(31,2,'Just gloves',0,2),(32,2,'Hard hat only',0,3),(33,2,'No PPE needed',0,4),(34,3,'Dispose in labeled hazardous waste containers',1,1),(35,3,'Put in general waste bin',0,2),(36,3,'Flush down the drain',0,3),(37,3,'Leave on the bench',0,4),(38,4,'Notify your supervisor or EHS',1,1),(39,4,'Ignore it',0,2),(40,4,'Tell a friend',0,3),(41,4,'Wait until next week',0,4),(42,5,'Material Safety Data Sheet',1,1),(43,5,'Medical Safety Doctor Statement',0,2),(44,5,'Machine Servicing Data System',0,3),(45,5,'Management System Daily Sheet',0,4),(46,1,'Raise the alarm',1,1),(47,1,'Try to fight the fire yourself',0,2),(48,1,'Run outside immediately',0,3),(49,1,'Call your manager on your mobile',0,4),(50,2,'Lab coat and eye protection',1,1),(51,2,'Just gloves',0,2),(52,2,'Hard hat only',0,3),(53,2,'No PPE needed',0,4),(54,3,'Dispose in labeled hazardous waste containers',1,1),(55,3,'Put in general waste bin',0,2),(56,3,'Flush down the drain',0,3),(57,3,'Leave on the bench',0,4),(58,4,'Notify your supervisor or EHS',1,1),(59,4,'Ignore it',0,2),(60,4,'Tell a friend',0,3),(61,4,'Wait until next week',0,4),(62,5,'Material Safety Data Sheet',1,1),(63,5,'Medical Safety Doctor Statement',0,2),(64,5,'Machine Servicing Data System',0,3),(65,5,'Management System Daily Sheet',0,4),(66,19,'The Site Director',1,1),(67,19,'The HR Manager',0,2),(68,19,'The Safety Officer',0,3),(69,19,'All employees',0,4),(74,20,'Safety, Health and Welfare at Work Act, 2005',1,1),(75,20,'ISO14001',0,2),(76,20,'GDPR',0,3),(77,20,'Working Time Act',0,4),(78,21,'Within 14 days',1,1),(79,21,'Within 1 month',0,2),(80,21,'On first day only',0,3),(81,21,'After probation',0,4),(82,22,'10 km/h',1,1),(83,22,'15 km/h',0,2),(84,22,'20 km/h',0,3),(85,22,'30 km/h',0,4),(86,23,'Every 6 months',1,1),(87,23,'Monthly',0,2),(88,23,'Once a year',0,3),(89,23,'Every 2 years',0,4),(90,36,'The Site Director',1,1),(91,36,'The HR Manager',0,2),(92,36,'The Safety Officer',0,3),(93,36,'All employees',0,4),(94,37,'Safety, Health and Welfare at Work Act, 2005',1,1),(95,37,'ISO14001',0,2),(96,37,'GDPR',0,3),(97,37,'Working Time Act',0,4),(98,38,'Within 14 days',1,1),(99,38,'Within 1 month',0,2),(100,38,'On first day only',0,3),(101,38,'After probation',0,4),(102,39,'10 km/h',1,1),(103,39,'15 km/h',0,2),(104,39,'20 km/h',0,3),(105,39,'30 km/h',0,4),(106,40,'Every 6 months',1,1),(107,40,'Monthly',0,2),(108,40,'Once a year',0,3),(109,40,'Every 2 years',0,4),(110,46,'The Site Director',1,1),(111,46,'The HR Manager',0,2),(112,46,'The Safety Officer',0,3),(113,46,'All employees',0,4),(114,47,'The Site Director',1,1),(115,47,'The HR Manager',0,2),(116,47,'The Safety Officer',0,3),(117,47,'All employees',0,4),(121,51,'The Site Director',1,1),(122,51,'The HR Manager',0,2),(123,51,'The Safety Officer',0,3),(124,51,'All employees',0,4),(125,51,'The Site Director',1,1),(126,51,'The HR Manager',0,2),(127,51,'The Safety Officer',0,3),(128,51,'All employees',0,4),(129,51,'The Site Director',1,1),(130,51,'The HR Manager',0,2),(131,51,'The Safety Officer',0,3),(132,51,'All employees',0,4),(133,52,'Safety, Health and Welfare at Work Act, 2005',1,1),(134,52,'ISO14001',0,2),(135,52,'GDPR',0,3),(136,52,'Working Time Act',0,4),(137,53,'Within 14 days',1,1),(138,53,'Within 1 month',0,2),(139,53,'On first day only',0,3),(140,53,'After probation',0,4),(141,54,'10 km/h',1,1),(142,54,'15 km/h',0,2),(143,54,'20 km/h',0,3),(144,54,'30 km/h',0,4),(145,55,'Every 6 months',1,1),(146,55,'Monthly',0,2),(147,55,'Once a year',0,3),(148,55,'Every 2 years',0,4),(149,61,'The Site Director',1,1),(150,61,'The HR Manager',0,2),(151,61,'The Safety Officer',0,3),(152,61,'All employees',0,4),(153,61,'The Site Director',1,1),(154,61,'The HR Manager',0,2),(155,61,'The Safety Officer',0,3),(156,61,'All employees',0,4),(157,61,'The Site Director',1,1),(158,61,'The HR Manager',0,2),(159,61,'The Safety Officer',0,3),(160,61,'All employees',0,4),(161,62,'The Site Director',1,1),(162,62,'The HR Manager',0,2),(163,62,'The Safety Officer',0,3),(164,62,'All employees',0,4),(165,62,'The Site Director',1,1),(166,62,'The HR Manager',0,2),(167,62,'The Safety Officer',0,3),(168,62,'All employees',0,4),(169,62,'The Site Director',1,1),(170,62,'The HR Manager',0,2),(171,62,'The Safety Officer',0,3),(172,62,'All employees',0,4),(184,66,'general work permit',1,1),(185,66,'a',0,2),(186,66,'s',0,3),(187,66,'d',0,4),(188,67,'1',0,1),(189,67,'working at h',1,2),(190,67,'2',0,3),(191,67,'1',0,4),(192,68,'a',0,1),(193,68,'s',0,2),(194,68,'Lock out tag out',1,3),(195,68,'d',0,4),(196,69,'r',0,1),(197,69,'f',0,2),(198,69,'d',0,3),(199,69,'excavation',1,4),(200,24,'Insurance, safety statement, method statements, training records',1,0),(201,24,'Just insurance certificate',0,0),(202,24,'Phone number only',0,0),(203,24,'Nothing needed',0,0),(204,26,'At least 3 years',1,0),(205,26,'6 months',0,0),(206,26,'1 year',0,0),(207,26,'5 years',0,0),(208,27,'Medical certificate confirming condition',1,0),(209,27,'Written notice only',0,0),(210,27,'No documentation needed',0,0),(211,27,'Manager approval',0,0),(212,28,'Department supervisors/managers',1,0),(213,28,'HR department only',0,0),(214,28,'Safety officer only',0,0),(215,28,'External consultants',0,0),(216,25,'Reverse parking only',1,0),(217,25,'Forward parking only',0,0),(218,25,'No parking restrictions',0,0),(219,25,'Parking by size only',0,0),(220,29,'The Site Director',1,0),(221,29,'The HR Manager',0,0),(222,29,'The Safety Officer',0,0),(223,29,'All employees',0,0),(224,30,'The Site Director',1,0),(225,30,'The HR Manager',0,0),(226,30,'The Safety Officer',0,0),(227,30,'All employees',0,0);
/*!40000 ALTER TABLE `question_options` ENABLE KEYS */;
UNLOCK TABLES;

--
-- Table structure for table `quiz_attempts`
--

DROP TABLE IF EXISTS `quiz_attempts`;
/*!40101 SET @saved_cs_client     = @@character_set_client */;
/*!40101 SET character_set_client = utf8 */;
CREATE TABLE `quiz_attempts` (
  `id` int(11) NOT NULL AUTO_INCREMENT,
  `person_id` int(11) NOT NULL,
  `quiz_id` int(11) NOT NULL,
  `doc_version_id` int(11) DEFAULT NULL,
  `doc_version_number` int(11) DEFAULT NULL,
  `score` int(11) NOT NULL,
  `total` int(11) NOT NULL,
  `passed` tinyint(1) NOT NULL,
  `attempt_datetime` datetime DEFAULT NULL,
  `pass_datetime` datetime DEFAULT NULL,
  `qr_value` varchar(255) DEFAULT NULL,
  `created_at` datetime DEFAULT current_timestamp(),
  PRIMARY KEY (`id`),
  KEY `idx_person_quiz` (`person_id`,`quiz_id`),
  KEY `idx_created_at` (`created_at`)
) ENGINE=InnoDB AUTO_INCREMENT=13 DEFAULT CHARSET=utf8mb4 COLLATE=utf8mb4_general_ci;
/*!40101 SET character_set_client = @saved_cs_client */;

--
-- Dumping data for table `quiz_attempts`
--

LOCK TABLES `quiz_attempts` WRITE;
/*!40000 ALTER TABLE `quiz_attempts` DISABLE KEYS */;
INSERT INTO `quiz_attempts` VALUES (1,10,51,30,NULL,3,5,0,NULL,NULL,NULL,'2025-11-15 05:55:39'),(2,10,51,30,NULL,4,5,1,NULL,'2025-11-15 06:55:47','EHS-PASS-691815e34a3e6','2025-11-15 05:55:47'),(3,28,51,30,1,4,5,1,'2025-11-15 07:08:24','2025-11-15 07:08:24','EHS-PASS-691818d8ae8e4','2025-11-15 06:08:24'),(4,30,55,39,NULL,4,5,1,'2025-11-17 20:58:04','2025-11-17 20:58:04','EHS-PASS-691b7e4c28768','2025-11-17 19:58:04'),(5,30,55,39,NULL,4,5,1,'2025-11-17 20:59:07','2025-11-17 20:59:07','EHS-PASS-691b7e8bdaa01','2025-11-17 19:59:07'),(6,30,55,39,NULL,4,5,1,'2025-11-17 21:14:56','2025-11-17 21:14:56','EHS-PASS-691b82409279d','2025-11-17 20:14:56'),(7,5,55,39,NULL,4,5,1,'2025-11-17 21:18:04','2025-11-17 21:18:04','EHS-PASS-691b82fc59e71','2025-11-17 20:18:04'),(8,7,51,30,NULL,3,5,0,'2025-11-19 22:52:52',NULL,NULL,'2025-11-19 21:52:52'),(9,7,51,30,NULL,3,5,0,'2025-11-19 22:54:01',NULL,NULL,'2025-11-19 21:54:01'),(10,7,51,30,NULL,2,5,0,'2025-11-19 22:54:26',NULL,NULL,'2025-11-19 21:54:26'),(11,7,51,30,NULL,4,5,1,'2025-11-19 22:54:49','2025-11-19 22:54:49','EHS-PASS-691e3ca98b063','2025-11-19 21:54:49'),(12,10,51,30,NULL,4,5,1,'2025-11-19 22:58:24','2025-11-19 22:58:24','EHS-PASS-691e3d80125ba','2025-11-19 21:58:24');
/*!40000 ALTER TABLE `quiz_attempts` ENABLE KEYS */;
UNLOCK TABLES;

--
-- Table structure for table `quiz_attempts_backup`
--

DROP TABLE IF EXISTS `quiz_attempts_backup`;
/*!40101 SET @saved_cs_client     = @@character_set_client */;
/*!40101 SET character_set_client = utf8 */;
CREATE TABLE `quiz_attempts_backup` (
  `id` int(11) NOT NULL AUTO_INCREMENT,
  `person_id` int(11) NOT NULL,
  `quiz_id` int(11) NOT NULL,
  `doc_version_id` int(11) DEFAULT NULL,
  `doc_version_number` int(11) DEFAULT NULL,
  `score` int(11) NOT NULL,
  `total` int(11) NOT NULL,
  `passed` tinyint(1) NOT NULL,
  `attempt_datetime` datetime DEFAULT NULL,
  `pass_datetime` datetime DEFAULT NULL,
  `qr_value` varchar(255) DEFAULT NULL,
  `created_at` datetime DEFAULT current_timestamp(),
  PRIMARY KEY (`id`),
  KEY `idx_person_quiz` (`person_id`,`quiz_id`),
  KEY `idx_created_at` (`created_at`)
) ENGINE=InnoDB AUTO_INCREMENT=4 DEFAULT CHARSET=utf8mb4 COLLATE=utf8mb4_general_ci;
/*!40101 SET character_set_client = @saved_cs_client */;

--
-- Dumping data for table `quiz_attempts_backup`
--

LOCK TABLES `quiz_attempts_backup` WRITE;
/*!40000 ALTER TABLE `quiz_attempts_backup` DISABLE KEYS */;
INSERT INTO `quiz_attempts_backup` VALUES (1,10,51,NULL,NULL,3,5,0,NULL,NULL,NULL,'2025-11-15 05:55:39'),(2,10,51,NULL,NULL,4,5,1,NULL,'2025-11-15 06:55:47','EHS-PASS-691815e34a3e6','2025-11-15 05:55:47'),(3,28,51,30,1,4,5,1,'2025-11-15 07:08:24','2025-11-15 07:08:24','EHS-PASS-691818d8ae8e4','2025-11-15 06:08:24');
/*!40000 ALTER TABLE `quiz_attempts_backup` ENABLE KEYS */;
UNLOCK TABLES;

--
-- Table structure for table `quiz_questions`
--

DROP TABLE IF EXISTS `quiz_questions`;
/*!40101 SET @saved_cs_client     = @@character_set_client */;
/*!40101 SET character_set_client = utf8 */;
CREATE TABLE `quiz_questions` (
  `id` int(11) NOT NULL AUTO_INCREMENT,
  `quiz_id` int(11) NOT NULL,
  `question_type` enum('multiple_choice','true_false','short_answer') DEFAULT 'multiple_choice',
  `question_text` text NOT NULL,
  `explanation` text DEFAULT NULL,
  `points` decimal(5,2) DEFAULT 1.00,
  `display_order` int(11) DEFAULT 0,
  `active` tinyint(1) DEFAULT 1,
  `created_date` datetime DEFAULT current_timestamp(),
  PRIMARY KEY (`id`),
  KEY `idx_quiz_order` (`quiz_id`,`display_order`),
  CONSTRAINT `fk_quiz_id` FOREIGN KEY (`quiz_id`) REFERENCES `quizzes` (`id`),
  CONSTRAINT `quiz_questions_ibfk_1` FOREIGN KEY (`quiz_id`) REFERENCES `quizzes` (`id`) ON DELETE CASCADE
) ENGINE=InnoDB AUTO_INCREMENT=70 DEFAULT CHARSET=utf8mb4 COLLATE=utf8mb4_general_ci;
/*!40101 SET character_set_client = @saved_cs_client */;

--
-- Dumping data for table `quiz_questions`
--

LOCK TABLES `quiz_questions` WRITE;
/*!40000 ALTER TABLE `quiz_questions` DISABLE KEYS */;
INSERT INTO `quiz_questions` VALUES (1,14,'multiple_choice','What is the primary purpose of the EHS Audit Procedure?','The procedure verifies compliance with EHS policies and determines management system effectiveness.',2.00,1,1,'2025-09-26 10:02:20'),(2,14,'multiple_choice','Which ISO standards does this audit procedure cover?','The procedure covers ISO14001:2015, ISO45001:2018, and ISO50001:2018 requirements.',2.00,2,1,'2025-09-26 10:02:20'),(3,14,'multiple_choice','Who is responsible for preparing the annual internal audit schedule?','EHS and Facilities are responsible for preparing the annual internal audit schedule.',2.00,3,1,'2025-09-26 10:02:20'),(4,14,'multiple_choice','How often are energy operational audits conducted for each SEU?','Each Significant Energy Use (SEU) must be audited at least annually.',2.00,4,1,'2025-09-26 10:02:20'),(5,14,'multiple_choice','What should auditors document regarding previous corrective actions?','Auditors must verify that previous corrective actions have been effectively discharged.',2.00,5,1,'2025-09-26 10:02:20'),(6,14,'multiple_choice','What is the definition of an Operational Audit according to this procedure?','Operational audits examine SEU operations including usage, condition, and maintenance.',2.00,6,1,'2025-09-26 10:02:20'),(7,14,'multiple_choice','When can remote audits take place?','Remote audits may occur when the Lead Auditor cannot attend site in person.',2.00,7,1,'2025-09-26 10:02:20'),(8,14,'multiple_choice','What is the minimum passing score required for this training?','The procedure requires minimum 80% marks for successful completion.',2.00,8,1,'2025-09-26 10:02:20'),(19,51,'multiple_choice','Who has ultimate responsibility for environmental, health and safety within the organization?','The Site Director holds ultimate responsibility for EHS according to the Safety Statement.',2.00,1,1,'2025-09-26 10:50:36'),(20,51,'multiple_choice','What legislation requires employers to consider safety as a joint responsibility?','The Safety, Health and Welfare at Work Act, 2005 establishes joint responsibility.',2.00,2,1,'2025-09-26 10:50:36'),(21,51,'multiple_choice','When must new employees receive site EHS induction training?','Induction training must occur within 14 days of work commencement.',2.00,3,1,'2025-09-26 10:50:36'),(22,51,'multiple_choice','What is the speed limit on the Amneal Ireland site?','The site speed limit is 10 km/h as specified in site safety rules.',2.00,4,1,'2025-09-26 10:50:36'),(23,51,'multiple_choice','How often must emergency evacuation drills be carried out?','Fire drills must be conducted at intervals not exceeding 6 months.',2.00,5,1,'2025-09-26 10:50:36'),(24,51,'multiple_choice','What must contractors provide before being accepted on-site?','Contractors must provide insurance, safety statement, method statements, and training records.',2.00,6,1,'2025-09-26 10:50:36'),(25,51,'multiple_choice','What is the company policy regarding parking on site?','The company policy mandates reverse parking only for all vehicles.',2.00,7,1,'2025-09-26 10:50:36'),(26,51,'multiple_choice','How long are working time records retained under the Organisation of Working Time Act?','Records must be retained for at least 3 years from creation date.',2.00,8,1,'2025-09-26 10:50:36'),(27,51,'multiple_choice','What must a pregnant employee provide to their employer?','Pregnant employees must provide medical certificate confirming their condition.',2.00,9,1,'2025-09-26 10:50:36'),(28,51,'multiple_choice','Who is responsible for investigating accidents in their department?','Department supervisors/managers are responsible for accident investigations.',2.00,10,1,'2025-09-26 10:50:36'),(29,51,'multiple_choice','Who has ultimate responsibility for environmental, health and safety within the organization?','The Site Director holds ultimate responsibility for EHS according to the Safety Statement.',2.00,1,1,'2025-09-26 11:31:37'),(30,51,'multiple_choice','Who has ultimate responsibility for environmental, health and safety within the organization?','The Site Director holds ultimate responsibility for EHS according to the Safety Statement.',2.00,1,1,'2025-09-26 11:32:26'),(36,54,'multiple_choice','Who has ultimate responsibility for environmental, health and safety within the organization?','The Site Director holds ultimate responsibility for EHS according to the Safety Statement.',2.00,0,1,'2025-11-15 18:55:23'),(37,54,'multiple_choice','What legislation requires employers to consider safety as a joint responsibility?','The Safety, Health and Welfare at Work Act, 2005 establishes joint responsibility.',2.00,0,1,'2025-11-15 18:55:23'),(38,54,'multiple_choice','When must new employees receive site EHS induction training?','Induction training must occur within 14 days of work commencement.',2.00,0,1,'2025-11-15 18:55:23'),(39,54,'multiple_choice','What is the speed limit on the Amneal Ireland site?','The site speed limit is 10 km/h as specified in site safety rules.',2.00,0,1,'2025-11-15 18:55:23'),(40,54,'multiple_choice','How often must emergency evacuation drills be carried out?','Fire drills must be conducted at intervals not exceeding 6 months.',2.00,0,1,'2025-11-15 18:55:23'),(41,54,'multiple_choice','What must contractors provide before being accepted on-site?','Contractors must provide insurance, safety statement, method statements, and training records.',2.00,0,1,'2025-11-15 18:55:23'),(42,54,'multiple_choice','What is the company policy regarding parking on site?','The company policy mandates reverse parking only for all vehicles.',2.00,0,1,'2025-11-15 18:55:23'),(43,54,'multiple_choice','How long are working time records retained under the Organisation of Working Time Act?','Records must be retained for at least 3 years from creation date.',2.00,0,1,'2025-11-15 18:55:23'),(44,54,'multiple_choice','What must a pregnant employee provide to their employer?','Pregnant employees must provide medical certificate confirming their condition.',2.00,0,1,'2025-11-15 18:55:23'),(45,54,'multiple_choice','Who is responsible for investigating accidents in their department?','Department supervisors/managers are responsible for accident investigations.',2.00,0,1,'2025-11-15 18:55:23'),(46,54,'multiple_choice','Who has ultimate responsibility for environmental, health and safety within the organization?','The Site Director holds ultimate responsibility for EHS according to the Safety Statement.',2.00,0,1,'2025-11-15 18:55:23'),(47,54,'multiple_choice','Who has ultimate responsibility for environmental, health and safety within the organization?','The Site Director holds ultimate responsibility for EHS according to the Safety Statement.',2.00,0,1,'2025-11-15 18:55:23'),(51,55,'multiple_choice','Who has ultimate responsibility for environmental, health and safety within the organization?','The Site Director holds ultimate responsibility for EHS according to the Safety Statement.',2.00,0,1,'2025-11-15 19:01:36'),(52,55,'multiple_choice','What legislation requires employers to consider safety as a joint responsibility?','The Safety, Health and Welfare at Work Act, 2005 establishes joint responsibility.',2.00,0,1,'2025-11-15 19:01:36'),(53,55,'multiple_choice','When must new employees receive site EHS induction training?','Induction training must occur within 14 days of work commencement.',2.00,0,1,'2025-11-15 19:01:36'),(54,55,'multiple_choice','What is the speed limit on the Amneal Ireland site?','The site speed limit is 10 km/h as specified in site safety rules.',2.00,0,1,'2025-11-15 19:01:36'),(55,55,'multiple_choice','How often must emergency evacuation drills be carried out?','Fire drills must be conducted at intervals not exceeding 6 months.',2.00,0,1,'2025-11-15 19:01:36'),(56,55,'multiple_choice','What must contractors provide before being accepted on-site?','Contractors must provide insurance, safety statement, method statements, and training records.',2.00,0,1,'2025-11-15 19:01:36'),(57,55,'multiple_choice','What is the company policy regarding parking on site?','The company policy mandates reverse parking only for all vehicles.',2.00,0,1,'2025-11-15 19:01:36'),(58,55,'multiple_choice','How long are working time records retained under the Organisation of Working Time Act?','Records must be retained for at least 3 years from creation date.',2.00,0,1,'2025-11-15 19:01:36'),(59,55,'multiple_choice','What must a pregnant employee provide to their employer?','Pregnant employees must provide medical certificate confirming their condition.',2.00,0,1,'2025-11-15 19:01:36'),(60,55,'multiple_choice','Who is responsible for investigating accidents in their department?','Department supervisors/managers are responsible for accident investigations.',2.00,0,1,'2025-11-15 19:01:36'),(61,55,'multiple_choice','Who has ultimate responsibility for environmental, health and safety within the organization?','The Site Director holds ultimate responsibility for EHS according to the Safety Statement.',2.00,0,1,'2025-11-15 19:01:36'),(62,55,'multiple_choice','Who has ultimate responsibility for environmental, health and safety within the organization?','The Site Director holds ultimate responsibility for EHS according to the Safety Statement.',2.00,0,1,'2025-11-15 19:01:36'),(66,12,'multiple_choice','GWP',NULL,1.00,1,1,'2025-11-15 20:57:09'),(67,12,'multiple_choice','WAT',NULL,1.00,2,1,'2025-11-15 20:57:52'),(68,12,'multiple_choice','LOTO',NULL,1.00,3,1,'2025-11-15 21:03:25'),(69,12,'multiple_choice','excav',NULL,1.00,4,1,'2025-11-15 21:03:25');
/*!40000 ALTER TABLE `quiz_questions` ENABLE KEYS */;
UNLOCK TABLES;

--
-- Table structure for table `quizzes`
--

DROP TABLE IF EXISTS `quizzes`;
/*!40101 SET @saved_cs_client     = @@character_set_client */;
/*!40101 SET character_set_client = utf8 */;
CREATE TABLE `quizzes` (
  `id` int(11) NOT NULL AUTO_INCREMENT,
  `doc_version_id` int(11) NOT NULL,
  `title` varchar(255) NOT NULL,
  `description` text DEFAULT NULL,
  `passing_score` decimal(5,2) DEFAULT 80.00,
  `time_limit_minutes` int(11) DEFAULT 30,
  `max_attempts` int(11) DEFAULT 3,
  `randomize_questions` tinyint(1) DEFAULT 1,
  `questions_to_show` int(11) DEFAULT 10,
  `active` tinyint(1) DEFAULT 1,
  `created_by` int(11) NOT NULL,
  `created_date` datetime DEFAULT current_timestamp(),
  `modified_date` datetime DEFAULT current_timestamp() ON UPDATE current_timestamp(),
  PRIMARY KEY (`id`),
  UNIQUE KEY `doc_version_id` (`doc_version_id`),
  KEY `idx_active` (`active`),
  KEY `idx_doc_version` (`doc_version_id`),
  KEY `idx_created_by` (`created_by`),
  CONSTRAINT `fk_doc_version_id` FOREIGN KEY (`doc_version_id`) REFERENCES `documentversions` (`VersionID`),
  CONSTRAINT `quizzes_ibfk_1` FOREIGN KEY (`doc_version_id`) REFERENCES `documentversions` (`VersionID`),
  CONSTRAINT `quizzes_ibfk_2` FOREIGN KEY (`created_by`) REFERENCES `people` (`people_id`)
) ENGINE=InnoDB AUTO_INCREMENT=58 DEFAULT CHARSET=utf8mb4 COLLATE=utf8mb4_general_ci;
/*!40101 SET character_set_client = @saved_cs_client */;

--
-- Dumping data for table `quizzes`
--

LOCK TABLES `quizzes` WRITE;
/*!40000 ALTER TABLE `quizzes` DISABLE KEYS */;
INSERT INTO `quizzes` VALUES (12,21,'EHS-001 Permit to Work Training','Quiz covering Permit to Work procedures...',80.00,30,3,1,8,1,29,'2025-09-26 09:46:36','2025-09-26 09:46:36'),(13,22,'EHS-003 Environmental Aspects Training','Quiz covering Environmental Aspects...',80.00,25,3,1,7,1,29,'2025-09-26 09:46:36','2025-09-26 09:46:36'),(14,23,'EHS-004 Audit Procedure Training','Quiz covering Environmental, Health & Safety...',80.00,30,3,1,8,1,29,'2025-09-26 09:46:36','2025-09-26 09:46:36'),(45,24,'EHS-005 Chemical Management Training','Quiz covering Chemical Substance Management procedures and safety requirements',80.00,25,3,1,7,1,29,'2025-09-26 09:51:17','2025-09-26 09:51:17'),(46,25,'EHS-006B Objectives & Targets','Quiz covering EHS objectives setting and monitoring procedures',80.00,20,3,1,6,1,29,'2025-09-26 09:51:17','2025-09-26 09:51:17'),(47,26,'EHS-007A Communication & Complaint Procedure','Quiz covering EHS communication and external complaint handling procedures',80.00,20,3,1,6,1,29,'2025-09-26 09:51:17','2025-09-26 09:51:17'),(48,27,'EHS-008C Management Review Procedure','Quiz covering EHS & Energy Management Review requirements',80.00,25,3,1,7,1,29,'2025-09-26 09:51:17','2025-09-26 09:51:17'),(49,28,'EHS-009B SOP Preparation & Control','Quiz covering preparation and control of EHS Standard Operating Procedures',80.00,20,3,1,6,1,29,'2025-09-26 09:51:17','2025-09-26 09:51:17'),(50,29,'EHS-010B Record Retention Policy','Quiz covering EHS record control and retention requirements',80.00,25,3,1,8,1,29,'2025-09-26 09:51:17','2025-09-26 09:51:17'),(51,30,'Safety Statement 2024 Training','Quiz covering Amneal Ireland Safety Statement 2024 requirements and responsibilities',80.00,30,3,1,10,1,29,'2025-09-26 09:51:17','2025-09-26 09:51:17'),(54,36,'Safety Statement 2024 Training (Rev 8)','Quiz covering Amneal Ireland Safety Statement 2024 requirements and responsibilities',80.00,30,3,1,10,1,29,'2025-11-15 18:55:00','2025-11-15 18:55:00'),(55,39,'Safety Statement 2024 Training (Rev 8) (2025 Update)','Quiz covering Amneal Ireland Safety Statement 2024 requirements and responsibilities',80.00,30,3,1,10,1,29,'2025-11-15 19:01:24','2025-11-15 19:01:24');
/*!40000 ALTER TABLE `quizzes` ENABLE KEYS */;
UNLOCK TABLES;

--
-- Table structure for table `ra_assessorlinkt`
--

DROP TABLE IF EXISTS `ra_assessorlinkt`;
/*!40101 SET @saved_cs_client     = @@character_set_client */;
/*!40101 SET character_set_client = utf8 */;
CREATE TABLE `ra_assessorlinkt` (
  `RAAssessorLinkID` int(11) NOT NULL AUTO_INCREMENT,
  `RAID` int(10) unsigned NOT NULL,
  `AssessorID` int(11) NOT NULL,
  `AssessDate` datetime DEFAULT NULL,
  PRIMARY KEY (`RAAssessorLinkID`),
  KEY `fk_RA_AssessorLinkT_RAID` (`RAID`),
  CONSTRAINT `fk_RA_AssessorLinkT_RAID` FOREIGN KEY (`RAID`) REFERENCES `ra_registert` (`RAID`)
) ENGINE=InnoDB AUTO_INCREMENT=6 DEFAULT CHARSET=utf8mb4 COLLATE=utf8mb4_general_ci;
/*!40101 SET character_set_client = @saved_cs_client */;

--
-- Dumping data for table `ra_assessorlinkt`
--

LOCK TABLES `ra_assessorlinkt` WRITE;
/*!40000 ALTER TABLE `ra_assessorlinkt` DISABLE KEYS */;
INSERT INTO `ra_assessorlinkt` VALUES (4,1,5,'2026-04-08 08:00:00'),(5,2,4380,'2026-04-07 15:46:00');
/*!40000 ALTER TABLE `ra_assessorlinkt` ENABLE KEYS */;
UNLOCK TABLES;

--
-- Table structure for table `ra_commentlinkt`
--

DROP TABLE IF EXISTS `ra_commentlinkt`;
/*!40101 SET @saved_cs_client     = @@character_set_client */;
/*!40101 SET character_set_client = utf8 */;
CREATE TABLE `ra_commentlinkt` (
  `RAID` int(10) unsigned NOT NULL,
  `CommentDetails` varchar(255) DEFAULT NULL,
  KEY `fk_RA_CommentLinkT_RAID` (`RAID`),
  CONSTRAINT `fk_RA_CommentLinkT_RAID` FOREIGN KEY (`RAID`) REFERENCES `ra_registert` (`RAID`)
) ENGINE=InnoDB DEFAULT CHARSET=utf8mb4 COLLATE=utf8mb4_general_ci;
/*!40101 SET character_set_client = @saved_cs_client */;

--
-- Dumping data for table `ra_commentlinkt`
--

LOCK TABLES `ra_commentlinkt` WRITE;
/*!40000 ALTER TABLE `ra_commentlinkt` DISABLE KEYS */;
INSERT INTO `ra_commentlinkt` VALUES (1,'Test comment');
/*!40000 ALTER TABLE `ra_commentlinkt` ENABLE KEYS */;
UNLOCK TABLES;

--
-- Table structure for table `ra_depownerlinkt`
--

DROP TABLE IF EXISTS `ra_depownerlinkt`;
/*!40101 SET @saved_cs_client     = @@character_set_client */;
/*!40101 SET character_set_client = utf8 */;
CREATE TABLE `ra_depownerlinkt` (
  `RAPersResponsLinkID` int(11) NOT NULL,
  `RAID` int(10) unsigned NOT NULL,
  `PersRespID` int(11) NOT NULL,
  PRIMARY KEY (`RAPersResponsLinkID`),
  KEY `fk_RA_DepOwnerLinkT_RAID` (`RAID`),
  CONSTRAINT `fk_RA_DepOwnerLinkT_RAID` FOREIGN KEY (`RAID`) REFERENCES `ra_registert` (`RAID`)
) ENGINE=InnoDB DEFAULT CHARSET=utf8mb4 COLLATE=utf8mb4_general_ci;
/*!40101 SET character_set_client = @saved_cs_client */;

--
-- Dumping data for table `ra_depownerlinkt`
--

LOCK TABLES `ra_depownerlinkt` WRITE;
/*!40000 ALTER TABLE `ra_depownerlinkt` DISABLE KEYS */;
/*!40000 ALTER TABLE `ra_depownerlinkt` ENABLE KEYS */;
UNLOCK TABLES;

--
-- Table structure for table `ra_hazardlinkt`
--

DROP TABLE IF EXISTS `ra_hazardlinkt`;
/*!40101 SET @saved_cs_client     = @@character_set_client */;
/*!40101 SET character_set_client = utf8 */;
CREATE TABLE `ra_hazardlinkt` (
  `RAHazardLinkID` int(11) NOT NULL,
  `RAID` int(10) unsigned NOT NULL,
  `HazardID` int(10) unsigned NOT NULL,
  `L1` int(11) DEFAULT NULL,
  `S1` int(11) DEFAULT NULL,
  `L2` int(11) DEFAULT NULL,
  `S2` int(11) DEFAULT NULL,
  `HazardDetails` text DEFAULT NULL,
  `RAHazardLinkComm` text DEFAULT NULL,
  `RAHazLinkReviewDate` datetime DEFAULT NULL,
  PRIMARY KEY (`RAHazardLinkID`),
  KEY `fk_RA_HazardLinkT_RAID` (`RAID`),
  CONSTRAINT `fk_RA_HazardLinkT_RAID` FOREIGN KEY (`RAID`) REFERENCES `ra_registert` (`RAID`)
) ENGINE=InnoDB DEFAULT CHARSET=utf8mb4 COLLATE=utf8mb4_general_ci;
/*!40101 SET character_set_client = @saved_cs_client */;

--
-- Dumping data for table `ra_hazardlinkt`
--

LOCK TABLES `ra_hazardlinkt` WRITE;
/*!40000 ALTER TABLE `ra_hazardlinkt` DISABLE KEYS */;
/*!40000 ALTER TABLE `ra_hazardlinkt` ENABLE KEYS */;
UNLOCK TABLES;

--
-- Table structure for table `ra_hazardrevlinkt`
--

DROP TABLE IF EXISTS `ra_hazardrevlinkt`;
/*!40101 SET @saved_cs_client     = @@character_set_client */;
/*!40101 SET character_set_client = utf8 */;
CREATE TABLE `ra_hazardrevlinkt` (
  `HazardRevLinkID` int(11) NOT NULL,
  `RAID` int(10) unsigned NOT NULL,
  `HazardID` int(10) unsigned NOT NULL,
  PRIMARY KEY (`HazardRevLinkID`),
  KEY `fk_RA_HazardRevLinkT_RAID` (`RAID`),
  CONSTRAINT `fk_RA_HazardRevLinkT_RAID` FOREIGN KEY (`RAID`) REFERENCES `ra_registert` (`RAID`)
) ENGINE=InnoDB DEFAULT CHARSET=utf8mb4 COLLATE=utf8mb4_general_ci;
/*!40101 SET character_set_client = @saved_cs_client */;

--
-- Dumping data for table `ra_hazardrevlinkt`
--

LOCK TABLES `ra_hazardrevlinkt` WRITE;
/*!40000 ALTER TABLE `ra_hazardrevlinkt` DISABLE KEYS */;
/*!40000 ALTER TABLE `ra_hazardrevlinkt` ENABLE KEYS */;
UNLOCK TABLES;

--
-- Table structure for table `ra_hazcontlink`
--

DROP TABLE IF EXISTS `ra_hazcontlink`;
/*!40101 SET @saved_cs_client     = @@character_set_client */;
/*!40101 SET character_set_client = utf8 */;
CREATE TABLE `ra_hazcontlink` (
  `HazContLinkID` int(11) NOT NULL,
  `HazardID` int(10) unsigned NOT NULL,
  `ContID` int(10) unsigned NOT NULL,
  PRIMARY KEY (`HazContLinkID`)
) ENGINE=InnoDB DEFAULT CHARSET=utf8mb4 COLLATE=utf8mb4_general_ci;
/*!40101 SET character_set_client = @saved_cs_client */;

--
-- Dumping data for table `ra_hazcontlink`
--

LOCK TABLES `ra_hazcontlink` WRITE;
/*!40000 ALTER TABLE `ra_hazcontlink` DISABLE KEYS */;
/*!40000 ALTER TABLE `ra_hazcontlink` ENABLE KEYS */;
UNLOCK TABLES;

--
-- Table structure for table `ra_persatrisklinkt`
--

DROP TABLE IF EXISTS `ra_persatrisklinkt`;
/*!40101 SET @saved_cs_client     = @@character_set_client */;
/*!40101 SET character_set_client = utf8 */;
CREATE TABLE `ra_persatrisklinkt` (
  `RAPersonelAtRiskLinkID` int(11) NOT NULL,
  `RAID` int(10) unsigned NOT NULL,
  `ID` int(11) NOT NULL,
  PRIMARY KEY (`RAPersonelAtRiskLinkID`),
  KEY `fk_RA_PersAtRiskLinkT_RAID` (`RAID`),
  CONSTRAINT `fk_RA_PersAtRiskLinkT_RAID` FOREIGN KEY (`RAID`) REFERENCES `ra_registert` (`RAID`)
) ENGINE=InnoDB DEFAULT CHARSET=utf8mb4 COLLATE=utf8mb4_general_ci;
/*!40101 SET character_set_client = @saved_cs_client */;

--
-- Dumping data for table `ra_persatrisklinkt`
--

LOCK TABLES `ra_persatrisklinkt` WRITE;
/*!40000 ALTER TABLE `ra_persatrisklinkt` DISABLE KEYS */;
/*!40000 ALTER TABLE `ra_persatrisklinkt` ENABLE KEYS */;
UNLOCK TABLES;

--
-- Table structure for table `ra_registert`
--

DROP TABLE IF EXISTS `ra_registert`;
/*!40101 SET @saved_cs_client     = @@character_set_client */;
/*!40101 SET character_set_client = utf8 */;
CREATE TABLE `ra_registert` (
  `RAID` int(10) unsigned NOT NULL AUTO_INCREMENT,
  `RATitle` varchar(255) NOT NULL,
  `Select` tinyint(1) DEFAULT 0,
  `RA_RevLnkID` int(11) DEFAULT 0,
  `InternalRef` varchar(255) DEFAULT NULL,
  `Done` tinyint(1) DEFAULT 0,
  PRIMARY KEY (`RAID`)
) ENGINE=InnoDB AUTO_INCREMENT=3 DEFAULT CHARSET=utf8mb4 COLLATE=utf8mb4_general_ci;
/*!40101 SET character_set_client = @saved_cs_client */;

--
-- Dumping data for table `ra_registert`
--

LOCK TABLES `ra_registert` WRITE;
/*!40000 ALTER TABLE `ra_registert` DISABLE KEYS */;
INSERT INTO `ra_registert` VALUES (1,'Test Title',1,1,'Test Ref',0),(2,'Test Title',1,1,'Test Ref',0);
/*!40000 ALTER TABLE `ra_registert` ENABLE KEYS */;
UNLOCK TABLES;

--
-- Table structure for table `ra_relatdoclinkt`
--

DROP TABLE IF EXISTS `ra_relatdoclinkt`;
/*!40101 SET @saved_cs_client     = @@character_set_client */;
/*!40101 SET character_set_client = utf8 */;
CREATE TABLE `ra_relatdoclinkt` (
  `RARelatDocLnkID` int(11) NOT NULL,
  `RAID` int(10) unsigned NOT NULL,
  `DocID` int(11) NOT NULL,
  PRIMARY KEY (`RARelatDocLnkID`),
  KEY `fk_RA_RelatDocLinkT_RAID` (`RAID`),
  CONSTRAINT `fk_RA_RelatDocLinkT_RAID` FOREIGN KEY (`RAID`) REFERENCES `ra_registert` (`RAID`)
) ENGINE=InnoDB DEFAULT CHARSET=utf8mb4 COLLATE=utf8mb4_general_ci;
/*!40101 SET character_set_client = @saved_cs_client */;

--
-- Dumping data for table `ra_relatdoclinkt`
--

LOCK TABLES `ra_relatdoclinkt` WRITE;
/*!40000 ALTER TABLE `ra_relatdoclinkt` DISABLE KEYS */;
/*!40000 ALTER TABLE `ra_relatdoclinkt` ENABLE KEYS */;
UNLOCK TABLES;

--
-- Table structure for table `ra_revlnkt`
--

DROP TABLE IF EXISTS `ra_revlnkt`;
/*!40101 SET @saved_cs_client     = @@character_set_client */;
/*!40101 SET character_set_client = utf8 */;
CREATE TABLE `ra_revlnkt` (
  `RA_RevLnkID` int(11) NOT NULL,
  `RAID` int(10) unsigned NOT NULL,
  `RevID` int(11) DEFAULT NULL,
  PRIMARY KEY (`RA_RevLnkID`)
) ENGINE=InnoDB DEFAULT CHARSET=utf8mb4 COLLATE=utf8mb4_general_ci;
/*!40101 SET character_set_client = @saved_cs_client */;

--
-- Dumping data for table `ra_revlnkt`
--

LOCK TABLES `ra_revlnkt` WRITE;
/*!40000 ALTER TABLE `ra_revlnkt` DISABLE KEYS */;
/*!40000 ALTER TABLE `ra_revlnkt` ENABLE KEYS */;
UNLOCK TABLES;

--
-- Table structure for table `ra_risklinkt`
--

DROP TABLE IF EXISTS `ra_risklinkt`;
/*!40101 SET @saved_cs_client     = @@character_set_client */;
/*!40101 SET character_set_client = utf8 */;
CREATE TABLE `ra_risklinkt` (
  `RARiskLinkID` int(11) NOT NULL,
  `RAID` int(10) unsigned NOT NULL,
  `RiskID` int(11) DEFAULT NULL,
  `RiskDetails` text DEFAULT NULL,
  PRIMARY KEY (`RARiskLinkID`),
  KEY `fk_RA_RiskLinkT_RAID` (`RAID`),
  CONSTRAINT `fk_RA_RiskLinkT_RAID` FOREIGN KEY (`RAID`) REFERENCES `ra_registert` (`RAID`)
) ENGINE=InnoDB DEFAULT CHARSET=utf8mb4 COLLATE=utf8mb4_general_ci;
/*!40101 SET character_set_client = @saved_cs_client */;

--
-- Dumping data for table `ra_risklinkt`
--

LOCK TABLES `ra_risklinkt` WRITE;
/*!40000 ALTER TABLE `ra_risklinkt` DISABLE KEYS */;
/*!40000 ALTER TABLE `ra_risklinkt` ENABLE KEYS */;
UNLOCK TABLES;

--
-- Table structure for table `ra_tasklinkt`
--

DROP TABLE IF EXISTS `ra_tasklinkt`;
/*!40101 SET @saved_cs_client     = @@character_set_client */;
/*!40101 SET character_set_client = utf8 */;
CREATE TABLE `ra_tasklinkt` (
  `RATaskLinkID` int(11) NOT NULL,
  `RAID` int(10) unsigned NOT NULL,
  `ActSubID` int(11) NOT NULL,
  `ActDetails` text DEFAULT NULL,
  PRIMARY KEY (`RATaskLinkID`),
  KEY `fk_RA_TaskLinkT_RAID` (`RAID`),
  CONSTRAINT `fk_RA_TaskLinkT_RAID` FOREIGN KEY (`RAID`) REFERENCES `ra_registert` (`RAID`)
) ENGINE=InnoDB DEFAULT CHARSET=utf8mb4 COLLATE=utf8mb4_general_ci;
/*!40101 SET character_set_client = @saved_cs_client */;

--
-- Dumping data for table `ra_tasklinkt`
--

LOCK TABLES `ra_tasklinkt` WRITE;
/*!40000 ALTER TABLE `ra_tasklinkt` DISABLE KEYS */;
/*!40000 ALTER TABLE `ra_tasklinkt` ENABLE KEYS */;
UNLOCK TABLES;

--
-- Table structure for table `rca_5whys`
--

DROP TABLE IF EXISTS `rca_5whys`;
/*!40101 SET @saved_cs_client     = @@character_set_client */;
/*!40101 SET character_set_client = utf8 */;
CREATE TABLE `rca_5whys` (
  `rca_id` bigint(20) unsigned NOT NULL COMMENT 'PK & FK to rca_artefacts.rca_id (1-to-1 relationship)',
  `problem_statement` text NOT NULL,
  `root_cause_confirmed` tinyint(1) NOT NULL DEFAULT 0 COMMENT 'Boolean: 1 if root cause is confirmed',
  `root_cause_statement` text DEFAULT NULL,
  PRIMARY KEY (`rca_id`),
  CONSTRAINT `fk_5whys_artefact` FOREIGN KEY (`rca_id`) REFERENCES `rca_artefacts` (`rca_id`) ON DELETE CASCADE
) ENGINE=InnoDB DEFAULT CHARSET=utf8mb4 COLLATE=utf8mb4_general_ci;
/*!40101 SET character_set_client = @saved_cs_client */;

--
-- Dumping data for table `rca_5whys`
--

LOCK TABLES `rca_5whys` WRITE;
/*!40000 ALTER TABLE `rca_5whys` DISABLE KEYS */;
INSERT INTO `rca_5whys` VALUES (1,'',0,''),(2,'asdas',0,'zxczx'),(3,'',0,'dgdgdf'),(4,'cvxcv',0,'xcvbcv');
/*!40000 ALTER TABLE `rca_5whys` ENABLE KEYS */;
UNLOCK TABLES;

--
-- Table structure for table `rca_5whys_steps`
--

DROP TABLE IF EXISTS `rca_5whys_steps`;
/*!40101 SET @saved_cs_client     = @@character_set_client */;
/*!40101 SET character_set_client = utf8 */;
CREATE TABLE `rca_5whys_steps` (
  `step_id` int(11) NOT NULL AUTO_INCREMENT,
  `rca_id` bigint(20) unsigned NOT NULL COMMENT 'FK to rca_5whys.rca_id',
  `step_number` int(11) NOT NULL COMMENT '1, 2, 3, etc.',
  `question` varchar(255) NOT NULL DEFAULT 'Why?',
  `answer` text NOT NULL,
  `evidence_reference` text DEFAULT NULL,
  `is_key_cause` tinyint(1) NOT NULL DEFAULT 0 COMMENT 'Boolean: 1 if this step is a key cause/failure point',
  `created_by` int(11) DEFAULT NULL,
  `created_at` timestamp NOT NULL DEFAULT current_timestamp(),
  PRIMARY KEY (`step_id`),
  UNIQUE KEY `idx_rca_step_order` (`rca_id`,`step_number`),
  KEY `fk_5whys_steps_rca` (`rca_id`),
  KEY `fk_5whys_steps_creator` (`created_by`),
  CONSTRAINT `fk_5whys_steps_creator` FOREIGN KEY (`created_by`) REFERENCES `people` (`people_id`),
  CONSTRAINT `fk_5whys_steps_rca` FOREIGN KEY (`rca_id`) REFERENCES `rca_5whys` (`rca_id`) ON DELETE CASCADE
) ENGINE=InnoDB AUTO_INCREMENT=10 DEFAULT CHARSET=utf8mb4 COLLATE=utf8mb4_general_ci;
/*!40101 SET character_set_client = @saved_cs_client */;

--
-- Dumping data for table `rca_5whys_steps`
--

LOCK TABLES `rca_5whys_steps` WRITE;
/*!40000 ALTER TABLE `rca_5whys_steps` DISABLE KEYS */;
INSERT INTO `rca_5whys_steps` VALUES (3,1,1,'','',NULL,0,NULL,'2025-12-17 15:40:40'),(4,1,2,'','',NULL,0,NULL,'2025-12-17 15:40:43'),(5,1,3,'','',NULL,0,NULL,'2025-12-17 15:40:47'),(6,1,4,'','',NULL,0,NULL,'2025-12-17 15:40:53'),(7,2,1,'','',NULL,0,NULL,'2026-03-26 09:27:45'),(8,3,1,'','',NULL,0,NULL,'2026-03-27 12:15:54'),(9,3,2,'','',NULL,0,NULL,'2026-03-27 12:15:58');
/*!40000 ALTER TABLE `rca_5whys_steps` ENABLE KEYS */;
UNLOCK TABLES;

--
-- Table structure for table `rca_artefacts`
--

DROP TABLE IF EXISTS `rca_artefacts`;
/*!40101 SET @saved_cs_client     = @@character_set_client */;
/*!40101 SET character_set_client = utf8 */;
CREATE TABLE `rca_artefacts` (
  `rca_id` bigint(20) unsigned NOT NULL AUTO_INCREMENT,
  `investigation_id` bigint(20) unsigned NOT NULL COMMENT 'FK to investigations.investigation_id',
  `method` enum('FiveWhys','Fishbone','FMEA','FTA','Other') NOT NULL,
  `title` varchar(255) NOT NULL COMMENT 'Usually mirrors the problem statement',
  `created_by` int(11) DEFAULT NULL COMMENT 'FK to people.people_id',
  `created_at` timestamp NOT NULL DEFAULT current_timestamp(),
  `status` enum('Draft','In Progress','Completed','Archived') NOT NULL DEFAULT 'Draft',
  PRIMARY KEY (`rca_id`),
  KEY `fk_rca_investigation` (`investigation_id`),
  KEY `fk_rca_creator` (`created_by`),
  CONSTRAINT `fk_rca_creator` FOREIGN KEY (`created_by`) REFERENCES `people` (`people_id`),
  CONSTRAINT `fk_rca_investigation` FOREIGN KEY (`investigation_id`) REFERENCES `investigations` (`investigation_id`) ON DELETE CASCADE
) ENGINE=InnoDB AUTO_INCREMENT=5 DEFAULT CHARSET=utf8mb4 COLLATE=utf8mb4_general_ci;
/*!40101 SET character_set_client = @saved_cs_client */;

--
-- Dumping data for table `rca_artefacts`
--

LOCK TABLES `rca_artefacts` WRITE;
/*!40000 ALTER TABLE `rca_artefacts` DISABLE KEYS */;
INSERT INTO `rca_artefacts` VALUES (1,7,'FiveWhys','',NULL,'2025-12-17 11:45:37','Completed'),(2,1,'FiveWhys','RCA for Investigation 1',NULL,'2026-03-26 09:27:36','Completed'),(3,2,'FiveWhys','RCA for Investigation 2',NULL,'2026-03-27 12:15:48','Completed'),(4,10,'FiveWhys','RCA for Investigation 10',NULL,'2026-04-02 11:52:48','Completed');
/*!40000 ALTER TABLE `rca_artefacts` ENABLE KEYS */;
UNLOCK TABLES;

--
-- Table structure for table `rca_fishbone`
--

DROP TABLE IF EXISTS `rca_fishbone`;
/*!40101 SET @saved_cs_client     = @@character_set_client */;
/*!40101 SET character_set_client = utf8 */;
CREATE TABLE `rca_fishbone` (
  `rca_id` bigint(20) unsigned NOT NULL COMMENT 'PK & FK to rca_artefacts.rca_id (1-to-1 relationship)',
  `problem_statement` text NOT NULL,
  `diagram_type` enum('SixM','SixP','Custom') NOT NULL DEFAULT 'SixP',
  `notes` text DEFAULT NULL,
  PRIMARY KEY (`rca_id`),
  CONSTRAINT `fk_fishbone_artefact` FOREIGN KEY (`rca_id`) REFERENCES `rca_artefacts` (`rca_id`) ON DELETE CASCADE
) ENGINE=InnoDB DEFAULT CHARSET=utf8mb4 COLLATE=utf8mb4_general_ci;
/*!40101 SET character_set_client = @saved_cs_client */;

--
-- Dumping data for table `rca_fishbone`
--

LOCK TABLES `rca_fishbone` WRITE;
/*!40000 ALTER TABLE `rca_fishbone` DISABLE KEYS */;
/*!40000 ALTER TABLE `rca_fishbone` ENABLE KEYS */;
UNLOCK TABLES;

--
-- Table structure for table `rca_fishbone_categories`
--

DROP TABLE IF EXISTS `rca_fishbone_categories`;
/*!40101 SET @saved_cs_client     = @@character_set_client */;
/*!40101 SET character_set_client = utf8 */;
CREATE TABLE `rca_fishbone_categories` (
  `category_id` int(11) NOT NULL AUTO_INCREMENT,
  `rca_id` bigint(20) unsigned NOT NULL COMMENT 'FK to rca_fishbone.rca_id',
  `name` varchar(100) NOT NULL COMMENT 'e.g., People, Process, Plant',
  `sort_order` int(11) NOT NULL,
  PRIMARY KEY (`category_id`),
  UNIQUE KEY `idx_rca_category_unique` (`rca_id`,`name`),
  KEY `fk_fishbone_cat_rca` (`rca_id`),
  CONSTRAINT `fk_fishbone_cat_rca` FOREIGN KEY (`rca_id`) REFERENCES `rca_fishbone` (`rca_id`) ON DELETE CASCADE
) ENGINE=InnoDB DEFAULT CHARSET=utf8mb4 COLLATE=utf8mb4_general_ci;
/*!40101 SET character_set_client = @saved_cs_client */;

--
-- Dumping data for table `rca_fishbone_categories`
--

LOCK TABLES `rca_fishbone_categories` WRITE;
/*!40000 ALTER TABLE `rca_fishbone_categories` DISABLE KEYS */;
/*!40000 ALTER TABLE `rca_fishbone_categories` ENABLE KEYS */;
UNLOCK TABLES;

--
-- Table structure for table `rca_fishbone_causes`
--

DROP TABLE IF EXISTS `rca_fishbone_causes`;
/*!40101 SET @saved_cs_client     = @@character_set_client */;
/*!40101 SET character_set_client = utf8 */;
CREATE TABLE `rca_fishbone_causes` (
  `cause_id` int(11) NOT NULL AUTO_INCREMENT,
  `category_id` int(11) NOT NULL COMMENT 'FK to rca_fishbone_categories.category_id',
  `description` text NOT NULL,
  `is_primary_cause` tinyint(1) NOT NULL DEFAULT 0 COMMENT 'Boolean: 1 if this is identified as a primary cause',
  `evidence_reference` text DEFAULT NULL,
  `created_by` int(11) DEFAULT NULL,
  `created_at` timestamp NOT NULL DEFAULT current_timestamp(),
  PRIMARY KEY (`cause_id`),
  KEY `fk_fishbone_cause_category` (`category_id`),
  KEY `fk_fishbone_cause_creator` (`created_by`),
  CONSTRAINT `fk_fishbone_cause_category` FOREIGN KEY (`category_id`) REFERENCES `rca_fishbone_categories` (`category_id`) ON DELETE CASCADE,
  CONSTRAINT `fk_fishbone_cause_creator` FOREIGN KEY (`created_by`) REFERENCES `people` (`people_id`)
) ENGINE=InnoDB DEFAULT CHARSET=utf8mb4 COLLATE=utf8mb4_general_ci;
/*!40101 SET character_set_client = @saved_cs_client */;

--
-- Dumping data for table `rca_fishbone_causes`
--

LOCK TABLES `rca_fishbone_causes` WRITE;
/*!40000 ALTER TABLE `rca_fishbone_causes` DISABLE KEYS */;
/*!40000 ALTER TABLE `rca_fishbone_causes` ENABLE KEYS */;
UNLOCK TABLES;

--
-- Table structure for table `regulatory_requirements`
--

DROP TABLE IF EXISTS `regulatory_requirements`;
/*!40101 SET @saved_cs_client     = @@character_set_client */;
/*!40101 SET character_set_client = utf8 */;
CREATE TABLE `regulatory_requirements` (
  `requirement_id` int(11) NOT NULL AUTO_INCREMENT,
  `regulatory_body` varchar(100) NOT NULL COMMENT 'FDA, EMA, HPRA, ISO, ICH, etc.',
  `standard_id` int(11) DEFAULT NULL COMMENT 'FK to regulatory_standards',
  `regulation_reference` varchar(255) NOT NULL COMMENT '21 CFR 210/211, EU GMP Annex 1, ICH Q9, ISO 14001 clause, etc.',
  `requirement_description` text NOT NULL,
  `applicability` enum('All','MDI Only','DPI Only','Specific Product','Site Specific') NOT NULL DEFAULT 'All',
  `effective_date` date DEFAULT NULL,
  `compliance_status` enum('Compliant','Non-Compliant','Under Review','Not Applicable') NOT NULL DEFAULT 'Under Review',
  `is_active` tinyint(1) NOT NULL DEFAULT 1,
  `created_at` timestamp NOT NULL DEFAULT current_timestamp(),
  `updated_at` timestamp NOT NULL DEFAULT current_timestamp() ON UPDATE current_timestamp(),
  `created_by` int(11) DEFAULT NULL,
  PRIMARY KEY (`requirement_id`),
  KEY `idx_regulatory_body` (`regulatory_body`),
  KEY `idx_compliance_status` (`compliance_status`),
  KEY `idx_applicability` (`applicability`),
  KEY `idx_created_by` (`created_by`),
  KEY `idx_standard_id` (`standard_id`),
  CONSTRAINT `regulatory_requirements_ibfk_created_by` FOREIGN KEY (`created_by`) REFERENCES `people` (`people_id`) ON DELETE SET NULL,
  CONSTRAINT `regulatory_requirements_ibfk_standard` FOREIGN KEY (`standard_id`) REFERENCES `regulatory_standards` (`standard_id`) ON DELETE SET NULL
) ENGINE=InnoDB AUTO_INCREMENT=19 DEFAULT CHARSET=utf8mb4 COLLATE=utf8mb4_general_ci;
/*!40101 SET character_set_client = @saved_cs_client */;

--
-- Dumping data for table `regulatory_requirements`
--

LOCK TABLES `regulatory_requirements` WRITE;
/*!40000 ALTER TABLE `regulatory_requirements` DISABLE KEYS */;
INSERT INTO `regulatory_requirements` VALUES (1,'FDA',NULL,'21 CFR 210/211','Current Good Manufacturing Practice for Finished Pharmaceuticals','All',NULL,'Compliant',1,'2025-11-25 05:23:36','2025-11-25 05:23:36',NULL),(2,'FDA',NULL,'21 CFR Part 11','Electronic Records; Electronic Signatures','All',NULL,'Compliant',1,'2025-11-25 05:23:36','2025-11-25 05:23:36',NULL),(3,'EMA',NULL,'EU GMP Annex 1','Manufacture of Sterile Medicinal Products','All',NULL,'Compliant',1,'2025-11-25 05:23:36','2025-11-25 05:23:36',NULL),(4,'EMA',NULL,'EU GMP Annex 11','Computerised Systems','All',NULL,'Compliant',1,'2025-11-25 05:23:36','2025-11-25 05:23:36',NULL),(5,'ICH',NULL,'ICH Q9','Quality Risk Management','All',NULL,'Compliant',1,'2025-11-25 05:23:36','2025-11-25 05:23:36',NULL),(6,'ICH',NULL,'ICH Q7','Good Manufacturing Practice Guide for Active Pharmaceutical Ingredients','All',NULL,'Compliant',1,'2025-11-25 05:23:36','2025-11-25 05:23:36',NULL),(7,'ISO',NULL,'ISO 14001','Environmental Management Systems','All',NULL,'Compliant',1,'2025-11-25 05:23:36','2025-11-25 05:23:36',NULL),(8,'ISO',NULL,'ISO 45001','Occupational Health and Safety Management Systems','All',NULL,'Compliant',1,'2025-11-25 05:23:36','2025-11-25 05:23:36',NULL),(9,'ISO',NULL,'ISO 50001','Energy Management Systems','All',NULL,'Under Review',1,'2025-11-25 05:23:36','2025-11-25 05:23:36',NULL),(10,'FDA',NULL,'21 CFR 210/211','Current Good Manufacturing Practice for Finished Pharmaceuticals','All',NULL,'Compliant',1,'2025-11-25 05:28:34','2025-11-25 05:28:34',NULL),(11,'FDA',NULL,'21 CFR Part 11','Electronic Records; Electronic Signatures','All',NULL,'Compliant',1,'2025-11-25 05:28:34','2025-11-25 05:28:34',NULL),(12,'EMA',NULL,'EU GMP Annex 1','Manufacture of Sterile Medicinal Products','All',NULL,'Compliant',1,'2025-11-25 05:28:34','2025-11-25 05:28:34',NULL),(13,'EMA',NULL,'EU GMP Annex 11','Computerised Systems','All',NULL,'Compliant',1,'2025-11-25 05:28:34','2025-11-25 05:28:34',NULL),(14,'ICH',NULL,'ICH Q9','Quality Risk Management','All',NULL,'Compliant',1,'2025-11-25 05:28:34','2025-11-25 05:28:34',NULL),(15,'ICH',NULL,'ICH Q7','Good Manufacturing Practice Guide for Active Pharmaceutical Ingredients','All',NULL,'Compliant',1,'2025-11-25 05:28:34','2025-11-25 05:28:34',NULL),(16,'ISO',NULL,'ISO 14001','Environmental Management Systems','All',NULL,'Compliant',1,'2025-11-25 05:28:34','2025-11-25 05:28:34',NULL),(17,'ISO',NULL,'ISO 45001','Occupational Health and Safety Management Systems','All',NULL,'Compliant',1,'2025-11-25 05:28:34','2025-11-25 05:28:34',NULL),(18,'ISO',NULL,'ISO 50001','Energy Management Systems','All',NULL,'Under Review',1,'2025-11-25 05:28:34','2025-11-25 05:28:34',NULL);
/*!40000 ALTER TABLE `regulatory_requirements` ENABLE KEYS */;
UNLOCK TABLES;

--
-- Table structure for table `regulatory_standards`
--

DROP TABLE IF EXISTS `regulatory_standards`;
/*!40101 SET @saved_cs_client     = @@character_set_client */;
/*!40101 SET character_set_client = utf8 */;
CREATE TABLE `regulatory_standards` (
  `standard_id` int(11) NOT NULL AUTO_INCREMENT,
  `standard_code` varchar(50) NOT NULL COMMENT 'Unique code: FDA-21CFR211, ISO-14001, ICH-Q9',
  `standard_name` varchar(255) NOT NULL COMMENT 'Full name of standard',
  `regulatory_body` varchar(100) NOT NULL COMMENT 'FDA, EMA, ISO, ICH, WHO, etc.',
  `standard_type` enum('Regulation','Guideline','Standard','Directive','Guidance','Other') NOT NULL DEFAULT 'Standard',
  `version` varchar(50) DEFAULT NULL COMMENT 'Version number or date',
  `effective_date` date DEFAULT NULL,
  `expiry_date` date DEFAULT NULL,
  `description` text DEFAULT NULL,
  `website_url` varchar(500) DEFAULT NULL,
  `is_active` tinyint(1) NOT NULL DEFAULT 1,
  `created_at` timestamp NOT NULL DEFAULT current_timestamp(),
  `updated_at` timestamp NOT NULL DEFAULT current_timestamp() ON UPDATE current_timestamp(),
  `created_by` int(11) DEFAULT NULL,
  PRIMARY KEY (`standard_id`),
  UNIQUE KEY `unique_standard_code` (`standard_code`),
  KEY `idx_regulatory_body` (`regulatory_body`),
  KEY `idx_standard_type` (`standard_type`),
  KEY `idx_is_active` (`is_active`),
  KEY `idx_created_by` (`created_by`),
  CONSTRAINT `regulatory_standards_ibfk_created_by` FOREIGN KEY (`created_by`) REFERENCES `people` (`people_id`) ON DELETE SET NULL
) ENGINE=InnoDB AUTO_INCREMENT=24 DEFAULT CHARSET=utf8mb4 COLLATE=utf8mb4_general_ci;
/*!40101 SET character_set_client = @saved_cs_client */;

--
-- Dumping data for table `regulatory_standards`
--

LOCK TABLES `regulatory_standards` WRITE;
/*!40000 ALTER TABLE `regulatory_standards` DISABLE KEYS */;
INSERT INTO `regulatory_standards` VALUES (1,'FDA-21CFR210','Current Good Manufacturing Practice in Manufacturing, Processing, Packing, or Holding of Drugs','FDA','Regulation','2023','2023-01-01',NULL,'21 CFR Part 210 - General provisions for cGMP','https://www.ecfr.gov/current/title-21/chapter-I/subchapter-C/part-210',1,'2025-11-25 05:41:13','2025-11-25 05:41:13',NULL),(2,'FDA-21CFR211','Current Good Manufacturing Practice for Finished Pharmaceuticals','FDA','Regulation','2023','2023-01-01',NULL,'21 CFR Part 211 - Detailed cGMP requirements for finished pharmaceuticals','https://www.ecfr.gov/current/title-21/chapter-I/subchapter-C/part-211',1,'2025-11-25 05:41:13','2025-11-25 05:41:13',NULL),(3,'FDA-21CFR11','Electronic Records; Electronic Signatures','FDA','Regulation','2023','2023-01-01',NULL,'21 CFR Part 11 - Requirements for electronic records and signatures','https://www.ecfr.gov/current/title-21/chapter-I/subchapter-A/part-11',1,'2025-11-25 05:41:13','2025-11-25 05:41:13',NULL),(4,'FDA-21CFR820','Quality System Regulation','FDA','Regulation','2023','2023-01-01',NULL,'21 CFR Part 820 - Medical device quality system requirements','https://www.ecfr.gov/current/title-21/chapter-I/subchapter-H/part-820',1,'2025-11-25 05:41:13','2025-11-25 05:41:13',NULL),(5,'EMA-EUGMP-Annex1','Manufacture of Sterile Medicinal Products','EMA','Guideline','2022','2022-08-25',NULL,'EU GMP Annex 1 - Sterile product manufacturing requirements','https://www.ema.europa.eu/en/documents/regulatory-procedural-guideline/annex-1-manufacture-sterile-medicinal-products_en.pdf',1,'2025-11-25 05:41:13','2025-11-25 05:41:13',NULL),(6,'EMA-EUGMP-Annex11','Computerised Systems','EMA','Guideline','2023','2023-01-01',NULL,'EU GMP Annex 11 - Computerized system validation requirements','https://www.ema.europa.eu/en/documents/regulatory-procedural-guideline/annex-11-computerised-systems_en.pdf',1,'2025-11-25 05:41:13','2025-11-25 05:41:13',NULL),(7,'EMA-EUGMP-Annex15','Qualification and Validation','EMA','Guideline','2015','2015-10-01',NULL,'EU GMP Annex 15 - Validation and qualification requirements','https://www.ema.europa.eu/en/documents/regulatory-procedural-guideline/annex-15-qualification-validation_en.pdf',1,'2025-11-25 05:41:13','2025-11-25 05:41:13',NULL),(8,'ICH-Q7','Good Manufacturing Practice Guide for Active Pharmaceutical Ingredients','ICH','Guideline','2016','2016-11-01',NULL,'ICH Q7 - GMP for APIs','https://www.ich.org/page/quality-guidelines',1,'2025-11-25 05:41:13','2025-11-25 05:41:13',NULL),(9,'ICH-Q9','Quality Risk Management','ICH','Guideline','2023','2023-11-15',NULL,'ICH Q9(R2) - Quality risk management principles and tools','https://www.ich.org/page/quality-guidelines',1,'2025-11-25 05:41:13','2025-11-25 05:41:13',NULL),(10,'ICH-Q10','Pharmaceutical Quality System','ICH','Guideline','2008','2008-06-04',NULL,'ICH Q10 - Pharmaceutical quality system model','https://www.ich.org/page/quality-guidelines',1,'2025-11-25 05:41:13','2025-11-25 05:41:13',NULL),(11,'ISO-9001','Quality Management Systems','ISO','Standard','2015','2015-09-15',NULL,'ISO 9001:2015 - Quality management system requirements','https://www.iso.org/standard/62085.html',1,'2025-11-25 05:41:13','2025-11-25 05:41:13',NULL),(12,'ISO-14001','Environmental Management Systems','ISO','Standard','2015','2015-09-15',NULL,'ISO 14001:2015 - Environmental management system requirements','https://www.iso.org/standard/60857.html',1,'2025-11-25 05:41:13','2025-11-25 05:41:13',NULL),(13,'ISO-45001','Occupational Health and Safety Management Systems','ISO','Standard','2018','2018-03-12',NULL,'ISO 45001:2018 - OH&S management system requirements','https://www.iso.org/standard/63787.html',1,'2025-11-25 05:41:13','2025-11-25 05:41:13',NULL),(14,'ISO-50001','Energy Management Systems','ISO','Standard','2018','2018-08-21',NULL,'ISO 50001:2018 - Energy management system requirements','https://www.iso.org/standard/69426.html',1,'2025-11-25 05:41:13','2025-11-25 05:41:13',NULL),(15,'ISO-27001','Information Security Management Systems','ISO','Standard','2022','2022-10-25',NULL,'ISO/IEC 27001:2022 - Information security management','https://www.iso.org/standard/27001',1,'2025-11-25 05:41:13','2025-11-25 05:41:13',NULL),(16,'WHO-GMP','Good Manufacturing Practices for Pharmaceutical Products','WHO','Guideline','2021','2021-01-01',NULL,'WHO GMP - Good manufacturing practices for pharmaceutical products','https://www.who.int/publications/i/item/9789240049929',1,'2025-11-25 05:41:13','2025-11-25 05:41:13',NULL),(17,'PIC-S-GMP','Pharmaceutical Inspection Co-operation Scheme GMP Guide','PIC/S','Guideline','2022','2022-01-01',NULL,'PIC/S GMP Guide - International GMP standards','https://picscheme.org/en/publications',1,'2025-11-25 05:41:13','2025-11-25 05:41:13',NULL),(18,'ISO 9001','ISO 9001:2015','ISO','Standard','2015','2015-09-15',NULL,'Quality management systems - Requirements',NULL,1,'2025-12-03 21:07:20','2025-12-03 21:07:20',1),(19,'ISO 14001','ISO 14001:2015','ISO','Standard','2015','2015-09-15',NULL,'Environmental management systems - Requirements',NULL,1,'2025-12-03 21:07:20','2025-12-03 21:07:20',1),(20,'ISO 45001','ISO 45001:2018','ISO','Standard','2018','2018-03-12',NULL,'Occupational health and safety management systems',NULL,1,'2025-12-03 21:07:20','2025-12-03 21:07:20',1),(21,'21 CFR 211','FDA 21 CFR Part 211','FDA','Regulation','Current','1978-09-29',NULL,'Current Good Manufacturing Practice for Finished Pharmaceuticals',NULL,1,'2025-12-03 21:07:20','2025-12-03 21:07:20',1),(22,'ICH Q7','ICH Q7','ICH','Guideline','Current','2000-11-10',NULL,'Good Manufacturing Practice Guide for Active Pharmaceutical Ingredients',NULL,1,'2025-12-03 21:07:20','2025-12-03 21:07:20',1),(23,'CAA','EPA Clean Air Act','EPA','Regulation','Current','1970-12-31',NULL,'Clean Air Act regulations',NULL,1,'2025-12-03 21:07:20','2025-12-03 21:07:20',1);
/*!40000 ALTER TABLE `regulatory_standards` ENABLE KEYS */;
UNLOCK TABLES;

--
-- Table structure for table `resources`
--

DROP TABLE IF EXISTS `resources`;
/*!40101 SET @saved_cs_client     = @@character_set_client */;
/*!40101 SET character_set_client = utf8 */;
CREATE TABLE `resources` (
  `resource_id` int(11) NOT NULL AUTO_INCREMENT,
  `resource_name` varchar(255) NOT NULL,
  `resource_type` enum('Equipment','Material','Software','Other') NOT NULL,
  `quantity` int(11) DEFAULT 1,
  `availability_start` date DEFAULT NULL,
  `availability_end` date DEFAULT NULL,
  PRIMARY KEY (`resource_id`)
) ENGINE=InnoDB DEFAULT CHARSET=utf8mb4 COLLATE=utf8mb4_unicode_ci;
/*!40101 SET character_set_client = @saved_cs_client */;

--
-- Dumping data for table `resources`
--

LOCK TABLES `resources` WRITE;
/*!40000 ALTER TABLE `resources` DISABLE KEYS */;
/*!40000 ALTER TABLE `resources` ENABLE KEYS */;
UNLOCK TABLES;

--
-- Table structure for table `retention_policies`
--

DROP TABLE IF EXISTS `retention_policies`;
/*!40101 SET @saved_cs_client     = @@character_set_client */;
/*!40101 SET character_set_client = utf8 */;
CREATE TABLE `retention_policies` (
  `RetentionPolicyID` int(11) NOT NULL AUTO_INCREMENT,
  `Name` varchar(100) NOT NULL,
  `Description` text DEFAULT NULL,
  `RetentionYears` int(11) NOT NULL,
  `IsDefault` tinyint(1) NOT NULL DEFAULT 0,
  PRIMARY KEY (`RetentionPolicyID`)
) ENGINE=InnoDB DEFAULT CHARSET=utf8mb4 COLLATE=utf8mb4_general_ci;
/*!40101 SET character_set_client = @saved_cs_client */;

--
-- Dumping data for table `retention_policies`
--

LOCK TABLES `retention_policies` WRITE;
/*!40000 ALTER TABLE `retention_policies` DISABLE KEYS */;
/*!40000 ALTER TABLE `retention_policies` ENABLE KEYS */;
UNLOCK TABLES;

--
-- Table structure for table `risk_assessment`
--

DROP TABLE IF EXISTS `risk_assessment`;
/*!40101 SET @saved_cs_client     = @@character_set_client */;
/*!40101 SET character_set_client = utf8 */;
CREATE TABLE `risk_assessment` (
  `assessment_id` int(11) NOT NULL AUTO_INCREMENT,
  `risk_id` int(11) NOT NULL,
  `assessment_date` date NOT NULL,
  `assessed_by` int(11) NOT NULL COMMENT 'people_id FK',
  `inherent_likelihood` tinyint(1) NOT NULL COMMENT '1-5 scale',
  `inherent_severity` tinyint(1) NOT NULL COMMENT '1-5 scale',
  `inherent_risk_score` int(11) GENERATED ALWAYS AS (`inherent_likelihood` * `inherent_severity`) STORED COMMENT 'Auto-calculated',
  `inherent_risk_level` enum('Low','Medium','High','Critical') GENERATED ALWAYS AS (case when `inherent_likelihood` * `inherent_severity` <= 5 then 'Low' when `inherent_likelihood` * `inherent_severity` <= 10 then 'Medium' when `inherent_likelihood` * `inherent_severity` <= 20 then 'High' else 'Critical' end) STORED,
  `residual_likelihood` tinyint(1) DEFAULT NULL COMMENT 'After controls, 1-5 scale',
  `residual_severity` tinyint(1) DEFAULT NULL COMMENT 'After controls, 1-5 scale',
  `residual_risk_score` int(11) GENERATED ALWAYS AS (coalesce(`residual_likelihood`,0) * coalesce(`residual_severity`,0)) STORED COMMENT 'Auto-calculated',
  `residual_risk_level` enum('Low','Medium','High','Critical') GENERATED ALWAYS AS (case when coalesce(`residual_likelihood`,0) * coalesce(`residual_severity`,0) = 0 then 'Low' when coalesce(`residual_likelihood`,0) * coalesce(`residual_severity`,0) <= 5 then 'Low' when coalesce(`residual_likelihood`,0) * coalesce(`residual_severity`,0) <= 10 then 'Medium' when coalesce(`residual_likelihood`,0) * coalesce(`residual_severity`,0) <= 20 then 'High' else 'Critical' end) STORED,
  `risk_acceptability` enum('Acceptable','ALARP','Unacceptable') NOT NULL DEFAULT 'Unacceptable' COMMENT 'As Low As Reasonably Practicable',
  `assessment_methodology` enum('FMEA','HAZOP','Bowtie','FTA','HACCP','ICH Q9','Other') DEFAULT 'FMEA',
  `notes` text DEFAULT NULL,
  `approved_by` int(11) DEFAULT NULL COMMENT 'people_id FK',
  `approval_date` date DEFAULT NULL,
  `created_at` timestamp NOT NULL DEFAULT current_timestamp(),
  `updated_at` timestamp NOT NULL DEFAULT current_timestamp() ON UPDATE current_timestamp(),
  PRIMARY KEY (`assessment_id`),
  KEY `idx_risk_id` (`risk_id`),
  KEY `idx_assessed_by` (`assessed_by`),
  KEY `idx_assessment_date` (`assessment_date`),
  KEY `idx_inherent_risk_score` (`inherent_risk_score`),
  KEY `idx_residual_risk_score` (`residual_risk_score`),
  KEY `idx_approval_date` (`approval_date`),
  KEY `risk_assessment_ibfk_approved_by` (`approved_by`),
  CONSTRAINT `risk_assessment_ibfk_approved_by` FOREIGN KEY (`approved_by`) REFERENCES `people` (`people_id`) ON DELETE SET NULL,
  CONSTRAINT `risk_assessment_ibfk_assessed_by` FOREIGN KEY (`assessed_by`) REFERENCES `people` (`people_id`),
  CONSTRAINT `risk_assessment_ibfk_risk` FOREIGN KEY (`risk_id`) REFERENCES `risk_register` (`risk_id`) ON DELETE CASCADE
) ENGINE=InnoDB AUTO_INCREMENT=4 DEFAULT CHARSET=utf8mb4 COLLATE=utf8mb4_general_ci;
/*!40101 SET character_set_client = @saved_cs_client */;

--
-- Dumping data for table `risk_assessment`
--

LOCK TABLES `risk_assessment` WRITE;
/*!40000 ALTER TABLE `risk_assessment` DISABLE KEYS */;
INSERT INTO `risk_assessment` VALUES (3,3,'2025-11-25',1,3,4,12,'High',2,3,6,'Medium','ALARP','HAZOP',NULL,NULL,NULL,'2025-11-25 05:28:34','2025-11-25 05:28:34');
/*!40000 ALTER TABLE `risk_assessment` ENABLE KEYS */;
UNLOCK TABLES;

--
-- Table structure for table `risk_assessments_pwt`
--

DROP TABLE IF EXISTS `risk_assessments_pwt`;
/*!40101 SET @saved_cs_client     = @@character_set_client */;
/*!40101 SET character_set_client = utf8 */;
CREATE TABLE `risk_assessments_pwt` (
  `assessment_id` int(11) NOT NULL AUTO_INCREMENT,
  `permit_id` int(11) NOT NULL,
  `hazard_type` enum('Fire','Electrical','Chemical','Mechanical','Height') NOT NULL,
  `control_measures` text NOT NULL,
  `residual_risk` tinyint(1) DEFAULT NULL CHECK (`residual_risk` between 1 and 5),
  PRIMARY KEY (`assessment_id`),
  KEY `permit_id` (`permit_id`),
  CONSTRAINT `risk_assessments_pwt_ibfk_1` FOREIGN KEY (`permit_id`) REFERENCES `permits` (`permit_id`)
) ENGINE=InnoDB DEFAULT CHARSET=utf8mb4 COLLATE=utf8mb4_general_ci;
/*!40101 SET character_set_client = @saved_cs_client */;

--
-- Dumping data for table `risk_assessments_pwt`
--

LOCK TABLES `risk_assessments_pwt` WRITE;
/*!40000 ALTER TABLE `risk_assessments_pwt` DISABLE KEYS */;
/*!40000 ALTER TABLE `risk_assessments_pwt` ENABLE KEYS */;
UNLOCK TABLES;

--
-- Table structure for table `risk_categories`
--

DROP TABLE IF EXISTS `risk_categories`;
/*!40101 SET @saved_cs_client     = @@character_set_client */;
/*!40101 SET character_set_client = utf8 */;
CREATE TABLE `risk_categories` (
  `category_id` int(11) NOT NULL AUTO_INCREMENT,
  `category_name` varchar(100) NOT NULL COMMENT 'Quality, Regulatory, Manufacturing, EHS, etc.',
  `category_description` text DEFAULT NULL,
  `iso_standard_link` varchar(100) DEFAULT NULL COMMENT 'ISO 14001, 45001, 50001, or regulatory body reference',
  `parent_category_id` int(11) DEFAULT NULL COMMENT 'For hierarchical structure',
  `category_level` tinyint(2) DEFAULT 0 COMMENT 'Hierarchy depth: 0=root, 1=first level, etc.',
  `category_path` varchar(500) DEFAULT NULL COMMENT 'Full path: Quality > Product Quality > API Quality',
  `sort_order` int(11) DEFAULT 0 COMMENT 'Display order within same level',
  `is_active` tinyint(1) NOT NULL DEFAULT 1,
  `created_at` timestamp NOT NULL DEFAULT current_timestamp(),
  `updated_at` timestamp NOT NULL DEFAULT current_timestamp() ON UPDATE current_timestamp(),
  `created_by` int(11) DEFAULT NULL,
  PRIMARY KEY (`category_id`),
  KEY `idx_parent_category` (`parent_category_id`),
  KEY `idx_category_name` (`category_name`),
  KEY `idx_created_by` (`created_by`),
  KEY `idx_category_level` (`category_level`),
  KEY `idx_category_path` (`category_path`(255)),
  CONSTRAINT `risk_categories_ibfk_created_by` FOREIGN KEY (`created_by`) REFERENCES `people` (`people_id`) ON DELETE SET NULL,
  CONSTRAINT `risk_categories_ibfk_parent` FOREIGN KEY (`parent_category_id`) REFERENCES `risk_categories` (`category_id`) ON DELETE SET NULL
) ENGINE=InnoDB AUTO_INCREMENT=373 DEFAULT CHARSET=utf8mb4 COLLATE=utf8mb4_general_ci;
/*!40101 SET character_set_client = @saved_cs_client */;

--
-- Dumping data for table `risk_categories`
--

LOCK TABLES `risk_categories` WRITE;
/*!40000 ALTER TABLE `risk_categories` DISABLE KEYS */;
INSERT INTO `risk_categories` VALUES (1,'Quality','Quality-related risks including product quality, GMP compliance, and quality system failures','ISO 9001, ICH Q9',NULL,1,'Quality',0,1,'2025-11-25 05:28:34','2025-11-25 06:25:36',NULL),(2,'Regulatory','Regulatory compliance risks including FDA, EMA, and other regulatory body requirements','21 CFR 210/211, EU GMP',NULL,1,'Regulatory',0,1,'2025-11-25 05:28:34','2025-11-25 06:25:36',NULL),(3,'Manufacturing','Manufacturing process risks including equipment failures, process deviations, and production issues','ISO 14001',NULL,1,'Manufacturing',0,1,'2025-11-25 05:28:34','2025-11-25 06:25:36',NULL),(4,'Environmental Health & Safety','EHS risks including workplace safety, environmental impact, and occupational health','ISO 14001, ISO 45001',NULL,1,'Environmental Health & Safety',0,1,'2025-11-25 05:28:34','2025-11-25 06:25:36',NULL),(5,'Supply Chain','Supply chain risks including supplier quality, material availability, and logistics',NULL,NULL,1,'Supply Chain',0,1,'2025-11-25 05:28:34','2025-11-25 06:25:36',NULL),(6,'Data Integrity','Data integrity risks including electronic records, ALCOA+ principles, and data governance','21 CFR Part 11, EU Annex 11',NULL,1,'Data Integrity',0,1,'2025-11-25 05:28:34','2025-11-25 06:25:36',NULL),(7,'Product Quality','Product-specific quality risks','ICH Q9',1,1,'Quality > Product Quality',0,1,'2025-11-25 05:31:05','2025-11-25 05:41:31',NULL),(8,'GMP Compliance','GMP compliance and regulatory inspection risks','21 CFR 210/211',2,1,'Regulatory > GMP Compliance',0,1,'2025-11-25 05:31:05','2025-11-25 05:41:31',NULL),(9,'Process Validation','Process validation and qualification risks','ICH Q7',3,1,'Manufacturing > Process Validation',0,1,'2025-11-25 05:31:05','2025-11-25 05:41:31',NULL),(10,'Product Quality','Product-specific quality risks','ICH Q9',1,1,'Quality > Product Quality',0,1,'2025-11-25 05:31:16','2025-11-25 05:41:31',NULL),(11,'GMP Compliance','GMP compliance and regulatory inspection risks','21 CFR 210/211',2,1,'Regulatory > GMP Compliance',0,1,'2025-11-25 05:31:16','2025-11-25 05:41:31',NULL),(12,'Process Validation','Process validation and qualification risks','ICH Q7',3,1,'Manufacturing > Process Validation',0,1,'2025-11-25 05:31:16','2025-11-25 05:41:31',NULL),(13,'Quality & Product Risks','Product quality attributes, manufacturing deviations, raw material variations, and quality system failures','ISO 9001, ICH Q9, ICH Q8',NULL,1,'Quality & Product Risks',0,1,'2025-11-25 06:17:57','2025-11-25 06:25:36',NULL),(14,'Regulatory & Compliance Risks','FDA, EMA, HPRA compliance, regulatory inspections, data integrity, and regulatory reporting','21 CFR 210/211, EU GMP, ICH Q9, ICH Q10',NULL,1,'Regulatory & Compliance Risks',0,1,'2025-11-25 06:17:57','2025-11-25 06:25:36',NULL),(15,'Manufacturing & Process Risks','Equipment failures, process deviations, manufacturing capacity, and production issues','ISO 9001, ICH Q7',NULL,1,'Manufacturing & Process Risks',0,1,'2025-11-25 06:17:57','2025-11-25 06:25:36',NULL),(16,'Supply Chain & Material Risks','Supplier quality, material availability, logistics, and supply chain disruptions',NULL,NULL,1,'Supply Chain & Material Risks',0,1,'2025-11-25 06:17:57','2025-11-25 06:25:36',NULL),(17,'R&D & Clinical Development Risks','Protocol design, patient recruitment, clinical data integrity, and development failures','ICH GCP, ICH Q8',NULL,1,'R&D & Clinical Development Risks',0,1,'2025-11-25 06:17:57','2025-11-25 06:25:36',NULL),(18,'Environmental Risks','Air emissions, wastewater, hazardous waste, environmental compliance, and climate risks','ISO 14001',NULL,1,'Environmental Risks',0,1,'2025-11-25 06:17:57','2025-11-25 06:25:36',NULL),(19,'Occupational Health & Safety Risks','Worker exposure, workplace hazards, ergonomic injuries, and safety incidents','ISO 45001',NULL,1,'Occupational Health & Safety Risks',0,1,'2025-11-25 06:17:57','2025-11-25 06:25:36',NULL),(20,'Energy Management Risks','Energy cost volatility, utility interruptions, energy efficiency, and carbon reduction','ISO 50001',NULL,1,'Energy Management Risks',0,1,'2025-11-25 06:17:57','2025-11-25 06:25:36',NULL),(21,'Cybersecurity & IT Risks','Ransomware, data breaches, system vulnerabilities, and IT security failures','ISO 27001, 21 CFR Part 11',NULL,1,'Cybersecurity & IT Risks',0,1,'2025-11-25 06:17:57','2025-11-25 06:25:36',NULL),(22,'Financial & Commercial Risks','Pricing pressures, market access, revenue forecasting, and financial losses',NULL,NULL,1,'Financial & Commercial Risks',0,1,'2025-11-25 06:17:57','2025-11-25 06:25:36',NULL),(23,'Reputational & Strategic Risks','Product quality failures, media coverage, stakeholder confidence, and brand reputation',NULL,NULL,1,'Reputational & Strategic Risks',0,1,'2025-11-25 06:17:57','2025-11-25 06:25:36',NULL),(24,'Legal & Litigation Risks','Product liability, patent infringement, employment law, and legal disputes',NULL,NULL,1,'Legal & Litigation Risks',0,1,'2025-11-25 06:17:57','2025-11-25 06:25:36',NULL),(25,'Product Quality Attributes (CQAs)','Critical quality attributes including particle size, dose uniformity, and formulation stability','ICH Q8',13,0,NULL,0,1,'2025-11-25 06:17:57','2025-11-25 06:17:57',NULL),(26,'Manufacturing Process Deviations','Process parameter drift, capability losses, and manufacturing non-conformances','ICH Q7',13,0,NULL,0,1,'2025-11-25 06:17:57','2025-11-25 06:17:57',NULL),(27,'Raw Material & API Quality','API quality variations, excipient compatibility, and raw material non-conformances','ICH Q7',13,0,NULL,0,1,'2025-11-25 06:17:57','2025-11-25 06:17:57',NULL),(28,'Container Closure & Device Integrity','Container closure failures, device component defects, and integrity issues','ISO 14971',13,0,NULL,0,1,'2025-11-25 06:17:57','2025-11-25 06:17:57',NULL),(29,'Formulation Stability','Chemical, physical, and microbiological stability failures','ICH Q1',13,0,NULL,0,1,'2025-11-25 06:17:57','2025-11-25 06:17:57',NULL),(30,'Particle Size & Aerodynamics','PSD variability, APSD non-conformance, and particle distribution issues','ICH Q8',13,0,NULL,0,1,'2025-11-25 06:17:57','2025-11-25 06:17:57',NULL),(31,'Dose Uniformity & Delivery','Delivered dose uniformity failures and drug-device interaction issues','ICH Q8',13,0,NULL,0,1,'2025-11-25 06:17:57','2025-11-25 06:17:57',NULL),(32,'Microbiological & Sterility','Sterility failures, microbial contamination, and endotoxin level exceedances','EU GMP Annex 1',13,0,NULL,0,1,'2025-11-25 06:17:57','2025-11-25 06:17:57',NULL),(33,'Contamination & Cross-Contamination','Cross-contamination between products and cleaning validation failures','21 CFR 211.42, EU GMP',13,0,NULL,0,1,'2025-11-25 06:17:57','2025-11-25 06:17:57',NULL),(34,'Out-of-Specification (OOS)','OOS results, batch rejections, and investigation delays','ICH Q9',13,0,NULL,0,1,'2025-11-25 06:17:57','2025-11-25 06:17:57',NULL),(35,'FDA Compliance','FDA Form 483 observations, warning letters, and FDA inspection deficiencies','21 CFR 210/211',14,0,NULL,0,1,'2025-11-25 06:17:57','2025-11-25 06:17:57',NULL),(36,'EMA Compliance','EMA GMP non-compliance findings and EU regulatory deficiencies','EU GMP',14,0,NULL,0,1,'2025-11-25 06:17:57','2025-11-25 06:17:57',NULL),(37,'HPRA Compliance','HPRA inspection deficiencies and Irish regulatory non-compliance','HPRA Guidelines',14,0,NULL,0,1,'2025-11-25 06:17:57','2025-11-25 06:17:57',NULL),(38,'Change Control & Deviation Management','Change control inadequacies and deviation management failures','ICH Q10',14,0,NULL,0,1,'2025-11-25 06:17:57','2025-11-25 06:17:57',NULL),(39,'CAPA System','CAPA system effectiveness issues and corrective action failures','ICH Q10',14,0,NULL,0,1,'2025-11-25 06:17:57','2025-11-25 06:17:57',NULL),(40,'Document Control','Document control deficiencies and documentation non-compliance','21 CFR 211.100',14,0,NULL,0,1,'2025-11-25 06:17:57','2025-11-25 06:17:57',NULL),(41,'ICH Guideline Compliance','ICH Q8, Q9, Q10 non-compliance and guideline violations','ICH Q8, Q9, Q10',14,0,NULL,0,1,'2025-11-25 06:17:57','2025-11-25 06:17:57',NULL),(42,'Combination Product Classification','Combination product classification issues and regulatory pathway uncertainties','21 CFR Part 4',14,0,NULL,0,1,'2025-11-25 06:17:57','2025-11-25 06:17:57',NULL),(43,'Validation & Qualification','IQ/OQ/PQ failures and validation inadequacies','EU GMP Annex 15',14,0,NULL,0,1,'2025-11-25 06:17:57','2025-11-25 06:17:57',NULL),(44,'Data Integrity','Data integrity breaches and ALCOA+ principle violations','21 CFR Part 11, EU Annex 11',14,0,NULL,0,1,'2025-11-25 06:17:57','2025-11-25 06:17:57',NULL),(45,'Electronic Records & Signatures','21 CFR Part 11 violations and electronic system non-compliance','21 CFR Part 11',14,0,NULL,0,1,'2025-11-25 06:17:57','2025-11-25 06:17:57',NULL),(46,'Good Distribution Practice (GDP)','GDP failures and distribution non-compliance','EU GDP Guidelines',14,0,NULL,0,1,'2025-11-25 06:17:57','2025-11-25 06:17:57',NULL),(47,'Serialization & Track-and-Trace','Serialization non-compliance and track-and-trace failures','DSCSA, FMD',14,0,NULL,0,1,'2025-11-25 06:17:57','2025-11-25 06:17:57',NULL),(48,'Pharmacovigilance','Pharmacovigilance reporting delays and adverse event underreporting','ICH E2A, E2B',14,0,NULL,0,1,'2025-11-25 06:17:57','2025-11-25 06:17:57',NULL),(49,'Clinical Trial Compliance','GCP violations, protocol deviations, and clinical trial non-compliance','ICH GCP',14,0,NULL,0,1,'2025-11-25 06:17:57','2025-11-25 06:17:57',NULL),(50,'Equipment Malfunction','Equipment breakdown, calibration failures, and maintenance issues','ICH Q7',15,0,NULL,0,1,'2025-11-25 06:17:57','2025-11-25 06:17:57',NULL),(51,'Critical Process Parameters','CPP drift, process capability losses, and parameter control failures','ICH Q8',15,0,NULL,0,1,'2025-11-25 06:17:57','2025-11-25 06:17:57',NULL),(52,'Scale-Up & Technology Transfer','Scale-up issues and technology transfer failures','ICH Q8',15,0,NULL,0,1,'2025-11-25 06:17:57','2025-11-25 06:17:57',NULL),(53,'Line Clearance & Batch Records','Line clearance errors and batch record incompleteness','21 CFR 211.188',15,0,NULL,0,1,'2025-11-25 06:17:57','2025-11-25 06:17:57',NULL),(54,'Weighing & Dispensing','Weighing errors and dispensing inaccuracies','21 CFR 211.101',15,0,NULL,0,1,'2025-11-25 06:17:57','2025-11-25 06:17:57',NULL),(55,'Mixing & Blending','Mixing uniformity failures and blending non-conformances','ICH Q7',15,0,NULL,0,1,'2025-11-25 06:17:57','2025-11-25 06:17:57',NULL),(56,'Filling & Assembly','Filling accuracy issues, valve assembly defects, and assembly failures','EU GMP Annex 1',15,0,NULL,0,1,'2025-11-25 06:17:57','2025-11-25 06:17:57',NULL),(57,'Crimping & Sealing','Crimping defects and sealing failures','ISO 14971',15,0,NULL,0,1,'2025-11-25 06:17:57','2025-11-25 06:17:57',NULL),(58,'Leak & Pressure Testing','Leak testing failures and pressure testing non-conformance','ISO 14971',15,0,NULL,0,1,'2025-11-25 06:17:57','2025-11-25 06:17:57',NULL),(59,'Spray Pattern & Performance','Spray pattern inconsistencies and device performance failures','ISO 14971',15,0,NULL,0,1,'2025-11-25 06:17:57','2025-11-25 06:17:57',NULL),(60,'Dose Counter Accuracy','Dose counter inaccuracies and counting failures','ISO 14971',15,0,NULL,0,1,'2025-11-25 06:17:57','2025-11-25 06:17:57',NULL),(61,'Manufacturing Capacity','Capacity constraints and yield losses',NULL,15,0,NULL,0,1,'2025-11-25 06:17:57','2025-11-25 06:17:57',NULL),(62,'Rework & Reprocessing','Rework requirements and reprocessing needs','21 CFR 211.115',15,0,NULL,0,1,'2025-11-25 06:17:57','2025-11-25 06:17:57',NULL),(63,'API Supplier Qualification','API supplier qualification failures and supplier audit non-conformances','ICH Q7',16,0,NULL,0,1,'2025-11-25 06:17:57','2025-11-25 06:17:57',NULL),(64,'Single-Source Dependencies','Single-source supplier risks and supply dependencies',NULL,16,0,NULL,0,1,'2025-11-25 06:17:57','2025-11-25 06:17:57',NULL),(65,'Raw Material Shortages','Material shortages and supply disruptions',NULL,16,0,NULL,0,1,'2025-11-25 06:17:57','2025-11-25 06:17:57',NULL),(66,'Material Quality Variability','Excipient quality variability and material non-conformances','ICH Q7',16,0,NULL,0,1,'2025-11-25 06:17:57','2025-11-25 06:17:57',NULL),(67,'Counterfeit Materials','Counterfeit materials entering supply chain and falsified products','WHO Guidelines',16,0,NULL,0,1,'2025-11-25 06:17:57','2025-11-25 06:17:57',NULL),(68,'Transportation & Logistics','Transportation delays, cold chain breaches, and logistics failures','EU GDP',16,0,NULL,0,1,'2025-11-25 06:17:57','2025-11-25 06:17:57',NULL),(69,'Packaging Material Supply','Packaging material shortages and component specification changes',NULL,16,0,NULL,0,1,'2025-11-25 06:17:57','2025-11-25 06:17:57',NULL),(70,'Supplier Financial Stability','Supplier financial instability and bankruptcy risks',NULL,16,0,NULL,0,1,'2025-11-25 06:17:57','2025-11-25 06:17:57',NULL),(71,'Geopolitical Disruptions','Trade barriers, import/export delays, and geopolitical supply disruptions',NULL,16,0,NULL,0,1,'2025-11-25 06:17:57','2025-11-25 06:17:57',NULL),(72,'Third-Party Manufacturing','Contract manufacturer quality issues and third-party risks','ICH Q7',16,0,NULL,0,1,'2025-11-25 06:17:57','2025-11-25 06:17:57',NULL),(73,'Distribution Network','Distribution vulnerabilities and network failures','EU GDP',16,0,NULL,0,1,'2025-11-25 06:17:57','2025-11-25 06:17:57',NULL),(74,'Inventory Management','Stockouts, excess inventory, and demand forecasting inaccuracies',NULL,16,0,NULL,0,1,'2025-11-25 06:17:57','2025-11-25 06:17:57',NULL),(75,'Product Recalls','Product recall logistics and recall execution failures','21 CFR 7',16,0,NULL,0,1,'2025-11-25 06:17:57','2025-11-25 06:17:57',NULL),(76,'Protocol Design','Protocol design flaws and study design inadequacies','ICH GCP',17,0,NULL,0,1,'2025-11-25 06:17:57','2025-11-25 06:17:57',NULL),(77,'Patient Recruitment','Patient recruitment challenges and retention issues','ICH GCP',17,0,NULL,0,1,'2025-11-25 06:17:57','2025-11-25 06:17:57',NULL),(78,'Statistical Power','Inadequate statistical power and endpoint measurement failures','ICH E9',17,0,NULL,0,1,'2025-11-25 06:17:57','2025-11-25 06:17:57',NULL),(79,'Serious Adverse Events','SAE underreporting and adverse event management failures','ICH E2A',17,0,NULL,0,1,'2025-11-25 06:17:57','2025-11-25 06:17:57',NULL),(80,'Clinical Site Compliance','Clinical site non-compliance and site management issues','ICH GCP',17,0,NULL,0,1,'2025-11-25 06:17:57','2025-11-25 06:17:57',NULL),(81,'Clinical Data Integrity','Data integrity in clinical trials and data quality issues','ICH GCP',17,0,NULL,0,1,'2025-11-25 06:17:57','2025-11-25 06:17:57',NULL),(82,'Investigational Product Supply','IMP supply issues and clinical material shortages','ICH GCP',17,0,NULL,0,1,'2025-11-25 06:17:57','2025-11-25 06:17:57',NULL),(83,'Formulation Development','Formulation development failures and development challenges','ICH Q8',17,0,NULL,0,1,'2025-11-25 06:17:57','2025-11-25 06:17:57',NULL),(84,'Bioequivalence Studies','Bioequivalence study failures and equivalence issues','ICH E9',17,0,NULL,0,1,'2025-11-25 06:17:57','2025-11-25 06:17:57',NULL),(85,'Device Design','Device design flaws and usability issues','ISO 14971, IEC 62366',17,0,NULL,0,1,'2025-11-25 06:17:57','2025-11-25 06:17:57',NULL),(86,'Human Factors','Usability issues and patient handling errors','IEC 62366',17,0,NULL,0,1,'2025-11-25 06:17:57','2025-11-25 06:17:57',NULL),(87,'Pharmacokinetics/Pharmacodynamics','PK/PD variability and pharmacokinetic study failures','ICH E9',17,0,NULL,0,1,'2025-11-25 06:17:57','2025-11-25 06:17:57',NULL),(88,'Scale-Up Challenges','Lab to pilot to commercial scale-up challenges','ICH Q8',17,0,NULL,0,1,'2025-11-25 06:17:57','2025-11-25 06:17:57',NULL),(89,'Intellectual Property','IP challenges, patent expiry vulnerabilities, and generic competition',NULL,17,0,NULL,0,1,'2025-11-25 06:17:57','2025-11-25 06:17:57',NULL),(90,'Regulatory Pathway','Regulatory pathway uncertainties and approval delays','21 CFR Part 314',17,0,NULL,0,1,'2025-11-25 06:17:57','2025-11-25 06:17:57',NULL),(91,'Air Emissions','VOC emissions, particulate emissions, and propellant releases exceeding limits','ISO 14001',18,0,NULL,0,1,'2025-11-25 06:17:57','2025-11-25 06:17:57',NULL),(92,'Wastewater Contamination','API residues in wastewater and wastewater treatment failures','ISO 14001',18,0,NULL,0,1,'2025-11-25 06:17:57','2025-11-25 06:17:57',NULL),(93,'Hazardous Waste','Hazardous waste generation, disposal, and pharmaceutical waste management','ISO 14001',18,0,NULL,0,1,'2025-11-25 06:17:57','2025-11-25 06:17:57',NULL),(94,'Chemical Spills','Chemical spills, releases, and storage tank leaks','ISO 14001',18,0,NULL,0,1,'2025-11-25 06:17:57','2025-11-25 06:17:57',NULL),(95,'Solvent Handling','Solvent handling, disposal, and solvent management failures','ISO 14001',18,0,NULL,0,1,'2025-11-25 06:17:57','2025-11-25 06:17:57',NULL),(96,'Environmental Permits','Environmental permit non-compliance and permit violations','ISO 14001',18,0,NULL,0,1,'2025-11-25 06:17:57','2025-11-25 06:17:57',NULL),(97,'Noise & Odor','Noise pollution and odor complaints from operations','ISO 14001',18,0,NULL,0,1,'2025-11-25 06:17:57','2025-11-25 06:17:57',NULL),(98,'Soil & Groundwater','Soil contamination and groundwater contamination','ISO 14001',18,0,NULL,0,1,'2025-11-25 06:17:57','2025-11-25 06:17:57',NULL),(99,'Emergency Response','Emergency response inadequacies and environmental incident response','ISO 14001',18,0,NULL,0,1,'2025-11-25 06:17:57','2025-11-25 06:17:57',NULL),(100,'Climate Change Risks','Physical risks from flooding, extreme weather, and climate impacts','ISO 14001',18,0,NULL,0,1,'2025-11-25 06:17:57','2025-11-25 06:17:57',NULL),(101,'Water Scarcity','Water scarcity impacts and water stress','ISO 14001',18,0,NULL,0,1,'2025-11-25 06:17:57','2025-11-25 06:17:57',NULL),(102,'Biodiversity','Biodiversity impacts and ecosystem effects','ISO 14001',18,0,NULL,0,1,'2025-11-25 06:17:57','2025-11-25 06:17:57',NULL),(103,'Circular Economy','Packaging waste, EPR schemes, and circular economy compliance','ISO 14001',18,0,NULL,0,1,'2025-11-25 06:17:57','2025-11-25 06:17:57',NULL),(104,'Occupational Exposure','API/excipient exposure, inhalation hazards, and potent compound handling','ISO 45001',19,0,NULL,0,1,'2025-11-25 06:17:57','2025-11-25 06:17:57',NULL),(105,'Solvent & Propellant Exposure','Solvent exposure and propellant handling hazards','ISO 45001',19,0,NULL,0,1,'2025-11-25 06:17:57','2025-11-25 06:17:57',NULL),(106,'Pressurized Systems','Pressurized system risks and pressure-related hazards','ISO 45001',19,0,NULL,0,1,'2025-11-25 06:17:57','2025-11-25 06:17:57',NULL),(107,'Mechanical Equipment','Mechanical equipment hazards and equipment-related injuries','ISO 45001',19,0,NULL,0,1,'2025-11-25 06:17:57','2025-11-25 06:17:57',NULL),(108,'Ergonomic Hazards','Ergonomic injuries, repetitive strain, and ergonomic hazards','ISO 45001',19,0,NULL,0,1,'2025-11-25 06:17:57','2025-11-25 06:17:57',NULL),(109,'Slips, Trips & Falls','Slip, trip, and fall hazards and related injuries','ISO 45001',19,0,NULL,0,1,'2025-11-25 06:17:57','2025-11-25 06:17:57',NULL),(110,'Manual Handling','Manual handling injuries and lifting hazards','ISO 45001',19,0,NULL,0,1,'2025-11-25 06:17:57','2025-11-25 06:17:57',NULL),(111,'Confined Spaces','Confined space entry risks and confined space hazards','ISO 45001',19,0,NULL,0,1,'2025-11-25 06:17:57','2025-11-25 06:17:57',NULL),(112,'Hot Work','Hot work hazards, welding risks, and fire-related activities','ISO 45001',19,0,NULL,0,1,'2025-11-25 06:17:57','2025-11-25 06:17:57',NULL),(113,'Electrical Hazards','Electrical hazards and electrical safety failures','ISO 45001',19,0,NULL,0,1,'2025-11-25 06:17:57','2025-11-25 06:17:57',NULL),(114,'Fire & Explosion','Fire and explosion risks and fire safety failures','ISO 45001',19,0,NULL,0,1,'2025-11-25 06:17:57','2025-11-25 06:17:57',NULL),(115,'Chemical Burns','Chemical burn hazards and chemical exposure injuries','ISO 45001',19,0,NULL,0,1,'2025-11-25 06:17:57','2025-11-25 06:17:57',NULL),(116,'Eye Injuries','Eye injury hazards and eye protection failures','ISO 45001',19,0,NULL,0,1,'2025-11-25 06:17:57','2025-11-25 06:17:57',NULL),(117,'Noise Exposure','Noise-induced hearing loss and noise exposure hazards','ISO 45001',19,0,NULL,0,1,'2025-11-25 06:17:57','2025-11-25 06:17:57',NULL),(118,'Psychosocial Hazards','Stress, fatigue, and psychosocial workplace hazards','ISO 45001',19,0,NULL,0,1,'2025-11-25 06:17:57','2025-11-25 06:17:57',NULL),(119,'Contractor Safety','Contractor safety management and contractor-related incidents','ISO 45001',19,0,NULL,0,1,'2025-11-25 06:17:57','2025-11-25 06:17:57',NULL),(120,'Workplace Violence','Workplace violence and security incidents','ISO 45001',19,0,NULL,0,1,'2025-11-25 06:17:57','2025-11-25 06:17:57',NULL),(121,'Emergency Preparedness','Emergency evacuation, first aid, and medical emergency response','ISO 45001',19,0,NULL,0,1,'2025-11-25 06:17:57','2025-11-25 06:17:57',NULL),(122,'PPE & Training','PPE adequacy, compliance, and training deficiencies','ISO 45001',19,0,NULL,0,1,'2025-11-25 06:17:57','2025-11-25 06:17:57',NULL),(123,'Near-Miss Reporting','Near-miss underreporting and incident reporting failures','ISO 45001',19,0,NULL,0,1,'2025-11-25 06:17:57','2025-11-25 06:17:57',NULL),(124,'Energy Cost Volatility','Energy cost volatility and utility price fluctuations','ISO 50001',20,0,NULL,0,1,'2025-11-25 06:17:57','2025-11-25 06:17:57',NULL),(125,'Utility Supply Interruptions','Utility supply interruptions and power outages','ISO 50001',20,0,NULL,0,1,'2025-11-25 06:17:57','2025-11-25 06:17:57',NULL),(126,'HVAC System Efficiency','HVAC system inefficiencies and HVAC energy waste','ISO 50001',20,0,NULL,0,1,'2025-11-25 06:17:57','2025-11-25 06:17:57',NULL),(127,'Compressed Air Systems','Compressed air system losses and air system inefficiencies','ISO 50001',20,0,NULL,0,1,'2025-11-25 06:17:57','2025-11-25 06:17:57',NULL),(128,'Lighting Energy','Lighting energy waste and lighting system inefficiencies','ISO 50001',20,0,NULL,0,1,'2025-11-25 06:17:57','2025-11-25 06:17:57',NULL),(129,'Equipment Energy Performance','Equipment energy performance degradation and efficiency losses','ISO 50001',20,0,NULL,0,1,'2025-11-25 06:17:57','2025-11-25 06:17:57',NULL),(130,'Peak Demand Charges','Peak demand charges and demand management failures','ISO 50001',20,0,NULL,0,1,'2025-11-25 06:17:57','2025-11-25 06:17:57',NULL),(131,'Renewable Energy Integration','Renewable energy integration challenges and renewable adoption','ISO 50001',20,0,NULL,0,1,'2025-11-25 06:17:57','2025-11-25 06:17:57',NULL),(132,'Energy Performance Indicators','EnPI target misses and energy performance failures','ISO 50001',20,0,NULL,0,1,'2025-11-25 06:17:57','2025-11-25 06:17:57',NULL),(133,'Regulatory Energy Mandates','Regulatory energy efficiency mandates and compliance failures','ISO 50001',20,0,NULL,0,1,'2025-11-25 06:17:57','2025-11-25 06:17:57',NULL),(134,'Carbon Reduction','Carbon reduction target failures and GHG emission increases','ISO 50001',20,0,NULL,0,1,'2025-11-25 06:17:57','2025-11-25 06:17:57',NULL),(135,'Energy Audits','Energy audit non-conformances and audit failures','ISO 50001',20,0,NULL,0,1,'2025-11-25 06:17:57','2025-11-25 06:17:57',NULL),(136,'Significant Energy Use','SEU identification gaps and energy use analysis failures','ISO 50001',20,0,NULL,0,1,'2025-11-25 06:17:57','2025-11-25 06:17:57',NULL),(137,'Energy Baseline','Energy baseline inaccuracies and baseline management failures','ISO 50001',20,0,NULL,0,1,'2025-11-25 06:17:57','2025-11-25 06:17:57',NULL),(138,'Ransomware & Malware','Ransomware attacks, malware infections, and cyber threats','ISO 27001',21,0,NULL,0,1,'2025-11-25 06:17:57','2025-11-25 06:17:57',NULL),(139,'Data Breaches','Patient data breaches, proprietary data breaches, and data security failures','ISO 27001, 21 CFR Part 11',21,0,NULL,0,1,'2025-11-25 06:17:57','2025-11-25 06:17:57',NULL),(140,'Manufacturing Systems','MES/SCADA vulnerabilities and manufacturing system security','ISO 27001, IEC 62443',21,0,NULL,0,1,'2025-11-25 06:17:57','2025-11-25 06:17:57',NULL),(141,'Cloud Storage Security','Cloud storage security issues and cloud data protection','ISO 27001',21,0,NULL,0,1,'2025-11-25 06:17:57','2025-11-25 06:17:57',NULL),(142,'Third-Party IT Vendors','Third-party IT vendor risks and vendor security failures','ISO 27001',21,0,NULL,0,1,'2025-11-25 06:17:57','2025-11-25 06:17:57',NULL),(143,'Legacy Systems','Legacy system vulnerabilities and outdated system security','ISO 27001',21,0,NULL,0,1,'2025-11-25 06:17:57','2025-11-25 06:17:57',NULL),(144,'Access Control','Access control inadequacies and unauthorized access risks','ISO 27001, 21 CFR Part 11',21,0,NULL,0,1,'2025-11-25 06:17:57','2025-11-25 06:17:57',NULL),(145,'Password Management','Password management weaknesses and authentication failures','ISO 27001',21,0,NULL,0,1,'2025-11-25 06:17:57','2025-11-25 06:17:57',NULL),(146,'Backup & Recovery','Backup/recovery failures and data recovery inadequacies','ISO 27001',21,0,NULL,0,1,'2025-11-25 06:17:57','2025-11-25 06:17:57',NULL),(147,'Business Continuity','Business continuity plan inadequacies and continuity failures','ISO 27001',21,0,NULL,0,1,'2025-11-25 06:17:57','2025-11-25 06:17:57',NULL),(148,'IT Disaster Recovery','IT disaster recovery gaps and recovery plan failures','ISO 27001',21,0,NULL,0,1,'2025-11-25 06:17:57','2025-11-25 06:17:57',NULL),(149,'GxP System Validation','GxP computerized system validation and system qualification','21 CFR Part 11, EU Annex 11',21,0,NULL,0,1,'2025-11-25 06:17:57','2025-11-25 06:17:57',NULL),(150,'Pricing Pressures','Reimbursement cuts, pricing pressures, and market pricing challenges',NULL,22,0,NULL,0,1,'2025-11-25 06:17:57','2025-11-25 06:17:57',NULL),(151,'Market Access','Market access restrictions and reimbursement denials',NULL,22,0,NULL,0,1,'2025-11-25 06:17:57','2025-11-25 06:17:57',NULL),(152,'Competitor Launches','Competitor product launches and competitive threats',NULL,22,0,NULL,0,1,'2025-11-25 06:17:57','2025-11-25 06:17:57',NULL),(153,'Revenue Forecasting','Revenue forecasting errors and sales projection failures',NULL,22,0,NULL,0,1,'2025-11-25 06:17:57','2025-11-25 06:17:57',NULL),(154,'Cost Overruns','COGS increases, cost overruns, and budget exceedances',NULL,22,0,NULL,0,1,'2025-11-25 06:17:57','2025-11-25 06:17:57',NULL),(155,'Foreign Exchange','Foreign exchange rate volatility and currency risks',NULL,22,0,NULL,0,1,'2025-11-25 06:17:57','2025-11-25 06:17:57',NULL),(156,'Insurance Coverage','Insurance coverage gaps and coverage inadequacies',NULL,22,0,NULL,0,1,'2025-11-25 06:17:57','2025-11-25 06:17:57',NULL),(157,'Business Interruption','Business interruption losses and operational disruptions',NULL,22,0,NULL,0,1,'2025-11-25 06:17:57','2025-11-25 06:17:57',NULL),(158,'Product Liability','Product liability claims and liability exposure',NULL,22,0,NULL,0,1,'2025-11-25 06:17:57','2025-11-25 06:17:57',NULL),(159,'Product Recalls Financial','Product recall financial impact and recall costs',NULL,22,0,NULL,0,1,'2025-11-25 06:17:57','2025-11-25 06:17:57',NULL),(160,'Contractual Disputes','Contractual disputes and contract-related financial risks',NULL,22,0,NULL,0,1,'2025-11-25 06:17:57','2025-11-25 06:17:57',NULL),(161,'M&A Integration','Merger/acquisition integration risks and integration failures',NULL,22,0,NULL,0,1,'2025-11-25 06:17:57','2025-11-25 06:17:57',NULL),(162,'Capital Investment','Capital investment delays and investment project failures',NULL,22,0,NULL,0,1,'2025-11-25 06:17:57','2025-11-25 06:17:57',NULL),(163,'Product Quality Failures Public','Public product quality failures and quality-related reputation damage',NULL,23,0,NULL,0,1,'2025-11-25 06:17:57','2025-11-25 06:17:57',NULL),(164,'Patient Harm Incidents','Patient harm incidents and patient safety reputation risks',NULL,23,0,NULL,0,1,'2025-11-25 06:17:57','2025-11-25 06:17:57',NULL),(165,'Media Coverage','Negative media coverage and media crisis management',NULL,23,0,NULL,0,1,'2025-11-25 06:17:57','2025-11-25 06:17:57',NULL),(166,'Social Media Crises','Social media crises and online reputation management',NULL,23,0,NULL,0,1,'2025-11-25 06:17:57','2025-11-25 06:17:57',NULL),(167,'Stakeholder Confidence','Stakeholder confidence loss and stakeholder relationship failures',NULL,23,0,NULL,0,1,'2025-11-25 06:17:57','2025-11-25 06:17:57',NULL),(168,'Investor Relations','Investor relations issues and investor confidence risks',NULL,23,0,NULL,0,1,'2025-11-25 06:17:57','2025-11-25 06:17:57',NULL),(169,'Employee Morale','Employee morale/retention and workforce reputation risks',NULL,23,0,NULL,0,1,'2025-11-25 06:17:57','2025-11-25 06:17:57',NULL),(170,'Corporate Social Responsibility','CSR failures and sustainability reputation risks','ISO 26000',23,0,NULL,0,1,'2025-11-25 06:17:57','2025-11-25 06:17:57',NULL),(171,'Sustainability Reporting','Sustainability reporting inaccuracies and reporting failures','GRI Standards',23,0,NULL,0,1,'2025-11-25 06:17:57','2025-11-25 06:17:57',NULL),(172,'Ethics & Integrity','Ethics violations, integrity issues, and ethical reputation risks',NULL,23,0,NULL,0,1,'2025-11-25 06:17:57','2025-11-25 06:17:57',NULL),(173,'Bribery & Corruption','Bribery and corruption risks and compliance failures','FCPA, UK Bribery Act',23,0,NULL,0,1,'2025-11-25 06:17:57','2025-11-25 06:17:57',NULL),(174,'Conflict of Interest','Conflict of interest mismanagement and conflict-related risks',NULL,23,0,NULL,0,1,'2025-11-25 06:17:57','2025-11-25 06:17:57',NULL),(175,'Whistleblower Allegations','Whistleblower allegations and internal reporting failures',NULL,23,0,NULL,0,1,'2025-11-25 06:17:57','2025-11-25 06:17:57',NULL),(176,'Product Liability Lawsuits','Product liability lawsuits and liability litigation',NULL,24,0,NULL,0,1,'2025-11-25 06:17:57','2025-11-25 06:17:57',NULL),(177,'Patent Infringement','Patent infringement claims and IP litigation',NULL,24,0,NULL,0,1,'2025-11-25 06:17:57','2025-11-25 06:17:57',NULL),(178,'Employment Law','Employment law violations and employment-related litigation',NULL,24,0,NULL,0,1,'2025-11-25 06:17:57','2025-11-25 06:17:57',NULL),(179,'Environmental Liability','Environmental liability claims and environmental litigation',NULL,24,0,NULL,0,1,'2025-11-25 06:17:57','2025-11-25 06:17:57',NULL),(180,'Contract Breaches','Contract breaches and contractual litigation',NULL,24,0,NULL,0,1,'2025-11-25 06:17:57','2025-11-25 06:17:57',NULL),(181,'Antitrust & Competition','Antitrust/competition law issues and competition litigation',NULL,24,0,NULL,0,1,'2025-11-25 06:17:57','2025-11-25 06:17:57',NULL),(182,'False Claims Act','False Claims Act violations and FCA litigation',NULL,24,0,NULL,0,1,'2025-11-25 06:17:57','2025-11-25 06:17:57',NULL),(183,'Off-Label Promotion','Off-label promotion allegations and promotional compliance failures','21 CFR 202.1',24,0,NULL,0,1,'2025-11-25 06:17:57','2025-11-25 06:17:57',NULL),(184,'FCPA Violations','FCPA violations and foreign corruption litigation','FCPA',24,0,NULL,0,1,'2025-11-25 06:17:57','2025-11-25 06:17:57',NULL),(185,'Quality & Product Risks','Product quality attributes, manufacturing deviations, raw material variations, and quality system failures','ISO 9001, ICH Q9, ICH Q8',NULL,1,'Quality & Product Risks',0,1,'2025-11-25 06:25:36','2025-11-25 06:25:36',NULL),(186,'Regulatory & Compliance Risks','FDA, EMA, HPRA compliance, regulatory inspections, data integrity, and regulatory reporting','21 CFR 210/211, EU GMP, ICH Q9, ICH Q10',NULL,1,'Regulatory & Compliance Risks',0,1,'2025-11-25 06:25:36','2025-11-25 06:25:36',NULL),(187,'Manufacturing & Process Risks','Equipment failures, process deviations, manufacturing capacity, and production issues','ISO 9001, ICH Q7',NULL,1,'Manufacturing & Process Risks',0,1,'2025-11-25 06:25:36','2025-11-25 06:25:36',NULL),(188,'Supply Chain & Material Risks','Supplier quality, material availability, logistics, and supply chain disruptions',NULL,NULL,1,'Supply Chain & Material Risks',0,1,'2025-11-25 06:25:36','2025-11-25 06:25:36',NULL),(189,'R&D & Clinical Development Risks','Protocol design, patient recruitment, clinical data integrity, and development failures','ICH GCP, ICH Q8',NULL,1,'R&D & Clinical Development Risks',0,1,'2025-11-25 06:25:36','2025-11-25 06:25:36',NULL),(192,'Energy Management Risks','Energy cost volatility, utility interruptions, energy efficiency, and carbon reduction','ISO 50001',NULL,1,'Energy Management Risks',0,1,'2025-11-25 06:25:36','2025-11-25 06:25:36',NULL),(193,'Cybersecurity & IT Risks','Ransomware, data breaches, system vulnerabilities, and IT security failures','ISO 27001, 21 CFR Part 11',NULL,1,'Cybersecurity & IT Risks',0,1,'2025-11-25 06:25:36','2025-11-25 06:25:36',NULL),(194,'Financial & Commercial Risks','Pricing pressures, market access, revenue forecasting, and financial losses',NULL,NULL,1,'Financial & Commercial Risks',0,1,'2025-11-25 06:25:36','2025-11-25 06:25:36',NULL),(195,'Reputational & Strategic Risks','Product quality failures, media coverage, stakeholder confidence, and brand reputation',NULL,NULL,1,'Reputational & Strategic Risks',0,1,'2025-11-25 06:25:36','2025-11-25 06:25:36',NULL),(196,'Legal & Litigation Risks','Product liability, patent infringement, employment law, and legal disputes',NULL,NULL,1,'Legal & Litigation Risks',0,1,'2025-11-25 06:25:36','2025-11-25 06:25:36',NULL),(197,'Product Quality Attributes (CQAs)','Critical quality attributes including particle size, dose uniformity, and formulation stability','ICH Q8',13,0,NULL,0,1,'2025-11-25 06:25:36','2025-11-25 06:25:36',NULL),(198,'Manufacturing Process Deviations','Process parameter drift, capability losses, and manufacturing non-conformances','ICH Q7',13,0,NULL,0,1,'2025-11-25 06:25:36','2025-11-25 06:25:36',NULL),(199,'Raw Material & API Quality','API quality variations, excipient compatibility, and raw material non-conformances','ICH Q7',13,0,NULL,0,1,'2025-11-25 06:25:36','2025-11-25 06:25:36',NULL),(200,'Container Closure & Device Integrity','Container closure failures, device component defects, and integrity issues','ISO 14971',13,0,NULL,0,1,'2025-11-25 06:25:36','2025-11-25 06:25:36',NULL),(201,'Formulation Stability','Chemical, physical, and microbiological stability failures','ICH Q1',13,0,NULL,0,1,'2025-11-25 06:25:36','2025-11-25 06:25:36',NULL),(202,'Particle Size & Aerodynamics','PSD variability, APSD non-conformance, and particle distribution issues','ICH Q8',13,0,NULL,0,1,'2025-11-25 06:25:36','2025-11-25 06:25:36',NULL),(203,'Dose Uniformity & Delivery','Delivered dose uniformity failures and drug-device interaction issues','ICH Q8',13,0,NULL,0,1,'2025-11-25 06:25:36','2025-11-25 06:25:36',NULL),(204,'Microbiological & Sterility','Sterility failures, microbial contamination, and endotoxin level exceedances','EU GMP Annex 1',13,0,NULL,0,1,'2025-11-25 06:25:36','2025-11-25 06:25:36',NULL),(205,'Contamination & Cross-Contamination','Cross-contamination between products and cleaning validation failures','21 CFR 211.42, EU GMP',13,0,NULL,0,1,'2025-11-25 06:25:36','2025-11-25 06:25:36',NULL),(206,'Out-of-Specification (OOS)','OOS results, batch rejections, and investigation delays','ICH Q9',13,0,NULL,0,1,'2025-11-25 06:25:36','2025-11-25 06:25:36',NULL),(207,'FDA Compliance','FDA Form 483 observations, warning letters, and FDA inspection deficiencies','21 CFR 210/211',14,0,NULL,0,1,'2025-11-25 06:25:36','2025-11-25 06:25:36',NULL),(208,'EMA Compliance','EMA GMP non-compliance findings and EU regulatory deficiencies','EU GMP',14,0,NULL,0,1,'2025-11-25 06:25:36','2025-11-25 06:25:36',NULL),(209,'HPRA Compliance','HPRA inspection deficiencies and Irish regulatory non-compliance','HPRA Guidelines',14,0,NULL,0,1,'2025-11-25 06:25:36','2025-11-25 06:25:36',NULL),(210,'Change Control & Deviation Management','Change control inadequacies and deviation management failures','ICH Q10',14,0,NULL,0,1,'2025-11-25 06:25:36','2025-11-25 06:25:36',NULL),(211,'CAPA System','CAPA system effectiveness issues and corrective action failures','ICH Q10',14,0,NULL,0,1,'2025-11-25 06:25:36','2025-11-25 06:25:36',NULL),(212,'Document Control','Document control deficiencies and documentation non-compliance','21 CFR 211.100',14,0,NULL,0,1,'2025-11-25 06:25:36','2025-11-25 06:25:36',NULL),(213,'ICH Guideline Compliance','ICH Q8, Q9, Q10 non-compliance and guideline violations','ICH Q8, Q9, Q10',14,0,NULL,0,1,'2025-11-25 06:25:36','2025-11-25 06:25:36',NULL),(214,'Combination Product Classification','Combination product classification issues and regulatory pathway uncertainties','21 CFR Part 4',14,0,NULL,0,1,'2025-11-25 06:25:36','2025-11-25 06:25:36',NULL),(215,'Validation & Qualification','IQ/OQ/PQ failures and validation inadequacies','EU GMP Annex 15',14,0,NULL,0,1,'2025-11-25 06:25:36','2025-11-25 06:25:36',NULL),(216,'Data Integrity','Data integrity breaches and ALCOA+ principle violations','21 CFR Part 11, EU Annex 11',14,0,NULL,0,1,'2025-11-25 06:25:36','2025-11-25 06:25:36',NULL),(217,'Electronic Records & Signatures','21 CFR Part 11 violations and electronic system non-compliance','21 CFR Part 11',14,0,NULL,0,1,'2025-11-25 06:25:36','2025-11-25 06:25:36',NULL),(218,'Good Distribution Practice (GDP)','GDP failures and distribution non-compliance','EU GDP Guidelines',14,0,NULL,0,1,'2025-11-25 06:25:36','2025-11-25 06:25:36',NULL),(219,'Serialization & Track-and-Trace','Serialization non-compliance and track-and-trace failures','DSCSA, FMD',14,0,NULL,0,1,'2025-11-25 06:25:36','2025-11-25 06:25:36',NULL),(220,'Pharmacovigilance','Pharmacovigilance reporting delays and adverse event underreporting','ICH E2A, E2B',14,0,NULL,0,1,'2025-11-25 06:25:36','2025-11-25 06:25:36',NULL),(221,'Clinical Trial Compliance','GCP violations, protocol deviations, and clinical trial non-compliance','ICH GCP',14,0,NULL,0,1,'2025-11-25 06:25:36','2025-11-25 06:25:36',NULL),(222,'Equipment Malfunction','Equipment breakdown, calibration failures, and maintenance issues','ICH Q7',15,0,NULL,0,1,'2025-11-25 06:25:36','2025-11-25 06:25:36',NULL),(223,'Critical Process Parameters','CPP drift, process capability losses, and parameter control failures','ICH Q8',15,0,NULL,0,1,'2025-11-25 06:25:36','2025-11-25 06:25:36',NULL),(224,'Scale-Up & Technology Transfer','Scale-up issues and technology transfer failures','ICH Q8',15,0,NULL,0,1,'2025-11-25 06:25:36','2025-11-25 06:25:36',NULL),(225,'Line Clearance & Batch Records','Line clearance errors and batch record incompleteness','21 CFR 211.188',15,0,NULL,0,1,'2025-11-25 06:25:36','2025-11-25 06:25:36',NULL),(226,'Weighing & Dispensing','Weighing errors and dispensing inaccuracies','21 CFR 211.101',15,0,NULL,0,1,'2025-11-25 06:25:36','2025-11-25 06:25:36',NULL),(227,'Mixing & Blending','Mixing uniformity failures and blending non-conformances','ICH Q7',15,0,NULL,0,1,'2025-11-25 06:25:36','2025-11-25 06:25:36',NULL),(228,'Filling & Assembly','Filling accuracy issues, valve assembly defects, and assembly failures','EU GMP Annex 1',15,0,NULL,0,1,'2025-11-25 06:25:36','2025-11-25 06:25:36',NULL),(229,'Crimping & Sealing','Crimping defects and sealing failures','ISO 14971',15,0,NULL,0,1,'2025-11-25 06:25:36','2025-11-25 06:25:36',NULL),(230,'Leak & Pressure Testing','Leak testing failures and pressure testing non-conformance','ISO 14971',15,0,NULL,0,1,'2025-11-25 06:25:36','2025-11-25 06:25:36',NULL),(231,'Spray Pattern & Performance','Spray pattern inconsistencies and device performance failures','ISO 14971',15,0,NULL,0,1,'2025-11-25 06:25:36','2025-11-25 06:25:36',NULL),(232,'Dose Counter Accuracy','Dose counter inaccuracies and counting failures','ISO 14971',15,0,NULL,0,1,'2025-11-25 06:25:36','2025-11-25 06:25:36',NULL),(233,'Manufacturing Capacity','Capacity constraints and yield losses',NULL,15,0,NULL,0,1,'2025-11-25 06:25:36','2025-11-25 06:25:36',NULL),(234,'Rework & Reprocessing','Rework requirements and reprocessing needs','21 CFR 211.115',15,0,NULL,0,1,'2025-11-25 06:25:36','2025-11-25 06:25:36',NULL),(235,'API Supplier Qualification','API supplier qualification failures and supplier audit non-conformances','ICH Q7',16,0,NULL,0,1,'2025-11-25 06:25:36','2025-11-25 06:25:36',NULL),(236,'Single-Source Dependencies','Single-source supplier risks and supply dependencies',NULL,16,0,NULL,0,1,'2025-11-25 06:25:36','2025-11-25 06:25:36',NULL),(237,'Raw Material Shortages','Material shortages and supply disruptions',NULL,16,0,NULL,0,1,'2025-11-25 06:25:36','2025-11-25 06:25:36',NULL),(238,'Material Quality Variability','Excipient quality variability and material non-conformances','ICH Q7',16,0,NULL,0,1,'2025-11-25 06:25:36','2025-11-25 06:25:36',NULL),(239,'Counterfeit Materials','Counterfeit materials entering supply chain and falsified products','WHO Guidelines',16,0,NULL,0,1,'2025-11-25 06:25:36','2025-11-25 06:25:36',NULL),(240,'Transportation & Logistics','Transportation delays, cold chain breaches, and logistics failures','EU GDP',16,0,NULL,0,1,'2025-11-25 06:25:36','2025-11-25 06:25:36',NULL),(241,'Packaging Material Supply','Packaging material shortages and component specification changes',NULL,16,0,NULL,0,1,'2025-11-25 06:25:36','2025-11-25 06:25:36',NULL),(242,'Supplier Financial Stability','Supplier financial instability and bankruptcy risks',NULL,16,0,NULL,0,1,'2025-11-25 06:25:36','2025-11-25 06:25:36',NULL),(243,'Geopolitical Disruptions','Trade barriers, import/export delays, and geopolitical supply disruptions',NULL,16,0,NULL,0,1,'2025-11-25 06:25:36','2025-11-25 06:25:36',NULL),(244,'Third-Party Manufacturing','Contract manufacturer quality issues and third-party risks','ICH Q7',16,0,NULL,0,1,'2025-11-25 06:25:36','2025-11-25 06:25:36',NULL),(245,'Distribution Network','Distribution vulnerabilities and network failures','EU GDP',16,0,NULL,0,1,'2025-11-25 06:25:36','2025-11-25 06:25:36',NULL),(246,'Inventory Management','Stockouts, excess inventory, and demand forecasting inaccuracies',NULL,16,0,NULL,0,1,'2025-11-25 06:25:36','2025-11-25 06:25:36',NULL),(247,'Product Recalls','Product recall logistics and recall execution failures','21 CFR 7',16,0,NULL,0,1,'2025-11-25 06:25:36','2025-11-25 06:25:36',NULL),(248,'Protocol Design','Protocol design flaws and study design inadequacies','ICH GCP',17,0,NULL,0,1,'2025-11-25 06:25:36','2025-11-25 06:25:36',NULL),(249,'Patient Recruitment','Patient recruitment challenges and retention issues','ICH GCP',17,0,NULL,0,1,'2025-11-25 06:25:36','2025-11-25 06:25:36',NULL),(250,'Statistical Power','Inadequate statistical power and endpoint measurement failures','ICH E9',17,0,NULL,0,1,'2025-11-25 06:25:36','2025-11-25 06:25:36',NULL),(251,'Serious Adverse Events','SAE underreporting and adverse event management failures','ICH E2A',17,0,NULL,0,1,'2025-11-25 06:25:36','2025-11-25 06:25:36',NULL),(252,'Clinical Site Compliance','Clinical site non-compliance and site management issues','ICH GCP',17,0,NULL,0,1,'2025-11-25 06:25:36','2025-11-25 06:25:36',NULL),(253,'Clinical Data Integrity','Data integrity in clinical trials and data quality issues','ICH GCP',17,0,NULL,0,1,'2025-11-25 06:25:36','2025-11-25 06:25:36',NULL),(254,'Investigational Product Supply','IMP supply issues and clinical material shortages','ICH GCP',17,0,NULL,0,1,'2025-11-25 06:25:36','2025-11-25 06:25:36',NULL),(255,'Formulation Development','Formulation development failures and development challenges','ICH Q8',17,0,NULL,0,1,'2025-11-25 06:25:36','2025-11-25 06:25:36',NULL),(256,'Bioequivalence Studies','Bioequivalence study failures and equivalence issues','ICH E9',17,0,NULL,0,1,'2025-11-25 06:25:36','2025-11-25 06:25:36',NULL),(257,'Device Design','Device design flaws and usability issues','ISO 14971, IEC 62366',17,0,NULL,0,1,'2025-11-25 06:25:36','2025-11-25 06:25:36',NULL),(258,'Human Factors','Usability issues and patient handling errors','IEC 62366',17,0,NULL,0,1,'2025-11-25 06:25:36','2025-11-25 06:25:36',NULL),(259,'Pharmacokinetics/Pharmacodynamics','PK/PD variability and pharmacokinetic study failures','ICH E9',17,0,NULL,0,1,'2025-11-25 06:25:36','2025-11-25 06:25:36',NULL),(260,'Scale-Up Challenges','Lab to pilot to commercial scale-up challenges','ICH Q8',17,0,NULL,0,1,'2025-11-25 06:25:36','2025-11-25 06:25:36',NULL),(261,'Intellectual Property','IP challenges, patent expiry vulnerabilities, and generic competition',NULL,17,0,NULL,0,1,'2025-11-25 06:25:36','2025-11-25 06:25:36',NULL),(262,'Regulatory Pathway','Regulatory pathway uncertainties and approval delays','21 CFR Part 314',17,0,NULL,0,1,'2025-11-25 06:25:36','2025-11-25 06:25:36',NULL),(263,'Air Emissions','VOC emissions, particulate emissions, and propellant releases exceeding limits','ISO 14001',18,0,NULL,0,1,'2025-11-25 06:25:36','2025-11-25 06:25:36',NULL),(264,'Wastewater Contamination','API residues in wastewater and wastewater treatment failures','ISO 14001',18,0,NULL,0,1,'2025-11-25 06:25:36','2025-11-25 06:25:36',NULL),(265,'Hazardous Waste','Hazardous waste generation, disposal, and pharmaceutical waste management','ISO 14001',18,0,NULL,0,1,'2025-11-25 06:25:36','2025-11-25 06:25:36',NULL),(266,'Chemical Spills','Chemical spills, releases, and storage tank leaks','ISO 14001',18,0,NULL,0,1,'2025-11-25 06:25:36','2025-11-25 06:25:36',NULL),(267,'Solvent Handling','Solvent handling, disposal, and solvent management failures','ISO 14001',18,0,NULL,0,1,'2025-11-25 06:25:36','2025-11-25 06:25:36',NULL),(268,'Environmental Permits','Environmental permit non-compliance and permit violations','ISO 14001',18,0,NULL,0,1,'2025-11-25 06:25:36','2025-11-25 06:25:36',NULL),(269,'Noise & Odor','Noise pollution and odor complaints from operations','ISO 14001',18,0,NULL,0,1,'2025-11-25 06:25:36','2025-11-25 06:25:36',NULL),(270,'Soil & Groundwater','Soil contamination and groundwater contamination','ISO 14001',18,0,NULL,0,1,'2025-11-25 06:25:36','2025-11-25 06:25:36',NULL),(271,'Emergency Response','Emergency response inadequacies and environmental incident response','ISO 14001',18,0,NULL,0,1,'2025-11-25 06:25:36','2025-11-25 06:25:36',NULL),(272,'Climate Change Risks','Physical risks from flooding, extreme weather, and climate impacts','ISO 14001',18,0,NULL,0,1,'2025-11-25 06:25:36','2025-11-25 06:25:36',NULL),(273,'Water Scarcity','Water scarcity impacts and water stress','ISO 14001',18,0,NULL,0,1,'2025-11-25 06:25:36','2025-11-25 06:25:36',NULL),(274,'Biodiversity','Biodiversity impacts and ecosystem effects','ISO 14001',18,0,NULL,0,1,'2025-11-25 06:25:36','2025-11-25 06:25:36',NULL),(275,'Circular Economy','Packaging waste, EPR schemes, and circular economy compliance','ISO 14001',18,0,NULL,0,1,'2025-11-25 06:25:36','2025-11-25 06:25:36',NULL),(276,'Occupational Exposure','API/excipient exposure, inhalation hazards, and potent compound handling','ISO 45001',19,0,NULL,0,1,'2025-11-25 06:25:36','2025-11-25 06:25:36',NULL),(277,'Solvent & Propellant Exposure','Solvent exposure and propellant handling hazards','ISO 45001',19,0,NULL,0,1,'2025-11-25 06:25:36','2025-11-25 06:25:36',NULL),(278,'Pressurized Systems','Pressurized system risks and pressure-related hazards','ISO 45001',19,0,NULL,0,1,'2025-11-25 06:25:36','2025-11-25 06:25:36',NULL),(279,'Mechanical Equipment','Mechanical equipment hazards and equipment-related injuries','ISO 45001',19,0,NULL,0,1,'2025-11-25 06:25:36','2025-11-25 06:25:36',NULL),(280,'Ergonomic Hazards','Ergonomic injuries, repetitive strain, and ergonomic hazards','ISO 45001',19,0,NULL,0,1,'2025-11-25 06:25:36','2025-11-25 06:25:36',NULL),(281,'Slips, Trips & Falls','Slip, trip, and fall hazards and related injuries','ISO 45001',19,0,NULL,0,1,'2025-11-25 06:25:36','2025-11-25 06:25:36',NULL),(282,'Manual Handling','Manual handling injuries and lifting hazards','ISO 45001',19,0,NULL,0,1,'2025-11-25 06:25:36','2025-11-25 06:25:36',NULL),(283,'Confined Spaces','Confined space entry risks and confined space hazards','ISO 45001',19,0,NULL,0,1,'2025-11-25 06:25:36','2025-11-25 06:25:36',NULL),(284,'Hot Work','Hot work hazards, welding risks, and fire-related activities','ISO 45001',19,0,NULL,0,1,'2025-11-25 06:25:36','2025-11-25 06:25:36',NULL),(285,'Electrical Hazards','Electrical hazards and electrical safety failures','ISO 45001',19,0,NULL,0,1,'2025-11-25 06:25:36','2025-11-25 06:25:36',NULL),(286,'Fire & Explosion','Fire and explosion risks and fire safety failures','ISO 45001',19,0,NULL,0,1,'2025-11-25 06:25:36','2025-11-25 06:25:36',NULL),(287,'Chemical Burns','Chemical burn hazards and chemical exposure injuries','ISO 45001',19,0,NULL,0,1,'2025-11-25 06:25:36','2025-11-25 06:25:36',NULL),(288,'Eye Injuries','Eye injury hazards and eye protection failures','ISO 45001',19,0,NULL,0,1,'2025-11-25 06:25:36','2025-11-25 06:25:36',NULL),(289,'Noise Exposure','Noise-induced hearing loss and noise exposure hazards','ISO 45001',19,0,NULL,0,1,'2025-11-25 06:25:36','2025-11-25 06:25:36',NULL),(290,'Psychosocial Hazards','Stress, fatigue, and psychosocial workplace hazards','ISO 45001',19,0,NULL,0,1,'2025-11-25 06:25:36','2025-11-25 06:25:36',NULL),(291,'Contractor Safety','Contractor safety management and contractor-related incidents','ISO 45001',19,0,NULL,0,1,'2025-11-25 06:25:36','2025-11-25 06:25:36',NULL),(292,'Workplace Violence','Workplace violence and security incidents','ISO 45001',19,0,NULL,0,1,'2025-11-25 06:25:36','2025-11-25 06:25:36',NULL),(293,'Emergency Preparedness','Emergency evacuation, first aid, and medical emergency response','ISO 45001',19,0,NULL,0,1,'2025-11-25 06:25:36','2025-11-25 06:25:36',NULL),(294,'PPE & Training','PPE adequacy, compliance, and training deficiencies','ISO 45001',19,0,NULL,0,1,'2025-11-25 06:25:36','2025-11-25 06:25:36',NULL),(295,'Near-Miss Reporting','Near-miss underreporting and incident reporting failures','ISO 45001',19,0,NULL,0,1,'2025-11-25 06:25:36','2025-11-25 06:25:36',NULL),(296,'Energy Cost Volatility','Energy cost volatility and utility price fluctuations','ISO 50001',20,0,NULL,0,1,'2025-11-25 06:25:36','2025-11-25 06:25:36',NULL),(297,'Utility Supply Interruptions','Utility supply interruptions and power outages','ISO 50001',20,0,NULL,0,1,'2025-11-25 06:25:36','2025-11-25 06:25:36',NULL),(298,'HVAC System Efficiency','HVAC system inefficiencies and HVAC energy waste','ISO 50001',20,0,NULL,0,1,'2025-11-25 06:25:36','2025-11-25 06:25:36',NULL),(299,'Compressed Air Systems','Compressed air system losses and air system inefficiencies','ISO 50001',20,0,NULL,0,1,'2025-11-25 06:25:36','2025-11-25 06:25:36',NULL),(300,'Lighting Energy','Lighting energy waste and lighting system inefficiencies','ISO 50001',20,0,NULL,0,1,'2025-11-25 06:25:36','2025-11-25 06:25:36',NULL),(301,'Equipment Energy Performance','Equipment energy performance degradation and efficiency losses','ISO 50001',20,0,NULL,0,1,'2025-11-25 06:25:36','2025-11-25 06:25:36',NULL),(302,'Peak Demand Charges','Peak demand charges and demand management failures','ISO 50001',20,0,NULL,0,1,'2025-11-25 06:25:36','2025-11-25 06:25:36',NULL),(303,'Renewable Energy Integration','Renewable energy integration challenges and renewable adoption','ISO 50001',20,0,NULL,0,1,'2025-11-25 06:25:36','2025-11-25 06:25:36',NULL),(304,'Energy Performance Indicators','EnPI target misses and energy performance failures','ISO 50001',20,0,NULL,0,1,'2025-11-25 06:25:36','2025-11-25 06:25:36',NULL),(305,'Regulatory Energy Mandates','Regulatory energy efficiency mandates and compliance failures','ISO 50001',20,0,NULL,0,1,'2025-11-25 06:25:36','2025-11-25 06:25:36',NULL),(306,'Carbon Reduction','Carbon reduction target failures and GHG emission increases','ISO 50001',20,0,NULL,0,1,'2025-11-25 06:25:36','2025-11-25 06:25:36',NULL),(307,'Energy Audits','Energy audit non-conformances and audit failures','ISO 50001',20,0,NULL,0,1,'2025-11-25 06:25:36','2025-11-25 06:25:36',NULL),(308,'Significant Energy Use','SEU identification gaps and energy use analysis failures','ISO 50001',20,0,NULL,0,1,'2025-11-25 06:25:36','2025-11-25 06:25:36',NULL),(309,'Energy Baseline','Energy baseline inaccuracies and baseline management failures','ISO 50001',20,0,NULL,0,1,'2025-11-25 06:25:36','2025-11-25 06:25:36',NULL),(310,'Ransomware & Malware','Ransomware attacks, malware infections, and cyber threats','ISO 27001',21,0,NULL,0,1,'2025-11-25 06:25:36','2025-11-25 06:25:36',NULL),(311,'Data Breaches','Patient data breaches, proprietary data breaches, and data security failures','ISO 27001, 21 CFR Part 11',21,0,NULL,0,1,'2025-11-25 06:25:36','2025-11-25 06:25:36',NULL),(312,'Manufacturing Systems','MES/SCADA vulnerabilities and manufacturing system security','ISO 27001, IEC 62443',21,0,NULL,0,1,'2025-11-25 06:25:36','2025-11-25 06:25:36',NULL),(313,'Cloud Storage Security','Cloud storage security issues and cloud data protection','ISO 27001',21,0,NULL,0,1,'2025-11-25 06:25:36','2025-11-25 06:25:36',NULL),(314,'Third-Party IT Vendors','Third-party IT vendor risks and vendor security failures','ISO 27001',21,0,NULL,0,1,'2025-11-25 06:25:36','2025-11-25 06:25:36',NULL),(315,'Legacy Systems','Legacy system vulnerabilities and outdated system security','ISO 27001',21,0,NULL,0,1,'2025-11-25 06:25:36','2025-11-25 06:25:36',NULL),(316,'Access Control','Access control inadequacies and unauthorized access risks','ISO 27001, 21 CFR Part 11',21,0,NULL,0,1,'2025-11-25 06:25:36','2025-11-25 06:25:36',NULL),(317,'Password Management','Password management weaknesses and authentication failures','ISO 27001',21,0,NULL,0,1,'2025-11-25 06:25:36','2025-11-25 06:25:36',NULL),(318,'Backup & Recovery','Backup/recovery failures and data recovery inadequacies','ISO 27001',21,0,NULL,0,1,'2025-11-25 06:25:36','2025-11-25 06:25:36',NULL),(319,'Business Continuity','Business continuity plan inadequacies and continuity failures','ISO 27001',21,0,NULL,0,1,'2025-11-25 06:25:36','2025-11-25 06:25:36',NULL),(320,'IT Disaster Recovery','IT disaster recovery gaps and recovery plan failures','ISO 27001',21,0,NULL,0,1,'2025-11-25 06:25:36','2025-11-25 06:25:36',NULL),(321,'GxP System Validation','GxP computerized system validation and system qualification','21 CFR Part 11, EU Annex 11',21,0,NULL,0,1,'2025-11-25 06:25:36','2025-11-25 06:25:36',NULL),(322,'Pricing Pressures','Reimbursement cuts, pricing pressures, and market pricing challenges',NULL,22,0,NULL,0,1,'2025-11-25 06:25:36','2025-11-25 06:25:36',NULL),(323,'Market Access','Market access restrictions and reimbursement denials',NULL,22,0,NULL,0,1,'2025-11-25 06:25:36','2025-11-25 06:25:36',NULL),(324,'Competitor Launches','Competitor product launches and competitive threats',NULL,22,0,NULL,0,1,'2025-11-25 06:25:36','2025-11-25 06:25:36',NULL),(325,'Revenue Forecasting','Revenue forecasting errors and sales projection failures',NULL,22,0,NULL,0,1,'2025-11-25 06:25:36','2025-11-25 06:25:36',NULL),(326,'Cost Overruns','COGS increases, cost overruns, and budget exceedances',NULL,22,0,NULL,0,1,'2025-11-25 06:25:36','2025-11-25 06:25:36',NULL),(327,'Foreign Exchange','Foreign exchange rate volatility and currency risks',NULL,22,0,NULL,0,1,'2025-11-25 06:25:36','2025-11-25 06:25:36',NULL),(328,'Insurance Coverage','Insurance coverage gaps and coverage inadequacies',NULL,22,0,NULL,0,1,'2025-11-25 06:25:36','2025-11-25 06:25:36',NULL),(329,'Business Interruption','Business interruption losses and operational disruptions',NULL,22,0,NULL,0,1,'2025-11-25 06:25:36','2025-11-25 06:25:36',NULL),(330,'Product Liability','Product liability claims and liability exposure',NULL,22,0,NULL,0,1,'2025-11-25 06:25:36','2025-11-25 06:25:36',NULL),(331,'Product Recalls Financial','Product recall financial impact and recall costs',NULL,22,0,NULL,0,1,'2025-11-25 06:25:36','2025-11-25 06:25:36',NULL),(332,'Contractual Disputes','Contractual disputes and contract-related financial risks',NULL,22,0,NULL,0,1,'2025-11-25 06:25:36','2025-11-25 06:25:36',NULL),(333,'M&A Integration','Merger/acquisition integration risks and integration failures',NULL,22,0,NULL,0,1,'2025-11-25 06:25:36','2025-11-25 06:25:36',NULL),(334,'Capital Investment','Capital investment delays and investment project failures',NULL,22,0,NULL,0,1,'2025-11-25 06:25:36','2025-11-25 06:25:36',NULL),(335,'Product Quality Failures Public','Public product quality failures and quality-related reputation damage',NULL,23,0,NULL,0,1,'2025-11-25 06:25:36','2025-11-25 06:25:36',NULL),(336,'Patient Harm Incidents','Patient harm incidents and patient safety reputation risks',NULL,23,0,NULL,0,1,'2025-11-25 06:25:36','2025-11-25 06:25:36',NULL),(337,'Media Coverage','Negative media coverage and media crisis management',NULL,23,0,NULL,0,1,'2025-11-25 06:25:36','2025-11-25 06:25:36',NULL),(338,'Social Media Crises','Social media crises and online reputation management',NULL,23,0,NULL,0,1,'2025-11-25 06:25:36','2025-11-25 06:25:36',NULL),(339,'Stakeholder Confidence','Stakeholder confidence loss and stakeholder relationship failures',NULL,23,0,NULL,0,1,'2025-11-25 06:25:36','2025-11-25 06:25:36',NULL),(340,'Investor Relations','Investor relations issues and investor confidence risks',NULL,23,0,NULL,0,1,'2025-11-25 06:25:36','2025-11-25 06:25:36',NULL),(341,'Employee Morale','Employee morale/retention and workforce reputation risks',NULL,23,0,NULL,0,1,'2025-11-25 06:25:36','2025-11-25 06:25:36',NULL),(342,'Corporate Social Responsibility','CSR failures and sustainability reputation risks','ISO 26000',23,0,NULL,0,1,'2025-11-25 06:25:36','2025-11-25 06:25:36',NULL),(343,'Sustainability Reporting','Sustainability reporting inaccuracies and reporting failures','GRI Standards',23,0,NULL,0,1,'2025-11-25 06:25:36','2025-11-25 06:25:36',NULL),(344,'Ethics & Integrity','Ethics violations, integrity issues, and ethical reputation risks',NULL,23,0,NULL,0,1,'2025-11-25 06:25:36','2025-11-25 06:25:36',NULL),(345,'Bribery & Corruption','Bribery and corruption risks and compliance failures','FCPA, UK Bribery Act',23,0,NULL,0,1,'2025-11-25 06:25:36','2025-11-25 06:25:36',NULL),(346,'Conflict of Interest','Conflict of interest mismanagement and conflict-related risks',NULL,23,0,NULL,0,1,'2025-11-25 06:25:36','2025-11-25 06:25:36',NULL),(347,'Whistleblower Allegations','Whistleblower allegations and internal reporting failures',NULL,23,0,NULL,0,1,'2025-11-25 06:25:36','2025-11-25 06:25:36',NULL),(348,'Product Liability Lawsuits','Product liability lawsuits and liability litigation',NULL,24,0,NULL,0,1,'2025-11-25 06:25:36','2025-11-25 06:25:36',NULL),(349,'Patent Infringement','Patent infringement claims and IP litigation',NULL,24,0,NULL,0,1,'2025-11-25 06:25:36','2025-11-25 06:25:36',NULL),(350,'Employment Law','Employment law violations and employment-related litigation',NULL,24,0,NULL,0,1,'2025-11-25 06:25:36','2025-11-25 06:25:36',NULL),(351,'Environmental Liability','Environmental liability claims and environmental litigation',NULL,24,0,NULL,0,1,'2025-11-25 06:25:36','2025-11-25 06:25:36',NULL),(352,'Contract Breaches','Contract breaches and contractual litigation',NULL,24,0,NULL,0,1,'2025-11-25 06:25:36','2025-11-25 06:25:36',NULL),(353,'Antitrust & Competition','Antitrust/competition law issues and competition litigation',NULL,24,0,NULL,0,1,'2025-11-25 06:25:36','2025-11-25 06:25:36',NULL),(354,'False Claims Act','False Claims Act violations and FCA litigation',NULL,24,0,NULL,0,1,'2025-11-25 06:25:36','2025-11-25 06:25:36',NULL),(355,'Off-Label Promotion','Off-label promotion allegations and promotional compliance failures','21 CFR 202.1',24,0,NULL,0,1,'2025-11-25 06:25:36','2025-11-25 06:25:36',NULL),(356,'FCPA Violations','FCPA violations and foreign corruption litigation','FCPA',24,0,NULL,0,1,'2025-11-25 06:25:36','2025-11-25 06:25:36',NULL),(357,'Quality','Quality-related risks including product quality, process quality, and quality system risks','ISO 9001',NULL,0,'Quality',1,1,'2025-12-03 21:05:06','2025-12-03 21:05:06',1),(358,'Regulatory','Regulatory compliance risks including FDA, EMA, and other regulatory body requirements','FDA CFR 21',NULL,0,'Regulatory',2,1,'2025-12-03 21:05:06','2025-12-03 21:05:06',1),(359,'Manufacturing','Manufacturing process risks including equipment, production, and operational risks','ISO 14001',NULL,0,'Manufacturing',3,1,'2025-12-03 21:05:06','2025-12-03 21:05:06',1),(360,'EHS','Environmental, Health and Safety risks','ISO 45001',NULL,0,'EHS',4,1,'2025-12-03 21:05:06','2025-12-03 21:05:06',1),(361,'Product Quality','Product-specific quality risks','ISO 9001',1,1,'Quality > Product Quality',1,1,'2025-12-03 21:05:06','2025-12-03 21:05:06',1),(362,'API Quality','Active Pharmaceutical Ingredient quality risks','ICH Q7',7,2,'Quality > Product Quality > API Quality',1,1,'2025-12-03 21:05:06','2025-12-03 21:05:06',1),(363,'Environmental','Environmental impact and compliance risks','ISO 14001',360,1,'EHS > Environmental',1,1,'2025-12-03 21:05:06','2025-12-03 21:05:06',1),(364,'Occupational Health','Worker health and safety risks','ISO 45001',360,1,'EHS > Occupational Health',2,1,'2025-12-03 21:05:06','2025-12-03 21:05:06',1),(365,'Quality','Quality-related risks including product quality, process quality, and quality system risks','ISO 9001',NULL,0,'Quality',1,1,'2025-12-03 21:07:20','2025-12-03 21:07:20',1),(366,'Regulatory','Regulatory compliance risks including FDA, EMA, and other regulatory body requirements','FDA CFR 21',NULL,0,'Regulatory',2,1,'2025-12-03 21:07:20','2025-12-03 21:07:20',1),(367,'Manufacturing','Manufacturing process risks including equipment, production, and operational risks','ISO 14001',NULL,0,'Manufacturing',3,1,'2025-12-03 21:07:20','2025-12-03 21:07:20',1),(368,'EHS','Environmental, Health and Safety risks','ISO 45001',NULL,0,'EHS',4,1,'2025-12-03 21:07:20','2025-12-03 21:07:20',1),(369,'Product Quality','Product-specific quality risks','ISO 9001',1,1,'Quality > Product Quality',1,1,'2025-12-03 21:07:20','2025-12-03 21:07:20',1),(370,'API Quality','Active Pharmaceutical Ingredient quality risks','ICH Q7',7,2,'Quality > Product Quality > API Quality',1,1,'2025-12-03 21:07:20','2025-12-03 21:07:20',1),(371,'Environmental','Environmental impact and compliance risks','ISO 14001',360,1,'EHS > Environmental',1,1,'2025-12-03 21:07:20','2025-12-03 21:07:20',1),(372,'Occupational Health','Worker health and safety risks','ISO 45001',360,1,'EHS > Occupational Health',2,1,'2025-12-03 21:07:20','2025-12-03 21:07:20',1);
/*!40000 ALTER TABLE `risk_categories` ENABLE KEYS */;
UNLOCK TABLES;

--
-- Table structure for table `risk_controls`
--

DROP TABLE IF EXISTS `risk_controls`;
/*!40101 SET @saved_cs_client     = @@character_set_client */;
/*!40101 SET character_set_client = utf8 */;
CREATE TABLE `risk_controls` (
  `control_id` int(11) NOT NULL AUTO_INCREMENT,
  `risk_id` int(11) NOT NULL,
  `control_type` enum('Preventive','Detective','Corrective','Mitigating') NOT NULL,
  `control_description` text NOT NULL,
  `control_effectiveness` enum('Low','Medium','High') NOT NULL DEFAULT 'Medium',
  `priority` enum('Low','Medium','High','Critical') DEFAULT 'Medium',
  `cost_estimate` decimal(12,2) DEFAULT NULL COMMENT 'Estimated implementation cost',
  `resource_requirements` text DEFAULT NULL COMMENT 'Resources needed for implementation',
  `approval_required` enum('Yes','No') DEFAULT 'No',
  `approved_by` int(11) DEFAULT NULL COMMENT 'people_id FK',
  `approval_date` date DEFAULT NULL,
  `implementation_status` enum('Planned','In Progress','Implemented','Verified','Ineffective') NOT NULL DEFAULT 'Planned',
  `responsible_owner` int(11) NOT NULL COMMENT 'people_id FK',
  `target_completion_date` date DEFAULT NULL,
  `actual_completion_date` date DEFAULT NULL,
  `verification_method` text DEFAULT NULL,
  `verification_date` date DEFAULT NULL,
  `verification_status` enum('Not Verified','Verified Effective','Verified Ineffective','Requires Review') DEFAULT 'Not Verified',
  `created_at` timestamp NOT NULL DEFAULT current_timestamp(),
  `updated_at` timestamp NOT NULL DEFAULT current_timestamp() ON UPDATE current_timestamp(),
  `created_by` int(11) DEFAULT NULL,
  PRIMARY KEY (`control_id`),
  KEY `idx_risk_id` (`risk_id`),
  KEY `idx_responsible_owner` (`responsible_owner`),
  KEY `idx_implementation_status` (`implementation_status`),
  KEY `idx_control_type` (`control_type`),
  KEY `idx_created_by` (`created_by`),
  KEY `idx_priority` (`priority`),
  KEY `idx_approval_required` (`approval_required`),
  KEY `risk_controls_ibfk_approved_by` (`approved_by`),
  CONSTRAINT `risk_controls_ibfk_approved_by` FOREIGN KEY (`approved_by`) REFERENCES `people` (`people_id`) ON DELETE SET NULL,
  CONSTRAINT `risk_controls_ibfk_created_by` FOREIGN KEY (`created_by`) REFERENCES `people` (`people_id`) ON DELETE SET NULL,
  CONSTRAINT `risk_controls_ibfk_owner` FOREIGN KEY (`responsible_owner`) REFERENCES `people` (`people_id`),
  CONSTRAINT `risk_controls_ibfk_risk` FOREIGN KEY (`risk_id`) REFERENCES `risk_register` (`risk_id`) ON DELETE CASCADE
) ENGINE=InnoDB AUTO_INCREMENT=19 DEFAULT CHARSET=utf8mb4 COLLATE=utf8mb4_general_ci;
/*!40101 SET character_set_client = @saved_cs_client */;

--
-- Dumping data for table `risk_controls`
--

LOCK TABLES `risk_controls` WRITE;
/*!40000 ALTER TABLE `risk_controls` DISABLE KEYS */;
INSERT INTO `risk_controls` VALUES (10,1,'Preventive','Enhanced training program for QC analysts on test methods and procedures','High','Medium',NULL,NULL,'No',NULL,NULL,'Implemented',1,'2025-10-26',NULL,NULL,NULL,'Not Verified','2025-11-25 05:28:34','2025-11-25 05:28:34',NULL),(11,1,'Detective','Automated data trending and statistical process control (SPC) for test results','High','Medium',NULL,NULL,'No',NULL,NULL,'In Progress',1,'2026-01-24',NULL,NULL,NULL,'Not Verified','2025-11-25 05:28:34','2025-11-25 05:28:34',NULL),(12,1,'Corrective','Rapid OOS investigation procedure with defined timelines and escalation','Medium','Medium',NULL,NULL,'No',NULL,NULL,'Implemented',1,'2025-11-10',NULL,NULL,NULL,'Not Verified','2025-11-25 05:28:34','2025-11-25 05:28:34',NULL),(13,2,'Preventive','Implementation of validated LIMS with audit trails and access controls','High','Medium',NULL,NULL,'No',NULL,NULL,'Implemented',1,'2025-08-27',NULL,NULL,NULL,'Not Verified','2025-11-25 05:28:34','2025-11-25 05:28:34',NULL),(14,2,'Detective','Regular data integrity audits and review of electronic records','High','Medium',NULL,NULL,'No',NULL,NULL,'Implemented',1,'2025-10-26',NULL,NULL,NULL,'Not Verified','2025-11-25 05:28:34','2025-11-25 05:28:34',NULL),(15,2,'Preventive','Data integrity training for all personnel handling electronic records','Medium','Medium',NULL,NULL,'No',NULL,NULL,'In Progress',1,'2025-12-25',NULL,NULL,NULL,'Not Verified','2025-11-25 05:28:34','2025-11-25 05:28:34',NULL),(16,3,'Preventive','Preventive maintenance program with scheduled equipment servicing','High','Medium',NULL,NULL,'No',NULL,NULL,'Implemented',1,'2025-09-26',NULL,NULL,NULL,'Not Verified','2025-11-25 05:28:34','2025-11-25 05:28:34',NULL),(17,3,'Detective','Equipment condition monitoring and predictive maintenance systems','Medium','Medium',NULL,NULL,'No',NULL,NULL,'Planned',1,'2026-02-23',NULL,NULL,NULL,'Not Verified','2025-11-25 05:28:34','2025-11-25 05:28:34',NULL),(18,3,'Mitigating','Backup equipment availability and rapid changeover procedures','High','Medium',NULL,NULL,'No',NULL,NULL,'Implemented',1,'2025-10-11',NULL,NULL,NULL,'Not Verified','2025-11-25 05:28:34','2025-11-25 05:28:34',NULL);
/*!40000 ALTER TABLE `risk_controls` ENABLE KEYS */;
UNLOCK TABLES;

--
-- Table structure for table `risk_incidents`
--

DROP TABLE IF EXISTS `risk_incidents`;
/*!40101 SET @saved_cs_client     = @@character_set_client */;
/*!40101 SET character_set_client = utf8 */;
CREATE TABLE `risk_incidents` (
  `incident_id` int(11) NOT NULL AUTO_INCREMENT,
  `risk_id` int(11) DEFAULT NULL COMMENT 'Links realized risk to register',
  `incident_date` date NOT NULL,
  `incident_description` text NOT NULL,
  `severity_actual` enum('Low','Medium','High','Critical') NOT NULL,
  `impact_description` text DEFAULT NULL COMMENT 'Patient, business, regulatory impact',
  `root_cause` text DEFAULT NULL,
  `corrective_actions` text DEFAULT NULL,
  `preventive_actions` text DEFAULT NULL,
  `lessons_learned` text DEFAULT NULL,
  `reported_by` int(11) NOT NULL COMMENT 'people_id FK',
  `created_at` timestamp NOT NULL DEFAULT current_timestamp(),
  `updated_at` timestamp NOT NULL DEFAULT current_timestamp() ON UPDATE current_timestamp(),
  PRIMARY KEY (`incident_id`),
  KEY `idx_risk_id` (`risk_id`),
  KEY `idx_incident_date` (`incident_date`),
  KEY `idx_severity` (`severity_actual`),
  KEY `idx_reported_by` (`reported_by`),
  CONSTRAINT `risk_incidents_ibfk_reported_by` FOREIGN KEY (`reported_by`) REFERENCES `people` (`people_id`),
  CONSTRAINT `risk_incidents_ibfk_risk` FOREIGN KEY (`risk_id`) REFERENCES `risk_register` (`risk_id`) ON DELETE SET NULL
) ENGINE=InnoDB DEFAULT CHARSET=utf8mb4 COLLATE=utf8mb4_general_ci;
/*!40101 SET character_set_client = @saved_cs_client */;

--
-- Dumping data for table `risk_incidents`
--

LOCK TABLES `risk_incidents` WRITE;
/*!40000 ALTER TABLE `risk_incidents` DISABLE KEYS */;
/*!40000 ALTER TABLE `risk_incidents` ENABLE KEYS */;
UNLOCK TABLES;

--
-- Table structure for table `risk_kpis`
--

DROP TABLE IF EXISTS `risk_kpis`;
/*!40101 SET @saved_cs_client     = @@character_set_client */;
/*!40101 SET character_set_client = utf8 */;
CREATE TABLE `risk_kpis` (
  `kpi_id` int(11) NOT NULL AUTO_INCREMENT,
  `risk_id` int(11) NOT NULL,
  `kpi_name` varchar(255) NOT NULL COMMENT 'Number of deviations, OOS rate, injury rate, energy consumption, etc.',
  `kpi_target` decimal(10,2) DEFAULT NULL,
  `kpi_actual` decimal(10,2) DEFAULT NULL,
  `measurement_period` enum('Daily','Weekly','Monthly','Quarterly','Annually') NOT NULL DEFAULT 'Monthly',
  `trend` enum('Improving','Stable','Worsening','Not Measured') NOT NULL DEFAULT 'Not Measured',
  `linked_iso_standard` varchar(100) DEFAULT NULL COMMENT 'ISO 14001, 45001, 50001, etc.',
  `measurement_date` date NOT NULL,
  `created_at` timestamp NOT NULL DEFAULT current_timestamp(),
  `updated_at` timestamp NOT NULL DEFAULT current_timestamp() ON UPDATE current_timestamp(),
  `created_by` int(11) DEFAULT NULL,
  PRIMARY KEY (`kpi_id`),
  KEY `idx_risk_id` (`risk_id`),
  KEY `idx_measurement_date` (`measurement_date`),
  KEY `idx_trend` (`trend`),
  KEY `idx_created_by` (`created_by`),
  CONSTRAINT `risk_kpis_ibfk_created_by` FOREIGN KEY (`created_by`) REFERENCES `people` (`people_id`) ON DELETE SET NULL,
  CONSTRAINT `risk_kpis_ibfk_risk` FOREIGN KEY (`risk_id`) REFERENCES `risk_register` (`risk_id`) ON DELETE CASCADE
) ENGINE=InnoDB AUTO_INCREMENT=11 DEFAULT CHARSET=utf8mb4 COLLATE=utf8mb4_general_ci;
/*!40101 SET character_set_client = @saved_cs_client */;

--
-- Dumping data for table `risk_kpis`
--

LOCK TABLES `risk_kpis` WRITE;
/*!40000 ALTER TABLE `risk_kpis` DISABLE KEYS */;
INSERT INTO `risk_kpis` VALUES (6,1,'OOS Rate (%)',0.50,0.30,'Monthly','Improving',NULL,'2025-11-25','2025-11-25 05:28:34','2025-11-25 05:28:34',NULL),(7,1,'OOS Investigation Closure Time (Days)',30.00,25.00,'Monthly','Improving',NULL,'2025-11-25','2025-11-25 05:28:34','2025-11-25 05:28:34',NULL),(8,2,'Data Integrity Audit Findings',0.00,0.00,'Quarterly','Stable','ISO 9001','2025-11-25','2025-11-25 05:28:34','2025-11-25 05:28:34',NULL),(9,3,'Equipment Downtime (Hours/Month)',8.00,5.00,'Monthly','Improving','ISO 14001','2025-11-25','2025-11-25 05:28:34','2025-11-25 05:28:34',NULL),(10,3,'Mean Time Between Failures (MTBF) - Hours',720.00,850.00,'Monthly','Improving',NULL,'2025-11-25','2025-11-25 05:28:34','2025-11-25 05:28:34',NULL);
/*!40000 ALTER TABLE `risk_kpis` ENABLE KEYS */;
UNLOCK TABLES;

--
-- Table structure for table `risk_register`
--

DROP TABLE IF EXISTS `risk_register`;
/*!40101 SET @saved_cs_client     = @@character_set_client */;
/*!40101 SET character_set_client = utf8 */;
CREATE TABLE `risk_register` (
  `risk_id` int(11) NOT NULL AUTO_INCREMENT,
  `risk_code` varchar(50) NOT NULL COMMENT 'Unique identifier: QR-001, REG-045, etc.',
  `risk_title` varchar(255) NOT NULL,
  `risk_description` text NOT NULL,
  `category_id` int(11) NOT NULL,
  `subcategory_id` int(11) DEFAULT NULL COMMENT 'FK to risk_categories for subcategory',
  `risk_source` enum('Audit','FMEA','HAZOP','Incident','Change Control','CAPA','Management Review','Other') NOT NULL DEFAULT 'Other',
  `date_identified` date NOT NULL,
  `identified_by` int(11) NOT NULL COMMENT 'people_id FK',
  `risk_owner` int(11) DEFAULT NULL COMMENT 'Primary risk owner (people_id FK)',
  `lifecycle_stage` enum('R&D','Manufacturing','Commercial','Post-Market','All Stages') NOT NULL DEFAULT 'All Stages',
  `product_line` varchar(100) DEFAULT NULL COMMENT 'MDI, DPI, specific product',
  `site_location` varchar(255) DEFAULT NULL,
  `status` enum('Active','Closed','Escalated','Monitoring','Under Review') NOT NULL DEFAULT 'Active',
  `priority` enum('Low','Medium','High','Critical','Emergency') DEFAULT 'Medium',
  `review_frequency` enum('Monthly','Quarterly','Semi-Annually','Annually','As Needed','Continuous') DEFAULT 'Quarterly',
  `next_review_date` date DEFAULT NULL COMMENT 'Next scheduled review date',
  `approval_status` enum('Draft','Pending Approval','Approved','Rejected','Superseded') DEFAULT 'Draft',
  `approved_by` int(11) DEFAULT NULL COMMENT 'people_id FK',
  `approval_date` date DEFAULT NULL,
  `version` int(11) DEFAULT 1 COMMENT 'Version number for tracking changes',
  `superseded_by_risk_id` int(11) DEFAULT NULL COMMENT 'If this risk was replaced by another',
  `created_at` timestamp NOT NULL DEFAULT current_timestamp(),
  `updated_at` timestamp NOT NULL DEFAULT current_timestamp() ON UPDATE current_timestamp(),
  `created_by` int(11) DEFAULT NULL,
  PRIMARY KEY (`risk_id`),
  UNIQUE KEY `unique_risk_code` (`risk_code`),
  KEY `idx_category` (`category_id`),
  KEY `idx_subcategory` (`subcategory_id`),
  KEY `idx_identified_by` (`identified_by`),
  KEY `idx_lifecycle_stage` (`lifecycle_stage`),
  KEY `idx_status` (`status`),
  KEY `idx_date_identified` (`date_identified`),
  KEY `idx_created_by` (`created_by`),
  KEY `idx_priority` (`priority`),
  KEY `idx_risk_owner` (`risk_owner`),
  KEY `idx_review_frequency` (`review_frequency`),
  KEY `idx_next_review_date` (`next_review_date`),
  KEY `idx_approval_status` (`approval_status`),
  KEY `idx_superseded_by` (`superseded_by_risk_id`),
  KEY `risk_register_ibfk_approved_by` (`approved_by`),
  CONSTRAINT `risk_register_ibfk_approved_by` FOREIGN KEY (`approved_by`) REFERENCES `people` (`people_id`) ON DELETE SET NULL,
  CONSTRAINT `risk_register_ibfk_category` FOREIGN KEY (`category_id`) REFERENCES `risk_categories` (`category_id`),
  CONSTRAINT `risk_register_ibfk_created_by` FOREIGN KEY (`created_by`) REFERENCES `people` (`people_id`) ON DELETE SET NULL,
  CONSTRAINT `risk_register_ibfk_identified_by` FOREIGN KEY (`identified_by`) REFERENCES `people` (`people_id`),
  CONSTRAINT `risk_register_ibfk_risk_owner` FOREIGN KEY (`risk_owner`) REFERENCES `people` (`people_id`) ON DELETE SET NULL,
  CONSTRAINT `risk_register_ibfk_subcategory` FOREIGN KEY (`subcategory_id`) REFERENCES `risk_categories` (`category_id`) ON DELETE SET NULL,
  CONSTRAINT `risk_register_ibfk_superseded_by` FOREIGN KEY (`superseded_by_risk_id`) REFERENCES `risk_register` (`risk_id`) ON DELETE SET NULL
) ENGINE=InnoDB AUTO_INCREMENT=90 DEFAULT CHARSET=utf8mb4 COLLATE=utf8mb4_general_ci;
/*!40101 SET character_set_client = @saved_cs_client */;

--
-- Dumping data for table `risk_register`
--

LOCK TABLES `risk_register` WRITE;
/*!40000 ALTER TABLE `risk_register` DISABLE KEYS */;
INSERT INTO `risk_register` VALUES (1,'QR-001','Out of Specification (OOS) Test Results','Risk of OOS results in quality control testing leading to batch rejection, investigation delays, and potential product shortages.',1,NULL,'FMEA','2025-11-25',1,NULL,'Manufacturing','MDI',NULL,'Active','Medium','Quarterly',NULL,'Draft',NULL,NULL,1,NULL,'2025-11-25 05:28:34','2025-11-25 05:28:34',NULL),(2,'REG-001','Data Integrity Violations in Electronic Records','Risk of data integrity violations in electronic records and laboratory data management systems, leading to regulatory citations and product approval delays.',6,NULL,'Audit','2025-11-25',1,NULL,'All Stages',NULL,NULL,'Active','Medium','Quarterly',NULL,'Draft',NULL,NULL,1,NULL,'2025-11-25 05:28:34','2025-11-25 05:28:34',NULL),(3,'MFG-001','Critical Equipment Failure During Production','Risk of critical equipment failure during production runs leading to batch loss, production delays, and supply chain disruption.',3,NULL,'HAZOP','2025-11-25',1,NULL,'Manufacturing','DPI',NULL,'Active','Medium','Quarterly',NULL,'Draft',NULL,NULL,1,NULL,'2025-11-25 05:28:34','2025-11-25 05:28:34',NULL),(4,'QR-002','Particle Size Distribution (PSD) Variability','Risk of PSD variability leading to inconsistent aerodynamic performance and dose delivery failures in DPI products.',13,25,'FMEA','2025-11-25',1,NULL,'Manufacturing','DPI',NULL,'Active','Medium','Quarterly',NULL,'Draft',NULL,NULL,1,NULL,'2025-11-25 06:19:05','2025-11-25 06:19:05',NULL),(5,'QR-003','Formulation Stability Failures','Risk of chemical, physical, or microbiological stability failures during shelf life leading to product degradation and quality issues.',13,29,'FMEA','2025-11-25',1,NULL,'All Stages','All',NULL,'Active','Medium','Quarterly',NULL,'Draft',NULL,NULL,1,NULL,'2025-11-25 06:19:05','2025-11-25 06:19:05',NULL),(6,'QR-004','Sterility Failure in Aseptic Processing','Risk of sterility failures in aseptic manufacturing processes leading to product contamination and patient safety issues.',13,32,'HAZOP','2025-11-25',1,NULL,'Manufacturing','MDI',NULL,'Active','Medium','Quarterly',NULL,'Draft',NULL,NULL,1,NULL,'2025-11-25 06:19:05','2025-11-25 06:19:05',NULL),(7,'REG-002','FDA Form 483 Observation Risk','Risk of receiving FDA Form 483 observations during regulatory inspections due to GMP non-compliance or documentation deficiencies.',14,35,'Audit','2025-11-25',1,NULL,'All Stages','All',NULL,'Active','Medium','Quarterly',NULL,'Draft',NULL,NULL,1,NULL,'2025-11-25 06:19:05','2025-11-25 06:19:05',NULL),(8,'REG-003','Validation Documentation Inadequacies','Risk of validation documentation inadequacies leading to regulatory non-compliance and inspection findings.',14,43,'Audit','2025-11-25',1,NULL,'All Stages','All',NULL,'Active','Medium','Quarterly',NULL,'Draft',NULL,NULL,1,NULL,'2025-11-25 06:19:05','2025-11-25 06:19:05',NULL),(9,'MFG-002','Critical Equipment Calibration Failures','Risk of critical equipment calibration failures leading to process deviations and product quality issues.',15,50,'Incident','2025-11-25',1,NULL,'Manufacturing','All',NULL,'Active','Medium','Quarterly',NULL,'Draft',NULL,NULL,1,NULL,'2025-11-25 06:19:05','2025-11-25 06:19:05',NULL),(10,'MFG-003','Critical Process Parameter Drift','Risk of CPP drift beyond acceptable ranges leading to process capability losses and out-of-specification products.',15,51,'FMEA','2025-11-25',1,NULL,'Manufacturing','All',NULL,'Active','Medium','Quarterly',NULL,'Draft',NULL,NULL,1,NULL,'2025-11-25 06:19:05','2025-11-25 06:19:05',NULL),(11,'MFG-004','Filling Accuracy and Precision Failures','Risk of filling accuracy and precision failures in MDI canister filling leading to dose uniformity issues.',15,56,'FMEA','2025-11-25',1,NULL,'Manufacturing','MDI',NULL,'Active','Medium','Quarterly',NULL,'Draft',NULL,NULL,1,NULL,'2025-11-25 06:19:05','2025-11-25 06:19:05',NULL),(12,'SC-001','API Supplier Qualification Failures','Risk of API supplier qualification failures leading to material quality issues and supply chain disruptions.',16,63,'Audit','2025-11-25',1,NULL,'All Stages','All',NULL,'Active','Medium','Quarterly',NULL,'Draft',NULL,NULL,1,NULL,'2025-11-25 06:19:05','2025-11-25 06:19:05',NULL),(13,'SC-002','Raw Material Shortage and Supply Disruption','Risk of raw material shortages and supply chain disruptions leading to production delays and capacity constraints.',16,65,'Management Review','2025-11-25',1,NULL,'Manufacturing','All',NULL,'Active','Medium','Quarterly',NULL,'Draft',NULL,NULL,1,NULL,'2025-11-25 06:19:05','2025-11-25 06:19:05',NULL),(14,'SC-003','Cold Chain Breach During Transportation','Risk of cold chain breaches during material transportation leading to material degradation and quality failures.',16,68,'Incident','2025-11-25',1,NULL,'All Stages','All',NULL,'Active','Medium','Quarterly',NULL,'Draft',NULL,NULL,1,NULL,'2025-11-25 06:19:05','2025-11-25 06:19:05',NULL),(15,'RD-001','Clinical Protocol Design Flaws','Risk of clinical protocol design flaws leading to study failures, inadequate data, and regulatory submission delays.',17,76,'Management Review','2025-11-25',1,NULL,'R&D','All',NULL,'Active','Medium','Quarterly',NULL,'Draft',NULL,NULL,1,NULL,'2025-11-25 06:19:05','2025-11-25 06:19:05',NULL),(16,'RD-002','Patient Recruitment and Retention Challenges','Risk of patient recruitment and retention challenges leading to study delays and inadequate enrollment.',17,77,'Management Review','2025-11-25',1,NULL,'R&D','All',NULL,'Active','Medium','Quarterly',NULL,'Draft',NULL,NULL,1,NULL,'2025-11-25 06:19:05','2025-11-25 06:19:05',NULL),(17,'RD-003','Clinical Data Integrity Failures','Risk of data integrity failures in clinical trials leading to regulatory concerns and study invalidation.',17,81,'Audit','2025-11-25',1,NULL,'R&D','All',NULL,'Active','Medium','Quarterly',NULL,'Draft',NULL,NULL,1,NULL,'2025-11-25 06:19:05','2025-11-25 06:19:05',NULL),(18,'ENV-001','VOC Emissions Exceeding Regulatory Limits','Risk of volatile organic compound (VOC) emissions exceeding regulatory limits leading to environmental permit violations and regulatory action.',18,91,'Audit','2025-11-25',1,NULL,'Manufacturing','All',NULL,'Active','Medium','Quarterly',NULL,'Draft',NULL,NULL,1,NULL,'2025-11-25 06:19:05','2025-11-25 06:19:05',NULL),(19,'ENV-002','API Residues in Wastewater','Risk of API residues in wastewater exceeding discharge limits leading to environmental contamination and permit violations.',18,92,'HAZOP','2025-11-25',1,NULL,'Manufacturing','All',NULL,'Active','Medium','Quarterly',NULL,'Draft',NULL,NULL,1,NULL,'2025-11-25 06:19:05','2025-11-25 06:19:05',NULL),(20,'ENV-003','Hazardous Waste Disposal Non-Compliance','Risk of hazardous waste disposal non-compliance leading to environmental violations and regulatory penalties.',18,93,'Audit','2025-11-25',1,NULL,'All Stages','All',NULL,'Active','Medium','Quarterly',NULL,'Draft',NULL,NULL,1,NULL,'2025-11-25 06:19:05','2025-11-25 06:19:05',NULL),(21,'OHS-001','Occupational Exposure to Potent APIs','Risk of occupational exposure to potent APIs during manufacturing leading to worker health hazards and OEL exceedances.',19,104,'HAZOP','2025-11-25',1,NULL,'Manufacturing','All',NULL,'Active','Medium','Quarterly',NULL,'Draft',NULL,NULL,1,NULL,'2025-11-25 06:19:05','2025-11-25 06:19:05',NULL),(22,'OHS-002','Pressurized System Failure and Explosion','Risk of pressurized system failures in propellant handling leading to explosions and worker injuries.',19,106,'HAZOP','2025-11-25',1,NULL,'Manufacturing','MDI',NULL,'Active','Medium','Quarterly',NULL,'Draft',NULL,NULL,1,NULL,'2025-11-25 06:19:05','2025-11-25 06:19:05',NULL),(23,'OHS-003','Fire and Explosion Hazards in Solvent Areas','Risk of fire and explosion hazards in solvent storage and handling areas leading to catastrophic incidents.',19,114,'HAZOP','2025-11-25',1,NULL,'Manufacturing','All',NULL,'Active','Medium','Quarterly',NULL,'Draft',NULL,NULL,1,NULL,'2025-11-25 06:19:05','2025-11-25 06:19:05',NULL),(24,'ENG-001','Energy Cost Volatility Impact','Risk of energy cost volatility leading to increased operating costs and budget overruns.',20,124,'Management Review','2025-11-25',1,NULL,'All Stages','All',NULL,'Active','Medium','Quarterly',NULL,'Draft',NULL,NULL,1,NULL,'2025-11-25 06:19:05','2025-11-25 06:19:05',NULL),(25,'ENG-002','Utility Supply Interruption and Power Outages','Risk of utility supply interruptions and power outages leading to production shutdowns and business interruption.',20,125,'Management Review','2025-11-25',1,NULL,'Manufacturing','All',NULL,'Active','Medium','Quarterly',NULL,'Draft',NULL,NULL,1,NULL,'2025-11-25 06:19:05','2025-11-25 06:19:05',NULL),(26,'ENG-003','HVAC System Energy Inefficiency','Risk of HVAC system energy inefficiency leading to excessive energy consumption and cost overruns.',20,126,'Audit','2025-11-25',1,NULL,'Manufacturing','All',NULL,'Active','Medium','Quarterly',NULL,'Draft',NULL,NULL,1,NULL,'2025-11-25 06:19:05','2025-11-25 06:19:05',NULL),(27,'IT-001','Ransomware Attack on Manufacturing Systems','Risk of ransomware attacks on manufacturing systems leading to production shutdowns and data encryption.',21,138,'Management Review','2025-11-25',1,NULL,'All Stages','All',NULL,'Active','Medium','Quarterly',NULL,'Draft',NULL,NULL,1,NULL,'2025-11-25 06:19:05','2025-11-25 06:19:05',NULL),(28,'IT-002','Patient Data Breach and Privacy Violations','Risk of patient data breaches leading to privacy violations, regulatory penalties, and reputational damage.',21,139,'Audit','2025-11-25',1,NULL,'All Stages','All',NULL,'Active','Medium','Quarterly',NULL,'Draft',NULL,NULL,1,NULL,'2025-11-25 06:19:05','2025-11-25 06:19:05',NULL),(29,'IT-003','MES/SCADA System Vulnerabilities','Risk of MES/SCADA system vulnerabilities leading to manufacturing system compromises and production disruptions.',21,140,'Audit','2025-11-25',1,NULL,'Manufacturing','All',NULL,'Active','Medium','Quarterly',NULL,'Draft',NULL,NULL,1,NULL,'2025-11-25 06:19:05','2025-11-25 06:19:05',NULL),(30,'FIN-001','Reimbursement Cuts and Pricing Pressures','Risk of reimbursement cuts and pricing pressures leading to reduced revenue and profitability.',22,150,'Management Review','2025-11-25',1,NULL,'Commercial','All',NULL,'Active','Medium','Quarterly',NULL,'Draft',NULL,NULL,1,NULL,'2025-11-25 06:19:05','2025-11-25 06:19:05',NULL),(31,'FIN-002','Market Access Restrictions','Risk of market access restrictions and reimbursement denials leading to reduced product availability.',22,151,'Management Review','2025-11-25',1,NULL,'Commercial','All',NULL,'Active','Medium','Quarterly',NULL,'Draft',NULL,NULL,1,NULL,'2025-11-25 06:19:05','2025-11-25 06:19:05',NULL),(32,'FIN-003','Competitor Product Launch Impact','Risk of competitor product launches leading to market share loss and revenue decline.',22,152,'Management Review','2025-11-25',1,NULL,'Commercial','All',NULL,'Active','Medium','Quarterly',NULL,'Draft',NULL,NULL,1,NULL,'2025-11-25 06:19:05','2025-11-25 06:19:05',NULL),(33,'REP-001','Public Product Quality Failure','Risk of public product quality failures leading to media coverage, patient harm, and reputational damage.',23,163,'Management Review','2025-11-25',1,NULL,'Commercial','All',NULL,'Active','Medium','Quarterly',NULL,'Draft',NULL,NULL,1,NULL,'2025-11-25 06:19:05','2025-11-25 06:19:05',NULL),(34,'REP-002','Negative Media Coverage and Crisis','Risk of negative media coverage and social media crises leading to brand reputation damage.',23,165,'Management Review','2025-11-25',1,NULL,'All Stages','All',NULL,'Active','Medium','Quarterly',NULL,'Draft',NULL,NULL,1,NULL,'2025-11-25 06:19:05','2025-11-25 06:19:05',NULL),(35,'REP-003','Stakeholder Confidence Loss','Risk of stakeholder confidence loss leading to investor concerns and business relationship failures.',23,167,'Management Review','2025-11-25',1,NULL,'All Stages','All',NULL,'Active','Medium','Quarterly',NULL,'Draft',NULL,NULL,1,NULL,'2025-11-25 06:19:05','2025-11-25 06:19:05',NULL),(36,'LEG-001','Product Liability Lawsuit Risk','Risk of product liability lawsuits due to product defects or patient harm leading to legal costs and damages.',24,176,'Management Review','2025-11-25',1,NULL,'Commercial','All',NULL,'Active','Medium','Quarterly',NULL,'Draft',NULL,NULL,1,NULL,'2025-11-25 06:19:05','2025-11-25 06:19:05',NULL),(37,'LEG-002','Patent Infringement Claims','Risk of patent infringement claims leading to litigation, licensing costs, and product restrictions.',24,177,'Management Review','2025-11-25',1,NULL,'R&D','All',NULL,'Active','Medium','Quarterly',NULL,'Draft',NULL,NULL,1,NULL,'2025-11-25 06:19:05','2025-11-25 06:19:05',NULL),(38,'LEG-003','Employment Law Violations','Risk of employment law violations leading to legal disputes, penalties, and workforce issues.',24,178,'Audit','2025-11-25',1,NULL,'All Stages','All',NULL,'Active','Medium','Quarterly',NULL,'Draft',NULL,NULL,1,NULL,'2025-11-25 06:19:05','2025-11-25 06:19:05',NULL),(84,'EHS-001','Chemical Spill Risk','Risk of chemical spills during material handling operations. Potential for environmental contamination and worker exposure to hazardous substances.',363,363,'Incident','2024-02-10',2,2,'Manufacturing','All Products','Warehouse Area','Active','High','Quarterly','2024-05-10','Approved',1,'2024-02-15',1,NULL,'2025-12-03 21:07:20','2025-12-03 21:07:20',2),(85,'EHS-002','Worker Safety Risk - Confined Spaces','Risk of accidents during maintenance activities in confined spaces. Inadequate safety procedures could lead to serious injury or fatality.',364,364,'Change Control','2024-03-15',2,2,'Manufacturing','All Products','Maintenance Areas','Active','High','Quarterly','2024-06-15','Approved',3,'2024-03-20',1,NULL,'2025-12-03 21:07:20','2025-12-03 21:07:20',2);
/*!40000 ALTER TABLE `risk_register` ENABLE KEYS */;
UNLOCK TABLES;

--
-- Table structure for table `risk_regulatory_mapping`
--

DROP TABLE IF EXISTS `risk_regulatory_mapping`;
/*!40101 SET @saved_cs_client     = @@character_set_client */;
/*!40101 SET character_set_client = utf8 */;
CREATE TABLE `risk_regulatory_mapping` (
  `mapping_id` int(11) NOT NULL AUTO_INCREMENT,
  `risk_id` int(11) NOT NULL,
  `requirement_id` int(11) NOT NULL,
  `compliance_gap` enum('Yes','No') NOT NULL DEFAULT 'No',
  `gap_description` text DEFAULT NULL,
  `remediation_plan` text DEFAULT NULL,
  `created_at` timestamp NOT NULL DEFAULT current_timestamp(),
  `updated_at` timestamp NOT NULL DEFAULT current_timestamp() ON UPDATE current_timestamp(),
  `created_by` int(11) DEFAULT NULL,
  PRIMARY KEY (`mapping_id`),
  UNIQUE KEY `unique_risk_requirement` (`risk_id`,`requirement_id`),
  KEY `idx_risk_id` (`risk_id`),
  KEY `idx_requirement_id` (`requirement_id`),
  KEY `idx_compliance_gap` (`compliance_gap`),
  KEY `idx_created_by` (`created_by`),
  CONSTRAINT `risk_regulatory_mapping_ibfk_created_by` FOREIGN KEY (`created_by`) REFERENCES `people` (`people_id`) ON DELETE SET NULL,
  CONSTRAINT `risk_regulatory_mapping_ibfk_requirement` FOREIGN KEY (`requirement_id`) REFERENCES `regulatory_requirements` (`requirement_id`) ON DELETE CASCADE,
  CONSTRAINT `risk_regulatory_mapping_ibfk_risk` FOREIGN KEY (`risk_id`) REFERENCES `risk_register` (`risk_id`) ON DELETE CASCADE
) ENGINE=InnoDB AUTO_INCREMENT=5 DEFAULT CHARSET=utf8mb4 COLLATE=utf8mb4_general_ci;
/*!40101 SET character_set_client = @saved_cs_client */;

--
-- Dumping data for table `risk_regulatory_mapping`
--

LOCK TABLES `risk_regulatory_mapping` WRITE;
/*!40000 ALTER TABLE `risk_regulatory_mapping` DISABLE KEYS */;
INSERT INTO `risk_regulatory_mapping` VALUES (3,1,5,'No','OOS management aligns with ICH Q9 quality risk management principles',NULL,'2025-11-25 05:28:34','2025-11-25 05:28:34',NULL),(4,2,2,'No','Data integrity controls implemented per 21 CFR Part 11 requirements','Ongoing monitoring and validation of electronic systems','2025-11-25 05:28:34','2025-11-25 05:28:34',NULL);
/*!40000 ALTER TABLE `risk_regulatory_mapping` ENABLE KEYS */;
UNLOCK TABLES;

--
-- Table structure for table `risk_reviews`
--

DROP TABLE IF EXISTS `risk_reviews`;
/*!40101 SET @saved_cs_client     = @@character_set_client */;
/*!40101 SET character_set_client = utf8 */;
CREATE TABLE `risk_reviews` (
  `review_id` int(11) NOT NULL AUTO_INCREMENT,
  `risk_id` int(11) NOT NULL,
  `review_date` date NOT NULL,
  `review_type` enum('Scheduled','Ad Hoc','Triggered','Management Review','Regulatory Review') DEFAULT 'Scheduled',
  `review_outcome` enum('No Change','Risk Increased','Risk Decreased','Controls Added','Controls Modified','Risk Closed','Escalated') DEFAULT 'No Change',
  `action_items` text DEFAULT NULL COMMENT 'Action items from review',
  `review_approved_by` int(11) DEFAULT NULL COMMENT 'people_id FK',
  `review_approval_date` date DEFAULT NULL,
  `reviewer` int(11) NOT NULL COMMENT 'people_id FK',
  `risk_status` enum('Active','Closed','Escalated','Monitoring','Under Review') NOT NULL DEFAULT 'Active',
  `status_change_rationale` text DEFAULT NULL,
  `next_review_date` date DEFAULT NULL,
  `escalation_required` enum('Yes','No') NOT NULL DEFAULT 'No',
  `escalated_to` varchar(255) DEFAULT NULL COMMENT 'Management level or person',
  `review_notes` text DEFAULT NULL,
  `created_at` timestamp NOT NULL DEFAULT current_timestamp(),
  `updated_at` timestamp NOT NULL DEFAULT current_timestamp() ON UPDATE current_timestamp(),
  PRIMARY KEY (`review_id`),
  KEY `idx_risk_id` (`risk_id`),
  KEY `idx_review_date` (`review_date`),
  KEY `idx_reviewer` (`reviewer`),
  KEY `idx_risk_status` (`risk_status`),
  KEY `idx_next_review_date` (`next_review_date`),
  KEY `idx_review_type` (`review_type`),
  KEY `idx_review_outcome` (`review_outcome`),
  KEY `risk_reviews_ibfk_approved_by` (`review_approved_by`),
  CONSTRAINT `risk_reviews_ibfk_approved_by` FOREIGN KEY (`review_approved_by`) REFERENCES `people` (`people_id`) ON DELETE SET NULL,
  CONSTRAINT `risk_reviews_ibfk_reviewer` FOREIGN KEY (`reviewer`) REFERENCES `people` (`people_id`),
  CONSTRAINT `risk_reviews_ibfk_risk` FOREIGN KEY (`risk_id`) REFERENCES `risk_register` (`risk_id`) ON DELETE CASCADE
) ENGINE=InnoDB AUTO_INCREMENT=13 DEFAULT CHARSET=utf8mb4 COLLATE=utf8mb4_general_ci;
/*!40101 SET character_set_client = @saved_cs_client */;

--
-- Dumping data for table `risk_reviews`
--

LOCK TABLES `risk_reviews` WRITE;
/*!40000 ALTER TABLE `risk_reviews` DISABLE KEYS */;
INSERT INTO `risk_reviews` VALUES (4,1,'2025-11-25','Scheduled','No Change',NULL,NULL,NULL,1,'Active',NULL,'2026-02-23','No',NULL,'Risk remains active. Controls are effective. Continue monitoring.','2025-11-25 05:28:34','2025-11-25 05:28:34'),(5,2,'2025-11-25','Scheduled','No Change',NULL,NULL,NULL,1,'Active',NULL,'2026-05-24','No',NULL,'Data integrity controls implemented. Regular audits scheduled.','2025-11-25 05:28:34','2025-11-25 05:28:34'),(6,3,'2025-11-25','Scheduled','No Change',NULL,NULL,NULL,1,'Active',NULL,'2026-02-23','No',NULL,'Preventive maintenance program in place. Equipment reliability improved.','2025-11-25 05:28:34','2025-11-25 05:28:34'),(10,1,'2024-01-20','Scheduled','Controls Added','1. Implement enhanced cleaning procedures between batches\n2. Install additional isolation barriers\n3. Train operators on new procedures',3,'2024-01-22',2,'Active','Controls have been implemented to reduce contamination risk. Risk remains active but mitigated.','2024-04-20','No',NULL,'Initial review completed. Risk assessment updated with new control measures. Effectiveness to be monitored.','2025-12-03 21:07:20','2025-12-03 21:07:20'),(11,2,'2024-02-15','Management Review','No Change','1. Continue monitoring compliance metrics\n2. Schedule mock inspection preparation\n3. Review documentation systems',1,'2024-02-16',1,'Active','Risk status unchanged. Ongoing monitoring required.','2024-03-15','No',NULL,'Management review confirms risk remains critical. All compliance systems operational.','2025-12-03 21:07:20','2025-12-03 21:07:20'),(12,84,'2024-02-20','Triggered','Controls Modified','1. Upgrade spill containment systems\n2. Implement new material handling procedures\n3. Conduct emergency response training',1,'2024-02-22',2,'Active','Enhanced controls implemented following incident review.','2024-05-20','No',NULL,'Review triggered by near-miss incident. Additional controls implemented to prevent recurrence.','2025-12-03 21:07:20','2025-12-03 21:07:20');
/*!40000 ALTER TABLE `risk_reviews` ENABLE KEYS */;
UNLOCK TABLES;

--
-- Table structure for table `risk_standards_mapping`
--

DROP TABLE IF EXISTS `risk_standards_mapping`;
/*!40101 SET @saved_cs_client     = @@character_set_client */;
/*!40101 SET character_set_client = utf8 */;
CREATE TABLE `risk_standards_mapping` (
  `mapping_id` int(11) NOT NULL AUTO_INCREMENT,
  `risk_id` int(11) NOT NULL,
  `standard_id` int(11) NOT NULL,
  `relevance_level` enum('Primary','Secondary','Related','Indirect') NOT NULL DEFAULT 'Related' COMMENT 'How directly the standard applies',
  `applicable_sections` text DEFAULT NULL COMMENT 'Specific sections/clauses that apply',
  `compliance_status` enum('Compliant','Non-Compliant','Under Review','Not Applicable','Partial') NOT NULL DEFAULT 'Under Review',
  `notes` text DEFAULT NULL,
  `created_at` timestamp NOT NULL DEFAULT current_timestamp(),
  `updated_at` timestamp NOT NULL DEFAULT current_timestamp() ON UPDATE current_timestamp(),
  `created_by` int(11) DEFAULT NULL,
  PRIMARY KEY (`mapping_id`),
  UNIQUE KEY `unique_risk_standard` (`risk_id`,`standard_id`),
  KEY `idx_risk_id` (`risk_id`),
  KEY `idx_standard_id` (`standard_id`),
  KEY `idx_relevance_level` (`relevance_level`),
  KEY `idx_compliance_status` (`compliance_status`),
  KEY `idx_created_by` (`created_by`),
  CONSTRAINT `risk_standards_mapping_ibfk_created_by` FOREIGN KEY (`created_by`) REFERENCES `people` (`people_id`) ON DELETE SET NULL,
  CONSTRAINT `risk_standards_mapping_ibfk_risk` FOREIGN KEY (`risk_id`) REFERENCES `risk_register` (`risk_id`) ON DELETE CASCADE,
  CONSTRAINT `risk_standards_mapping_ibfk_standard` FOREIGN KEY (`standard_id`) REFERENCES `regulatory_standards` (`standard_id`) ON DELETE CASCADE
) ENGINE=InnoDB AUTO_INCREMENT=15 DEFAULT CHARSET=utf8mb4 COLLATE=utf8mb4_general_ci;
/*!40101 SET character_set_client = @saved_cs_client */;

--
-- Dumping data for table `risk_standards_mapping`
--

LOCK TABLES `risk_standards_mapping` WRITE;
/*!40000 ALTER TABLE `risk_standards_mapping` DISABLE KEYS */;
INSERT INTO `risk_standards_mapping` VALUES (8,1,18,'Primary','Section 8.5.1 - Control of production and service provision','Compliant','Risk directly relates to production control requirements. Current controls ensure compliance.','2025-12-03 21:07:20','2025-12-03 21:07:20',1),(9,1,22,'Primary','Section 7 - Materials Management, Section 8 - Production and In-Process Controls','Compliant','Cross-contamination prevention is a key requirement of ICH Q7.','2025-12-03 21:07:20','2025-12-03 21:07:20',1),(10,2,21,'Primary','Part 211 - Current Good Manufacturing Practice for Finished Pharmaceuticals (all sections)','Compliant','Comprehensive compliance program in place. Regular audits confirm adherence.','2025-12-03 21:07:20','2025-12-03 21:07:20',1),(11,84,19,'Primary','Section 8.2 - Emergency preparedness and response','Compliant','Spill response procedures align with ISO 14001 requirements.','2025-12-03 21:07:20','2025-12-03 21:07:20',2),(12,84,23,'Secondary','Air emissions regulations','Compliant','Chemical spills could impact air quality. Controls prevent emissions.','2025-12-03 21:07:20','2025-12-03 21:07:20',2),(13,85,20,'Primary','Section 8.1.2 - Eliminating hazards and reducing OH&S risks','Under Review','Confined space procedures being updated to align with ISO 45001 requirements.','2025-12-03 21:07:20','2025-12-03 21:07:20',2),(14,3,18,'Related','Section 7.1.5 - Monitoring and measuring resources','Compliant','Equipment maintenance program supports quality management system.','2025-12-03 21:07:20','2025-12-03 21:07:20',3);
/*!40000 ALTER TABLE `risk_standards_mapping` ENABLE KEYS */;
UNLOCK TABLES;

--
-- Table structure for table `risks`
--

DROP TABLE IF EXISTS `risks`;
/*!40101 SET @saved_cs_client     = @@character_set_client */;
/*!40101 SET character_set_client = utf8 */;
CREATE TABLE `risks` (
  `risk_id` int(11) NOT NULL AUTO_INCREMENT,
  `hazard_id` int(11) NOT NULL,
  `risk_description` text NOT NULL,
  `likelihood_before` int(11) DEFAULT NULL CHECK (`likelihood_before` between 1 and 5),
  `severity_before` int(11) DEFAULT NULL CHECK (`severity_before` between 1 and 5),
  `likelihood_after` int(11) DEFAULT NULL CHECK (`likelihood_after` between 1 and 5),
  `severity_after` int(11) DEFAULT NULL CHECK (`severity_after` between 1 and 5),
  `risk_rate_before` int(11) GENERATED ALWAYS AS (`likelihood_before` * `severity_before`) STORED,
  `risk_rate_after` int(11) GENERATED ALWAYS AS (`likelihood_after` * `severity_after`) STORED,
  `exposure_before` tinyint(4) DEFAULT NULL,
  `exposure_after` tinyint(4) DEFAULT NULL,
  `detectability_before` tinyint(4) DEFAULT NULL,
  `detectability_after` tinyint(4) DEFAULT NULL,
  PRIMARY KEY (`risk_id`),
  KEY `hazard_id` (`hazard_id`),
  KEY `idx_risks_hazard` (`hazard_id`),
  CONSTRAINT `risks_ibfk_1` FOREIGN KEY (`hazard_id`) REFERENCES `hazards` (`hazard_id`) ON DELETE CASCADE
) ENGINE=InnoDB AUTO_INCREMENT=4 DEFAULT CHARSET=utf8mb4 COLLATE=utf8mb4_general_ci;
/*!40101 SET character_set_client = @saved_cs_client */;

--
-- Dumping data for table `risks`
--

LOCK TABLES `risks` WRITE;
/*!40000 ALTER TABLE `risks` DISABLE KEYS */;
INSERT INTO `risks` VALUES (1,2,'',NULL,NULL,NULL,NULL,NULL,NULL,NULL,NULL,NULL,NULL),(3,4,'Risk for: asas',2,5,1,2,10,2,NULL,NULL,NULL,NULL);
/*!40000 ALTER TABLE `risks` ENABLE KEYS */;
UNLOCK TABLES;

--
-- Table structure for table `rolepermissions`
--

DROP TABLE IF EXISTS `rolepermissions`;
/*!40101 SET @saved_cs_client     = @@character_set_client */;
/*!40101 SET character_set_client = utf8 */;
CREATE TABLE `rolepermissions` (
  `RoleID` int(11) NOT NULL,
  `PermissionID` int(11) NOT NULL,
  PRIMARY KEY (`RoleID`,`PermissionID`),
  KEY `PermissionID` (`PermissionID`),
  KEY `idx_rolepermissions_roleid` (`RoleID`),
  KEY `idx_rolepermissions_permissionid` (`PermissionID`),
  CONSTRAINT `fk_rolepermissions_permission` FOREIGN KEY (`PermissionID`) REFERENCES `permissions` (`PermissionID`) ON DELETE CASCADE ON UPDATE CASCADE,
  CONSTRAINT `fk_rolepermissions_role` FOREIGN KEY (`RoleID`) REFERENCES `roles` (`RoleID`) ON DELETE CASCADE ON UPDATE CASCADE
) ENGINE=InnoDB DEFAULT CHARSET=utf8mb4 COLLATE=utf8mb4_general_ci;
/*!40101 SET character_set_client = @saved_cs_client */;

--
-- Dumping data for table `rolepermissions`
--

LOCK TABLES `rolepermissions` WRITE;
/*!40000 ALTER TABLE `rolepermissions` DISABLE KEYS */;
INSERT INTO `rolepermissions` VALUES (1,1),(1,2),(1,3),(1,4),(1,5),(2,1),(2,2),(2,5),(3,1);
/*!40000 ALTER TABLE `rolepermissions` ENABLE KEYS */;
UNLOCK TABLES;

--
-- Table structure for table `roles`
--

DROP TABLE IF EXISTS `roles`;
/*!40101 SET @saved_cs_client     = @@character_set_client */;
/*!40101 SET character_set_client = utf8 */;
CREATE TABLE `roles` (
  `RoleID` int(11) NOT NULL AUTO_INCREMENT,
  `RoleName` varchar(100) NOT NULL,
  `Description` text DEFAULT NULL,
  PRIMARY KEY (`RoleID`)
) ENGINE=InnoDB AUTO_INCREMENT=8 DEFAULT CHARSET=utf8mb4 COLLATE=utf8mb4_general_ci;
/*!40101 SET character_set_client = @saved_cs_client */;

--
-- Dumping data for table `roles`
--

LOCK TABLES `roles` WRITE;
/*!40000 ALTER TABLE `roles` DISABLE KEYS */;
INSERT INTO `roles` VALUES (1,'Admin','Administrator role with full access'),(2,'Manager','Manager role with limited access'),(3,'Employee','Employee role with basic access'),(4,'Admin',NULL),(5,'Manager',NULL),(6,'Viewer',NULL),(7,'Permit','Permit User');
/*!40000 ALTER TABLE `roles` ENABLE KEYS */;
UNLOCK TABLES;

--
-- Table structure for table `sop_data`
--

DROP TABLE IF EXISTS `sop_data`;
/*!40101 SET @saved_cs_client     = @@character_set_client */;
/*!40101 SET character_set_client = utf8 */;
CREATE TABLE `sop_data` (
  `id` int(11) NOT NULL AUTO_INCREMENT,
  `Doc_Numb` varchar(100) DEFAULT NULL,
  `SOP_Title` varchar(255) DEFAULT NULL,
  `File` varchar(100) DEFAULT NULL,
  `Owner` varchar(100) DEFAULT NULL,
  `Prepared_By` varchar(100) DEFAULT NULL,
  `Reviewed_By` text DEFAULT NULL,
  `Approved_By` varchar(100) DEFAULT NULL,
  `Effective_Date` date DEFAULT NULL,
  `Next_Review_Date` date DEFAULT NULL,
  `Supersedes` varchar(50) DEFAULT NULL,
  `Key_Points` text DEFAULT NULL,
  `Definitions` text DEFAULT NULL,
  `Purpose` text DEFAULT NULL,
  `Scope` text DEFAULT NULL,
  `Responsibilities` text DEFAULT NULL,
  `History` text DEFAULT NULL,
  `ref` text DEFAULT NULL,
  PRIMARY KEY (`id`)
) ENGINE=InnoDB AUTO_INCREMENT=120 DEFAULT CHARSET=utf8mb4 COLLATE=utf8mb4_general_ci;
/*!40101 SET character_set_client = @saved_cs_client */;

--
-- Dumping data for table `sop_data`
--

LOCK TABLES `sop_data` WRITE;
/*!40000 ALTER TABLE `sop_data` DISABLE KEYS */;
INSERT INTO `sop_data` VALUES (1,'EHS-004E','Environmental, Health & Safety & Energy Audit & Inspection Procedure','EHS-004 Audit Procedure.pdf','Amanda Power EHS','Amanda Power EHS','Mark Smyth, Engineering','John O\'Dwyer, EHS','2021-10-02','2024-07-04','EHS-004D','This procedure verifies compliance with EHS and Energy Policies, Procedures, and Legislation. It determines the effectiveness of the EHS and Energy management systems.','- Amneal Ireland: Amneal Ireland Limited, Cahir Road, Cashel, Co. Tipperary, Ireland.\n- Systems Audit: Detailed examination of processes, conditions, or systems related to ISO14001, ISO45001, and ISO50001.\n- Operational Audit: Detailed examination of SEUs (Significant Energy Users).\n- EHS: Environmental, Health, and Safety.\n- CAPA: Corrective Action Preventative Action.','To verify compliance with Environment, Health, Safety, and Energy Policies, Procedures, and Legislation. To determine the effectiveness of the EHS and Energy management systems.','Covers the elements of the EHS and Energy Management Systems and the requirements of ISO14001:2015, ISO45001:2018, and ISO50001:2018.','- EHS and Facilities: Implementation and maintenance of the EHS and Energy procedure.\n- Internal Audit Team: Carry out system audits.\n- Management Group: Ensure corrective actions are completed on time.','- EHS-004: First Issued.\n- EHS-004A: Editorial changes to include ISO14001:2015 requirements.\n- EHS-004B: Updated to include Energy policy.\n- EHS-004C: Updated to include ISO45001:2018 and ISO50001:2018.\n- EHS-004D: Definitions added for Operational Audit and SME.\n- EHS-004E: Updated to remove reference to Action Management Software.','- FM-EHS-010: Area Inspection Checklist.\n- FM-EHS-011: Internal EHS Audit Report.\n- FM-EHS-012: SEU Energy Operational Audit Checklist.'),(2,'EHS-001A','Permit to Work','EHS-001 Permit to Work Procedure.pdf',NULL,NULL,NULL,NULL,'2021-07-07',NULL,NULL,'- Defines the permit-to-work system for safe execution of critical tasks.\n- Covers tasks like confined space entry, hot work, working at height, and electrical work.\n- Requires risk assessments, method statements, and approvals before work begins.','- **Permit Approver**: Individual authorized to approve permits.\n- **Permit User**: Competent person supervising the work.\n- **Hot Work**: Work producing sparks, flames, or ignition sources.\n- **Lock Out/Tag Out**: Procedures to isolate energy sources.\n- **Critical Safe Work**: Tasks like confined space entry, hot work, and working at height.','To ensure safe execution of critical tasks through a permit-to-work system, minimizing risks and ensuring compliance with safety standards.','Applies to all critical tasks requiring permits, including confined space entry, hot work, working at height, and electrical work.','- **Permit User**: Completes risk assessments, ensures safe work execution.\n- **Permit Approver**: Reviews and approves permits.\n- **Area Owner**: Coordinates work activities and ensures safety.\n- **EHS Engineer**: Audits the permit-to-work system.','- **Revision 0**: First Issued.\n- **Revision A (07-Jul-2021)**: Updated template, form references, and permit validity to 7 days.','- EHS-001.F01-00: Confined Space Permit to Work.\n- EHS-001.F02-00: Hot Work Permit.\n- EHS-001.F03-00: Working at Heights Permit.\n- EHS-001.F04-00: General Work Permit.\n- EHS-001.F05-00: Line Breaking & Isolation Permit.\n- EHS-001.F06-00: Energised Electrical Work Permit.\n- EHS-001.F07-00: Excavating and Trenching Permit.\n- EHS-001.F08-00: Crane Operations Permit.'),(3,'EHS-011A','Identification & Review of Environment, Health & Safety Legislative and Other Requirements','EHS-011 EHS Legislative.pdf','Rebecca Toomey, EHS','Rebecca Toomey, EHS',NULL,NULL,'2019-04-17',NULL,'EHS-011','- Identifies and reviews relevant Irish and EU legislation.\n- Maintains a legal register for compliance.\n- Ensures compliance with planning permissions, permits, and licenses.\n- Conducts annual reviews of EHS legislative compliance.',NULL,'To identify and review relevant Irish and EU legislation, planning permissions, permits, and licenses to ensure compliance with EHS requirements.','Applies to all EHS legislative and regulatory requirements relevant to Amneal Ireland, including planning permissions, permits, and licenses.','- **EHS Department**: Responsible for maintaining the EHS Legal Register, reviewing changes, and ensuring compliance.\n- **Antaris**: Assists in the annual review of legislative requirements.','- **EHS-011**: First Issued.\n- **EHS-011A (17-Apr-19)**: Changed \"EHS Manager\" to \"EHS Department.\"','- Pegasus Legal Register (WWW.PegasusLegalRegister.com)'),(4,'EHS-012','Chemical Risk Assessment','EHS-012 Chemical Risk Assessment.pdf','Pearse Moroney EHS','Pearse Moroney EHS','Dover EHS','John O\'Sullivan QC','2017-01-01',NULL,'N/A','- Describes the procedure for risk assessment of hazardous chemicals.\n- Communicates chemical risks to employees.\n- Establishes a program for periodic employee exposure monitoring.','- **EHS Specialist**: A trained person knowledgeable about chemical properties and health effects.\n- **Site Leader**: Person responsible for EHS on site.\n- **Hazardous Chemical**: Any chemical that can cause harm.\n- **Exposure**: Contact with chemicals through skin, inhalation, ingestion, or injection.\n- **OELV (Occupational Exposure Limit Value)**: Air concentration limits for safe exposure.','To assess risks associated with hazardous chemicals, communicate these risks to employees, and establish a program for periodic exposure monitoring.','Applies to the use of hazardous chemicals at the Amneal Ireland facility.','- **Site Leader**: Designates a qualified person to coordinate chemical risk assessments and exposure monitoring.\n- **EHS Specialist**: Ensures risk assessments are carried out for existing and new hazardous chemicals.','- **EHS-012**: First Issued.','- EHS-005 Chemical Substance Management.\n- ES-009 Risk Management.\n- FM-EHS-011-00 Chemical Risk Assessment form.\n- Chemical Agent Code of Practice 2016.'),(5,'EHS-013','Use of Amneal Ireland Company Vehicles','EHS-013 Use of Company Vehicles.pdf','John O\'Dwyer, EHS','John O\'Dwyer, EHS','Kieran O\'Brien, Finance; Zita O\'Rourke, HR','John Reardon, Engineering','2020-01-01',NULL,'N/A','- Establishes procedures for the use of Amneal Ireland\'s owned or leased vehicles.\n- Ensures safe operation on public roadways, private property, and Amneal property.\n- Requires drivers to maintain valid licenses and report incidents promptly.','- **Amneal Ireland**: Amneal Ireland Limited, Cahir Road, Cashel, Co. Tipperary, Ireland.\n- **EHS**: Environmental, Health, and Safety.\n- **HR**: Human Resources.\n- **Authorised Persons**: Personnel authorised to operate Amneal Ireland owned or leased vehicles.','To establish procedures for the safe use of Amneal Ireland\'s owned or leased vehicles, ensuring compliance with local regulations and safe driving practices.','Applies to the operation of Amneal Ireland owned or leased vehicles on public roadways, private property, and Amneal property. Excludes specialized off-road equipment like forklifts.','- **Authorised Drivers**: Maintain valid licenses, report incidents, and comply with local regulations.\n- **Department Management**: Qualify and authorise employees for vehicle operation.\n- **EHS Department**: Establish safe operation procedures and investigate incidents.\n- **Maintenance Department**: Ensure vehicles are roadworthy.\n- **Finance Department**: Manage vehicle procurement and insurance.\n- **HR Department**: Maintain medical details and a register of authorised drivers.','- **EHS-013**: First Issued.','- EHS-013.F01-00: Use of Amneal Ireland Company Vehicles Authorisation Form.\n- EHS-013.F01-02: Use of Amneal Ireland Company Vehicles Authorised Users Log.\n- EHS-013.F01-03: Use of Amneal Ireland Company Vehicles Log.\n- ES-008: Reporting and Investigation of Accident, Incident, Near Miss, and Dangerous Occurrence.'),(6,'EHS-014','Movement of Hazardous Liquid Waste to External Site Storage','EHS-014 Movement of Hazardous Liquid to External Site Storage.pdf','Melanie Hayden, QC/ARD','Melanie Hayden, QC/ARD','John O\'Dwyer, EHS','John O\'Sullivan, QC/ARD','2020-01-01',NULL,'N/A','- Describes procedures for moving hazardous liquid waste to external storage.\n- Ensures safe handling and transport of hazardous liquids.\n- Requires proper labeling, PPE, and secondary containment.','- **SOP**: Standard Operating Procedure.\n- **QC/ARD**: Quality Control/Analytical Research and Development.\n- **PPE**: Personal Protective Equipment.\n- **IPA**: Isopropanol.\n- **API**: Active Pharmaceutical Ingredient.\n- **EHS**: Environment, Health, and Safety.\n- **EHS Specialist**: A trained person knowledgeable about chemical properties and health effects.\n- **Site Leader**: Person responsible for EHS on site.','To establish procedures for the safe movement of hazardous liquid waste from the QC/ARD Laboratory, Production, and Maintenance Departments to external storage areas at Amneal Ireland.','Applies to the movement of hazardous liquid waste within Amneal Ireland, including proper handling, labeling, and transport to external storage.','- **Departmental Personnel**: Follow the procedures outlined in the SOP.\n- **QC/ARD and Warehouse Teams**: Log the movement of liquid waste and maintain records.\n- **EHS Specialist**: Ensure compliance with safety standards.','- **EHS-014**: First Issued.',NULL),(7,'EHS-017A','Energy Objectives and Targets','EHS-017A Energy Objectives and Targets.pdf','Amanda Power, EHS','Amanda Power, EHS','Mark Smyth, Engineering','John O\'Dwyer, EHS','2021-01-01',NULL,'EHS-017','- Establishes methods for setting and monitoring Energy Objectives and Targets.\n- Ensures continual improvement of the Energy Management System (EnMS).\n- Aligns with ISO 50001:2018 requirements.','- **Amneal Ireland**: Amneal Ireland Limited, Cahir Road, Cashel, Co. Tipperary, Ireland.\n- **Energy Objective or Target**: A goal set by the company consistent with the Energy Policy and EnMS.\n- **EnMS**: Energy Management System.\n- **SEUs**: Significant Energy Users.\n- **Energy Audits**: Scheduled audits of the Energy Management System.','To specify the method for setting Energy Objectives and Targets and to monitor their effectiveness, ensuring continual improvement of the Energy Management System (EnMS).','Applies to Amneal Ireland personnel involved in setting, reviewing, and achieving Energy Objectives and Targets in line with ISO 50001:2018 requirements.','- **Facilities Department**: Develops and assesses Energy Objectives and Targets in conjunction with Site Management and the Energy Management Team.\n- **Site Management**: Works with the Facilities Engineer to develop Energy Objectives and Targets.','- **EHS-017**: First Issued.\n- **EHS-017A**: SOP and forms transferred to a new template.','- Energy Manual.\n- Energy Policy.'),(8,'EHS-018A','Energy Record Control Policy','EHS-018A Energy Record Control Policy.pdf','Amanda Power, EHS','Amanda Power, EHS','Mark Smyth, Engineering','John O\'Dwyer, EHS','2021-01-01',NULL,'EHS-018','- Describes the approach for controlling and retaining Energy-related documented information.\n- Ensures compliance with ISO 50001:2018 requirements.\n- Energy records must be retained for the lifetime of the site.','- **Amneal Ireland**: Amneal Ireland Limited, Cahir Road, Cashel, Co. Tipperary, Ireland.\n- **EHS**: Environmental, Health, and Safety.\n- **EnMS**: Energy Management System.\n- **Energy Records**: Documents or data (manual or electronic) that provide evidence of energy activities and compliance with regulations.\n- **Documented Information**: Information required to be controlled and retained, including processes, operational documentation, and records.','To describe the approach for controlling and retaining Energy-related documented information at the Amneal Ireland Cashel facility, ensuring compliance with ISO 50001:2018.','Applies to the storage and retention of records and documented information related to the ISO 50001:2018 Management Systems at Amneal Ireland.','- **Facilities Department**: Implements and maintains the procedure, controls equipment maintenance, calibration, and safety assessments.\n- **EHS Department**: Assists the Facilities Department in controlling records and documented information.','- **EHS-018**: First Issued.\n- **EHS-018A**: SOP and forms transferred to a new template.','- ISO 50001:2018.\n- QM-009: Document Storage and Retention.\n- QM-013: Change Control System.'),(9,'EHS-019B','Identification & Review of Energy Legislative and Other Requirements','EHS-019B Identification and Review of Energy Legislative and Other Requirements.pdf','John O\'Dwyer, EHS','John O\'Dwyer, EHS',NULL,'William Moore, Engineering',NULL,NULL,'EHS-019A','- Specifies the method for maintaining, updating, and reviewing the Energy Legal Register.\n- Ensures compliance with Energy legislative and other requirements.\n- Uses Red-on-line for legal register updates.','- **Amneal Ireland**: Amneal Ireland Limited, Cahir Road, Cashel, Co. Tipperary, Ireland.\n- **Antaris**: The licensee provider of the Red-on-line Legal Register.','To ensure Amneal Ireland is fully familiar with its Energy legislative and other requirements by maintaining, updating, and reviewing the Energy Legal Register.','Applies to all legislative, regulatory, and other policy requirements related to Energy aspects at Amneal Ireland Cashel.','- **EHS Department**: Communicates codes of practice and monitors compliance with Energy legislative obligations.\n- **Facilities Department**: Ensures awareness of current legislation and addresses actions arising from the legal register.','- **EHS-019**: First Issued.\n- **EHS-019A**: SOP and forms transferred to a new template.\n- **EHS-019B**: Updated references to Red-on-line and removed references to Pegasus.','- Red-on-line Legal Register (Red-on-line | EHS Solutions (hse-compliance.net)).'),(10,'EHS-020B','Energy Efficient Procurement','EHS-020B Energy Efficient Procurement.pdf','Amanda Power, EHS','Amanda Power, EHS','Jolly O\'Dover, EHS','Mark Smyth, Engineering',NULL,NULL,'EHS-020A','- Outlines the procedure for energy-efficient procurement of energy and SEU equipment.\n- Ensures procurement aligns with energy efficiency goals and regulatory requirements.\n- Considers whole-life costs and environmental impacts of SEUs.','- **Amneal Ireland**: Amneal Ireland Limited, Cahir Road, Cashel, Co. Tipperary, Ireland.\n- **EHS**: Environmental, Health, and Safety.\n- **Energy Procurement**: Procurement of electricity and gas.\n- **EnMS**: Energy Management System.\n- **EMS**: Energy Monitoring System.\n- **SOP**: Standard Operating Procedure.\n- **HVAC**: Heating, Ventilation, Air Conditioning.\n- **SEU**: Significant Energy User.','To outline the procedure for the energy-efficient procurement of both energy and SEU equipment, ensuring alignment with energy efficiency goals and regulatory requirements.','Applies to the procurement of Significant Energy Users (e.g., boilers, chillers, compressors, HVAC units) and energy at Amneal Ireland Limited.','- **Employees**: Investigate energy-efficient options for SEUs.\n- **Facilities Department**: Handle energy procurement, maintain contact with energy efficiency agencies, and ensure SOP compliance.\n- **EHS Department**: Advise on SEU purchases and consider environmental impacts.\n- **Finance Department**: Assist in the SEU procurement process.','- **EHS-020**: First Issued.\n- **EHS-020A**: Updated to remove reference to EHS-015 and include reference to PROC-001.\n- **EHS-020B**: SOP and forms transferred to a new template.','- PROC-001: Procurement to Payment Procedure.'),(11,'EHS-021A','Operation of the Energy Monitoring System (EMS)','EHS-021 Operation of the Energy Monitoring System (EMS).pdf','Amneal Ireland Limited','Amanda Power, EHS','Ann Clowyer, EHS','Mark Smyth, Engineering','2021-07-01','2024-12-07','EHS-021','The procedure describes the steps required to operate the EMS system, including user access levels, baselines, alarms, and preventative maintenance.','Amneal Ireland: Amneal Ireland Limited, Cahir Road, Cashel, Co. Tipperary, Ireland; EHS: Environmental, Health and Safety; BMS: Building Management System; EnMS: Energy Management System; EMS: Energy Monitoring System; SOP: Standard Operating Procedure; HVAC: Heating, Ventilation, Air Conditioning; SEU: Significant Energy User; Maximo: On-site Computer Maintenance Management System','The purpose of this SOP is to describe the guidelines for the operation of the Energy Monitoring System (EMS).','This SOP will be used by all personnel who are involved in the operation of the EMS system.','Facilities Department: Responsible for the operation and maintenance of the EMS, performing ongoing checks, and ensuring maintenance is completed. EHS Department: Advise on out-of-specification occurrences and assist in considering environmental effects. IT Department: Complete necessary maintenance through the BMS server maintenance plan.','EHS-021: First Issued; SOP and Forms transferred to new Management Software; Removed reference to Action.','N/A'),(13,'EHS-003A','Environmental Aspects and Impacts','EHS-003 Environmental Aspects and Impacts.pdf','Amneal Ireland Limited','Pearse Moroney, EHS','John O\'Dwyer, EHS','John Reardon, Engineering','2021-04-02','2023-04-03','EHS-003','The procedure provides a system to identify environmental aspects and their impacts, assess their significance, and prioritize actions to mitigate impacts.','Amneal Ireland: Amneal Ireland Limited, Cahir Road, Cashel, Co. Tipperary, Ireland; Change Control: A documented account of a change to be made to equipment or process; Environmental Aspect: An element of the Site activities, products, or services that can interact with the environment; Environmental Impact: Any changes to the environment, whether adverse or beneficial, wholly or partially resulting from the Site\'s activities, products, or services; Aspects/Impacts Register: Register which rates the impacts of each aspect on the environment; EHS: Environmental, Health and Safety.','The purpose of this procedure is to provide a system to identify environmental aspects of the Amneal Ireland Cashel facility\'s activities, products, and services and their impact on the environment, to enable the site to consider actions to mitigate these impacts and comply with ISO 14001:2015.','This SOP applies to all current and past activities, products, and services or new developments, or new or modified activities, to identify those which have a significant impact on the environment.','EHS Manager: Ensures the Aspects/Impacts register is reviewed and updated, and significant environmental aspects are prioritized in the annual objectives discussion during management review.','EHS-003: First Issued; EHS-003A: Editorial changes to include ISO 14001:2015 requirements, clarified frequency of occurrence score, removed activity and score from summary list, removed lead from potential negative impacts, clarified which management of change documents are reviewed, added risks and opportunities section.','ISO 14001:2015; QM-013 Change Control System'),(14,'EHS-005','CHEMICAL SUBSTANCE MANAGEMENT','EHS-005 Chemical Substance Management.pdf','Amneal Ireland Limited','Pearse Moroney EHS',NULL,NULL,NULL,NULL,NULL,'Chemical Inventory Database, Safety Data Sheets (SDS), Labelling, Purchase of Chemicals, Chemical Compatibility, Handling and Storage, Contractors',NULL,'To manage chemical substances safely and ensure compliance with regulations.','Applies to all chemical substances used or stored on site.','EHS, PO requestors, Vendors, Contractors, Project Managers','• Removed tables containing internal and external issues and included as Appendices • Removed tables containing interested parties and included as Appendices • Updated Appendices numbers • Added reference to ISO standard clauses to Chapter titles • Updated Reviewers','ES-006 Spill Response Procedure, Chemical Risk Assessment form'),(15,'EHS-006B','ENVIRONMENTAL HEALTH & SAFETY OBJECTIVES','EHS-006B Environmental Health and Safety Objectives and Targets.pdf','Amneal Ireland Limited','Rebecca Toomey, EHS','Amanda Power, EHS','John O\'Dwyer, EHS',NULL,NULL,'EHS-006A','Objectives and Targets shall be established considering operational and business requirements, EHS Policy, compliance obligations, significant environmental aspects, environmental risks and opportunities, Safety Statement, and risk assessments. Each objective shall have an owner, required resources, and effective date. Objectives are reviewed and updated as needed.','Amneal Ireland - Amneal Ireland Limited Cahir Road, Cashel, Co. Tipperary, Ireland. EHS Objective - a goal consistent with the site EHS policy and arising from the site environmental review or Occupational Health and Safety performance.','To specify the method by which Environment Health and Safety objectives are set and how their effectiveness is monitored to ensure continual improvement in the EHS management system.','Applies to Amneal Ireland personnel involved in setting, specifying, reviewing, and achieving EHS objectives in line with legislative and significant aspects and the requirements of ISO14001:2015 and ISO45001:2018.','EHS Manager - Develop site EHS Objectives with the Site Director and ensure regular assessment. Site Director - Develop EHS Objectives with the EHS Manager.','EHS-006 - First Issued. EHS-006A (09-Mar-2018) - Editorial changes to include ISO14001:2015 requirements, EHS Specialist replaced by EHS Manager, Targets removed, definition of EHS objective modified, environmental risks and opportunities added, required resources included. EHS-006B (17-Apr-19) - OHSAS18001:2007 changed to ISO45001:2018.','Aspects and Impacts Register, EHS Policy, Amneal Risk assessment folder'),(16,'EHS-007A','ENVIRONMENT, HEALTH & SAFETY COMMUNICATION AND COMPLAINT PROCEDURE','EHS-007A Environmental Health & Safety Communication & Compliant Procedure.pdf','Amneal Ireland Limited','Pearse Moroney, EHS','John O\'Dwyer, EHS','Gerold McDermott, Site Director',NULL,NULL,'EHS-007','Internal communication encourages employee participation in EHS practices, risk assessments, and incident investigations. External complaints are handled through a formal procedure, with forms retained for three years. EHS information is communicated via intranet, noticeboards, and monthly meetings.','Amneal Ireland - Amneal Ireland Limited Cahir Road, Cashel, Co. Tipperary, Ireland. EHS - Environmental, Health and Safety.','To describe the procedure for handling EHS-related communications and external complaints.','Applies to all EHS communications and external complaints received at the Amneal Ireland facility.','EHS Department - Maintain the procedure and handle external complaints. Employees and Security - Direct external complaints to the Site Director via EHS. Site Director - Approve responses to external complaints.','EHS-007 - First Issued. EHS-007A (09-Mar-2018) - Editorial changes to include ISO14001:2015 requirements, noted use of intranet for internal EHS communication, and retention of complaint forms for 3 years.','FM-EHS-009-00 External Communication and Complaint form, Emergency Response Plan'),(17,'EHS-008C','ENVIRONMENT, HEALTH & SAFETY & ENERGY MANAGEMENT REVIEW','EHS-008C EHS Management Review.pdf','Amneal Ireland Limited','Amanda Power, EHS','Mark Smyth, Engineering','John C Dover, EHS',NULL,NULL,'EHS-008B','EHS and Energy Management Review meetings are held annually to assess the suitability, adequacy, and effectiveness of the site EHS and Energy program. The review considers action items, compliance obligations, significant environmental aspects, risks, opportunities, and energy performance. Minutes are retained for 3 years.','Amneal Ireland - Amneal Ireland Limited Cahir Road, Cashel, Co. Tipperary, Ireland. EHS - Environmental, Health and Safety. Management Review - A forum for discussion and improvement of EHS and Energy performance. EMS - Environmental Management System.','To describe the procedure for the Environment, Health and Safety, and Energy Management Review program at the Amneal Ireland Cashel facility.','Applies to all EHS and Energy Management Review meetings conducted at the Amneal Ireland Cashel facility.','EHS and Facilities - Ensure annual review meetings, provide necessary documentation, and retain meeting minutes for 3 years. Senior Leadership Team - Attend meetings, participate in discussions, and follow up on action items.','EHS-008 - First Issued. EHS-008A (08-Mar-2018) - Editorial changes to include ISO14001:2015 requirements, replaced Specialist with Manager, and added discussion items. EHS-008B (18-Apr-2019) - Added Energy to EHS references, included Facilities Engineer, and added energy-related discussion items. EHS-008C - SOP and forms transferred to a new template, titles reworded.','EHS Policy, Aspects Impacts Register'),(18,'EHS-009B','PREPARATION AND CONTROL OF ENVIRONMENT, HEALTH & SAFETY STANDARD OPERATING PROCEDURES','EHS-009B Preperation and Control of EHS SOP\'s.pdf','Amneal Ireland Limited','Rebecca Toomey, EHS',NULL,NULL,NULL,NULL,NULL,'EHS documents are developed, implemented, and maintained in compliance with ISO 45001:2018 and ISO 14001:2015. Only soft copies are retained, with master documents stored in the \'EHS Integrated procedures\' folder. Obsolete documents are retained by EHS.',NULL,'To outline the procedure for preparing and controlling Environment, Health, and Safety Standard Operating Procedures.','Applies to the development, implementation, and maintenance of EHS documents in compliance with ISO standards.','EHS function - Develop, implement, and maintain documents. Engineering Director or designee - Approve new and revised documents.','EHS-009 - First Issued. EHS-009A (09-Mar-2018) - Editorial changes to include ISO14001:2015 requirements, added definition of SOP, and replaced Engineering Manager with Engineering Director or designee. EHS-009B (17-Apr-19) - Changed OHSAS18001:2007 to ISO45001:2018.','QM-001 Preparation and Control of Standard Operating Procedures'),(19,'EHS-010B','ENVIRONMENT, HEALTH, SAFETY & ENERGY RECORD CONTROL POLICY','EHS-010B EHS Record Retention Policy.pdf','Amneal Ireland Limited','Rebecca Toomey, EHS','Mark Smyth, Engineering','John O’Dwyer, EHS','2021-07-01','2024-01-06','EHS-010A','Documents required by the company and by ISO45001:2018, ISO14001:2015, and ISO50001:2018 Management Standards shall be stored and retained in the EHS Department and Document Control Centre for the retention period defined in Table 1.','Amneal Ireland: Amneal Ireland Limited Cahir Road, Cashel, Co. Tipperary, Ireland.\nEHS-Environmental, Health and Safety\nErgo-ergonomic\nHealth and safety Records - Any document in which data is held or stored manually or electronically.\nDocumented information – The Environmental Information required to be controlled and retained by Amneal including processes related to the Environmental Management System, operational documentation (including procedures) and records stating results and providing evidence of activities performed.','The purpose of this document is to describe the approach for controlling and retaining Environmental, Health, Safety & Energy documented information at the Amneal Ireland Cashel facility.','Amneal Ireland have established this policy to control on-site storage and retention of records and documented information that relates to the ISO45001:2018, ISO14001:2015 and ISO50001:2018 Management Systems and the requirements therein.','The EHS Department is responsible for the implementation and maintenance of this procedure and control of certain records and documented information.\nThe Engineering Department is responsible for the control of equipment maintenance, calibration and safety assessments in conjunction with relevant departments and control of certain records and documented information.\nThe Human Resources(HR) Department is responsible for the control of all employee Medical and Occupational Health records. Information on competence and job specific training is shared between the HR department and the EHS team.','EHS-010 - First Issued\nEHS-010A - 08-Mar-2018 - Editorial change to include the standard requirements identified in ISO14001:2015\nEHS-010B - 17-Apr-19 - Updated to include ISO50001:2018 throughout. OHSAS18001:2007 replaced with ISO45001:2018.','International Standard ISO45001:2018\nInternational Standard ISO14001:2015\nInternational Standard ISO50001:2018\nQM-009 Document Storage and Retention'),(20,'ES-001J','MATERIAL DESTRUCTION AND WASTE MANAGEMENT PROCEDURE','ES-001J IMaterial Destruction & Waste Management Procedure.pdf','Amneal Ireland Limited','Olivier Gras','Eoghan Walshe, Katherine Russell','Kuddeep Joshi','2024-07-02','2027-07-20','ES-001I','The procedure outlines the management and disposal of hazardous, non-hazardous, biological, and contaminated waste, including material destruction. It includes steps for waste segregation, labeling, and disposal, as well as responsibilities for different departments.','API: Active Pharmaceutical Ingredient, DGSA: Dangerous Goods Safety Advisor, EWC: European Waste Catalogue, IPA: Isopropyl Alcohol, PPE: Personal Protective Equipment, IBC: Intermediate Bulk Containers, SOP: Standard Operating Procedure, WTF: Waste Transfer Form, TSDF: Treatment, Storage & Disposal Facility, Waste: A material, substance or by-product eliminated or discarded as no longer useful, Contaminated Waste: Impure waste by exposure to or addition of a harmful, poisonous or polluting substance, Hazardous Waste: Any waste which by reason of any of its physical, chemical, reactive, toxic, flammable, explosive or corrosive characteristics causes danger or is likely to cause danger to health or environment, Biological Waste: Any material that contains or has been contaminated by a biohazardous agent, Bio Medical Waste: Discarded medicines including damaged or rejected filled containers, PM: Preventative maintenance, EHS: Environmental, Health and Safety, QC/ARD: Quality Control/Analytical Research and Development, Halogenated Waste: Organic solvent waste containing halogenic atoms, Non-Halogenated Waste: All other solvents not mentioned in section 4.18, Amneal Ireland: Amneal Ireland Limited Cahir Road, Cashel, Co. Tipperary, Ireland, PD Lab: Product Development Laboratory, Ullage: Loss of liquid, by evaporation or leakage.','To describe the procedure for the effective management and disposal of all hazardous, non-hazardous, biological, and contaminated waste and waste packing materials generated by the Amneal Ireland facility in accordance with local regulations and corporate requirements.','This Procedure applies to the management of waste generated at the Amneal Ireland facility.','Each employee is responsible for the correct segregation and in-house disposal of non-hazardous waste streams. Project Managers ensure contractor compliance. Departments manage waste labeling, segregation, and packaging. Manufacturing transfers waste to the airlock. Contract cleaners handle waste movement and decanting. Warehouse personnel collect and store waste. QC/ARD/PD and Microbiology Laboratory personnel manage specific waste types. EHS oversees overall waste management, appoints licensed contractors, and maintains documentation.','ES-001: 26-Apr-2016 - First Issued, ES-001A: 17-Feb-2017 - Updated text, replaced C1 form with WTF, removed DGSA reference, added new points, updated Table 1, ES-001B: 07-Apr-2017 - Added driver\'s name, updated Table 1, ES-001C: 02-Feb-2018 - Added instructions for labeling and waste log, updated Table 1, ES-001D: 29-Mar-2018 - Updated waste transfer form retention, added torque instruction, updated Table 1, ES-001E: 30-Oct-2018 - Added Microbiology Laboratory responsibilities, updated Table 1, ES-001F: 29-Mar-2019 - Updated template, definitions, and responsibilities, updated Table 1, ES-001G: 15-Mar-2022 - Updated logo and template, ES-001H: 22-Jun-2022 - Added PD Lab, updated Table 1, ES-001I: 05-Oct-2023 - Updated decanting instructions, reviewed Table 1, ES-001J: 31-Jul-24 - Updated FM-ES-006.','FM-ES-006: Hazardous waste consignment check list, FM-ES-001: Internal Waste Log, FM-ES-002: Waste Identification label'),(21,'ES-002C','OPERATION, CLEANING AND STORAGE OF POWERED AIR PURIFYING RESPIRATORS','ES-002C Op, Clean & Storage of Powered Air Purifying Respirators.pdf','Amneal Ireland Limited','Olivier Gras','Liam O’Gorman, Matread Ryan','Kuldeep Joshi',NULL,NULL,'ES-002B','The procedure outlines the operation, cleaning, and storage of Powered Air Purifying Respirators (PAPRs) and personal hoods. It includes hazard identification, risk assessment, selection, and proper use of PAPRs, as well as cleaning and storage protocols.','Amneal Ireland: Amneal Ireland Limited Cahir Road, Cashel, Co. Tipperary, Ireland, Control or Control measures: A process, policy, device, practice or action designed to eliminate or minimize a risk, PAPR’s: Powered Air Purifying Respirators, EN: EN followed by a series of numbers means relevant European Standard, Elimination: The highest level in the hierarchy of controls which involves the removal of a hazard or exposure, Engineering Control: Methods of eliminating or reducing exposure to chemical, physical, or biological agents by installing or modifying equipment, Harm: Damage to human health or the environment, Hazard Assessment: The process of identifying hazards and prescribing controls to reduce risk, Hierarchy of Control: The practice of selecting and applying controls in the hierarchy of elimination, substitution, engineering, administrative, and PPE, Maintenance: Cleaning, inspection, and repair of PPE to ensure it functions to design specification, OEL: Occupational Exposure Limit – Upper limit on the acceptable concentration of a hazardous substance in workplace air, PPE: Personal Protective Equipment - Items worn to protect an individual from risks, Residual Risk: Risk remaining after implementation of risk control measures, Risk Assessment: The process of hazard identification, risk analysis, and risk control, Risk Control Measure: Workplace EHS safeguards using the hierarchy of control, Substitution: Implementation of a less hazardous operation or material, ES: Environmental Health and Safety, MF: Manufacturing, QA: Quality Assurance, IPA: Isopropyl Alcohol, SOP: Standard Operating Procedure, OJT: On the job training.','To establish a procedure for the operation, cleaning, and storage of Powered Air Purifying Respirators (PAPRs) and personal hoods to fulfil the requirements of the Safety Health and Welfare at Work (General Applications) Regulations 2007-2020, Part 2, Chapter 3: Use of Personal Protective Equipment at Work.','This SOP applies to all personnel and areas where Powered Air Purifying Respirators are required. The requirements of this SOP are in conjunction with ES-005 Usage of Personal Protection Equipment.','EHS Department: Develop and maintain a PPE matrix, assist in hazard identification and risk assessment, provide advice on PAPR use, and replace damaged PAPRs. All Employees: Use appropriate PPE, report damage or concerns, and ensure proper operation, calibration, maintenance, cleaning, and storage of PAPRs. Area Managers: Provide resources, ensure training, and ensure proper use and storage of PAPRs.','ES-002: 10-Nov-2017 - First Issued, ES-002A: 23-Nov-2018 - Updated wording and added new sub-sections, ES-002B: 24-Jan-2020 - Updated to new Amneal Logo, ES-002C: 22-Jan-2020 - Updated Safety Health and Welfare at Work Regulations, added OJT reference, updated calibration instructions, and removed Scott PAPR references.','ES-005: Usage of Personal Protective Equipment, FM-ES-005: PPE Matrix, ES-009: Environmental Health and Safety Risk Assessment Procedure, N/A: Safety Health and Welfare at Work (General Applications) Regulations 2007, Part 2, Chapter 3: Use of Personal Protective Equipment at Work, MF-009: Gowning Procedure for Entering and Exiting the Inhalation Areas.'),(22,'ES-003A','USE OF FACE MASKS/SHIELDS IN THE INHALATION FACILITY, WAREHOUSE, QC CHEMISTRY AND QC MICROBIOLOGY LABORATORIES AT AMNEAL IRELAND','ES-003A Use of Face Masks Shields in the Inhalation Facility.pdf','Amneal Ireland Limited','Amanda Power','Liam O’Gorman, Katharina Russell','Kuldeep Joshi',NULL,NULL,'ES-003','The procedure provides instructions for the proper use and disposal of face masks/shields in the Inhalation Facility, Warehouse, QC Chemistry, and QC Microbiology Laboratories. It includes guidelines for donning and removing masks/shields, sanitization, and disposal in line with Irish Government and CDC recommendations.','SOP: Standard Operating Procedure, QC/ARD: Quality Control Analytical Research and Development, EHS: Environmental Health and Safety, Face mask (Medical Mask): Device covering the mouth, nose, and chin, compliant with EN 14683:2014, Face mask, Non-Medical Mask: Covering over the mouth, nose, and chin, not permitted in the Inhalation facility, Face shield: Device to protect eyes and face from bodily fluids or infectious materials, CDC: Center for Disease Control, PPE: Personal Protective Equipment, IPA: Isopropyl Alcohol, FDA: Food and Drug Administration, MF: Manufacturing, QA: Quality Assurance.','To provide instruction for the proper use and disposal of face masks/shields in the Inhalation Facility, Warehouse, QC Chemistry, and QC Microbiology Laboratories at Amneal Ireland in line with Irish Government and CDC recommendations.','The scope of this SOP is the proper use and disposal of face masks/shields in the Inhalation Facility, Warehouse, QC Chemistry, and QC Microbiology Laboratories by Amneal Personnel, Contractors, and Visitors. General office areas and maintenance areas are out of scope.','All personnel wearing face masks/shields must be trained and adhere to this procedure. Personnel hosting visitors must ensure visitors follow the procedure. EHS is responsible for maintaining an overall stock of face masks/shields.','ES-003: 19-Aug-2020 - Initial, ES-003A: 2.2~<e~ 2e>2c - Updated to include existing control measures, clarified requirements in CNC office area (XP-15), and realigned numbering.','ES-001: Material Destruction and Waste Management Procedure, MF-009: Gowning Procedure for Entering and Exiting the Inhalation Areas, MM-003: Garbing Procedure for Warehouse Entry, QC-029: Gowning Procedure for QC/ARD Laboratory Entry, QC-073: Gowning Procedure for the Microbiology Laboratory, FDA Good Manufacturing Practice Considerations for Responding to COVID-19 Infection in Employees in Drug and Biological Products Manufacturing (June 2020).'),(23,'ES-005A','USAGE OF PERSONAL PROTECTIVE EQUIPMENT (PPE)','ES-005A Usage of Personal Protective Equipment (PPE).pdf','Amneal Ireland Limited',NULL,'Zita O\'Rourke, Paul Delaney','Logram Henry',NULL,NULL,'ES-005','The procedure outlines the management of personal protective equipment (PPE) including eye, hand, foot, and body protection. It includes hazard identification, risk assessment, selection, use, maintenance, and storage of PPE in compliance with the Safety Health and Welfare at Work (General Applications) Regulations 2007.','Amneal Ireland: Amneal Ireland Limited Cahir Road, Cashel, Co. Tipperary, Ireland, Control or Control measures: A process, policy, device, practice or action designed to eliminate or minimize a risk, dBA: A-weighted decibels – Expression of the relative loudness of sounds in air, EN: EN followed by a series of numbers means relevant European Standard, Elimination: The highest level in the hierarchy of controls involving the removal of a hazard, Engineering Control: Methods of reducing exposure to hazards by modifying equipment, Harm: Damage to human health or the environment, Hazard Assessment: The process of identifying hazards and prescribing controls, Hierarchy of Control: The practice of selecting controls in the order of elimination, substitution, engineering, administrative, and PPE, Maintenance: Cleaning, inspection, and repair of PPE, OEL: Occupational Exposure Limit – Upper limit on the acceptable concentration of a hazardous substance, PPE: Personal Protective Equipment - Items worn to protect against risks, Residual Risk: Risk remaining after control measures, RPE: Respiratory Protective Equipment, Risk Analysis: Systematic process to understand and reduce risk, Risk Assessment: The process of hazard identification, risk analysis, and control, Risk Control Measure: Safeguards using the hierarchy of control, Substitution: Implementation of a less hazardous operation or material, TWA: Time-Weighted Average - Daily exposure to a hazardous substance averaged to an 8-hour workday.','To establish a procedure for managing the use of personal protective equipment (PPE) including eye, hand, foot, and body protection, in compliance with the Safety Health and Welfare at Work (General Applications) Regulations 2007.','This SOP applies to all PPE selected, used, and maintained on site and to all areas where PPE is required.','EHS Department: Develop and maintain a PPE matrix, provide technical guidance, assist in hazard identification, and support training. All Employees: Understand hazards, use appropriate PPE, and report damage. Area Managers: Provide resources, ensure training, and ensure proper use and storage of PPE.','ES-005: 22-Dec-2016 - First Issued, ES-005A: C·S-A·U=a·O - SOP and forms transferred to new template.','FM-ES-012: PPE Matrix, ES-009: Environmental Health and Safety Risk Assessment Procedure, N/A: Safety Health and Welfare at Work (General Applications) Regulations 2007, Part 2, Chapter 3: Use of Personal Protective Equipment at Work.'),(24,'ES-006B','SPILL RESPONSE PROCEDURE','ES-006B Spill Response Procedure.pdf','Amneal Ireland Limited',NULL,'Maurice Ryan, Katherine Russell','Kaldeep Joshi',NULL,NULL,'ES-006A','The procedure outlines the response to spills, including small and large hazardous liquid and solid spills, propellant HFA spills, biological spills, and spills into surface water drains or soil. It includes steps for containment, cleanup, and reporting, as well as responsibilities for the Emergency Response Team (ERT), employees, and external emergency services.','Amneal Ireland: Amneal Ireland Limited, Cahir Road, Cashel, Co. Tipperary, Ireland, Emergency Response: Immediate actions taken to mitigate the impact of an emergency, Emergency Response Team (ERT): A site-level team of specialized individuals for emergency response, Environmental Event: Any spill, release, or non-compliance with environmental regulations, HFA: Hydrofluoroalkane, a propellant used for metered-dose inhalers, Release: An environmental event, Rescue: Activities to locate and remove endangered persons from danger, Response: Activities in preparation for an emergency until emergency apparatus arrives, SDS: Safety Data Sheet, a document detailing the properties and hazards of a chemical, Spill: An environmental event categorized into small, large, and biological spills.','To establish a spill response procedure to ensure a coordinated response in the event of a spill, protecting health, safety, and the environment, and ensuring efficient incident reporting and investigation.','The scope applies to the prevention of and response to spills by the Emergency Response Team (ERT), employees, and contractors. It includes all minor and major spills on site.','Emergency Response Team (ERT): Carry out emergency procedures, respond to major spills, and participate in incident investigations. All Employees: Prevent spills, control and clean small spills, and report large spills. Facilities Team: Shut off valves and assist in spill cleanup. Microbiological Department: Control and clean biological spills. External Emergency Services: Handle major chemical or biological spills.','ES-006: 03-Feb-2017 - First Issued, ES-006A: 23-Jan-2020 - Updated to Amneal new logo, ES-006B: 02-Oct-2023 - Updated ERT responsibilities, added biological spill response, and minor editorial changes.','ES-008: Reporting and investigation of Accident, Incident, Near Miss or any kind of dangerous occurrence, N/A: Amneal Ireland Emergency Response Plan.'),(25,'ES-008B','REPORTING AND INVESTIGATION OF ACCIDENT, INCIDENT, NEAR MISS AND ANY KIND OF DANGEROUS OCCURRENCE','ES-008B Reporting and investigation of accident, incident.pdf','Amneal Ireland Limited','John O\'Dwyer','Olivier Gras, Paul Delaney',NULL,NULL,NULL,'ES-008A','The procedure outlines the reporting and investigation of accidents, incidents, near misses, and dangerous occurrences. It includes steps for incident reporting, root cause analysis (RCA), corrective and preventive actions (CAPA), and communication of lessons learned.','Amneal Ireland: Amneal Ireland Limited Cahir Road, Cashel, Co. Tipperary, Ireland, Affected Employees: Employees whose work or work areas could be affected by an incident or near miss, Causal Factor: Any factor contributing to the cause or severity of a hazard or failure, Controlled Substances: Substances requiring a license under the Misuse of Drugs Act, 1977, Co. Co.: County Council, CAPA: Corrective Action and/or Preventative Action, Dangerous Occurrence: An incident reportable to the HSA, EHS: Environmental, Health and Safety, Environmental Event: Any spill, release, or non-compliance with environmental regulations, EPA: Environmental Protection Agency, ERT: Emergency Response Team, First-Aid: One-time medical treatment for minor injuries, HSA: Health and Safety Authority, Illness: Non-traumatic physiological harm or loss of capacity, Incident: A work-related injury, illness, or significant event, Injury: A traumatic wound or condition caused by external forces, Irish Water: Water utility company in Ireland, Lost time Case: A nonfatal injury causing loss of time from work, Lost time Accident: Reportable to HSA if an employee cannot work for more than 3 consecutive days, Medical Treatment: Treatment administered by a physician, Notifiable Incident: An occurrence requiring notification to regulatory authorities, OH: Occupational Health, Potentially Affected Employees: Employees who could benefit from incident reports or corrective actions, Regulatory Authority: EPA, Tipperary County Council, HSA, Recordable Injury/Illness: Any work-related injury/illness requiring medical treatment beyond first aid, Root-Cause: The fundamental reason for a failure, SHWW: Safety, Health & Welfare at Work, Root Cause Analysis (RCA): A method of problem solving to identify root causes, Significant Event: EHS incidents requiring prompt reporting, Supervisor: Direct supervisor, Trend Analysis: The process of spotting patterns or trends, Work-related injury/illness: An injury or illness acquired or aggravated at work, Biological Incident: Unintended release or exposure to potentially infectious materials.','To establish a procedure for reporting and investigating accidents, incidents, near misses, and dangerous occurrences to ensure corrective and preventive actions are implemented, and adequate records are maintained.','This SOP applies to all accidents, incidents, near misses, and EHS non-conformances occurring on company premises or while on company business elsewhere. GMP investigations are performed as per SOP QM-010.','EHS Department: Report and document incidents, ensure RCA completion, track CAPAs, and notify regulatory authorities. All Employees: Report incidents, follow medical advice, and cooperate in investigations. Emergency Response Team/First Aiders/Occupational Health: Provide first aid, refer to Occupational Health, and report injuries. Leadership Team: Ensure emergency response activation, RCA team establishment, and CAPA implementation.','ES-008: 22-Dec-2016 - First Issued, ES-008A: 05-Dec-2019 - Updated to new template, ES-008B: cb - MN-3023 - Included EHS responsibility to report biological incidents, added definition of biological incident, and referenced European Directive 2000/54/EC.','FM-ES-009: Incident Investigation Form, FM-ES-010: 5-Why Worksheet, FM-ES-011: Incident Investigation Process Flow Diagram, N/A: Amneal Ireland Emergency Response Plan, FM-ES-008: Risk Assessment Form, QM-010: Investigation System, N/A: Local Government (Water Pollution) Acts 1977-1990, N/A: Radiological Protection Act of 1991, N/A: European Directive 2000/54/EC Biological Agents at Work.'),(26,'ES-009B','ENVIRONMENTAL HEALTH & SAFETY RISK ASSESSMENT','ES-009B EHS Risk Assessment.pdf','Amneal Ireland Limited','Amanda Power','John O’Dwyer, John O\'Dwyer',NULL,'2020-08-04','2023-07-03','ES-009A','The procedure outlines the risk assessment process for work areas and activities at Amneal Ireland. It includes identifying hazards, assessing risks, and determining controls to prevent harm. Risks are prioritized using a scoring methodology, and control measures follow the hierarchy of controls.','Hazard: A potential source of harm or adverse health effect, Risk: Likelihood of harm or adverse health effects, Controls: Actions to reduce exposure to hazards, CAPA’s: Corrective action and preventative actions, EHS: Environmental Health and Safety, Risk Assessment: Process of identifying hazards, assessing risks, and determining controls, LTA: Lost Time Accident, OEL: Occupational exposure level, Safety Hazard: Hazards creating unsafe working conditions, Chemical Hazard: Chemical agents classified as dangerous substances, Physical Hazard: Environmental factors that can harm without physical contact, Biological Hazard: Viruses, bacteria, fungi, etc., Ergonomic Hazard: Physical factors causing musculoskeletal injuries, Psychosocial Hazard: Hazards affecting mental health or wellbeing, Amneal Ireland: Amneal Ireland Limited, Cahir Road, Cashel, Co. Tipperary, Ireland.','To describe the procedure for effective risk assessment of work areas and activities at Amneal Ireland, ensuring adequate controls are in place to prevent harm.','This procedure applies to machine and ancillary equipment and work-related activities conducted inside the Amneal Ireland facility.','EHS is responsible for maintaining the EHS Risk Register, documenting risk assessments, and ensuring CAPA’s are recorded. The risk assessment team composition depends on the scope of the assessment.','ES-009: 06-Apr-2016 - First Issued, ES-009A: 16-Apr-2020 - Updated to new Amneal logo, ES-009B: 04-Aug-2020 - Added reference to activities and contractors, updated definitions, and restructured tables.','FM-ES-008: EHS Risk Assessment Form'),(27,'ES-010E','MANAGEMENT OF CONTRACTORS','ES-010E Management of Contractors.pdf','Amneal Ireland Limited','John Dwyer','Mark Smyth, Paul Delaney','Kuldeep Jóshi','2021-09-13','2024-09-18','ES-010D','The procedure outlines the management of contractors at Amneal Ireland, ensuring compliance with EU/Irish legislation and site EHS procedures. It includes contractor selection, documentation, permits, training, and incident management.','Site Contact: Person responsible for the Contractor’s activity, Approved Contractors List (ACL): List of approved contractors, Contractor: Individual or firm retained on a temporary/contractual basis, Contractor EHS Qualification Form: Form completed by potential contractors, Contractor Personnel: Non-Amneal employees performing work, Visitor: Individual on site not performing physical work, Method Statement: Document detailing job safety, Risk Assessment: Process to identify and control hazards, cGMP: Current good manufacturing practice, CE Mark: Indicates compliance with EU safety requirements, AF2 form: Form for notifying HSA of construction activity, PAT: Portable appliance test, LOTO: Lockout/Tagout procedure, EHS: Environmental, Health and Safety, Amneal Ireland: Amneal Ireland Limited, Cahir Road, Cashel, Co. Tipperary, Ireland, ISO 14001: Environmental Management System standard, EMAS: Environmental Management and Audit Scheme, ISO 45001: Health and Safety Management System standard, Lost time cases: Non-fatal injury causing loss of work time, Restricted Workday case: Employee prevented from performing routine functions, Medical Attention Cases: Treatment beyond first aid.','To describe the procedure for managing contractors at Amneal Ireland, ensuring compliance with EU/Irish legislation and site EHS procedures.','This procedure applies to all contract companies and personnel performing specific physical activities at the facility, including building maintenance, equipment installation, and construction projects. It does not apply to embedded contractors, temporary staff, or visitors.','Site Contact: Manages and coordinates contractor work, ensures training and compliance. Contract Companies: Ensure contractor employees follow procedures. Security: Manages access control and induction. EHS: Manages the contractor management process and maintains the Approved Contractors List. QA: Assesses GMP impact and maintains documentation.','ES-010: 04-Apr-2016 - First Issued, ES-010A: 20-Apr-2017 - Updated form references, ES-010B: 04-Jul-2017 - Updated definitions, ES-010C: 07-Feb-2018 - Updated form references and added points, ES-010D: 05-Feb-2020 - Updated to new Amneal logo, ES-010E: 13-Sep-2021 - Updated to include Covid-19 requirements, removed outdated references, and aligned with ISO 45001.','N/A: Safety, Health and Welfare at Work Act, 2005, Safety, Health and Welfare at Work (General Application) Regulations, 2007, Safety, Health and Welfare at Work (Construction) Regulations, 2013, FM-ES-004: Method Statement Risk Assessment, FM-ES-007: Approved Contractor List, FM-ES-003: Contractor EHS Qualification Form, N/A: Permit to Work Procedure, QA-006: Procurement and Approval of Miscellaneous Supplies, QM-044: Supplier Management and Control, QM-045: Covid-19 Pandemic GxP Practices, QRM-20: Good Manufacturing Practices related to Covid-19 Pandemic-01.'),(28,'FM-ES-009-02','Incident Investigation Form','FM-ES-009-02 Incident investigation form.docx','Amneal Ireland Limited',NULL,NULL,NULL,NULL,NULL,NULL,'The form is used to document and investigate incidents, including environmental or biological releases, injuries, and other potential incidents. It includes sections for incident details, injury details, environmental release information, root cause analysis (RCA), corrective and preventive actions (CAPA), and management review.',NULL,'To provide a structured format for documenting and investigating incidents, ensuring that corrective and preventive actions are identified and implemented.','This form applies to all incidents, including injuries, environmental releases, and other potential incidents that occur on-site or during company business.','EHS Department: Responsible for reviewing and approving the incident investigation form. Site Management: Responsible for verifying that CAPAs are appropriate and sustainable. Incident Investigators: Responsible for completing the form and conducting the root cause analysis.',NULL,NULL),(29,'FM-ES-010','5-Whys','FM-ES-010 5-Whys.docx','Amneal Ireland Limited',NULL,NULL,NULL,NULL,NULL,NULL,'The 5-Whys worksheet is a tool used for root cause analysis (RCA) to identify the underlying cause of a problem by repeatedly asking \"Why?\" until the root cause is determined. It helps in identifying corrective actions to prevent recurrence.',NULL,'To provide a structured approach for identifying the root cause of incidents or problems by asking \"Why?\" multiple times, leading to effective corrective actions.','This worksheet applies to all incidents, problems, or non-conformances that require root cause analysis within the organization.','Incident Investigators: Responsible for completing the 5-Whys worksheet as part of the root cause analysis process. EHS Department: Responsible for reviewing and approving the analysis.',NULL,NULL),(30,'FM-ES-010-00','Root Cause Analysis 5-Why Worksheet','FM-ES-010-00 Root Cause Analysis 5-why Worksheet.doc','Amneal Ireland Limited',NULL,NULL,NULL,NULL,NULL,NULL,'The 5-Why Worksheet is a tool used for root cause analysis (RCA) to identify the underlying cause of a problem by repeatedly asking \"Why?\" until the root cause is determined. It helps in identifying corrective actions to prevent recurrence.',NULL,'To provide a structured approach for identifying the root cause of incidents or problems by asking \"Why?\" multiple times, leading to effective corrective actions.','This worksheet applies to all incidents, problems, or non-conformances that require root cause analysis within the organization.','Incident Investigators: Responsible for completing the 5-Why Worksheet as part of the root cause analysis process. EHS Department: Responsible for reviewing and approving the analysis.',NULL,NULL),(31,'FM-ES-011-00','Incident Investigation Process Flow Diagram','FM-ES-011-00 Incident Investigation Process Flow Diagram.doc','Amneal Ireland Limited',NULL,NULL,NULL,NULL,NULL,NULL,'The Incident Investigation Process Flow Diagram provides a visual representation of the steps involved in investigating incidents, including securing the scene, notifying relevant authorities, conducting the investigation, and implementing corrective actions.',NULL,'To outline the process for investigating incidents, ensuring a structured and consistent approach to identifying root causes and implementing corrective actions.','This flow diagram applies to all incidents, including injuries, environmental releases, and other potential incidents that occur on-site or during company business.','EHS Department: Responsible for overseeing the incident investigation process. Incident Investigators: Responsible for following the flow diagram during investigations. Site Management: Responsible for reviewing and approving corrective actions.',NULL,NULL),(32,'QC-002G','SAMPLING OF RAW MATERIALS AT AMNEAL IRELAND','QC-002G Sampling of Raw Materials at Amneal Ireland.pdf','Amneal Ireland Limited','David Ryan','Paul O\'Mahony, Danny Ryan','Kuldeep Joshi','2023-04-01','2023-04-01','QC-002F','Defines procedures for sampling raw materials at Amneal Ireland. Includes responsibilities, sampling methods, and documentation requirements.','Raw Material, PPE, COA, ARN, QC/ARD, Amneal Ireland, QA, IPQA, SOP, COC, API, ANSI, MDI, DPI, IPA, Reference/Reserve Sample, Composite Sample','To define the procedures and practices to be used when sampling raw materials at Amneal Ireland.','Applies to all personnel involved in sampling raw materials intended for use in the manufacturing of Exhibit/Submission/IPQ/PV (non-commercial) Clinical (IMP Stage 02) products at Amneal Ireland.','QC/ARD: Outline SOP details, complete sampling request forms, and carry out sampling. Operations: Perform sampling, report deficiencies, ensure training. QA: Complete Area Line Sign-off.','QC-002: First Issued. QC-002A: Updated SOP template, added definitions, updated forms. QC-002B: Updated definitions, added new materials. QC-002C: Added pre-sampling checks. QC-002D: Updated responsibilities, added definitions. QC-002E: Updated sample quantities. QC-002F: Removed sampling log, added contaminant checks. QC-002G: Updated scope, added sampling tools, corrected typos.','FM-QC-034, FM-QC-035, FM-QC-038, FM-QC-258, FM-MF-005, MM-001, MM-011, MF-008, QC-028, QM-027, QC-009, MF-006, FM-MM-001, MM-022, FM-MF-052, FM-QM-099, FM-MF-034, MF-042, MF-014, MF-049, ANSI/ASQ Z1.9, WHO Technical Report Series, EudraLex Volume 4'),(33,'QC-001C','INVESTIGATION OF OUT-OF-SPECIFICATION (OOS) LABORATORY RESULTS','QC-001C Investigation of OOS Laboratory Results.pdf','Amneal Ireland Limited','Agnieszka Lagocka','David Ryan, Paul O\'Mahony','Kuldeep Joshi','2023-06-23','2025-06-23','QC-001B','Defines procedures for managing OOS laboratory results. Includes responsibilities, investigation phases, and documentation requirements.','OOS, Atypical Results, Causative error, Obvious Error, Re-injection, Re-dilution, Re-preparation, Reportable result, Exhibit Batch, IMP, QP, API, CRO, Incident, Approved Document, Assignable / Definitive Cause, Invalid Result, Hypothesis/Investigative Testing, Retest, Resample, Remeasurement / Additional Testing, Quality Unit, Confirmed OOS, Unconfirmed OOS','To define the procedures for managing Laboratory Data, produced at Amneal Ireland, which is out of specification (OOS).','Applies to OOS results observed during routine laboratory testing at Amneal Ireland, including batch release testing, in-process control testing, stability studies, clinical trial batches, and OOS results generated under a failing system suitability.','All Laboratory staff: Report OOS results within one business day. Analyst: Ensure proper testing procedures, retain test preparations, and document errors. Laboratory Supervisor/Manager: Log OOS reports, conduct preliminary investigations, and prepare OOS investigation reports. Qualified Person and Head of Quality: Review and approve OOS investigation reports, determine further investigations, and notify regulatory agencies if necessary.','QC-001: First Issued. QC-001A: Updated for editorial changes, added CRO definition, removed redundant sections. QC-001B: Updated SOP template, added definitions, clarified OOS handling. QC-001C: Added clarification on scope, responsibilities, and investigation phases.','FM-QC-069, FM-QC-070, FM-QC-071, FM-QC-072, FM-QC-073, SOP QM-010, GQS_0007, SOP QM-019, SOP QC-046, SOP QC-086, SOP QC-085, SOP QM-028, FM-QC-224, FDA OOS Guidance, MHRA OOS Guidance, SOP QM-029'),(34,'QC-003F','SETTLE PLATE SAMPLING','QC-003F Settle Plate Sampling.pdf','Amneal Ireland Limited','Anne McGrath','Linda Bannon, Karen Barry','Kuldeep Joshi','2022-09-13','2025-09-13','QC-003E','Describes the Settle Plate Sampling Process for evaluating the microbiological quality of air in cleanrooms. Includes setup, operation, and handling of settle plates.','IPA – Iso Propyl Alcohol, QC/ARD – Quality Control/Analytical Research and Development/Microbiology, SOP – Standard Operating Procedure, QA – Quality Assurance, Amneal Ireland: Amneal Ireland Limited, Cahir Road, Cashel, Co. Tipperary, Ireland.','To describe the Settle Plate Sampling Process for the evaluation of the microbiological quality of the air in the Amneal Ireland cleanrooms.','Limited to the Set Up, Operation, and Handling of the Settle Plates sampling at Amneal Ireland. Refer to SOP QC-075 for the Settle Plate Environmental Monitoring Sampling plan and Monitoring locations.','All personnel involved in Settle Plate Sampling must adhere to this SOP. QC/ARD Microbiology personnel are responsible for monitoring sample management. Environmental Monitoring Samplers (QA, QC/ARD, Operations) must contact manufacturing and liaise with the planner before performing environmental monitoring sampling.','QC-003: First Issued. QC-003A: Updated incubation conditions. QC-003B: Updated sampling plan, incubation conditions, and handling procedures. QC-003C: Updated responsibilities and exposure time handling. QC-003D: Updated references to QC-075, added responsibilities, and revised handling procedures. QC-003E: Updated template and logo, revised exposure time tolerance. QC-003F: Minor editorial changes, updated handling and labelling procedures.','QC-011: Routine Microbiological Environmental monitoring. QC-075: Environmental Monitoring Sampling and Incubation Procedure. ES-001: Material Destruction and Waste Management Procedure.'),(35,'QC-004G','OPERATION OF MAS-100 AIR SAMPLER','QC-004G Operation of Mas-100 Air Sampler.pdf','Amneal Ireland Limited','Karen Barry','Anne McGrath, Linda Bannon','Kuldeep Joshi','2023-03-10','2025-09-06','QC-004F','Describes the steps needed for the operation of the MAS-100 Microbiological air sampler to perform environmental monitoring at Amneal Ireland. Includes setup, operation, handling, and cleaning of the MAS-100.','LED – Light Emitting Diode, IPA – Iso Propyl Alcohol, MAS – Microbial Air Sampler, HEPA – High-Efficiency Particulate Air, QC – Quality Control, QA – Quality Assurance, SOP – Standard Operating Procedure, STD – Standard Mode, TSA – Tryptic Soy Agar, L – Litre, v/v – Volume per volume, Amneal Ireland: Amneal Ireland Limited Cahir Road, Cashel, Co. Tipperary, Ireland, QC/ARD: Quality Control/Analytical Research and Development/ Microbiology.','To describe the steps needed for operation of the MAS-100 Microbiological air sampler to perform environmental monitoring at Amneal Ireland.','Limited to the Set-up, Operation, Handling, and Cleaning of the MAS-100. The MAS-100 is used in Amneal Ireland to monitor the microbiological quality of the air in specified manufacturing areas. Refer to SOP-QC-075 for Active Air Environmental Monitoring Sampling plan and Monitoring locations.','All personnel using the MAS-100 must adhere to this SOP. Personnel operating the equipment must report any faults or damage and use a trolley where possible. Environmental Monitoring Samplers (QA, QC/ARD, Operations) must contact manufacturing and liaise with the planner before performing environmental monitoring sampling.','QC-004: First Issued. QC-004A: Updated sampling plan, incubation conditions, and handling procedures. QC-004B: Updated calibration frequency and handling procedures. QC-004C: Updated references to QC-075, added responsibilities, and revised handling procedures. QC-004D: Updated template and logo, revised calibration and handling procedures. QC-004E: Updated volume settings. QC-004F: Updated handling and labelling procedures, added trolley usage. QC-004G: Updated forms, handling procedures, and calibration details.','QC-011: Routine Microbiological Environmental Monitoring, MM-002: Movement of Material between the Warehouse and Manufacturing and between Warehouse and PD Laboratory, MF-006: Movement of Material, Equipment & Waste To & From the Warehouse into Manufacturing, QC-074: Environmental Monitoring Reading and Reporting Procedure, QC-075: Environmental Monitoring Sampling and Incubation Procedure, ES-001: Material Destruction and Waste Management Procedure, QM-010: Unplanned Deviations & Investigations, QC-086: Handling of Laboratory Incidents in the QC/ARD and Microbiology Laboratories, FM-QC-086: Positive Hole Conversion Table, FM-QM-112: Out of Use Status Label, FM-QC-171: MDI Routine Microbiological Environmental Monitoring and Reporting Record, FM-QC-175: DPI Routine Microbiological Environmental Monitoring and Reporting Record, FM-QC-178: General Routine Microbiological Environmental Monitoring and Reporting Record, FM-QC-281: CNC-XP-35 Microbiological Environmental Monitoring and Reporting, QC-017: Operation and Maintenance of VWR USC 300T /1700T /2600T Ultrasonic Cleaning Baths, QM-007: Calibration Policy, QC-022: Control of Laboratory Instruments.'),(36,'QC-006G','REVIEW OF LABORATORY RECORDS','QC-006G Review of Laboratory Records.pdf','Amneal Ireland Limited','Agnieszka Lagocka, QC/ARD','David Ryan, Paul O’Mahony, David Ryan, QC/ARD','Kuldeep Joshi, QA','2021-11-17',NULL,'QC-006F','Controls for the review of laboratory records include written procedures, training, review, audit, and self-inspection controls. Analyst data review, peer review, and final approval are key steps in the process.','Approved document: Data entry documents approved for recording the execution of an analytical method. Original Data: Includes the first or source capture of data or information and all subsequent data required to fully reconstruct the conduct of the laboratory activity.','To describe the procedure for the review, approval, and distribution of data in the Quality Control and Analytical Research & Development (QC/ARD) department to assure the integrity of all laboratory data is maintained.','This SOP applies to the review of laboratory records, both physical and electronic, in the QC/ARD laboratories at Amneal, Ireland.','Laboratory personnel shall comply with the requirements of this procedure. Laboratory personnel must ensure that they are trained to the current version of this procedure. Laboratory Manager or designee shall be responsible to ensure that the steps outlined in this procedure are followed.','QC-006: First issued on 30-Sep-2016. QC-006A: Updated on 09-Jan-2017. QC-006B: Updated on 26-Apr-2017. QC-006C: Updated on 30-Jun-2017. QC-006D: Updated on 20-May-2019. QC-006E: Updated on 19-Jun-2019. QC-006F: Updated on 29-Sep-2021. QC-006G: Updated on 17-Nov-2021.','QC-010: Recording and reporting of Laboratory test data. QM-004: Good Documentation Practices. QC-001: Investigation of Out of Specification Laboratory results. QC-015: The receipt, preparation, storage, labelling and expiration of reagents, solutions and solvents. QC-020: Evaluation of system suitability data for HPLC, GC and UV-Vis applications. QC-021: Operation of Empower Software. QC-022: Control of Laboratory Instruments. QM-036: Data Integrity and Records Management. QM-010: Investigation System. QC-019: Integration of Chromatograms in QC/ARD Lab. QC-043: Release of Results from QC/ARD Laboratory at Amneal Ireland.'),(37,'QC-007C','CONTACT PLATE SAMPLING','QC-007C Contact Plate Sampling.pdf','Amneal Ireland Limited','Anne McGrath, QC/ARD','Katherine Russell, QC/ARD','Katherine Russell, QC/ARD','2021-11-09',NULL,'QC-007B','Contact Plate sampling is used to detect microorganisms on surfaces that could lead to product contamination. The procedure includes set-up, operation, and handling of Contact Plates during sampling.','IPA – Iso Propyl Alcohol, QC – Quality Control, TSA – Tryptic Soya Agar, QC/ARD – Quality/ Analytical Research and Development/Microbiology, QA – Quality Assurance, SOP - Standard Operating Procedure, Amneal Ireland: Amneal Ireland Limited Cahir Road, Cashel, Co. Tipperary, Ireland.','To describe the steps needed for Contact Plate sampling at Amneal Ireland. This can also be referred to as Surface Plate sampling.','The scope of this SOP is limited to the set-up, operation, and handling of the Contact Plates during sampling. Contact Plate sampling is used in Amneal Ireland to detect microorganisms on surfaces that could lead to product contamination.','It is the responsibility of all personnel completing Contact Plate sampling to adhere to this SOP. It is the responsibility of Environmental Monitoring Samplers (QA, QC/ARD, Operations) to contact manufacturing and to liaise with the planner prior to performing environmental monitoring sampling.','QC-007: First Issued on 25-May-2016. QC-007A: Updated on 14-Apr-2017. QC-007B: Updated on 29-Nov-2018. QC-007C: Updated on 08-Nov-2021.','QC-011: Routine Microbiological Environmental Monitoring, QC-075: Environmental Monitoring Sampling and Incubation Procedure, ES-001: Material Destruction and Waste Management Procedure.'),(38,'QC-008E','OPERATION, CALIBRATION AND MAINTENANCE OF KARL FISCHER TITRATOR (METROHM 851 TITRANDO)','QC-008E Operation Calibration Maintenance of Karl Fischer Titrator.pdf','Amneal Ireland Limited','Patrick Flynn, QC/ARD','David Ryan, QC/ARD, Paul O’Mahony, QC/ARD','Kuldeep Joshi, QA','2021-07-23','2021-07-22','QC-008D','The procedure includes pre-use checks, cleaning, conditioning, calibration, sample analysis, and maintenance of the Karl Fischer Titrator. Calibration must be performed prior to sample analysis, and maintenance activities are documented in the Karl Fischer Usage and Maintenance Logbook.','Amneal Ireland: Amneal Ireland Limited, Cahir Road, Cashel, Co. Tipperary, Ireland. RSD: Relative Standard Deviation. NMT: Not More Than. Tiamo: Tiamo 2.5 multi software.','To define the procedure for the operation, calibration, and maintenance of Karl Fischer Titrator (Metrohm 851 Titrando).','This procedure applies to the Quality Control and Analytical Research & Development (QC/ARD) Laboratory at Amneal, Ireland.','The Laboratory personnel shall follow the instructions in this procedure. The Laboratory Manager is responsible for ensuring that Laboratory personnel comply with this procedure.','QC-008: First Issued on 09-Sep-2016. QC-008A: Updated on 23-Aug-2018. QC-008B: Updated on 10-Dec-2018. QC-008C: Updated on 27-Jul-2020. QC-008D: Updated on 20-Oct-2020. QC-008E: Updated on 23-Jul-2021.','Karl Fischer Calibration Form (FM-QC-003), Karl Fischer Usage and Maintenance Logbook (FM-QC-004), SOP QC-082: Operational use of Tiamo software, SOP QC-022: Control of Laboratory Instruments.'),(39,'QC-009I','RECEIPT AND HANDLING OF INCOMING SAMPLES IN THE QC/ARD AND MICROBIOLOGY LABORATORY','QC-009I Receipt & Handling of incoming samples in QC-Micro Lab.pdf','Amneal Ireland Limited','David Ryan','David Ryan, Ashok Gulati, Paul O\'Mahony, Kuldeep Joshi','Ashok Gulati, Paul O\'Mahony, Kuldeep Joshi','2023-04-03','2023-10-01','QC-009H','Sample submission, receipt verification, sample identification, sample storage, sample disposal, external laboratory handling, reporting of results, monthly review.','Amneal Ireland: Amneal Ireland Limited Cahir Road, Cashel, Co. Tipperary, Ireland. COA: Certificate of Analysis. Non-cleaning samples: Samples other than Cleaning Validation/Verification Samples. CL: Cleaning. EM: Environmental Monitoring. QC/ARD: Quality Control/Analytical Research and Development. ID: Identification. CVR: Cleaning Validation Report. Approved Document: Data entry documents approved for recording the execution of an analytical method e.g. bound logbooks, bound notebooks, Laboratory analytical worksheets (LAWs). LAW: Laboratory Analytical Worksheet.','To provide a procedure for the submission, receipt and handling of all samples submitted to the Quality Control / Analytical Research & Development Laboratory and to the Quality Control / Analytical Research and Development Microbiology Laboratory.','This procedure applies to the submission, receipt and handling of all samples (i.e. raw materials, packaging materials, in process, finished product, stability, cleaning and other samples) received in the QC/ARD Laboratory at Amneal, Ireland. This procedure also applies to the submission, receipt and handling of all samples (i.e. EM, media plates, consumables and other samples) received in the QC/ARD Microbiology Laboratory at Amneal Ireland. Retain (Reference /Retention) samples are outside the scope of this SOP and are covered by SOP QM-027.','Personnel involved in the submission and handling of samples shall comply with the requirements of this procedure and ensure that they are trained to the current version of this procedure. QC/ARD personnel or designee involved in the receipt and handling of incoming samples shall comply with the requirements of this procedure and must ensure that they are trained to the current version of this procedure. Laboratory Manager or designee must ensure that all personnel performing the steps outlined in this procedure are appropriately trained.','QC-009: 28-Sep-2016 - First Issued. QC-009A: 20-Dec-2017 - Updated to include handling of all samples, removed duplication, added definitions. QC-009B: 26-Oct-2018 - Updated title, included Microbiology Laboratory, clarified sample identification format. QC-009C: 16-May-2019 - Updated template, added new sections. QC-009D: 20-Jun-2020 - Included submission and receipt, updated sample identification formats. QC-009E: 22-Jun-2020 - Added monthly sample receipt check. QC-009F: 16-Nov-2021 - Updated DPI content uniformity sample submission. QC-009G: 26-Apr-2022 - Updated sample identification for development samples. QC-009H: 22-Nov-2022 - Added documentation for sample removal. QC-009I: 03-Apr-2023 - Added sample inspection instructions.','FM-QC-005: Sample Receipt Logbook. QM-027: Retention Sample Management. FM-MF-034: Sample Test Request Form. MF-042: Procedure for Sample Movement/Management. MF-020: Product Development Sample Analysis Request. MM-011: Courier Shipments. QC-011: Routine Microbiological Environmental Monitoring. QC-074: Environmental Monitoring Reading and Reporting Procedure. QC-075: Environmental Monitoring Sampling and Incubation Procedure. QC-010: Recording and Reporting of Laboratory Test Data. QC-028: Sample Transfer to Global Amneal Sites. ES-001: Material Destruction and Waste Management Procedure. FM-QC-196: QC/ARD Sample Receipt Log. FM-QC-195: QC/ARD Cleaning Sample Receipt Log. FM-MF-032: Sample Label. FM-QC-039: QC/ARD Test Request Form. MF-086: Operation of RF-Smart Labelling. QC-043: Release of Results from QC-ARD. FM-MF-026: Sample for Analysis label. FM-QC-257: Sample Receipt Monthly Review Logbook. FM-QC-283: QC/ARD Development Sample Receipt Log.'),(40,'QC-010H','RECORDING AND REPORTING OF LABORATORY TEST DATA','QC-010H Recording Reporting of Lab Test Data.pdf','Amneal Ireland Limited','Seyanly Anchan','Ashok Gulati, Paul O\'Mahony','Kuldeep Joshi','2022-02-02','2025-02-01','QC-010G','Recording and reporting of laboratory test data, handling of raw data, rounding analytical data, use of Laboratory Analytical Worksheets (LAWs), handling of microbiology results, and monthly review of laboratory records.','Raw Data: Original records and documentation retained in the format in which they were originally generated. Final test result: Result reported on the Certificate of Analysis. Approved Document: Data entry documents approved for recording the execution of an analytical method. Decimal place: Position of a digit to the right of a decimal point. Significant figure: Any digit of a number that is known with certainty. Amneal Ireland: Amneal Ireland Limited Cahir Road, Cashel, Co. Tipperary, Ireland. TRSF: Test Request Submission Form. Contract Laboratory Requirement (CLR): Document detailing the procedure and specifications for a validated Test Method. C of A: Certificate of Analysis. Data Integrity: Completeness, consistency, and accuracy of data. UD: Unplanned Deviation. NOE: Notification of Event.','To describe the procedure for the recording and reporting of data in the QC/ARD laboratory to assure the integrity of all laboratory data is maintained. To describe the procedure for documenting and reporting Microbiology Results.','This procedure applies to all personnel in the Quality Control and Analytical Research & Development (QC/ARD)/Microbiology department at Amneal, Ireland.','Laboratory personnel shall comply with the requirements of this procedure. Laboratory Manager or designee shall ensure that the steps outlined in this procedure are followed. Laboratory Manager or designee must ensure that all personnel performing the steps outlined in this procedure are appropriately trained. Laboratory personnel is responsible for printing the current version of the LAW from the designated controlled location. Laboratory manager or designee shall be responsible for assigning a unique Laboratory Analytical Worksheets prior to use. QA Document Control are responsible for issuance of approved bound logbooks/notebooks upon request.','QC-010: 30-Sep-2016 - First Issued. QC-010A: 21-Dec-2017 - Updated to include handling of all samples, removed duplication, added definitions. QC-010B: 28-Feb-2019 - Updated procedure to new template, updated Amneal logo, added sections for Microbiology. QC-010C: 15-May-2019 - Updated responsibilities, clarified sample identification formats. QC-010D: 30-Jul-2020 - Clarified sample handling and reporting procedures. QC-010E: 12-Mar-2021 - Updated LAW formats and added new sections. QC-010F: 06-Sep-2021 - Updated diluent handling precautions. QC-010G: 29-Sep-2021 - Updated Approved Document definition and added new sections. QC-010H: 24-Jun-2022 - Added new sections for sample inspection and updated LAW formats.','FM-QC-006: Guideline for reporting test results. FM-QC-108: Microbiological impact assessment of an atypical growth result found during FP testing for organisms of concern. FM-QC-109: Log of Microbiological impact assessment numbers. FM-QC-203: Assignment of LAW numbers logbook. FM-QC-204: Laboratory Analytical Data Pack Cover Page. FM-QC-205: 1298-AS LAW for Blend Uniformity and Blend Assay. FM-QC-206: 1298-AS LAW Blister Content Uniformity and Assay. FM-QC-207: 1298-CL LAW for Cleaning Verification. FM-QC-208: 1298-WC LAW for Water Content. FM-QC-209: 1298-APSD LAW for Aerodynamic Particle Size Distribution. FM-QC-210: 1290-AL LAW for Alcohol Content. FM-QC-211: 1290-CL LAW for Cleaning Verification. FM-QC-212: 1290-AS LAW for Assay. FM-QC-213: 1290-KF LAW for Water Content. FM-QC-214: 1291-AL LAW for Alcohol Content. FM-QC-215: 1291-AS LAW for Assay. FM-QC-216: 1291-KF LAW for Water Content. FM-QC-217: 1291-CL LAW for Cleaning Verification. FM-QC-218: MDI-GM LAW for General Method for Description. FM-QC-219: LQ-CL LAW for Cleaning Verification. FM-QC-260: 1614-CL LAW for Cleaning Verification. FM-QC-261: LAW for General Tests. FM-QC-262: 1614-AS LAW for Assay. FM-QC-263: 1614-WC LAW for Water Content. SOP QM-004: Good Documentation Practices. SOP QA-001: Procedure for Document Issuance. SOP QM-009: Document Storage and Retention. SOP QC-001: Investigation of Out of specification (OOS) laboratory results. SOP QC-006: Review of Laboratory records. SOP QM-010: Unplanned Deviations and Investigation System. SOP QC-034: Management of QC/ARD specifications, analytical methods (procedures) and method transfer protocols. SOP QC-049: Notification of event from contract laboratories to Amneal Ireland. SOP QC-083: Handling of Microbiology Out of Specifications (OOS) Results. SOP QM-013: Change Control System. SOP QM-024: Management of Electronic Forms. SOP QC-028: Sample Transfer to Global Amneal Sites. SOP QM-036: Data Integrity and Records Management. SOP QC-085: Investigation of atypical results reported in QC Lab. FM-QC-253: 01-1623-AS LAW for Assay. FM-QC-254: 01-1623-RC LAW for Related Compounds. FM-QC-255: 01-1623-RS LAW for Residual Solvents. FM-QC-291: LAW for additional pages.'),(41,'QC-011K','ROUTINE MICROBIOLOGICAL ENVIRONMENTAL MONITORING','QC-011K Routine Microbiological EM.pdf','Amneal Ireland Limited','Anne McGrath','Linda Bannon, Katherina Russell','Kuldeep Joshi','2023-06-06','2024-06-06','QC-011J','Procedure for performing Microbiological Environmental Monitoring (EM) of the MDI and DPI Inhalation Facility. Includes safety, methodology, frequency, sampling requirements, incubation conditions, acceptance criteria, failure handling, and trending of results.','At Rest/Static, In Operation/Dynamic, CFU, EM, ISO, MDI, MAS, VAS, QA, QC/ARD, OOS, TSA, DPI, QMS, SOP, HVAC, PPE, NMT, QP, PD, Alert Limit, Action Limit, Specification Limit, Adverse trend, Potential Organism of Concern, Amneal Ireland, CNC','To describe the procedure for performing Microbiological Environmental Monitoring (EM) of the MDI and DPI Inhalation Facility.','This procedure applies to Viable Environmental Monitoring of the Inhalation Facility at Amneal Ireland. Environmental monitoring is performed within the ISO 7 and ISO 8 classified areas and selected CNC area (XP-35) in the Inhalation facility.','Environmental Monitoring Samplers (QA, QC/ARD, Operations) are responsible for sampling. QC/ARD Microbiology personnel handle sample receipt, incubation, reading, and reporting. They also perform colony morphology analysis, streaking, and gram staining. The approved Contract Laboratory is responsible for organism identification and data reporting.','QC-011 (08-Jul-2016): First Issued. QC-011A (24-Jan-2017): Added incubation details. QC-011B (14-Apr-2017): Updated scope and responsibilities. QC-011C (28-Jun-2017): Added DPI references. QC-011D (09-Oct-2017): Added definitions for Adverse Trends and Potential Organism of Concern. QC-011E (21-Dec-2017): Updated responsibilities and sampling details. QC-011F (14-Sep-2018): Updated sampling and monitoring details. QC-011G (26-Oct-2018): Updated responsibilities and definitions. QC-011H (12-Oct-2021): Updated titles and investigation details. QC-011I (30-Mar-2022): Included CNC XP-35 area and updated monitoring details. QC-011J (30-Mar-2022): Updated titles and investigation details.','FM-QC-097, FM-QC-187, FM-QC-188, QC-003, QC-007, QC-004, MF-009, QM-010, QM-013, QC-049, QC-074, QC-075, QC-079, EudraLex, QM-019, MF-007, FM-QC-198, QC-086'),(42,'QC-012B','CHROMATOGRAPHIC COLUMN MANAGEMENT','QC-012B Chromatographic Column Mgt in the Quality Control Laboratory.pdf','Amneal Ireland Limited',NULL,NULL,NULL,NULL,NULL,'QC-012A','Procedure for managing chromatographic columns in the QC/AR&D Laboratory. Includes column identification, usage logging, storage, cleaning, and disposal.',NULL,'To describe the procedure for managing chromatographic columns in the QC/AR&D Laboratory.','This procedure applies to the management of HPLC, UPLC, and GC columns in the QC/AR&D Laboratory at Amneal Ireland.','QC/AR&D Laboratory personnel are responsible for column identification, usage logging, storage, cleaning, and disposal.','QC-012 (09-Sep-2016): First Issue. QC-012A (20-Aug-2019): Updated SOP and FM-QC-008 to new format. Removed reference to Appendix and specific facility. QC-012B (CC-AMN-23-2555): Updated Form FM-QC-008 to record column receipt activity separately from usage activity. Added new Form FM-QC-298 for column usage logging.','FM-QC-008: Column receipt Logbook. FM-QC-298: Column usage logbook.'),(43,'QC-013B','OPERATION, CALIBRATION AND MAINTENANCE OF THE METTLER TOLEDO SEVENCOMPACT pH METER AND SENSOR','QC-013B Op, Cal & Maintenance of the pH Meter and Sensor.pdf','Amneal Ireland Limited','Agnieszka Lagocka, QC/ARD','Carla Berglin, Paul O’Mahony','Kudeco Joshii, QA','2020-07-01','2025-04-01','QC-013A','1. Two display modes: full information screen and measurement close-up screen.\n2. Daily calibration required before use.\n3. Three-point calibration using pH buffers 2.00, 4.00, and 7.00.\n4. Maintenance includes keeping the meter clean and ensuring the electrode is properly stored and filled.','1. pH: negative decimal reciprocal log of the hydrogen ion activity of a solution.\n2. LabX: proprietary Mettler software.\n3. ATC: automatic temperature control.\n4. MTC: manual temperature control.\n5. Amneal Ireland: Amneal Ireland Limited Cahir Road, Cashel, Co. Tipperary, Ireland.','To define the operation, calibration, and maintenance of the Mettler Toledo SevenCompact pH meter and sensor.','This procedure applies to the use of the Mettler Toledo SevenCompact pH meter and sensor by all QC/ARD personnel at Amneal Ireland.','1. All personnel using the instrument must adhere to this procedure.\n2. The Laboratory Manager (or designee) is responsible for ensuring the procedure is followed.\n3. Any problems encountered must be reported immediately to the Laboratory Manager (or designee).\n4. Personnel must be trained to the current revision of this document.','1. QC-013: First Issued on 03-Oct-2016.\n2. QC-013A: Updated SOP logo and removed reference to Appendix on 12-Sep-2019.\n3. QC-013B: Updated sections 5.2.1, 5.2.4, 5.3, and 5.3.9 on 01-Jul-2020.','1. FM-QC-011: pH instrument calibration logbook form.\n2. FM-QC-010: pH meter maintenance and usage logbook form.\n3. United States Pharmacopeia General Chapter <791>.'),(44,'QC-014A','OPERATION AND MAINTENANCE OF DESICCATOR','QC-014A Operation & Maintenance of Dessicator (2).pdf','Amneal Ireland Limited','Brigid Hayes, QC/ARD','Agnieszka Lagocka, QC/ARD, Paul O’Mahony, QC/ARD','Kuldeep Joshi, QA','2020-04-24','2025-04-23','QC-014','1. Reference standards stored in the Desiccator must be logged in the Incoming Reference Standards Logbook (FM-QC-015).\n2. Desiccators contain dry desiccant (e.g., silica gel) to minimize moisture exposure.\n3. Desiccators must be monitored monthly with a Hygrometer.\n4. Desiccant should be replaced when % relative humidity exceeds 40% or if the desiccant colour changes.','1. Amneal Ireland: Amneal Ireland Limited Cahir Road, Cashel, Co. Tipperary, Ireland.','To define the operation and maintenance of Desiccators in the Quality Control and Analytical Research & Development (QC/ARD) Laboratory.','This procedure applies to the use of Desiccators by all Laboratory personnel at Amneal, Ireland.','1. All Laboratory personnel must follow the instructions in this procedure.\n2. The Laboratory Manager is responsible for ensuring the procedure is adhered to.','1. QC-014: First Issued on 29-Sep-2016.\n2. QC-014A: Updated SOP format, included reference to FM-QC-015, and updated monitoring frequency to monthly.','1. FM-QC-012: Desiccator Monitoring and Maintenance Logbook.\n2. FM-QC-015: Incoming Reference Standards Logbook.'),(45,'QC-015E','THE RECEIPT, PREPARATION, STORAGE, LABELLING AND EXPIRATION OF STANDARDS, REAGENTS AND SOLVENTS','QC-015E Receipt Prep Storage Label & Exp of Reagent Solutions.pdf','Amneal Ireland Limited','Ashok Gulati, QC/ARD','Agnieszka Lagocka, QC/ARD, David Ryan, QC/ARD','Kuldeep Joshi, QA','2020-05-05','2023-04-04','QC-015D','1. All lab personnel must read and understand SDS for chemicals and use correct PPE.\n2. Chemicals, standards, reagents, and solvents must be labelled with details such as chemical name, date of receipt, expiry date, and storage conditions.\n3. Solutions must be prepared in a fume hood and stored in designated areas.\n4. Expired solutions and reagents must be disposed of following SOP ES-001.\n5. Solutions must be visually checked for integrity before use.','1. Standardized Solutions: Solutions of known concentration for quantitative determinations.\n2. Test Solutions and Indicators: Solutions of definitive concentrations for specific purposes.\n3. Indicators: Reagents used to determine end points in chemical reactions.\n4. Buffers: Solutions that resist changes in pH.\n5. Sample Solutions: Solutions prepared from test samples for analytical determinations.\n6. Standard Solutions: Solutions prepared from reference standards for quantitative determination.\n7. COA: Certificate of Analysis.\n8. Amneal Ireland: Amneal Ireland Limited Cahir Road, Cashel, Co. Tipperary, Ireland.\n9. QC: Quality Control.\n10. ARD: Analytical Research and Development.\n11. SDS: Safety Data Sheet.\n12. PPE: Personal Protective Equipment.','To outline the steps for receiving, preparing, storing, labelling, and assigning expiry dates to reagents, solutions, and solvents within QC/ARD at Amneal Ireland.','This procedure applies to all solutions prepared in QC/ARD at Amneal Ireland and their subsequent handling.','1. All personnel within QC/ARD must adhere to this procedure.\n2. The Laboratory Manager or designee is responsible for ensuring the procedure is followed.','1. QC-015: First Issued on 30-Sep-2016.\n2. QC-015A: Updated on 27-Jul-2018 to include PPE definition and safety steps.\n3. QC-015B: Updated on 07-Aug-2019 to remove references to appendices and update labelling requirements.\n4. QC-015C: Updated on 14-Jan-2020 to correct typographical errors and include analytical procedure version numbers.\n5. QC-015D: Updated on 27-May-2020 to include best practices for weighing and preparing solutions.\n6. QC-015E: Updated on 05-May-2020 to include monthly standard review checks.','1. FM-QC-009: Laboratory Chemical Register Log.\n2. FM-QC-014: Laboratory Solutions Preparation Log.\n3. FM-QC-126: Seal Wash Preparation Log.\n4. FM-QC-127: Needle Wash Preparation Log.\n5. FM-QC-128: Diluent 1298-AS/1298-CL/1298-APSD Preparation Log.\n6. FM-QC-129: Standard Solution 1298-AS Preparation Log.\n7. FM-QC-130: Standard Solution 1298-CL Preparation Log.\n8. FM-QC-131: Buffer 1298-AS/1298-CL/1298-APSD Preparation Log.\n9. FM-QC-132: Mobile Phase 1298-AS/1298-APSD Preparation Log.\n10. FM-QC-133: Mobile Phase 1298-CL Preparation Log.\n11. FM-QC-134: Standard LQ-CL Preparation Log.\n12. FM-QC-135: Standard Solution 1298-APSD Preparation Log.\n13. FM-QC-231: Laboratory Chemical Register Monthly Review Log.\n14. FM-QC-233: Diluent 1290-AS Preparation Log.\n15. FM-QC-234: Diluent 1290-CL Preparation Log.\n16. FM-QC-236: Mobile Phase 1290-AS Preparation Log.\n17. FM-QC-237: Mobile Phase 1290-CL Preparation Log.\n18. FM-QC-239: Standard Solution 1290-AS Preparation Log.\n19. ES-001: Material, Destruction and Waste Management Procedure.\n20. ES-005: Usage of Personal Protective Equipment (PPE).\n21. QC-029: Gowning Procedure for QC/ARD Laboratory Entry.\n22. P_CQCM-0231: Control of Laboratory Reagents, Solutions and Expiration dating.\n23. QC-016: Usage, Handling and Qualification of Reference Standards.\n24. QC-067: General Laboratory Practices in QC/ARD.\n25. QC-033: Operation Maintenance Cleaning and Calibration of Weigh Balances in the QC/ARD Laboratory.\n26. QC-084: Operation and Calibration of Sartorius MSA6.6s Balance.\n27. FM-QC-246: Standard Solution 1290-AL Preparation Log.\n28. FM-QC-247: Standard Solution 1291-AS Preparation Log.\n29. FM-QC-248: Standard Solution 1291-AL Preparation Log.\n30. FM-QC-249: Standard Solution 1291-CL Preparation Log.\n31. FM-QC-250: Mobile Phase 1291-AS Preparation Log.\n32. FM-QC-251: Mobile Phase 1291-CL Preparation Log.\n33. FM-QC-015: Incoming Reference Standards Logbook.\n34. FM-QC-016: Reference Standards Monthly review Log.\n35. FM-QC-252: Diluent 1291-AS Preparation Log.'),(46,'QC-016C','USAGE, HANDLING AND QUALIFICATION OF REFERENCE STANDARDS','QC-016C Usage, Handling & Qualification of Reference Standards.pdf','Amneal Ireland Limited','Ashok Gulati, QC/ARD','Agnieszka Lagocka, QC/ARD, David Ryan, QC/ARD','Kuldeep Joshi, QA','2020-05-07','2023-04-08','QC-016B','1. Reference standards must be logged in immediately upon receipt and stored appropriately.\n2. Reference standards must be used before their expiration date.\n3. In-house reference standards are to be used on an \"as is\" basis.\n4. Compendial Reference Standards (CRS) do not require additional qualification testing.\n5. In-house Reference Standards (HRS) must be qualified against a CRS or vendor-supplied certified reference material.','1. QC/ARD: Quality Control/Analytical Research & Development.\n2. Internal Standard (IS): A Reference Standard used as an internal standard in chromatographic analysis.\n3. Reference Material (RS): A material used as a reference standard for calibration and/or assay purposes.\n4. Primary Reference Standard (PRS): A reference standard certified to conform to specific criteria.\n5. Compendial Reference Standard (CRS): A reference standard certified by recognized suppliers such as USP, BP, Ph. Eur., etc.\n6. In-house Reference Standards (HRS): Reference standards certified by Amneal Ireland QC/ARD.\n7. Active Pharmaceutical Ingredient (API): The biologically active ingredient of a pharmaceutical drug.\n8. Amneal Ireland Reference Standard (AIRS) number: A unique number assigned to reference standards by Amneal Ireland.','To describe the procedures for acquiring, storing, handling, using, drying, qualifying, labelling, and distributing Reference Standards.','This SOP applies to the receipt, usage, handling, and qualification of reference standard material within the QC/AR&D department at Amneal Ireland.','1. All analysts must ensure that the reference standard (primary or secondary) lot used is within its expiry date.\n2. The QC/ARD Manager (or designee) is responsible for maintaining storage facilities for reference standards.\n3. The QC/ARD Manager (or designee) is responsible for ensuring that all analysts follow this procedure.\n4. The QC/ARD Manager (or designee) is responsible for maintaining an up-to-date log of all reference standards within QC/AR&D.','1. QC-016: First Issued on 30-Sep-2016.\n2. QC-016A: Updated on 24-Sep-2019 to include labelling and second person check upon receipt of standards.\n3. QC-016B: Updated on 26-May-2020 to include a new section on handling reference standards.\n4. QC-016C: Updated on 05-May-2020 to include instructions for monthly standard review and checks by preparer and reviewer.','1. FM-QC-015: Incoming Reference Standards Log.\n2. FM-QC-016: Reference Standard Monthly Review Log.\n3. FM-QC-017: Reference Standard Report form.\n4. QC-015: The Receipt, Preparation, Storage, Labelling and Expiration of Standards, Reagents and Solvents.\n5. Eudralex Chapter 6, Quality Control.\n6. British Pharmacopoeia (BP).\n7. European Pharmacopoeia (Ph. Eur.).\n8. United States Pharmacopeia (USP).\n9. National Institute of Science and Technology (NIST).'),(47,'QC-017A','OPERATION AND MAINTENANCE OF VWR USC 300T/1700T/2600T ULTRASONIC CLEANING BATHS','QC-017AOperation & Maintenance of the Ultrasonic Cleaning Baths.pdf','Amneal Ireland Limited','Brigid Hayes, QC/ARD','Agnieszka Lagocka, QC/ARD','Kuldeep Joshi, QA','2020-04-24','2029-04-23','QC-017','1. Unplug the ultrasonic bath before filling or emptying the tank.\n2. Use only water-based cleaning solutions.\n3. Do not operate the ultrasonic bath dry.\n4. Set the timer for sonication.\n5. Degas HPLC solutions by sonication.\n6. Perform monthly maintenance by emptying and refilling the tank.','SOP: Standard Operating Procedure\nHPLC: High Performance Liquid Chromatography\nQC/ARD: Quality Control/ Analytical Research and Development\nAmneal Ireland: Amneal Ireland Limited Cahir Road, Cashel, Co. Tipperary, Ireland.','To define the procedure for the operation and routine maintenance of the VWR USC 300T, 1700T, and 2600T ultrasonic baths.','This procedure applies to the Quality Control department at Amneal Ireland.','1. All QC/ARD personnel must follow the procedure correctly.\n2. The Laboratory Manager must ensure adherence to the procedure.\n3. Report any equipment problems to the Laboratory Manager.\n4. Ensure all users are trained on the current SOP revision.','QC-017: 30-Sep-2016 - First Issued\nQC-017A: 24-Apr-2020 - Updated SOP to new format, removed reference to Appendix, updated degassing method, and changed monthly water replacement.','FM-QC-018: Ultrasonic Bath Instrument Maintenance Logbook'),(48,'QC-018B','OPERATION, QUALIFICATION AND MAINTENANCE OF THE BINDER DRYING OVENS','QC-018B Operation Qualification & Maintenance of Binder Drying Ovens.pdf','Amneal Ireland Limited','Eva Quinlan, QC/ARD','Elizabeth Moore, Paul O’Mahony, QC/ARD','Kuddeep Jóshi, QA','2020-10-15','2023-10-14','QC-018A','1. Use thermal gloves or tongs for sample transfer.\n2. Check the safety device operation.\n3. Set the safety device response.\n4. Operate the oven using the control panel.\n5. Perform qualification and maintenance as per schedule.\n6. Record all samples in the usage logbook.','LED: light emitting diode\nAmneal Ireland: Amneal Ireland Limited Cahir Road, Cashel, Co. Tipperary, Ireland.','To define the procedure for the operation, qualification, and maintenance of the Binder vacuum ovens.','This SOP applies to all personnel operating the Binder drying ovens at Amneal Ireland.','1. All QC/ARD personnel must follow the procedure.\n2. The Laboratory Manager ensures adherence to the procedure.\n3. Report any equipment problems to the Laboratory Manager.\n4. Ensure all users are trained on the current SOP revision.','QC-018: 30-Sep-2016 - First Issued\nQC-018A: 17-Sep-2019 - Updated SOP to new logo and removed reference to Appendix.\nQC-018B: 15-Oct-2020 - Removed reference to VD 23, updated vacuum instructions, and made grammatical amendments.','FM-QC-019: Binder Oven Usage Logbook\nBinder APT.line[TM] VD Vacuum Drying Oven Operating Manual'),(49,'QC-019C','INTEGRATION OF CHROMATOGRAMS IN THE QC/ARD LABORATORY','QC-019C Integration of Chromatograms in the QC-ARD Laboratory.pdf','Amneal Ireland Limited','David Ryan, QC/ARD','Agnieszka Lagocka, QC/ARD, Paul O’Mahony, QC/ARD','Kuldeep Joshi, QA','2021-11-17','2023-10-02','QC-019B','1. Peak marking based on RT and RRT.\n2. Peak marking based on Blank/Placebo.\n3. Identification of Peak by Spike Solution.\n4. Procedure for Integration of Peaks in a Chromatogram.\n5. General Procedure for integration parameters.\n6. Manual integration requires approval from the Laboratory Manager.','Chromatogram: Graphical representation of detector response vs time.\nPeak: Portion of chromatographic recording when a component is eluted.\nIntegration: Process of calculating peak areas.\nBaseline: Line representing detector signal when only mobile phase is passing.\nBaseline noise: Irregular variations in the baseline.\nValley: Lowest point between two unresolved peaks.\nParent Peak: Larger of a pair of partially resolved peaks.\nRider Peak: Smaller of a pair of partially resolved peaks.\nResolved Peak: Peak with resolution ≥ 2.0.\nPartially resolved peak: Peak with resolution < 2.0.\nPeak separation: Deriving areas of partially resolved peaks.\nPeak Measurement: Integration involving peak start, apex, and end.\nPeak Area: Area under the curve.\nRetention time (RT): Time for elution of a component.\nRelative retention time (RRT): Ratio of RT of component to reference component.\nDrift and Hump: Baseline shift due to mobile phase or instrumental factors.\nKnown peak: Peak with known origin.\nUnknown peak: Peak with unknown origin.\nPlacebo: Pharmaceutical preparation without active ingredient.\nBlank: Diluent/solvent used for injection.\nPlacebo peak: Peak from placebo portion.\nBlank peak: Peak from blank solution.\nHighest unknown peak: Largest unknown peak.\nSystem suitability: Ensures chromatographic system performance.\nSignal-to-noise ratio: Determines sensitivity of the method.\nQC/ARD: Quality Control/Analytical Research and Development.\nAmneal Ireland: Amneal Ireland Limited, Cahir Road, Cashel, Co. Tipperary, Ireland.\nLimit of Quantitation (LOQ): Lowest quantifiable concentration.\nLimit of Detection (LOD): Lowest detectable concentration.\nDisregard Limit: Peaks below this limit are disregarded.\nScientifically correct integration: Integration visually correct at minimum zoom level.','To provide a systematic approach to peak identification and integration for chromatograms.','This procedure is applicable for all chromatograms generated during analysis performed by QC/ARD, Amneal Ireland.','1. Laboratory personnel shall comply with the requirements of this procedure.\n2. Laboratory personnel must ensure they are trained to the current version.\n3. Laboratory Manager or designee ensures adherence to the procedure.\n4. Laboratory Manager or designee ensures all personnel are appropriately trained.','QC-019: 03-Oct-2016 - First Issued.\nQC-019A: 02-Oct-2019 - Updated SOP to new format, added definitions, and revised integration procedures.\nQC-019B: 08-Nov-2019 - Corrected spelling errors and included diagrams.\nQC-019C: 17-Nov-2021 - Updated manual integration approval process.','USP\nEDQM- Helpdesk - 04- European Pharmacopoeia & International Harmonisation'),(50,'QC-020H','EVALUATION OF SYSTEM SUITABILITY DATA FOR HPLC, GC AND UV-VIS APPLICATIONS','QC-020H Evaluation of SS Data for HPLC, GC & UV-VIS App.pdf','Amneal Ireland Limited','Aliah Gulati, QC/ARD','David Ryan, QC/ARD, Paul O’Mahony, QC/ARD','Lorraine Henry, QA','2022-12-13','2025-03-14','QC-020G','1. General requirements for system suitability.\n2. Data acquisition and integration procedures.\n3. System suitability for HPLC, GC, and UV-Vis.\n4. Handling system suitability failures.\n5. Chromatographic adjustments to achieve system suitability.','HPLC: High Performance Liquid Chromatography.\nGC: Gas Chromatography.\nUV-Vis: Ultra-Violet-Visible.\nIdeal Chromatography: Meets predefined system suitability requirements.\nPoor Chromatography: Identified by symptoms like noisy baseline, shift in retention time, or asymmetric peaks.\nNMT: Not More Than.\nNLT: Not Less Than.\nStandard: Reference standard solution used for system suitability and calibration.\nSystem Suitability: Tests to verify analytical system performance.\nRelative Retention Time (RRT): Retention time of a component relative to a reference peak.\nCapacity Factor (k’): Measure of peak location relative to void volume.\nResolution (R): Measure of separation between two adjacent peaks.\nTailing factor (T): Measure of peak symmetry.\nRelative Standard Deviation (RSD): Measure of reproducibility.\nTheoretical Plates/Column Efficiency: Measure of column performance.\nAmneal Ireland: Amneal Ireland Limited, Cahir Road, Cashel, Co. Tipperary, Ireland.\nAPI: Active Pharmaceutical Ingredient.\nIncident: Unexpected event during laboratory operations.\nApproved Document: Data entry documents approved for recording analytical method execution.','To provide general procedures for the conduct of HPLC, GC, and UV-Vis analysis and describe the process for evaluating system suitability data.','This SOP applies to personnel in the QC/ARD laboratory at Amneal Ireland and is supplementary to analytical test methods.','1. QC/ARD personnel must follow this procedure.\n2. QC/ARD personnel must ensure they are trained on the current revision.\n3. QC/ARD Manager (or designee) ensures adherence to the procedure.','QC-020: 30-Sep-2016 - First Issued.\nQC-020A: 27-Jun-2018 - Updated definitions and procedures.\nQC-020B: 07-Aug-2018 - Added new definitions and instructions.\nQC-020C: 20-Jun-2019 - Updated title, definitions, and procedures.\nQC-020D: 13-Aug-2020 - Updated diluent injection instructions.\nQC-020E: 25-Sep-2020 - Updated handling of extraneous peaks.\nQC-020F: 02-Feb-2022 - Updated flowchart and references.\nQC-020G: 15-Jun-2022 - Updated standard injection sequence and system suitability procedures.\nQC-020H: 13-Dec-2022 - Updated standard correlation calculation and bracketing standard criteria.','SOP QC-019: Integration of chromatograms in the QC/ARD Laboratories.\nSOP QC-012: Chromatographic Column Management.\nUnited States Pharmacopeia.\nP_CQCM-1026: Evaluation of Chromatographic and System Suitability Data for HPLC, UPLC, and GC Applications.\nSOP QM-010: Investigation System.\nFM-QC-008: Column receipt and usage logbook.\nSOP QC-086: Handling of Laboratory Incident in the QC/ARD and Microbiology Laboratories.\nSOP QC-001: Investigation of Out of Specification (OOS) Laboratory Results.\nFM-QC-224: Laboratory Incident Report.\nSOP QC-085: Investigation of Atypical Results in the QC Laboratory.\nGQS_0038: Investigation of Unexpected Peaks in Chromatographic Analysis.'),(51,'QC-021B','OPERATION OF EMPOWER SOFTWARE','QC-021B Operation of Empower Software.pdf','Amneal Ireland Limited','Brigid Hayes, QC/ARD','Agnieszka Lagocka, QC/ARD, Paul O\'Mahony, QC/ARD','Kuldeep Joshi, QA','2020-01-01','2023-01-01','QC-021A','To provide a systematic approach for the routine operation of Empower Software.','Amneal Ireland: Amneal Ireland Limited Cahir Road, Cashel, Co. Tipperary, Ireland.\nProject: A user defined collection of data including but not limited to methods, results, view filters, custom fields and raw data.\nMethod: An instruction to Empower to perform a task.\nInstrument Method: Instructions to control a chromatographic instrument and collect data.\nProcessing Method: Instructions including but not limited to the following actions: identify peaks, integrate, calculate results, perform system suitability.\nReport Method: Instructions specifying the content and format of chromatographic reports including but not limited to chromatograms, calibration curves, numerical data.\nMethod Set: Collection of methods that must contain the instrument method. May also contain processing method, report method and export method.\nSample Set Method: A set of instructions that defines what samples will be run and how. Information includes but is not limited to vial position, sample name, injection volume.\nSample Set: A set of data acquired after running a sample set method.\nResult Set: A bound set of results generated from processing selected sample sets.','To provide a systematic approach for the routine operation of Empower Software.','This procedure applies to the Quality Control and Analytical Research & Development (QC/ARD) Laboratory at Amneal, Ireland.','The QC/ARD personnel are responsible for complying with the requirements of this procedure.\nLaboratory manager or designee shall be responsible to ensure that the steps outlined in this procedure are followed.\nLaboratory manager or designee must ensure that all personnel performing the steps outlined in this procedure are appropriately trained.','Revision: QC-021, Date: 30-Sep-2016, CCF No.: --, Reason: First Issued\nRevision: QC-021A, Date: 17-May-2019, CCF No.: AI-CC-18-140 AI-CC-19-010, Reason: Header: New Amneal logo added. New Points added: 5.3.5 Creating an Instrument Method (IM) 5.3.5.8 Instrument Methods shall be created by a “Superuser”. The Superuser should print and sign / date the created Instrument Method and pass to the Laboratory Manger or designee for review. 5.3.5.9 Once the Instrument Method is reviewed and signed / dated by the Laboratory Manger or designee the Instrument Method should be locked by the Superuser from “Chemist” user group. The reviewed Instrument should be stored in a designated folder in the QC/ARD Laboratory. 5.3.5.10 Once locked the Instrument Method can be used for routine use. Note: Instrument methods for Headspace Gas Chromatography cannot be locked as the number of vials require updating for each sample set. Instrument methods for Headspace Gas Chromatography will be printed by the analysts and submitted as part of the chromatographic data pack for review. The instrument method will be reviewed by the data reviewer during the review process. 5.3.6: Creating a Method Set 5.3.6.7 Method Sets shall be created by the “Super User”. The Superuser should print and sign/date the created Method Set and pass to the Laboratory Manger or designee for review. 5.3.6.8 Once the Method Set is reviewed and signed / dated by the Laboratory Manger or designee the Method Set should be locked by a Superuser from “Chemist” user group. The reviewed Method Set should be stored in a designated folder in the QC/ARD Laboratory. 5.3.6.9 Once locked the Method Set can be used for routine use. 5.3.7 Creating Report Method 5.3.7.1 Report Methods shall be created for each analytical procedure in the QC/ARD Laboratory. Report Methods may be created by a Superuser or a Chemist. The Superuser or Chemist should print the created Report Method and pass to the Laboratory Manger or designee for review. 5.3.7.2 Report Methods shall include the following • Sample Set • Processing Method • Component Summary Report • Chromatogram of all injections in the relevant Sample Set A separate report Method should be created for System Suitability. Report Methods must contain all critical information as per the relevant analytical procedure 5.3.7.3 Once the Report Method is reviewed by the Laboratory Manger or designee the Report Methods should be locked by a Superuser from the “Chemist” group. 5.3.7.4 Once locked Report Methods can be used for routine use in the QC/ARD laboratory. Correct typographical error in numbering for section 5.1.1\nRevision: QC-021B, Date: 2020-01-01, CCF No.: AI-CC-19-080, Reason: Section 6.0 updated to reflect new SOP Title for SOP QC-020','SOP: QC-019 Integration of Chromatograms in the QC/ARD Laboratory\nSOP: QC-020 Evaluation of System Suitability Data for HPLC, GC and UV-Vis Applications\nSOP: QC-025 Operation and Maintenance of HPLC System\nSOP: QC-030 Operation and Maintenance of GC System'),(52,'QC-022E','CONTROL OF LABORATORY INSTRUMENTS','QC-022E Control of Laboratory Instruments.pdf','Amneal Ireland Limited','David Ryan, QC/ARD','Katherine Russell, QC/ARD, Paul O\'Mahony, QC/ARD','Kuldeep Joshi, QA','2020-01-01','2023-01-01','QC-022D','To describe the receipt, labelling, qualification, maintenance, re-qualification, re-validation, calibration and repair of instruments/equipment in the Quality Control/Analytical R&D (QC/ARD) and Microbiology Laboratory.','AIQ: Analytical Instrument Qualification.\nIQ: Installation Qualification.\nOQ: Operational Qualification.\nPQ: Performance Qualification.\nRQ: Re-qualification.\nRV: Re-validation.\nPM: Preventive Maintenance.\nCalibration: Set of operations that establish the relationship between values indicated by a measuring instrument and the corresponding values realised by standards.\nAmneal Ireland: Amneal Ireland Limited Cahir Road, Cashel, Co. Tipperary, Ireland.\nSOP: Standard Operating Procedure.\nGMP: Good Manufacturing Practice.\nPPE: Personal Protective Equipment.\nQC/ARD-Micro: Quality Control/ Analytical Research & Development and Micro.\nCOTS: Commercial off the Shelf.\nSDS: Safety Data Sheets.\nQM: Quality Management.\nQA: Quality Assurance.\nIT: Information Technology.\nVMP: Validation Master Plan.\nNIST: National Institute of Standards and Technology.\nNSAI: National Standards Authority of Ireland.\nNPL: National Physics Laboratory.\nCSV: Computer Systems Validation.','To describe the receipt, labelling, qualification, maintenance, re-qualification, re-validation, calibration and repair of instruments/equipment in the Quality Control/Analytical R&D (QC/ARD) and Microbiology Laboratory.','This procedure applies to all instruments/equipment in the QC/ARD Laboratories.','Laboratory personnel shall comply with the requirements of this procedure.\nLaboratory personnel must ensure that they are trained to the current version of this procedure.\nLaboratory Manager or designee shall be responsible for ensuring that the steps outlined in this procedure are followed.\nThe Laboratory Manager or designee must ensure that all personnel performing the steps outlined in this procedure are appropriately trained.\nThe Laboratory Manager or designee is responsible for establishing and implementing the laboratory instrument calibration and preventive maintenance schedule.\nThe Laboratory Manager or designee shall ensure that all activities are documented as per QM-004 (Good Documentation Practices).\nThe Laboratory Manager or designee shall ensure that all contract maintenance providers meet the requirements of SOP QA-002 (Contract Service Provider Management).\nIt is the responsibility of all persons performing calibrations/PM/re-validation/re-qualification work to adhere to all safety signs, notices and guidelines.','Revision: QC-022, Date: 03-Oct-2016, CCF No.: --, Reason: First issued.\nRevision: QC-022A, Date: 29-Mar-2018, CCF No.: AI-CC-18-014, Reason: Added equipment, re-qualification and re-validation to the Purpose section 1.1. Updated section 2.1 to include equipment. Minor grammatical corrections to section 3. Added responsibilities in section 3 for the Laboratory Manager or designee to ensure all activities are documented as per SOP QM-004, manage spare parts ordering, ensure all contractors meet SOP QA-002 (Contract Service Provider Management). Added responsibilities for persons performing work to adhere to safety signs, wear correct PPE, avoid hot surfaces, have adequate lighting, electrical shocks etc. Added acronyms PM, QC/ARD, SOP, GMP, COTS, SDS, QM, QA, IT, VMP, NIST, NSAI, and NPL to Definitions section 4. Section 4.2 has changed definition to “IQ: Installation Qualification: The documented verification that the facilities, systems, instruments and equipment as installed or modified, comply with the approved design and the manufacturer’s recommendations.” to align with VA-002. Section 4.3 has changed definition to “OQ: Operational Qualification: The documented verification that the facilities, systems, instruments and equipment as installed or modified, perform as intended throughout the anticipated operating ranges.” To align with VA-002. Added definition for Re-validation to Section 4.6. Section 5.1 Added Equipment for clarification. Section 5.1 Added “New instruments shall be assessed and introduced as per QM-013, “Change Control System” if applicable”. Section 5.1 Added “Any instrument that exists on site but has not been previously qualified shall be assessed prior to qualification of this instrument.” Section 5.1.6, responsibility changed to QC/ARD. Added “Record IQ as per VA-002, Appendix IV, “Protocol template for Installation Qualification (IQ).” To Section 5.2.4. Removed reference to presumed instruments in Section 5.2.4. Added “Any re-qualification or re-calibration activities required of the instrument will be managed under the associated Change Control as per this procedure” to Section 5.2.9. Added clarification on the instruments that require qualification following a move to Section 5.2.9. Section 5.5 has been changed from “Instrument Calibration and Preventative Maintenance” to “Instrument Calibration”. Sections 5.5 and 5.5.4 have been amended to reference section 5.4 for categorisation, and SOP QM-007 only for calibration. Section 5.5.2 has been moved to section 5.6.1. Section 5.5.3 is removed as already stated in 3.5. Section 5.5.5 is now covered in section 5.6.10. Section 5.5.6 is re-worded and moved to 5.6.14. Section 5.5.7 is moved to 5.6.11. Section 5.5.8 referencing SOP QM-007 (Calibration Policy) is removed as this SOP does not cover PMs. Section 5.6 amended from ‘Repair of Instruments’ to ‘Instrument PM’ (‘Repair of Instruments’ is now section 5.9). Section 5.6 now covers purpose of PM, forms to be used for annual and monthly PM schedules, reference instruments used, persons qualified to perform PMs, instrument classification, recording and documentation storage, use of labels etc. New section 5.7 added; Maintenance Schedule. New section 5.8 added; Periodic Re-qualification /Re-validation. References expanded to Preventative Maintenance Annual Schedule (FM-QC-123), Preventative Maintenance Monthly Schedule (FM-QC-124), Instrument PM Record – Category A Instruments (FM-QC-125), QM-004, Good Documentation Practices, QA-002, Contract Service Provider Management, QM-010, Investigation System, MF-008, Labelling of Material, Product, Room and Equipment, FM-QM-020, Calibration label, FM-MF-012, Equipment Out of Service/ON HOLD’ label. Update of Appendix II (Instrument Categorisation (FM-QC-027)) to include new instrumentation. Appendix VI and VII added as templates for annual and monthly PM schedules. Appendix VIII added (Instrument PM Record – Category A Instrument). Appendix II updated to include other instrument types. Editorial changes.\nRevision: QC-022B, Date: 18-Sep-2018, CCF No.: AI-CC-18-064, AI-CC-18-097, Reason: Section 5.1.2; replaced ‘Out of Use’ label FM-QC-026 with ‘Out of Use’ label FM-QM-112 (SOP QM-007 Calibration Policy). Section 5.2.13; PM label FM-QC-028 replaced by PM label FM-MF-040, SOP MF-008 Labelling of Material, Product, Room and Equipment. Section 5.6.2 Appendix IV amended to Appendix VI and Appendix V amended to VII to correct typographical errors. Section 5.6.7 Appendix VI amended to Appendix VIII to correct typographical error. Section 5.6.12; replaced ‘Out of Use’ label FM-MF-012 with ‘Out of Use’ label FM-QM-112 (SOP QM-007 Calibration Policy). Section 5.6.13; replaced ‘Equipment Out of Service’/On Hold’ label with ‘Out of Use’ label FM-QM-112, SOP QM-007, Calibration Policy. Changed PM status label from FM-QC-028 to FM-MF-040. Section 5.9.3; replaced ‘Out of Use’ label FM-QC-026 with ‘Out of Use’ label FM-QM-112, SOP QM-007, Calibration Policy. Removed Appendices I and III as no longer required following above changes (see points 1 and 2). Reference to FM-QM-112 Out of Use label, SOP QM-007 added. Addition of FM-MF-040 (Preventative Maintenance Status label) and FM-QM-112 (Out of Use label) to References section, points 6.18 and 6.19 respectively. General editorial changes. Updated Appendix II to include additional new instruments in QC/ARD.\nRevision: QC-022C, Date: 15-Nov-2018, CCF No.: AI-CC-18-125, Reason: Corrected error in the naming of the change controls listed for revision QC-022B. Amended Appendix VII for typographical errors; Page 2 footer in Appendix VII amended from FM-QC-123 to FM-QC-124. Page 2 heading in Appendix VII amended from Appendix VI to Appendix VII.\nRevision: QC-022D, Date: 08-Feb-2019, CCF No.: AI-CC-18-064, Reason: Update procedure to new template. Update Logo in header. Section 1.1 Include “and Microbiology”. Section 2.1 Change Laboratory to Laboratories. Section 4.13 Include “Micro”. Section 4.23 Include Definition for CSV. Section 5.2 Change Laboratory to Laboratories. Section 5.9.2 Include numbering format for Instrument Repair Requests. Section 5.9.9, Addition of “For Microbiology Equipment all repair activities must be documented in the instrument’s usage logbook”. Section 6.17, Include “SOP QM-007”. Update FM-QC-027 to new form template and put titles of form in body of the form as header is removed. Update FM-QC-027 to include new logo in header. Update FM-QC-027 to include a Hotplate. Remove Appendix numbers throughout the document and replace with form number where applicable. Add new point under section 5.5.2 – “In the event that a planned Calibration activity is unable to be completed within it’s defined Calibration schedule window QC/ARD / QA Val and QA can assess impact, if any, and document decision on instrument PM status thereafter. An “Out of Use” label will be applied to the instrument prior to the calibration activity exceeding it’s defined due date pending the outcome of the assessment. The assessment will be documented and stored with the relevant calibration schedule documentation.” Updated section 5.6.2 to remove requirement to initiate an investigation per QM-010 if a planned preventative maintenance task is completed after the allowable due date. Update section 5.6.2 to include “In the event that a planned preventative maintenance activity is unable to be completed within it’s defined PM schedule window QC/ARD / QA Val and QA to assess impact, if any, and document decision on instrument PM status thereafter. An “Out of Use” label will be applied to the instrument prior to the PM activity exceeding it’s defined PM due date (including tolerance where applicable) pending the outcome of the assessment. The assessment will be documented and stored with the relevant maintenance schedule documentation”. Updated form numbers FM-QC-029, FM-QC-030, FM-QC-123, FM-QC-124 and FM-QC-125 to new template and included new logo in header.','FM-QC-027 : Instrument Categorisation.\nFM-QC-029 : Instrument Repair Request.\nFM-QC-030 : Instrument Repair Record Log.\nFM-QC-123 : Preventative Maintenance Annual Schedule.\nFM-QC-124 : Preventative Maintenance Monthly Schedule.\nFM-QC-125 : Instrument PM Record – Category A Instruments.\nQA-005 : Assigning Equipment Identification Number.\nVA-002 : Qualification Procedure.\nQM-007 : Calibration Policy.\nQM-013 : Change Control.\nUSP <1058> Analytical Instrument Qualification.\nEudralex Chapter 6 and Annex 15.\nQM-004 : Good Documentation Practices.\nQA-002 : Contract Service Provider Management.\nQM-010 : Investigation System.\nMF-008 : Labelling of Material, Product, Room and Equipment.\nFM-QM-020 : Calibration label (SOP QM-007).\nFM-QM-112 : OUT OF USE label (SOP QM-007).\nFM-MF-040 : Preventative Maintenance Status label.'),(53,'QC-023A','OPERATION AND CALIBRATION OF VWR 609-0185 STOPWATCHES','QC-023A Operation and Calibration of VWR 609-0185 Stopwatches.pdf','Amneal Ireland Limited','Brigid Hayes, QC/ARD','Agnieszka Lagocka, QC/ARD','Kuldeep Joshi, QA','2017-12-01','2023-11-01','QC-023','The purpose of this SOP is to define the procedure for the operation and calibration of the VWR 609-0185 stopwatches.','QC/ARD: Quality Control/Analytical Research and Development.\nAmneal Ireland: Amneal Ireland Limited Cahir Road, Cashel, Co. Tipperary, Ireland.','The purpose of this SOP is to define the procedure for the operation and calibration of the VWR 609-0185 stopwatches.','The scope is limited to the use of the timers by the QC/ARD Department in Amneal Ireland.','It is the responsibility of all personnel within QC/ARD to adhere to the requirements outlined in this procedure.\nAll QC/ARD personnel must ensure that they are trained on the current revision of the SOP.\nIt is the responsibility of the Laboratory Manager (or designee) to ensure that the SOP is followed by all QC/ARD personnel.\nIt is the responsibility of the QC Manager (or designee) to ensure that all QC/ARD personnel are trained on the current revision of the SOP.','Revision: QC-023, Date: 30-Sep-2016, CCF No.: --, Reason: First Issued.\nRevision: QC-023A, Date: 2017-12-01, CCF No.: AI-CC-18-140, Reason: Update SOP logo and removed reference to Appendix throughout.','FM-QC-021 : Calibration Log for Stopwatches.'),(54,'QC-024C','OPERATION AND MONITORING OF LIEBHERR FRIDGE IN THE QC/ARD LABORATORY','QC-024C Op & Monitoring of LIEBHERR Fridge in QC-ARD Lab.pdf','Amneal Ireland Limited','David Ryan, QC/ARD','Paul O\'Mahony, QC/ARD, Ashok Gulati, QC/ARD','Kuldeep Joshi, QA','2021-07-01','2024-07-01','QC-024B','The purpose of this SOP is to define the procedure for the operation and monitoring of the Liebherr fridge.','QC/ARD: Quality Control/ Analytical Research & Development.\nAmneal Ireland: Amneal Ireland Limited Cahir Road, Cashel, Co. Tipperary, Ireland.','The purpose of this SOP is to define the procedure for the operation and monitoring of the Liebherr fridge.','The scope is limited to fridges used by the QC/ARD Department in Amneal Ireland.','It is the responsibility of all personnel within QC/ARD to adhere to the requirements outlined in this procedure.\nAll QC/ARD personnel must ensure that they are trained on the current revision of the SOP.\nIt is the responsibility of the Laboratory Manager (or designee) to ensure that the SOP is followed by all QC/ARD personnel.\nIt is the responsibility of the Laboratory Manager (or designee) to ensure that all QC/ARD personnel are trained on the current revision of the SOP.','Revision: QC-024, Date: 17-Jan-2017, CCF No.: --, Reason: First Issued.\nRevision: QC-024A, Date: 26-Aug-2019, CCF No.: AI-CC-18-140, Reason: Updated SOP to introduce new Amneal Logo. Formatted header to remove preparers name. Section 5.3 - Updated 5.3.5 to remove Fridge Contents logbook, Appendix 1 (FM-QC-024) and to include Incoming Reference Standards Logbook (FM-QC-015). Updated 5.3.7 to remove Fridge Contents logbook, Appendix 1 (FM-QC-024) and to include Incoming Reference Standards Logbook (FM-QC-016). Added 5.3.8 and 5.3.9. Section 5.4 - Update 5.4.1 to include daily alarm check and instruction that data logger to be downloaded in the event of an alarm being encountered. Update 5.4.2 to clarify that the temperature of the fridge will be recorded every 10 minutes. Update 5.4.3 to state that the data logger will be placed in a representative location within the fridge. Section 5.4.4 – include instruction stating that the temperature data from the data logger will be downloaded on a monthly basis and that calibration cert for data logger will be saved also. Remove section 5.4.4. Add section 5.4.5 to state that all deviations from acceptance criteria should be recorded in FM-QC-025. Section 5.5 - Add clarification that maintenance is documented in FM-QC-025 in point 5.5.5. Section 5.6 - Add section in relation to use of data loggers. References Section - Remove appendix references. Remove reference to FM-QC-024 and SOP-035. Insert references to FM-QC-015 and FM-QC-016.\nRevision: QC-024B, Date: 16-Jul-2020, CCF No.: AI-CC-20-051, Reason: Section 5.3.5 updated to All standards stored in the fridge must be recorded in the Incoming Reference Standards Logbook (FM-QC-015). Section 5.3.6 updated to All items stored in the fridge must be securely sealed and clearly labelled. Section 5.3.8 and 5.3.9 was removed. Section 5.5.1 Prior to performing any maintenance remove samples / standards from the fridge. Complete the clean within a maximum period of 30 minutes to minimise the time that standards are outside of the refrigerated conditions. Section 5.5.2 updated to Clean the inside, equipment and outer walls with lukewarm water and a small amount of detergent. Do not use abrasive or acidic cleaners or chemical solvents. Note: Fridge Clean will be performed annually prior the Fridge Calibration.\nRevision: QC-024C, Date: 2021-07-01, CCF No.: AI-CC-21-049, Reason: Section 5.2 – updated instruction as per new Liebherr Fridge, AI-QC-136. Section 5.4 – added new section to describe how to operate the maximum/minimum thermometer. Section 5.5, monitoring the temperature moved from section 5.4. Section 5.5.1 - added instruction for the monitoring of the fridge using the minimum and maximum thermometer “the minimum and maximum temperatures shall be checked as per section 5.4.5 and 5.4.6. The minimum and maximum temperatures shall be recorded along with the date/time of the minimum and maximum temperatures. Section 5.5.2 - Instruction added on how to deal with excursions of temperature outside the 2°C - 8°C range. Removed section 5.6, use of temperate data loggers. Section 6.4, added reference to IT-014. Updated FM-QC-025 to include new process for monitoring refrigerator temperatures with minimum/maximum thermometer.','FM-QC-025 : Fridge Temperature Logbook.\nFM-QC-016 : Reference Standards Monthly Review Log.\nFM-QC-015 : Incoming Reference Standards Logbook.\nIT-014 : Synchronisation of time for standalone equipment/instrument.'),(55,'xxxx','Travel and Expense Policy','Amneal Ireland Travel Expense Policy.pdf','Amneal Ireland Limited',NULL,NULL,'Gearoid McDermott','2023-09-27',NULL,NULL,'Employees must book travel through Heffernan Travel. Corporate credit cards are issued to frequent travelers. Reimbursement for business-related expenses is provided. Non-compliance may result in delayed or denied reimbursement or termination. Airline reservations should be made at least 2 weeks in advance. Economy class for UK and Europe, Business class for flights over 10 hours. Rental cars should be intermediate size. Use of personal cars is reimbursable at 39.86 cents/km. Lodging and meals are reimbursable within limits. Travel insurance is provided by the company.',NULL,'To provide guidelines and procedures for employees who travel and incur business-related expenses.','Applies to all Amneal Ireland employees and contractors travelling on Amneal Ireland related business.','Employees must comply with the policy. Managers must approve travel and expenses. Site Director must authorize travel and approve expense reports.',NULL,NULL),(56,'EMP-HANDBOOK-2022','Employee Handbook August 2022','Employee Handbook August 2022.pdf','Amneal Ireland Limited','HR Department','Management Team','Chirag Patel & Chintu Patel','2022-08-01','2023-08-01','Revision 14','Equal Opportunity, Conflict of Interest, Termination of Employment, Time & Attendance, Compensation & Benefits, Leave Provisions, Key Company Policies, Health & Safety, Code of Conduct','Equal Opportunity: Ensuring no discrimination based on gender, civil status, family status, sexual orientation, age, disability, race, religion, or membership of the Traveller community. Conflict of Interest: Avoiding activities that conflict with the company’s business interests. Termination of Employment: Procedures for termination and payment in lieu of notice. Time & Attendance: Policies on working hours, time off, and flexible working. Compensation & Benefits: Details on base pay, bonuses, and benefits. Leave Provisions: Policies on annual leave, sick leave, maternity leave, etc. Key Company Policies: Anti-discrimination, anti-harassment, and disciplinary policies. Health & Safety: Ensuring a safe workplace. Code of Conduct: Ethical guidelines for employees.','To provide employees with a comprehensive guide on company policies, procedures, and expectations to ensure a productive and compliant work environment.','All employees of Amneal Ireland Limited and Amneal EU Limited.','Employees: To adhere to the policies outlined in the handbook. Management: To enforce and ensure compliance with the policies. HR Department: To provide guidance and support on policy-related matters.','This handbook supersedes and replaces all previous handbooks, personnel policies, practices, and guidelines. Effective August 2022.','Employment Equality Acts 1988-2015, Equal Status Acts 2000-2018, Minimum Notice and Terms of Employment Act 1973-2005, Unfair Dismissals Act 1977-2005, Terms of Employment Information Act 1994-2012, Safety, Health and Welfare at Work Act 2005.'),(57,'HOLIDAY-SELL-SCHEME','Annual Leave Sell Scheme Policy','Holiday Sell Scheme.pdf','Amneal Ireland Limited','HR Department','Management Team','Chirag Patel & Chintu Patel',NULL,NULL,NULL,'Employees can sell up to 3 days/24 hours of unused Annual Leave. Requests must be submitted by 31 October each year. Payment is based on the employee’s hourly rate and can be paid through payroll or put towards an AVC.','Annual Leave: Paid time off granted to employees. AVC: Additional Voluntary Contribution to pension.','To allow employees to sell a portion of their unused Annual Leave for monetary value while ensuring compliance with the Organisation of Working Time Act.','All Amneal employees who have successfully completed their probationary period.','Employees: Submit requests to sell Annual Leave by the deadline. HR: Process requests and ensure compliance with the policy.','This policy introduces the Annual Leave Sell Scheme, allowing employees to sell up to 3 days of unused Annual Leave.','Organisation of Working Time Act, Working Time Regulations.'),(58,'IT-001B','DOMAIN SECURITY ADMINISTRATION','IT-001B Domain Security Administration.pdf','Michelle O\'Donoghue','Michelle O\'Donoghue','Mary White, QA','Kuldeep Josh, QA','2022-09-14','2024-09-15','IT-001A','1. Enforce unique user password with minimum seven characters.\n2. Password expiry every 90 Days.\n3. System lockout threshold for invalid login attempts is Three (3).\n4. Locked-out users are automatically unlocked after 7 minutes.\n5. Users are given a generic password for password resets and are prompted to change password at first logon.\n6. Desktop and laboratory computers have local administrator password managed by IT.\n7. Anti-Virus software scans for malicious code and content.\n8. Firewall configured to prevent unauthorized intrusion.\n9. VPN access available for remote users.','HOD: Head of Department\nIT: Information Technology\nLAN: Local Area Network\nQA: Quality Assurance\nSOP: Standard Operating Procedure\nVPN: Virtual Private Network','To provide instruction and guidance for the administration of the Amneal Ireland Limited local area network (LAN) and wide area network (WAN) security devices, application and general end-user practices.','The Amneal Ireland Limited LAN/WAN authorize users, security devices, applications, and network operating system active directory settings.','1. The Information Technology (IT) Manager or designee is required to ensure that this procedure is maintained and followed.\n2. It is the responsibility of Domain User and Instrument Operator to ensure login with his/her user id and logout after task completion.','IT-001 | 12-Jan-2016 | N/A | First Issued\nIT-001A | 05-May-2020 | AI-CC-18-140 | 1. Updated Amneal Logo and removed reference to Appendix\n2. Added FM-IT-053 to reference section.\n3. Removed FM-IT-001-00 from reference section.\n4. Form FM-IT-001-00 to be retired.\nIT-001B | 14-Sep-2022 | AI-CC-21-072 | 1. Add definitions section\n2. Add details for ServiceNow Self-Service Portal.\n3. Add Hiring Manager approval process\n4. Add detail for IT team /ServiceDesk to service the request.\n5. Added additional detail for usernames for employees with same name.','FM-IT-053 : Access & Disable Electronic System Request Form'),(59,'IT-002E','COMPUTER NETWORK ACCESS, HELPDESK AND TERMINATION','IT-002E Computer Network Access Helpdesk & Termination.pdf','Declan Ryan','Declan Ryan','Derek Russell, IT; Mary White, QA','Kuldeep Jones, QA',NULL,NULL,'IT-002D','1. Requesting Secure Folder Access or changing current User Access.\n2. Requests to Helpdesk.\n3. Terminating User Profile.\n4. Transfer of GxP data from original equipment to Secure Folder.\n5. Retention of data on secure folders.','IT: Information Technology.\nHOD: Head of Department.\nAll Amneal Ireland Employees: Full time permanent staff.\nAll Amneal Ireland non-Employees: Directly Supervised Contractor, contract agency person with the same duties as a permanent employee.\nAll Amneal Ireland Contractors: A contractor hired by another company who provide a regular service at Amneal, for example Cleaning Contractor.','This procedure outlines the guideline for providing new computer network access, helpdesk services and network access termination for the computer network.','This procedure applies to all employees requesting computer network access, helpdesk services and network access termination from the computer network at Amneal Ireland.','1. The Information Technology HOD or designee is responsible for the overall security of the Amneal Ireland computer network.\n2. IT team members who have administrator privileges are responsible for administering/managing security of the computer network and network folders.\n3. The respective HOD or designee is responsible for requesting network access for all new employees and requesting to revoke access for existing employees as required.\n4. The Human Resource HOD or designee is responsible for informing the IT department when an employee who has access to the computer network has been terminated or relieved from the services.\n5. The Head of QA or designee is responsible for approving access to the Quality Management folder/subfolders and secure network folders.','IT-002 | 12-Jan-2016 | -- | First Issued\nIT-002A | 21-Dec-2017 | AI-CC-17-107 | Updated purpose, scope, definitions, and procedures.\nIT-002B | 03-May-2018 | AI-CC-18-036 | Revised section 5.2 and added section 5.5.\nIT-002C | 29-Apr-2021 | AI-CC-18-140, AI-CC-21-031 | Amneal Logo change, removed word ‘services’, replaced Department Head with HOD, and other revisions.\nIT-002D | 01-Jun-2021 | AI-CC-21-033 | Added ServiceNow portal details.\nIT-002E | [Date] | AI-CC-21-053, AIM-CC-21-009 | Returned Form FM-IT-027 into service and added MDI Functional Tester.','IT-001 : Domain Security Administration\nFM-IT-027 : Secure Folder Access Request form\nHR-001 : Employee Induction Process\nFM-HR-009 : Exiting Employee/Non-Employee/ Contractor Checklist'),(60,'IT-004E','DATA BACKUP, RESTORE PROCEDURE FOR SERVER SYSTEM','IT-004E Data Backup, Restore Procedure for Server System.pdf','Declan Ryan','Declan Ryan','Derek Russell, IT','Kuldeep Joshi, QA','2023-11-01','2026-10-31','IT-004D','1. Backup Procedure for Acronis Backup for VMWare.\n2. Restore Procedure for Acronis Backup for VMWare.\n3. Backup schedule for Amneal Ireland Servers.\n4. Backup Storage of media.\n5. Retention of external hard drive backups for 3 months.','Amneal Ireland: Amneal Ireland Limited, Cahir Road, Cashel, Co. Tipperary, Ireland.\nData Backup: Making copies of data to restore the original after data loss.\nFull Backup: Complete backup of all software components.\nIncremental Backup: Copies only data changed since the last backup.\nDifferential Backup: Copies all data changed since the last full backup.\nSoftware Backup: Ensures latest and correct versions are available.\nBackup for VMWare: Complete copy of the VM server.\nBackup Interval: Frequency of backups.\nMedia: Means of storing electronic data.\nCD: Compact Disc.\nDVD: Digital Versatile Disk.\nVM: Virtual Machine.\nIT: Information Technology.\nGFS: Grandfather-Father-Son Clean-up Scheme.\nZIP: Archive file format.\nSNMP: Simple Networking Monitoring Protocol.\nFTP: File Transfer Protocol.\nIDF2: Integrated Distribution Frame 2.\nQC: Quality Control.\nRestore Procedure: Returns lost data to its original condition.\nHOD: Head of Department.\nVDMK: Virtual Machine Disk.\nESX: VMware ESXi.\nIP: Internet Protocol.\nURL: Uniform Resource Locator.\nNAS Box: Network Attached Storage Box.\nBMS: Building Management System.\nQEMS: Qualified Environmental Management System.\nLocal USB HD: Local Universal Serial Bus Hard Drive.\nFull Virtual: Restores entire virtual machine.','This procedure outlines the guidance to describe IT approach to backup and restore of the data for the server system.','This procedure applied to software applications, data and documents held in electronic format on the server system as per Table 1 Data Backup Schedule at Amneal Ireland.','1. The designated Systems Administrator or designee is responsible for ensuring the backup and restore procedure is followed.\n2. The HOD, Information Technology or designee is responsible for ensuring compliance to this procedure.','IT-004 | 17-Nov-2016 | -- | First Issued.\nIT-004A | 08-May-2018 | AI-CC-18-033 | Added details for Acronis Backup, NAS storage, and Onsite Fireproof Safe.\nIT-004B | 13-Dec-2018 | AIM-CC-18-031 | Added AMNLIECAESX04 link and details for HP Storage Works Tape Autoloader.\nIT-004C | 25-Feb-2020 | AI-CC-18-140, AI-CC-19-146 | Updated definitions, added backup definitions, and updated server links.\nIT-004D | 05-Aug-2021 | AIM-CC-21-019 | Added Serialisation System (VMs) to Table 1.\nIT-004E | 01-Nov-2023 | CC-AMN-23-5881 | Updated NAS Box definition, backup and restore processes, and server assignments.','IT-009 : Preventative maintenance for IT systems\nIT-015 : Empower & Instrument Server Data Backup, Archival & Verification\nFM-IT-052 : IT Fireproof Safe Access Form'),(61,'IT-005A','PROCEDURE TO INSTALL AND CONFIGURE A NETWORK SWITCH','IT-005A Procedure to Install and Configure a Network Switch.pdf','Declan Ryan','Declan Ryan','Derek Russell, IT','Kuldeep Joshi, QA','2022-02-01','2025-02-01','IT-005','1. Software Management: Verify correct IOS version for new switches.\n2. Generic commands for all switches: Default configuration, enable services, naming convention, management address, default gateway, console and VTY settings, MOTD banner, UDLD, logging, DNS, HTTP management, SNMP settings, NTP, VTP, VLAN configuration.\n3. Switch specific commands: Access switch, server switch, distribution switch, collapsed core/distribution switch, core switch.\n4. Example configuration: Basic switch configuration example.','Amneal Ireland: Amneal Ireland Limited, Cahir Road, Cashel, Co. Tipperary, Ireland.\nDNS: Domain Naming System.\nHTTP: HyperText Transfer Protocol.\nHSRP: Hot Standby Routing Protocol.\nMOTD: Message Of The Day.\nNTP: Network Time Protocol.\nSNMP: Simple Network Management Protocol.\nUDLD: Unidirectional Link Detection.\nVLAN: Virtual Local Area Network.\nVTP: VLAN Trucking Protocol.\nIOS: Cisco’s Internetwork Operating System.','The purpose of this procedure is to provide the standards and instructions to execute a correct and complete installation and functional verification of switches within the Amneal Ireland network.','This procedure applies to all people involved in the installation of network switches running IOS operating system within the Amneal Ireland network.','1. The Information Technology (IT) Manager or designee is required to ensure that this procedure is maintained and followed.\n2. It is the responsibility of personnel involved in the configuration of Network Switches at Amneal Ireland to follow this procedure.','IT-005 | 26-Feb-2019 | -- | First Issued.\nIT-005A | 01-Feb-2022 | -- | Updated procedure for new installations and configurations.',NULL),(62,'IT-006B','PROCEDURE TO INSTALL AND CONFIGURE A WINDOWS SERVER','IT-006B Procedure To Install And Configure A windows Server.pdf','Anton Dempsey','Anton Dempsey','Derek Russell, Declan Ryan','Kuddeep Joshi','2022-10-25','2022-10-25','IT-006A','1. VMware Setup\n2. Virtual Machines (VM) Setup\n3. Windows Operating System (O.S) Setup\n4. Add to Domain\n5. Anti-Virus Setup\n6. SQL Installation\n7. Installing and Configuring a Windows Server on VxRail Infrastructure','Amneal Ireland: Amneal Ireland Limited, Cahir Road, Cashel, Co. Tipperary, Ireland.\nISO: Short for ISO9660, the name of the standard specification for CDs\nUSB: Universal Serial Bus. Port available on computers.\nCD/DVD: Compact Disk/Digital Versatile Disc.\nVM: Virtual Machine','To provide instruction and guidance for the installation and configuration of a Windows Server at Amneal Ireland.','The Windows Servers in operation at Amneal Ireland','The Information Technology (IT) HOD or designee is required to ensure that this procedure is maintained and followed.\nIt is the responsibility of personnel involved in the building of Windows Servers at Amneal Ireland to follow this procedure.','IT-006 | 26-Feb-2019 | -- | First Issued\nIT-006A | 21-Feb-2022 | AI-CC-18-140 | SOP updated to new Amneal Logo\nIT-006B | CC-ACM-2000 | CC-AMN-22-4156 | 1. Added “VM: Virtual Machine” to section 4.0 Definitions 2. Updated Section 5.5 Anti-Virus Setup for Crowdstrike on VMs. 3. Added Section 5.7 Installing and Configuring a Windows Server for new VxRail Infrastructure','21CFR Part 11: Electronic Record and Electronic Signature Rule'),(63,'IT-007C','PROCEDURE TO INSTALL BMS APPLICATION SOFTWARE','IT-007C Procedure to Install BMS Application Software.pdf','Oliver Lynch','Oliver Lynch','Declan Ryan, Mark Smyth','Kuldeep Joshi','2024-07-25','2027-07-24','IT-007B','1. Tridium Niagara Supervisor Application Installation','Amneal Ireland: Amneal Ireland Limited, Cahir Road, Cashel, Co. Tipperary, Ireland\nHOD: Head of Department','To provide instruction and guidance for the installation of BMS Application Software at Amneal Ireland.','The BMS System in operation at Amneal Ireland.','The Information Technology (IT) HOD or designee is required to ensure that this procedure is maintained and followed.\nIt is the responsibility of personnel involved in the building of BMS System at Amneal Ireland to follow this procedure.','IT-007 | 26-Feb-2019 | N/A | First Issued\nIT-007A | 21-Feb-2022 | AI-CC-18-140 | SOP updated to new Amneal Logo\nIT-007B | 07-Mar-2022 | CC-AMN-22-1017 | Updated questionnaire onto correct template FM-QM-011.\nIT-007C | √5 ~ √k ~ 2√2 l | CC-AMN-24-3188 | 2.1 Replace ‘Windows Server’ with ‘System’ 3.2 Replace ‘Windows Server’ with ‘System’ 5.1 Replaced ‘Tridium AX’ with ‘Tridium Niagara’. 5.1.1 Added Niagara to Tridium Niagara. General editorial changes.','21CFR Part 11: Electronic Record and Electronic Signature Rule'),(64,'IT-008A','PROCEDURE TO INSTALL QEMS APPLICATION SOFTWARE','IT-008A Procedure To Install QEMS Application Software.pdf','Declan Ryan','Declan Ryan','Declan Ryan, Mark Smyth','Kuldeep Joshi','2022-02-09',NULL,NULL,'1. Trend Application Installation','Amneal Ireland: Amneal Ireland Limited, Cahir Road, Cashel, Co. Tipperary, Ireland.','To provide instruction and guidance for the installation of QEMS Application Software at Amneal Ireland.','The QEMS Windows Server in operation at Amneal Ireland.','The Information Technology (IT) Manager or designee is required to ensure that this procedure is maintained and followed.\nIt is the responsibility of personnel involved in the building of BMS Windows Server at Amneal Ireland to follow this procedure.','IT-008 | 26-Feb-2019 | N/A | First Issued\nIT-008A | ∂1-ℓ̲2 - ∂̲3 | AI-CC-18-140 | SOP updated to new Amneal Logo','21CFR Part 11: Electronic Record and Electronic Signature Rule'),(65,'IT-009D','PREVENTIVE MAINTENANCE FOR IT SYSTEMS','IT-009D Preventative Maintenance for IT Systems.pdf','Anton Dempsey, Aaron Dempsey','Anton Dempsey, Aaron Dempsey','Derek Russell, Declan Ryan','Kuldeep Joshi','2021-07-29',NULL,'IT-009C','1. General IT System Requirements\n2. Quarterly Maintenance Activities\n3. Review of Application Event Logs\n4. Backup Script Checks\n5. Security Log Reviews\n6. Access Control List Reviews\n7. Database Counters Review\n8. Database and OS Defragmentation\n9. Backup and Restore Testing\n10. Server Reboot and Service Restart','Amneal Ireland: Amneal Ireland Limited, Cahir Road, Cashel, Co. Tipperary, Ireland\nBusiness Owner: An individual who owns the relationship between the system, business process and data, ensures the system is maintained in a compliant state including providing adequate resources, and explains the system and business processes to auditors.\nDomain: Collection of workstations or user accounts in a Windows Server environment.\nDNS: Domain Name System\nDHCP: Dynamic Host Configuration Protocol.\nIT Application Owner: An individual responsible for managing the development / implementation, and/or operation of the system from a technical perspective and supervising the system upgrade. The individual who can answer questions relating to technical or business needs of the system. Provides input for the requirements and the communication planning.\nNAS: Network Attached Storage devices used to backup server data.\nSIEM: Security Information and Event Management.\nMDI: Metered-Dose Inhaler.','This procedure will outline the process for the maintenance activities that are required for IT systems at Amneal Ireland.','In Scope:\n1. Routine maintenance activities that are required to ensure that the IT system applications are running as expected.\n2. Quarterly checks on the IT systems to ensure optimum performance, backup and restore of servers.\n3. Hardware associated with backup and restore (tape drives & NAS boxes).\nOut of Scope:\n1. Maintenance of peripheral hardware such as label printers, scanners, client PCs etc.\n2. Maintenance of stand-alone laboratory and production hardware.','The Information Technology HOD or designee is required to ensure that this procedure is maintained and followed.\nIt is the responsibility of personnel involved in the preventive maintenance activities at Amneal Ireland to follow this procedure.','IT-009 | 20-Oct-2016 | -- | First Issued\nIT-009A | 16-Mar-2017 | AI-CC-17-010 | Sections 2.1.2, 5.2, 5.1.2, 5.1.3, 5.1.4 and 5.1.7 change the word “periodic” to the word “Quarterly”.\nIT009B | 08-May-2018 | AI-CC-18-033 | 1. Additional Row added to table in Section 2.1.3 with description: Maximo – Maintenance Schedule System.\n2. Editorial changes in section 6 – References.\nIT009C | 06-May-2021 | AI-CC-18-140 | AI-CC-21-032 | Annual Logo change\n2.1.3 Added RF-Smart and SCADA\n3.1 Replaced (IT) Manager with HOD\n5.1.2 Replace Appendix I with Form\n5.2.2 Add ‘completed successfully’\n5.2.3 Added details on Event Viewer, SIEM and Falcon Crowdstrike.\n5.2.6 Added details on Defragment and Optimize Drives.\n5.2.7 Added ‘SOP’\n6.1 Replaced Appendix I with FM-IT-004\nIT009D | 06-Aug-2021 | AIM-CC-21-019 | 2.1.3 Table 1: Added MDI Packaging Line\n4.9 Added MDI: Metered-Dose Inhaler.','FM-IT-004: IT Preventive Maintenance Recording Form\nIT-004: Data Backup, Restore Procedure for Server System\nQM-004: Good Documentation Practice'),(66,'IT-010C','PERFORMANCE MONITORING FOR IT SYSTEMS','IT-010C Performance Monitoring for IT Systems.pdf','Derek Russell','Derek Russell','Declan Ryan, Aaron Dempsey','Kuldeep Joshi','2021-05-04',NULL,'IT-010B','1. General IT System Requirements\n2. Solarwinds Network Performance Monitor Configuration\n3. Network Switch and Server Alerts\n4. Node and Volume Thresholds\n5. Administrator Accounts and Email Recipients Configuration\n6. Incident Logging and Impact Assessment\n7. Performance Monitor Usage in Case of Solarwinds Failure','Business Owner: An individual who owns the relationship between the system, business process and data, ensures the system is maintained in a compliant state including providing adequate resources, and explains the system and business processes to auditors.\nIT Application Owner: An individual responsible for managing the development / implementation, and/or operation of the system from a technical perspective and supervising the system upgrade. The individual who can answer questions relating to technical or business needs of the system. Provides input for the requirements and the communication planning.\nDomain: Collection of workstations or user accounts in a Windows Server environment.\nDNS: Domain Name System.\nCPU: Central Processing Unit.\nGDP: Good Documentation Practices.\nDHCP: Dynamic Host Configuration Protocol.\nSQL: Sequential Query Language.\nPerformance Monitor: Perform application run from Windows Run command field.\nAmneal Ireland: Amneal Ireland Limited, Cahir Road, Cashel, Co. Tipperary, Ireland.','This procedure will outline the process for the performance monitoring activities that are required for IT systems at Amneal Ireland.','In-Scope:\n1. Performance monitoring activities that are required to ensure that the IT system applications continue to perform as expected.\n2. Monitoring of IT systems to ensure optimum performance of servers.\n3. Monitoring of IT systems to ensure optimum performance of backup process.\n4. Monitoring of IT systems to ensure optimum performance of databases.\nOut of Scope:\n1. Performance monitoring of peripheral hardware such as label printers, scanners, client PCs etc.\n2. Performance monitoring of stand-alone laboratory and production hardware.','The Information Technology HOD or designee is required to ensure that this procedure is maintained and followed.\nIt is the responsibility of personnel involved in the performance monitoring activities at Amneal Ireland to follow this procedure.','IT-010 | 20-Oct-2016 | -- | First Issued\nIT-010A | 16-Mar-2017 | AI-CC-17-010 | 1. Sections 2.1.2, 2.1.3, 2.1.4, 5.2.2, 5.2.1, 5.3 and 5.4 from “periodic or “periodically” to “Quarterly”. 2. Section 2.1.5 Amended Table 1 to add the following systems with descriptions; Empower -QC Lab Data Acquisition System Instrument – QC Lab File Storage\nIT-010B | 08-May-2018 | AI-CC-18-033 | 1. Section 2.1.5 Amended Table 1 to add the following with Description; Maximo – Maintenance Schedule System 2. 6.0 References - Editorial changes 3. Section 5.3.1 Replaced instruction to record processor value with “The value that the processor is pegged at should be much less that 100%.” 4. Section 5.3.1 Added “A screen shot of the “Perform” monitor window shall be taken to verify counters are running as expected.” Removed definition for C.S.V. (Computer System Validation).\nIT-010C | 04-May-2021 | AI-CC-18-140 AI-CC-21-032 | Annual Logo Change 2.1.1 Replaced ‘Quarter checks’ with ‘Monitoring’ 2.1.5 Added RF-Smart Labelling 3.1 Replace (IT) Manager with HOD','IT-004: Data Backup, Restore Procedure for Server System\nQM-004: Good Documentation Practices\nIT-011: Computer System Incident Management'),(67,'IT-011D','COMPUTER SYSTEM INCIDENT MANAGEMENT','IT-011D Computer System Incident Management.pdf','Declan Ryan','Declan Ryan','Michelle O\'Donoghue, Paul O\'Mahony','Kuldeep Joshi','2021-05-28',NULL,'IT-011C','1. Incident Reporting and Recording\n2. Incident Resolution\n3. Incident Reporting and Closure\n4. Impact Assessment and QA Approval\n5. Follow-up on Unresolved Incidents','Amneal Ireland: Amneal Ireland Limited Cahir Road, Cashel, Co. Tipperary, Ireland.\nCSIM: Computer System Incident Management.\nCCF: Change Control Form.\nIncident: An unplanned interruption to a service, or reduction in the quality of a service.\nIncident Management: The practice of minimising the negative impact of incidents by restoring normal service operation as quickly as possible.\nIssue: System performance that do not adversely impact the business, and so not categorised as an incident.\nIT: Information Technology.\nRAM: Random Access Memory.\nQA: Quality Assurance.\nQC: Quality Control.','The purpose of this SOP is to describe a procedure for managing computer system related incidents experienced by any user(s) of the computer system. Reporting of all such incidents, communication, recording, categorizing, resolution and closure of all incidents.','In Scope:\n1. The scope of this SOP applies to reporting, communicating, recording, categorizing, resolving and closing of Incidents related to GMP computer systems being used at Amneal Ireland.\nOut of Scope:\n1. Issues/service calls that do not adversely impact the business or are non-GMP issues/service calls.','The IT Management is responsible for ensuring that this SOP is successfully implemented, and all incidents related to computer systems shall be formally reported, communicated, recorded, categorized, resolved and closed.\nThe IT department is responsible for documenting the computer system incident management number in FM-IT-015, completing section 1.0 ‘Incident Details’ for each incident identified, escalating all incidents to appropriate software/hardware support team or vendor service support for prompt resolution, and completing section 3.0 ‘Completion of Work’.\nThe Vendor Service Support is responsible for analysing and fixing the incident experienced by users.\nSystem User(s) are responsible for completing section 1.0 ‘Incident Details’ for each incident identified and communicating any computer system related incidents to the IT team.\nThe QA department is responsible for completing section 2.0 ‘Impact Assessment’ and to review and complete section 3.0 ‘QA Approval’ on completion of work.','IT-011 | 20-Oct-2016 | N/A | First Issued\nIT-011A | 11-May-2017 | AI-CC-17-035 | Section 3.1 revised to IT Personnel Section 3.2.1 Ref FM-IT-015 Section 3.2.5 Ref FM-IT-010 Section 4.0 Add to definitions. Issues, CS, RAM, CCF, CAPA Section 5.1.3 Ref FM-IT-016 6.1 Change Annexure to Appendix 6.3 Add ref to new form FM-IT-015 6.4 Add ref to new form FM-IT-016 Appendix I revised to include sections for Incident Details, Impact Assessment and Completion of Work.\nIT-011B | 13-Dec-2019 | AI-CC-18-140 AI-CC-19-138 | Amneal logo updated throughout the SOP and Forms. 1.0 Purpose updated to remove references to issues and ‘CS’ and replace communicating to managing computer system related incidents. 2.1.1 Revised order of In-scope list and added categorisations of incidents. Added Categorisation of Incidents. 2.2 revised to combine 2.2.1 and 2.2.2 replaced Exclusions with Out of Scope and added noncritical systems.\nIT-011C | 01-May-2020 | AI-CC-20-034 | Added Issues relating to Server Backup Process to Scope Section 2.1.1\nIT-011D | 28-May-2021 | AI-CC-21-033 | 2.1.1 Added ‘GMP’ for GMP computer systems. 2.2.1 Added ‘or are non-GMP issues/service calls.’ 2.2.1 Replaced ‘ServiceDesk’ with ‘ServiceNow’. 3.4.1 Added ‘Completing section 1.0 ‘Incident Details’ for each incident identified containing all the necessary details as per FM-IT-010’ and removed ‘and to complete section 1.0 ‘Incident Details’ as per FM-IT-010.','FM-IT-010: Computer System Incident Management Form\nFM-IT-015: Log of Computer System Incident Management Forms\nQM-010: Investigation System\nQM-012: Corrective Action Preventive Action\nQM-013: Change Control System'),(68,'IT-012C','DISASTER MANAGEMENT FOR IT SYSTEMS','IT-012C Disaster Management for IT Systems.pdf','Declan Ryan','Declan Ryan','Declan Ryan','Kuldeep Joshi','2021-05-04','2021-05-04','IT-012B','1. Disaster Recovery Plan Documentation\n2. Disaster Recovery Plan Creation\n3. Post Disaster Recovery Reporting\n4. DRP Review','Business Continuity: Business continuity is the activity performed by an organization to ensure that critical business functions will be available to customers, suppliers, regulators, and other entities that must have access to those functions.\nBusiness Owner: An individual who owns the relationship between the system, business process and data, ensures the system is maintained in a compliant state including providing adequate resources, and explains the system and business processes to auditors.\nDisaster: Any catastrophic event that affects the operation of the plant.\nDisaster Recovery: A planned and verified process to be used to recover system functionality in the event of a disaster.\nDRP: Disaster Recovery Plan.\nIT Application Owner: An individual responsible for managing the development/implementation, and/or operation of the system from a technical perspective and supervising the system upgrade. An individual who can answer questions relating to the technical or business needs of the system. Provides input for the requirements and the communication planning.\nSLA: Service Level Agreement.\nSQL: Structured Query Language - a special-purpose programming language designed for managing data held in a relational database management system (RDBMS).\nAmneal Ireland: Amneal Ireland Limited, Cahir Road, Cashel, Co. Tipperary, Ireland.\nHOD: Head of Department.','This procedure will outline the process for the disaster management activities that are required for IT Systems at Amneal Ireland Limited.','In-Scope:\n1. All IT Systems that are physically located at Amneal Ireland Limited that are critical for business continuity.\n2. Disaster Recovery of IT Infrastructure hardware including servers, backup equipment and network switches.\n3. Individual Disaster Recovery procedures will be maintained for each respective critical system.\nOut of Scope:\n1. Disaster Recovery for externally managed Amneal Global systems (e.g. Email).\n2. Disaster Recovery of stand-alone QC/ARD equipment.\n3. Disaster Recovery of production process equipment, including hardware.\n4. Disaster Recovery of standard IT applications such as Excel, SharePoint, MS Word, etc.\n5. Disaster Recovery for Cloud-hosted systems (e.g. Training Manager).','The Information Technology HOD or designee is required to ensure that this procedure is maintained and followed.\nIt is the responsibility of personnel involved in the disaster management at Amneal Ireland to follow this procedure.','IT-012 | 20-Oct-2016 | -- | First Issued.\nIT-012A | 21-Dec-2017 | AI-CC-17-107 | Section 2.1.3 Added references to two SOPs. Section 2.2.3 Added line to Out of Scope. Section 5.1.1 Removed reference to IT-014 Section 5.3.1 Added references to SOP IT-011, QM-010 and QM-013. Section 5.4.1 Added references to relevant disaster recovery testing forms. Section 6.2 Added reference to IT-015 Added reference to IT-017, QM-010, QM-013.\nIT-012B | 08-May-2018 | AI-CC-18-033 | Section 2.2.1 updated. Section 2.1.3 updated to add SOP IT-022 (Disaster Management for Maximo) and SOP IT-004(Data Backup, Restore Procedure for Server System.) Section 4.0 Removed DHCP, Domain and DNS. Section 5.1.1 Added \"by the It Application Owner\" Section 5.1.2 Added \"such as Fireproof safe\". Section 6.0 updated to add SOP IT-022 (Disaster Management for Maximo) and SOP-QM-004 (Good Documentation Practices).\nIT-012C | 04-May-2021 | AI-CC-18-140 AI-CC-21-032 | Amneal Logo change. 2.1.3 Added SOP IT-027 Disaster Recovery for SCADA. 2.2.5 Added Disaster Recovery for Cloud-hosted systems (e.g. Training Manager). 3.1 Replace (IT) Manager with HOD. 4.3 Added catastrophic. 4.10 Added HOD: Head of Department. 5.1.4 Replaced System with architecture. 5.2.3.2 Reworded to list the various sources of contact information. 5.4.1.3 Replaced current with available to IT Team. References: Added SOP IT-027.','SOP IT-017: Disaster Management for BMS & QEMS\nSOP IT-022: Disaster Management for Maximo\nSOP IT-004: Data Backup, Restore Procedure for Server System\nSOP IT-015: Empower & Instrument Server Data Backup, Archival & Verification\nSOP IT-027: Disaster Recovery for SCADA\n21CFR Part 11: Electronic Record and Electronic Signature Rule.\nSOP QM-010: Investigation System\nSOP QM-013: Change Control System\nSOP QM-004: Good Documentation Practices'),(69,'IT-013I','SECURITY MANAGEMENT OF ELECTRONIC SYSTEMS','IT-013I Security Management of Electronic Systems.pdf','Declan Ryan','Declan Ryan','David McCarthy, Garry O’Meara','Kuldeep Joshi','2014-12-09','2021-12-09','IT-013H','1. General Security Requirements\n2. Physical Security\n3. Network Security\n4. User Access Levels for Electronic Systems\n5. Periodic Review of Electronic Systems\n6. Incident Management and Breach Reporting\n7. Training and Documentation Requirements','Amneal Ireland: Amneal Ireland Limited, Cahir Road, Cashel, Co. Tipperary, Ireland.\nApplication Owner: An Application Owner is the individual or group with the responsibility to ensure that the program or programs, which make up the application, accomplish the specified objective or set of user requirements established for that application, including appropriate security safeguards.\nElectronic System: An Electronic System is a physical interconnection of components, or parts, that gathers various amounts of information together.\nGxP: Good Manufacturing, Clinical and Laboratory Practices.\nIT: Information Technology.\nSystem Owner: The System Owner is the individual responsible for the overall procurement, development, integration, modification, operation, maintenance, and retirement of an information system.\nHOD: Head of Department.\nSLA: Service Level Agreement.\nSOP: Standard Operating Procedure.','This procedure will outline security and access control requirements for Electronic Systems at Amneal Ireland and ensures the control, confidentiality (as appropriate), integrity and availability of Amneal Ireland’s systems, records and processes.','In-Scope:\n1. Physical Security\n2. Network Security\n3. User Access Levels for Electronic Systems\n4. Levels for Electronic Systems Access\n5. Periodic Review of Electronic Systems\nOut-of-Scope:\n1. Instructions for administration tasks refer to the relevant administration procedure for that Electronic System.','The IT (HOD)/ designee is responsible for ensuring that this procedure is always maintained and adhered.\nAll personnel (Administrators, System Owners) involved in the security and access control requirements at Amneal Ireland are responsible for following this procedure.\nAll personnel (employees, non-employees, contractors) are responsible for following the instructions in this procedure to maintain the physical, logical and user access control measures in place at Amneal Ireland.\nThe IT department/ System Owners/ department heads or designees as appropriate are responsible for carrying out any necessary training.\nThe IT department/ department heads or designees as appropriate are responsible for recording the use of any elevated privileged accounts (e.g. Administrator, Superuser) at Amneal Ireland.','IT-013 | 29-Apr-2016 | -- | First Issued\nIT-013A | 30-Jun-2017 | AI-CC-17-056 | Updated as follows: 1.1 Additional clarity to purpose section. 2.1 Added Maximo to Scope. 2.2 Added reference for Process Equipment and Empower3 which are out of scope of this SOP. 3.3 Added additional responsibility for all personnel to follow the security measures in place for IT systems. 3.4 Added additional responsibility for IT department to carry out any necessary training. 5.1.1 Added reference and clarity for IT systems to be evaluated as per SOP QM-005/QM-006. 5.1.2 Added details for incidences of breaches in security to be logged, impact assessed as per SOP IT-011. 5.1.3 Added details on Contracts/Service Level Agreements to define their responsibility with respect to security procedures. 5.1.4 Added details for changes carried out on an IT system per SOP QM-013 5.1.5 Added detail on maintaining list of GxP systems. 5.2.5 Added detail on environmental conditions monitoring of IT room as per SOP MT-016. 5.3.2.5 Added detail on user account and password combination as per SOP IT-001. 5.3.2.4 Added detail on Auto-log off after 15 minutes. 5.3.3.1 Added detail on periodic review as per SOP IT-009. 5.3.4 Added User Access section. 5.3.4.2 Added detail for OJT as per SOP QM-003 5.3.4.3 Added detail for when user no longer requires access. 6.1 Revised form FM-IT-008 for BMS 6.2 Corrected form number for FM-IT-009 6.4 Added form FM-IT-017 for Maximo 6.5 Added form FM-IT-019 for QEMS 6.6 Added form FM-IT-022 for Computer System Listing 6.7 to 6.20 Added references omitted from previous version.\nIT-013B | 25-Nov-2017 | AI-CC-17-099 | Added 6.21. Form Appendix – VI : Log of User Access for IT Systems (FM-IT-025) Added Reference to SOP QA-011 : On the Job Training Added 5.3.4.4 New point 5.3.4.4 Added 5.3.4.5 Reference to QA-011 in 5.3.4.1 and 5.3.4.2\nIT-013C | 15-Mar-2018 | AI-CC-18-016 | Updated as Follows: Added new point 3.5 -It is the responsibility of the IT department/department heads or designees as appropriate to record the use of any administrator accounts at Amneal Ireland. Added new point 5.3.4.5 To log into the Trend 963 Server administrator account used, the server name logged in, the instance when the account is used (i.e. date/time); who logged in/used the account (name/sign/date) and the purpose for logging in with the account is recorded as per Log of Administrator Account Use for Trend 963 (Form FM-IT-030). Added 6.8 Appendix-VII Log of Administrator Account Use for Trend 963 (FM-IT-030) Editorial Changes\nIT-013D | 10-Aug-2018 | AI-CC-18-084 | 2.2.3 Added Security and Access Control for Metrohm 900 Touch Controller. 2.2.4 Added Security and Access Control for UV-Visible Spectrophotometer Software. 2.2.5 Added Security and Access Control for Paperless Recorder. 5.1.5 Removed Reference to appendix V for template, reference form number instead. 5.3.4.5 Removed reference to Appendix VII use form number instead. 6.2. Removed Appendix-II : Request for Server IT room Access (FM-IT-009) & form that is in use is Form SOP-MT-010. Removed form FM-IT-009 Section 6 renumbered the references to have appendixes first and SOP in ascending order. Added references for QC-051, QC-059, IT-020 and MT-052. Form FM-IT-017 updated to include Operating SOP reference. Editorial Changes.\nIT-013E | 07-May-2020 | AI-CC-18-140 AI-CC-20-017 | Title revised to “Security Management of Electronic Systems”. Updated Amneal Logo Throughout document replaced all references to “IT Systems” with “Electronic Systems.” “IT” or “Information Technology Manager” to “IT (HOD). Purpose: Reworded for clarity. In-Scope: Reworded list of In-scope systems and revised Table 1. Out-of-scope: combined 2.2.1, 2.2.2, 2.2.3 into 2.2.1 Responsibilities: Reworded for clarity. 3.4 Added ‘System Owners’ Definitions: Added Electronic System and HOD 5.1.3 Added additional detail for Remote access. 5.1.4 Added words ‘that impact on the validated state’. 5.1.5 Reworded for additional clarity. 5.1.6 Reworded for additional clarity and changed form name ‘Access & Disable Electronic System Form’. 5.1.7 Reworded for additional clarity and changed form name ‘Access & Disable Electronic System Form’. 5.1.8 Reworded for additional clarity and changed form name ‘Access & Disable Electronic System Form’. 5.1.9 Reworded for additional clarity and changed form name ‘Access & Disable Electronic System Form’. 5.1.10 Computer System Number changed to AI-CSL-XXX 5.3 Replaced Logical Security with Network Security and correct grammar in section. 5.3.1 Additional detail on unique usernames if IT-001 can’t be followed. 5.3.2 Reworded for additional clarity 5.3.3 Added detail on Open Systems and correct clarified wording on closed systems. 5.4 Added User Access Levels for Electronic Systems 5.4.1 to 5.4.7 Added instruction steps to guide users in completing form ‘Access & Disable Electronic System’. References: removed BMS, MAXIMO, QEMS and Log of User Access for IT Systems, QC-051. References: Added, IT-020, IT-021, IT-023, IT-024, MT-021, QC-087. Forms: Obsoleted Access Request Forms for BMS, MAXIMO, QEMS, Log of User Access for IT Systems.\nIT-013F | 18-Jun-2021 | AIM-CC-21-009 | 2.1 Added Functional Tester to Table 1. 5.4 Added Functional Tester to Table 2.\nIT-013G | 06-Aug-2021 | AIM-CC-21-019 | 2.1 Added Serialisation System and Print Verification Unit to Table 1. 5.4 Added Serialisation System and Print Verification Unit to Table 2.\nIT-013H | 13-Sep-2021 | AI-CC-21-071 | 2.1 Added HW4 Data Monitoring Software to Table 1. 5.4 Added HW4 Data Monitoring Software to Table 2.\nIT-013I | 20-Nov-2024 | CC-AMN-22-6778 | Added Microbiology Laboratory, Smartdac Temperature Monitoring System to Table 2 6.0 Added IT-029 & QC-107','FM-IT-053: Access & Disable Electronic System Request Form\nFM-IT-054: Log of User Access for Electronic Systems\nFM-IT-022: Computer System Listing\nFM-IT-030: Log of Administrator Account Use for Trend 963\n21 CFR Part 11: Electronic Record and Electronic Signature Rule\nIT-001: Domain Security Administration\nIT-009: Preventative Maintenance for IT Systems\nIT-011: Computer System Incident Management\nIT-020: Administration of Paperless Recorder\nIT-021: Administration of MAXIMO\nIT-023: Administration of RF-Smart Labelling Software\nIT-024: Administration of TIAMO\nIT-025: Administration of Scada\nMF-040: Set-up, operation and cleaning of the MDI Serialisation Equipment\nMF-048: Setup and Operation of the Serialisation System\nMT-010: Access Control\nMT-016: Operation of the BMS\nMT-021: Operation of the QEMS\nMT-052: Security Management for Process Equipment\nMT-064: Handling Setup, Operation and cleaning of Datalogger.\nQA-001: Procedure for Document Issuance\nQA-011: On the Job Training\nQC-044: Empower3 Administration Procedure\nQC-059: Administration of UV-Visible Spectrophotometer Software\nQC-087: Administration of FTIR\nQM-002: Control of Revision Controlled Documents\nQM-003: Training System\nQM-005: Quality Risk Management\nQM-006: Failure Mode and Effect Analysis\nQM-010: Investigation System\nQM-012: Corrective Action Preventative Action (CAPA)\nQM-013: Change Control System\nIT-029: Administration of Yokogawa Smartdac Temperature Monitoring System\nSOP QC-107: Operation of the Microbiology Laboratory Central Temperature Monitoring System'),(70,'IT-014G','SYNCHRONISATION OF TIME FOR STANDALONE EQUIPMENT/INSTRUMENT','IT-014G Synchronisation of time for Standalone Equip Instrument.pdf','Derek Russell','Derek Russell','Declan Ryan, Donnchadh Ryan','Kuldeep Joshi','2022-06-24','2025-06-23','IT-014F','1. Synchronisation of standalone equipment/instruments with Amneal Ireland domain network timings.\n2. Daylight Savings Time adjustments.\n3. Use of forms FM-IT-006 and FM-IT-007 for recording and correcting time.\n4. Procedures for time synchronisation outside of Daylight Savings Time.\n5. Responsibilities for personnel and administrators.','QC/ARD: Quality Control/Analytical Research & Development.\nStandalone equipment/instrument: This is equipment/instruments that can perform functions independently and are not linked to a computer server.\nDomain Network Time: This is the AmnealIE domain computer network at Amneal Ireland where all connected computers are synchronised with the domain controller server.\nNTP: Network Time Protocol is a computer service for the synchronisation of time on computers. The Microsoft NTP Server is time.windows.com.\nDaylight savings time: This is the practice of adjusting clocks forward one hour at the start of spring and of adjusting clocks backwards by one hour in the autumn to standard time. Where a piece of equipment/instruments are connected to a server, the server will automatically update the time on the piece of equipment /instrument to reflect Daylight Savings Time.\nSynchronisation: To cause to occur or operate with exact coincidence in time or rate.\nAmneal Ireland: Amneal Ireland Limited, Cahir Road, Cashel, Co. Tipperary, Ireland.','To define the procedure for the synchronisation of the time of standalone equipment/instruments with Amneal Ireland domain network timings.','This procedure applies to the synchronisation of the standalone equipment/instruments in any department within Amneal Ireland that requires synchronisation with the Amneal Ireland domain network timings. This includes Daylight Savings Time changes where times are adjusted by one hour.','All relevant Heads of Department are responsible for ensuring that all personnel within their departments adhere to this procedure.\nPersonnel with system administrator/master access rights are responsible for outlining the work required, synchronising the standalone equipment/instruments with the Amneal Ireland domain network timings, and providing supporting documentation.\nAll personnel are responsible for ensuring that equipment displaying time as per Section I of Form FM-IT-006 has the ‘Awaiting Time Synchronisation Label’ attached prior to Daylight Savings Time change and removed after verification.\nAll personnel are responsible for ensuring that equipment displaying time as per Section I of Form FM-IT-006 is not used until verification of correct time has been completed.\nAll personnel are responsible for ensuring that equipment listed in Section III of Form FM-IT-006 and Form FM-IT-007 has the ‘Use Amneal Domain Network Time/Date only’ label attached.','IT-014 | 11-Jan-2017 | -- | First Issued\nIT-014A | 21-Mar-2017 | AI-CC-17-017 | Addition to section 2.1 to include Daylight Savings Time. Addition to section 4.0 Definitions. Addition to section 5.2 to reference Form FM-IT-006 and FM-IT-007. Addition to section 5.2.1 to 5.2.4 to detail steps for Daylight Savings Time and reference SOP MT-005A. Addition to section 5.3 for Form FM-IT-012 for Time / Clock requiring adjusting. Additional references for Section 6 for forms FM-IT-006 and FM-IT-007.\nIT-014B | 15-Mar-2018 | AI-CC-18-016 | Section 5.2 Added detail reflecting updated Form FM-IT-006. Section 5.2.4 Updated daylight saving dates. Added/removed equipment on Forms FM-IT-006 and FM-IT-007. Editorial Changes.\nIT-014C | 30-Jan-2019 | AI-CC-18-140 AID-CC-18-058 | Change Amneal Logo. Add DPI Leak Tester to FM-IT-006 and FM-IT-007.\nIT-014D | 26-Feb-2019 | AI-CC-18-135 AI-CC-19-020 | Additional HPLC to FM-IT-006 and FM-IT-007. Add Sartorius Micro Balance (6 decimal place) to FM-IT-006 and FM-IT-007.\nIT-014E | 27-Mar-2019 | AI-CC-19-038 | Corrected typographical errors. Added responsibilities for personnel regarding time synchronisation labels and verification. Updated procedures for Daylight Savings Time adjustments.\nIT-014F | 09-Jul-2019 | AI-CC-19-083 | Switched 3.3 and 3.4 for correct sequence. Added 3.5 for Section III of forms FM-IT-006 and FM-IT-007. Updated forms FM-IT-006, FM-IT-007, and FM-IT-011.\nIT-014G | 24-Jun-2021 | AI-CC-18-140 CC-AMN-22-3323 | Updated Form FM-IT-012-00 to FM-IT-012-01 to update Amneal Logo. Updated numbering for standalone equipment / instrument forms to AI-DST-YY.','FM-IT-011: Time Synchronisation Work Order /Record Form\nFM-IT-012: Log of Time Synchronisation Work Order Numbers\nFM-IT-006: Instrument Time verification record\nFM-IT-007: List of equipment display time\nFM-IT-048: Awaiting Time Synchronisation Label\nFM-IT-050: Use Amneal Domain Network Time/Date only\nSOP QM-013: Change Control System\nSOP MT-005: Procedure for Maintenance Management at Amneal Ireland\nSOP QA-001: Procedure for Document Issuance\nSOP QM-002: Control of Revision Controlled Documents'),(71,'IT-015C','EMPOWER3 & INSTRUMENT SERVER DATA BACKUP, ARCHIVAL AND VERIFICATION PROCEDURE','IT-015C Empower3 & Ins Server Data Backup, Archival & Ver.pdf','Michelle O\'Donoghue','Michelle O\'Donoghue','Declan Ryan, Paul O\'Mahony','Kuldeep Joshi','2020-04-05','2023-04-04','IT-015B','1. Data Backup Procedures (Hot, Cold, and Complete Backup).\n2. Data Archival and Retrieval Procedures.\n3. Periodic Review and Verification of Back-up and Archived Data.\n4. Retention Policies for Back-up and Archived Data.\n5. Backup and Restore of Empower3 Projects.\n6. Disaster Recovery Testing.','Data Backup: Making copies of data to restore the original in case of data loss.\nCold Backup: Offline backup performed when the database is offline.\nHot Backup: Online backup performed when the database is active.\nComplete Backup: Covers all electronic GMP data, including Empower3 and Instrument servers.\nArchived Data: Data removed from primary storage to secondary devices like NAS or tapes.\nBack-up Data: Data copied from primary storage to secondary devices without removing it from primary storage.\nPeriodic Review: Verification of back-up/archived data to ensure accessibility, accuracy, and availability.\nAmneal Ireland: Amneal Ireland Limited, Cahir Road, Cashel, Co. Tipperary, Ireland.\nHOD: Head of Department.\nNAS: Network Attached Storage.','To provide a systematic approach for the management of electronic data specifically for back-up and restore, archival and retrieval, and periodic verification of back-up and archived data for Empower3 and Instrument Server.','In Scope:\n1. This procedure applies to all Empower3 and Instrument Server electronic data of Amneal Ireland.\nOut of Scope:\n1. Procedure QC-044 Empower3 Administration covers the administration and access to Empower3.','The IT (HOD)/ designee is responsible for ensuring that the backup, archival, and restoration of the data is done according to this procedure.\nThe IT (HOD)/ designee is responsible for performing periodic review/verification of back-up and archived data.\nThe IT department/ System Owners/ department heads or designees are responsible for ensuring that all personnel within IT and QC/ARD Laboratory adhere to this procedure.','IT-015 | 21-Mar-2017 | -- | First Issued.\nIT-015A | 31-May-2017 | AI-CC-17-042 | Added details for Hot and Cold Backups, including Message Centre, Audit Trail, and Empower3 Projects. Added assessment for data archival based on storage space and database management.\nIT-015B | 21-Jun-2018 | AI-CC-18-058 | Changed references from \"Empower\" to \"Empower3\". Updated backup procedures and added instructions for backup and restore of projects.\nIT-015C | 05-Apr-2020 | AI-CC-18-140 AI-CC-20-034 | Updated Amneal Logo. Added scope and out-of-scope sections. Updated definitions and backup procedures. Added Table 2 for data verification.','FM-IT-013: Electronic Data Backup and Restore for Lab Instruments\nFM-IT-014: List of Empower3 Projects to be Archived and Retrieved\nFM-IT-021: Log of Empower3 Backup Tapes\nQM-013: Change Control System\nQC-044: Empower3 Administration Procedure\nIT-011: Computer System Incident Management\nIT-012: Disaster Management for IT Systems\nIT-013: Security Management for IT Systems'),(72,'IT-016A','OPERATION OF CCTV SYSTEM','IT-016A Operation of CCTV System.pdf','Amneal Ireland Limited','Gerard Ryan, IT','Declan Ryan, IT, Zita O\'Rourke, HR','Kuldeep Joshi, QA','2019-01-10','2023-01-09','IT-016','CCTV system operates 24/7, images owned by Amneal Ireland, access restricted to authorised personnel, footage retained for 30 days unless needed for investigation.','Amneal Ireland: Amneal Ireland Limited Cahir Road, Cashel, Co. Tipperary, Ireland. CCTV: Closed Circuit TV system. Data Controller: A person who determines the purposes for which and the manner in which any personal data are processed. Data Processor: any person who processes the data on behalf of the data controller. SLT: Site Leadership Team at Amneal Ireland. ODPC: Office of the Data Protection Commissioner.','To outline the company approach to using CCTV system to provide a safe environment, protect company property, assist in resolving operational incidents, and comply with the Data Protection Act (1998) and the CCTV Code of Practice.','Applies to all Amneal Ireland employees, contractors, visitors, and members of the public captured on CCTV. Excludes targeted surveillance activity regulated by the Regulation of Investigatory Powers Act (2000).','Heads of Department ensure adherence. All personnel must treat viewed material with confidentiality. Security Services Site Coordinator, Data Controllers, Data Processors handle CCTV data.','IT-016: 10-May-2017, First Issued. IT-016A: 10-Jan-2019, Changed Amneal Logo, Added confidentiality clause, Reworded sentences, Added EHS Manager, Changed Facilities team to Amneal Direct Facilities Staff.','FM-IT-018: CCTV Viewing Record. FM-IT-020: Request for CCTV Access.'),(73,'IT-017B','DISASTER RECOVERY OF BMS AND QEMS','IT-017B Disaster Recovery of BMS and QEMS.pdf','Amneal Ireland Limited','Oliver Lynch, IT','Declan Ryan, IT, Mark Smyth, MT','Kuldeep Joshi, QA','2024-07-22','2027-07-22','IT-017A','Disaster recovery process for BMS and QEMS servers, annual testing required, two methods for restoration depending on server status, NAS and Tape storage solutions used.','Acronis: Backup software. Amneal Ireland: Amneal Ireland Limited. Backup: Copies of data for restoration. BMS: Building Management System. Disaster Recovery Test server: Hardware/VM for testing. ESXi: VMware solution. GxP: Good Manufacturing, Clinical and Laboratory Practices. IP: Internet Protocol. IT: Information Technology. NAS: Network Access Storage. QEMS: Qualified Environmental Monitoring System. Restore: Copying back data. Virtual Machine (VM): Software computer. SOP: Standard Operating Procedure. System Owner: Individual responsible for system management. HOD: Head of Department.','To provide instruction and guidance for the disaster recovery steps for the BMS and QEMS servers.','Applies to the disaster recovery of the BMS and QEMS servers. Excludes infrastructure outside of Application and Database servers.','IT HOD ensures procedure maintenance. All personnel must follow the procedure. IT department conducts training. Annual disaster recovery testing required. Safety guidelines must be adhered to.','IT-017: 26-Nov-2017, First Issued. IT-017A: 09-Nov-2020, Amneal Logo change, Replaced Appendices with Forms, Added SQL queries, Updated Definitions, Additional tests added. IT-017B: 22-Jul-2024, Replaced Manager title with HOD, Updated Definitions, General editorial changes.','FM-IT-023: Disaster Recovery Testing – Application Server. FM-IT-026: Disaster Recovery Testing – Database Server. IT-004: Data Backup, Restore Procedure for Server System. IT-012: Disaster Management for IT Systems. QM-004: Good Documentation Practices. QM-013: Change Control System. QM-010: Investigation System. IT-011: Computer System Incident Management.'),(74,'IT-018D','PROCEDURE FOR IT MAINTENANCE MANAGEMENT AT AMNEAL IRELAND','IT-018D Procedure for IT Maintenance Management.pdf','Amneal Ireland Limited','Declan Ryan, IT','Patrick McGuire, QA, Paul O’Mahony, QC','Kuldeep Joshi, QA','2022-08-30','2025-08-29','IT-018C','Scheduled maintenance programme for electronic systems, daily, weekly, monthly, and annual schedules, incident management for incomplete tasks, annual revision of IT Maintenance Schedule Form.','Amneal Ireland: Amneal Ireland Limited. System Owner: Individual responsible for system management. IT: Information Technology. GxP: Good Manufacturing, Clinical and Laboratory Practices. SOP: Standard Operating Procedure. QC/ARD: Quality Control/Analytical Research & Development. Audit Trail: System tracing transactions. HOD: Head of Department.','To describe the IT Maintenance Management at Amneal Ireland.','Applies to the scheduled maintenance of electronic systems within Amneal Ireland. Excludes maintenance of manufacturing equipment, utility equipment, building, and facilities.','IT HOD ensures procedure maintenance. All personnel must follow the procedure. IT department conducts training. IT HOD develops and schedules maintenance. Safety guidelines must be adhered to. Documentation must follow GMP practices.','IT-018: 26-Nov-2017, First Issue. IT-018A: 04-Apr-2019, Amneal Logo change, Added maintenance tasks. IT-018B: 01-May-2020, Updated definitions, Added monthly reviews. IT-018C: 28-Oct-2021, Added review of Serialisation. IT-018D: 26-Aug-2022, Corrected typos, Added HOD definition, Added review of Training Manager.','FM-IT-024: IT Maintenance Schedule Form. IT-001: Domain Security Administration. IT-002: Computer Network Access, Helpdesk and Termination. IT-004: Data Backup, Restore Procedure for Server System. IT-009: Preventative Maintenance for IT Systems. IT-011: Computer System Incident Management. IT-012: Disaster Management for IT Systems. IT-013: Security Management for Electronic Systems. IT-014: Synchronisation of time for Standalone Equipment/Instrument. IT-015: Empower & Instrument Server Data Backup, Archival & Verification. IT-016: Operation of CCTV System. IT-017: Disaster Recovery of BMS and QEMS. IT-020: Administration of Paperless Recorder. IT-021: Administration of MAXIMO. IT-022: Disaster Recovery for Maximo. IT-023: Administration of RF-Smart Labelling Software. IT-024: Administration of Tiamo. MT-005: Procedure for Maintenance Management at Amneal Ireland. MT-010: Access Control Procedure. MT-052: Security Management for Process Equipment. QC-044: Empower Administration Procedure. QC-059: Administration of UV-Visible Spectrophotometer Software. QC-066: Electronic Records & Audit Trails Review of Empower3 Software. QC-082: Operational Use of Tiamo Software. QC-087: Administration of FTIR. QM-004: Good Documentation Practices. QM-010: Investigation System. QM-012: Corrective Action Preventative Action (CAPA). QM-013: Change Control System. QM-042: Operation and Administration of Training Manager.'),(75,'IT-019A','SECURITY PATCHING FOR IT SYSTEMS','IT-019A Security Patching for IT Systems.pdf','Amneal Ireland Limited','Declan Ryan, IT','Derek Russell, IT, Elizabeth Moore, QA',NULL,'2022-03-28','2025-03-27','IT-019','Security patch management for servers and PCs, use of PDQ Inventory and PDQ Deploy for patching, WSUS for workstation updates, automatic anti-virus updates, and incident logging for security breaches.','Amneal Ireland: Amneal Ireland Limited. IT: Information Technology. Patch: Software update to fix bugs or vulnerabilities. WSUS: Windows Server Update Services. PDQ: Software package for efficient deployment of security patches.','To define the procedure for Security Patch Management at Amneal Ireland.','Applies to the security patch management of servers and PCs within Amneal Ireland.','IT staff ensure vulnerabilities are minimized and infrastructure is patched. Users must allow patches to be deployed and perform reboots as required.','IT-019: 03-Apr-2019, First Issued. IT-019A: 28-Mar-2022, Updated definitions, Added PDQ, Updated patching procedures, Editorial changes.','IT-001: Domain Security Administration. IT-011: Computer System Incident Management.'),(76,'IT-020A','ADMINISTRATION OF PAPERLESS RECORDER','IT-020A Administration of Paperless Recorder.pdf','Amneal Ireland Limited','Declan Ryan, IT','Derek Russell, IT, Elizabeth Moore, QA',NULL,'2022-03-28','2025-03-27','IT-020','User access management, password reset, secure folder setup for data backup, audit trail reviews, and training requirements for Paperless Recorder users.','Amneal Ireland: Amneal Ireland Limited. IT: Information Technology. HOD: Head of Department. SD Card: Secure Digital memory storage cards. ACK: Acknowledgement. USB: Universal Serial Bus. SOP: Standard Operating Procedure. CAPA: Corrective Action / Preventative Action. CSR: Certificate signature request. SNTP: Simple Network Time Protocol. AO: Analog Output.','To define the procedure for the administration of the Paperless Recorder system at Amneal Ireland.','Applies to the administration of the Paperless Recorder system, including user access, data backup, and audit trail reviews.','HOD ensures user training. IT administrators manage user access and security. Users must follow the procedure and complete required training.','IT-020: 05-Feb-2018, First Issued. IT-020A: 28-Mar-2022, Updated forms, Removed outdated references, Added new forms to references.','21CFR Part 11: Electronic Record and Electronic Signature Rule. MF-064: Operation and Cleaning of the Pre-Conditioning Chamber. MF-IT-123: Log of Downloading Data from Paperless Recorder. QM-010: Investigation System. QM-013: Change Control System. FM-IT-053: Access & Disable Electronic System Request Form. FM-IT-054: Log of User Access for Electronic Systems.'),(77,'IT-021B','ADMINISTRATION OF MAXIMO','IT-021B Administration of MAXIMO.pdf','Amneal Ireland Limited','Declan Ryan','Mark Smyth, MT\nPaul Delaney','Kuddeep Joshi, QA','2020-08-05','2021-08-04','IT-021A','1. Process for user access and security.\n2. Backup and restore procedures.\n3. Audit trail reviews.\n4. Archival and retrieval processes.','1. Amneal Ireland: Amneal Ireland Limited, Cahir Road, Cashel, Co. Tipperary, Ireland.\n2. Archived Data: Data removed from primary storage to secondary storage.\n3. IDF2: Integrated Distribution Frame 2.\n4. IT: Information Technology.\n5. HOD: Head of Department.\n6. SOP: Standard Operating Procedure.\n7. CAPA: Corrective Action / Preventative Action.\n8. NAS: Network Attached Storage.','To provide a systematic approach for the administration of Maximo in the Inhalation Facility at Amneal Ireland Limited.','This SOP applies to the administration of Maximo at Amneal Ireland Limited, including user access, backup, archival, and audit trail reviews.','1. HOD or designee ensures users are trained.\n2. IT department administers Maximo.\n3. Users must follow the procedure and be trained.\n4. Maintenance Supervisor reviews audit trails.','IT-021: First Issued on 30-Apr-2018.\nIT-021A: Updated on 21-Oct-2019.\nIT-021B: Updated on 05-May-2020.','1. 21CFR Part 11: Electronic Record and Electronic Signature Rule.\n2. FM-IT-053: Access and Disable Electronic System Request Form.\n3. FM-IT-054: Log of User Access for Electronic Systems.\n4. FM-IT-033: Application Access Security for Maximo.\n5. SOP MT-005: Procedure for Maintenance Management at Amneal Ireland.\n6. SOP MT-006: Operation of Maximo.\n7. SOP MT-038: Maintenance Management for Maximo.\n8. SOP IT-004: Data Backup, Restore Procedure for Server System.\n9. SOP IT-011: Computer System Incident Management.\n10. SOP IT-013: Security Management for IT Systems.\n11. SOP IT-022: Disaster Recovery for Maximo.\n12. SOP QM-003: Training System.\n13. SOP QM-005: Risk Management.\n14. SOP QM-006: Failure Mode and Effect Analysis.\n15. SOP QM-010: Investigation System.\n16. SOP QA-011: On The Job Training.\n17. SOP QM-012: Corrective Action Preventative Action (CAPA).\n18. SOP QM-013: Change Control System.\n19. FM-IT-051: Periodic Review of Maximo.'),(78,'IT-022B','DISASTER RECOVERY OF MAXIMO','IT-022B Disaster Recovery of Maximo.pdf','Amneal Ireland Limited','Derek Russell','Declan Ryan, IT\nMark Smyth, MT','Kuldeep Joshi, QA','2024-05-18','2027-05-17','IT-022A','1. Restore complete Maximo VM from NAS storage.\n2. Restore complete Maximo VM from Tape storage.\n3. Annual disaster recovery testing.','1. Acronis: Backup software package provided from VMWare.\n2. Amneal Ireland: Amneal Ireland Limited, Cahir Road, Cashel, Co. Tipperary, Ireland.\n3. Backup: Refers to making copies of data for restoration.\n4. Disaster Recovery Test server: Hardware or VM used to test backup and restore processes.\n5. VxRail: Dell\'s networking, server, and storage products combined with VMware software.\n6. GxP: Good Manufacturing, Clinical, and Laboratory Practices.\n7. IP: Internet Protocol for data transmission.\n8. IT: Information Technology.\n9. NAS: Network Access Storage for large data volumes.\n10. Restore: Copying back data to return the system to operation.\n11. Virtual Machine (VM): A software computer running an OS and applications.\n12. SOP: Standard Operating Procedure.\n13. System Owner: Individual responsible for managing system development and operation.','To provide instruction and guidance for the disaster recovery steps for the Maximo servers.','This procedure applies to the disaster recovery of the Maximo servers, excluding network switches and I/O control panels.','1. IT Manager ensures procedure maintenance and compliance.\n2. All personnel must follow the procedure.\n3. IT department provides necessary training.\n4. IT Manager schedules and performs annual disaster recovery tests.\n5. Personnel must adhere to safety guidelines and document activities in a GMP manner.','IT-022: First Issued on 24-Apr-2018.\nIT-022A: Updated on 21-Apr-2021.\nIT-022B: Updated on 18-May-2024.','1. FM-IT-031: Disaster Recovery Testing – Maximo Application Server.\n2. FM-IT-032: Disaster Recovery Testing – Maximo Database Server.\n3. IT-004: Data Backup, Restore Procedure for Server System.\n4. IT-012: Disaster Management for IT Systems.\n5. QM-004: Good Documentation Practices.\n6. QM-013: Change Control System.\n7. QM-010: Investigation System.\n8. IT-011: Computer System Incident Management.'),(79,'IT-023C','ADMINISTRATION OF RF-SMART LABELLING SOFTWARE','IT-023C Administration of RF-Smart Labelling.pdf','Amneal Ireland Limited','Declan Ryan','Derek Russell, IT\nDonny Ryan, MF','Kuldeep Joshi, QA','2024-01-15','2024-01-16','IT-023B','1. Process for user access and security.\n2. Creating new label template files.\n3. Backup, restore, and archival processes.\n4. Audit trail reviews.','1. Administrator: Full administrative access.\n2. Amneal Ireland: Amneal Ireland Limited, Cahir Road, Cashel, Co. Tipperary, Ireland.\n3. Audit Trail: System that traces detailed transactions.\n4. IT: Information Technology.\n5. HOD: Head of Department.\n6. QC/ARD: Quality Control/Analytical Research and Development.','To provide a systematic approach for the Administration of the RF-Smart Labelling software at Amneal Ireland.','This SOP applies to the Administration of RF-Smart Labelling software used to print status labels at Amneal Ireland Limited, including user access, label template creation, backup, archival, and audit trail reviews.','1. HOD ensures users are trained.\n2. IT department administers RF-Smart Labelling.\n3. Quality department approves label templates.\n4. Operations HOD reviews audit trails.\n5. Quality reviews and approves audit trails.','IT-023: First Issued on 23-Oct-2018.\nIT-023A: Updated on 05-May-2020.\nIT-023B: Updated on 03-Aug-2022.\nIT-023C: Updated on 15-Jan-2024.','1. FM-IT-036: Periodic Review of RF-Smart Labelling.\n2. FM-IT-037: RF-Smart Labelling Configurable Attributes.\n3. SOP MF-086: Operation of RF-SMART Labelling.\n4. 21CFR Part 11: Electronic Record and Electronic Signature Rule.\n5. SOP IT-004: Data Backup, Restore Procedure for Server System.\n6. SOP IT-011: Computer System Incident Management.\n7. SOP IT-012: Disaster Recovery for IT Systems.\n8. SOP IT-013: Security Management for IT Systems.\n9. SOP QM-003: Training System.\n10. SOP QM-005: Risk Management.\n11. SOP QM-006: Failure Mode and Effect Analysis.\n12. SOP QM-010: Investigation System.\n13. SOP QA-011: On The Job Training.\n14. SOP QM-012: Corrective Action Preventative Action (CAPA).\n15. SOP QM-013: Change Control System.\n16. FM-IT-053: Access & Disable Electronic System Request Form.\n17. FM-IT-054: Log of User Access for Electronic Systems.'),(80,'IT-024B','ADMINISTRATION OF TIAMO','IT-024B Administration of Tiamo.pdf','Amneal Ireland Limited','Declan Ryan','David Ryan, QC\nPaul O\'Mahony, QC','Kuddeep Joshi, QA','2023-04-20','2026-04-20','IT-024A','1. Process for user access and security.\n2. Backup, restore, and archival processes.\n3. Audit trail reviews.','1. Amneal Ireland: Amneal Ireland Limited, Cahir Road, Cashel, Co. Tipperary, Ireland.\n2. Archived Data: Data removed from primary storage to secondary storage.\n3. CAPA: Corrective Action / Preventative Action.\n4. IT: Information Technology.\n5. HOD: Head of Department.\n6. SOP: Standard Operating Procedure.','To provide a systematic approach for the administration of Tiamo in the Inhalation Facility at Amneal Ireland Limited.','This SOP applies to the administration of Tiamo at Amneal Ireland Limited, including user access, backup, archival, and audit trail reviews.','1. HOD ensures users are trained.\n2. IT department administers Tiamo.\n3. Users must follow the procedure and be trained.\n4. Superuser and Administrator roles are restricted to specific tasks.','IT-024: First Issued on 03-Dec-2018.\nIT-024A: Updated on 06-May-2020.\nIT-024B: Updated on 20-Apr-2023.','1. 21CFR Part 11: Electronic Record and Electronic Signature Rule.\n2. FM-IT-039: Periodic review of Tiamo.\n3. FM-IT-040: Tiamo Projects for Backup and Restore.\n4. FM-IT-041: Tiamo Projects for Archival and Retrieval.\n5. FM-IT-042: Permissions list for User Groups for Tiamo.\n6. SOP QC-082: Operational Use Of Tiamo Software.\n7. SOP IT-004: Data Backup, Restore Procedure for Server System.\n8. SOP IT-011: Computer System Incident Management.\n9. SOP IT-012: Disaster Management for IT Systems.\n10. SOP IT-022: Disaster Recovery for Tiamo.\n11. SOP QM-003: Training System.\n12. SOP QM-005: Risk Management.\n13. SOP QM-006: Failure Mode and Effect Analysis.\n14. SOP QM-010: Investigation System.\n15. SOP QA-011: On The Job Training.\n16. SOP QM-012: Corrective Action Preventative Action (CAPA).\n17. SOP QM-013: Change Control System.\n18. FM-IT-053: Access & Disable Electronic System Request Form.\n19. FM-IT-054: Log of User Access for Electronic Systems.'),(81,'IT-025A','ADMINISTRATION OF SCADA','IT-025A Administration Of Scada.pdf','Amneal Ireland Limited','Declan Ryan','Ann Casey, MF\nRobert Duggan, MT','Kuldeep Joshi, QA','2020-04-20','2023-04-20','IT-025','1. Process for user access and security.\n2. Backup, restore, and archival processes.\n3. Audit trail reviews.','1. Amneal Ireland: Amneal Ireland Limited, Cahir Road, Cashel, Co. Tipperary, Ireland.\n2. Archived Data: Data removed from primary storage to secondary storage.\n3. CAPA: Corrective Action / Preventative Action.\n4. IT: Information Technology.\n5. HOD: Head of Department.\n6. SOP: Standard Operating Procedure.','To provide a systematic approach for the administration of SCADA in the Inhalation Facility at Amneal Ireland Limited.','This SOP applies to the administration of SCADA at Amneal Ireland Limited, including user access, backup, archival, and audit trail reviews.','1. HOD ensures users are trained.\n2. IT department administers SCADA.\n3. Users must follow the procedure and be trained.\n4. Administrator shall not perform production-related activities.','IT-025: First Issued on 29-Aug-2019.\nIT-025A: Updated on 20-Apr-2020.','1. 21CFR Part 11: Electronic Record and Electronic Signature Rule.\n2. FM-IT-046: SCADA Database for Archival and Retrieval.\n3. FM-IT-047: Permissions list for User Groups for SCADA.\n4. SOP MF-092: Operation of SCADA.\n5. SOP IT-004: Data Backup, Restore Procedure for Server System.\n6. SOP IT-011: Computer System Incident Management.\n7. SOP IT-013: Security Management for IT Systems.\n8. SOP QM-003: Training System.\n9. SOP QM-005: Risk Management.\n10. SOP QM-006: Failure Mode and Effect Analysis.\n11. SOP QM-010: Investigation System.\n12. SOP QA-011: On The Job Training.\n13. SOP QM-012: Corrective Action Preventative Action (CAPA).\n14. SOP QM-013: Change Control System.\n15. FM-IT-053: Access & Disable Electronic System Request Form.\n16. FM-IT-054: Log of User Access for Electronic Systems.'),(82,'IT-026A','ADMINISTRATION OF SCALES AND BALANCE MENU ACCESS','IT-026A Administration of Scales and Balance Menu Access.pdf','Amneal Ireland Limited','Declan Ryan','Liam O’Gorman, MF\nPaul O’Mahony, QC','Kuldeep Joshi, QA','2020-03-08','2025-03-04','IT-026','1. Restricting access to Time/Date menu options on Scales and Balances.\n2. Maintaining a list of Scales and Balances with restricted access.\n3. Correcting Time/Date settings during Daylight Savings Time changes.','1. Amneal Ireland: Amneal Ireland Limited, Cahir Road, Cashel, Co. Tipperary, Ireland.\n2. QC/ARD: Quality Control/Analytical Research & Development.','To define the procedure for restricting user access to Time/Date menu options of Scales and Balances at Amneal Ireland.','This procedure applies to restricting user access to Time/Date menu options of Scales and Balances in any department within Amneal Ireland.','1. HOD ensures personnel adhere to the procedure.\n2. IT/Other departments maintain and restrict access to Time/Date menu options.\n3. QA approves and files the master version of the list.','IT-026: First Issued on 03-April-2019.\nIT-026A: Updated on 01-Mar-2022.','1. FM-IT-049: List of Scales and Balance menu restrictions.\n2. SOP IT-014: Synchronisation of Time for Standalone Equipment/Instrument.\n3. FM-IT-011: Time Synchronisation Work Order /Record Form.\n4. FM-IT-048: Awaiting Time Synchronisation Label.\n5. SOP IT-011: Computer System Incident Management.\n6. SOP QM-013: Change Control System.\n7. QA-001: Procedure for Document Issuance.\n8. QM-002: Control of Revision Controlled Documents.'),(83,'IT-027A','DISASTER RECOVERY OF SCADA','IT-027A Disaster Recovery of SCADA.pdf','Amneal Ireland Limited','Derek Russell','Declan Ryan, IT\nRobert Duggan, MT','Kuldeep Joshi, QA','2023-12-11','2025-12-11','IT-027','1. Restore complete SCADA VM from NAS storage.\n2. Restore complete SCADA server VM from Tape storage.\n3. Annual disaster recovery testing.','1. Acronis: Backup software package provided from VMWare.\n2. Amneal Ireland: Amneal Ireland Limited, Cahir Road, Cashel, Co. Tipperary, Ireland.\n3. Backup: Refers to making copies of data for restoration.\n4. Disaster Recovery Test server: Hardware or VM used to test backup and restore processes.\n5. ESXi: VMware solution for deploying and serving virtual computers.\n6. GMP: Good Manufacturing Practices.\n7. IP: Internet Protocol for data transmission.\n8. IT: Information Technology.\n9. NAS: Network Access Storage for large data volumes.\n10. Restore: Copying back data to return the system to operation.\n11. Virtual Machine (VM): A software computer running an OS and applications.\n12. SOP: Standard Operating Procedure.\n13. System Owner: Individual responsible for managing system development and operation.','To provide instruction and guidance for the disaster recovery steps for the SCADA servers (Development System and not for GMP use).','This procedure applies to the disaster recovery of the SCADA servers (Development System and not for GMP use), including AMNLIECAMFGDC01, AMNLIECAMFGDC02, AMNLIECAMFGWW01, and AMNLIECAMFGJS01.','1. HOD ensures procedure maintenance and compliance.\n2. IT department performs annual disaster recovery tests.\n3. Personnel document activities in a GMP manner.','IT-027: First Issued on 14-Dec-2020.\nIT-027A: Updated on 11-Dec-2023.','1. FM-IT-056: Disaster Recovery Testing – SCADA server.\n2. IT-004: Data Backup, Restore Procedure for Server System.\n3. IT-012: Disaster Management for IT Systems.\n4. QM-004: Good Documentation Practices.\n5. QM-010: Investigation System.\n6. IT-011: Computer System Incident Management.'),(84,'IT-029','ADMINISTRATION OF YOKOGAWA SMARTDAC TEMPERATURE MONITORING SYSTEM','IT-029 Admin of Yokogawa smartdac temp monitoring system.pdf','Amneal Ireland Limited','David McCarthy, Declan Ryan','David McCarthy, Declan Ryan, Kuldeep Joshi','David McCarthy, Declan Ryan','2024-09-02','2027-09-02','N/A','1. Provides a systematic approach for administering the Yokogawa Smartdac paperless Temperature Monitoring System.\n2. Includes processes for user access, data storage, and audit trail management.\n3. Defines responsibilities for administrators and users.','Amneal Ireland: Amneal Ireland Limited, Cahir Road, Cashel, Co. Tipperary, Ireland.\nIT: Information Technology.\nHOD: Head of Department.\nACK: Acknowledgement.\nFTP: File Transfer Protocol.\nSOP: Standard Operating Procedure.\nCAPA: Corrective Action / Preventative Action.\nCSR: Certificate signature request.\nSNTP: Simple Network Time Protocol.\nAO: Analog Output.\nAudit Trail: a sequence of records linking data from its source to completion.','To provide a systematic approach for the administration of the Yokogawa Smartdac paperless Temperature Monitoring System (AI-QC-205) in the Microbiology Laboratory at Amneal Ireland Limited.','This SOP applies to the administration of the Yokogawa Smartdac paperless Temperature Monitoring System (AI-QC-205) in the Microbiology Laboratory at Amneal Ireland Limited. It includes processes for user access, data storage, and audit trail management.','1. MicroLab HOD or designee ensures users are trained.\n2. IT department administrators follow and ensure training on the procedure.\n3. QC Microbiology Department users follow and ensure training on the procedure.\n4. Software administrators manage user access, data backup, and audit trail reviews.','Revision IT-029, Date 2024-09-02, CCF No. CC-AMN-22-6778, Reason: First Issued.','1. 21CFR Part 11 : Electronic Record and Electronic Signature Rule.\n2. SOP QC-107 : Operation of the Microbiology Laboratory Central Temperature Monitoring System.\n3. SOP QM-010 : Investigation System.\n4. SOP QM-013 : Change Control System.\n5. FM-IT-053 : Access & Disable Electronic System Request Form.\n6. FM-IT-054 : Log of User Access for Electronic Systems.'),(85,'QC-002L','Sampling of Raw Materials at Amneal Ireland','QC-002L Sampling of Raw Materials at Amneal Ireland.pdf','Amneal Ireland Limited','Neemt Suresh, QA','Lorraine Henry, QA; David Ryan, QC/ARD','Kuldeep Joshi, QA','2024-01-17','2027-01-16','QC-002K','To provide a standardized procedure for sampling raw materials to ensure compliance with GMP and regulatory requirements. Sampling is done in controlled environments (e.g., dispensing enclosure or isolator). Microbiological and chemical samples are collected separately. Sampling details are recorded in the Raw Material Sampling Report (FM-QC-034).','Raw Material: Active Pharmaceutical Ingredient (API) or excipient. Composite Sample: A homogeneous mix of material from the same batch but from different containers. Reference Sample: A sample stored for future analysis if needed.','To provide a standardized procedure for sampling raw materials to ensure compliance with GMP and regulatory requirements.','Applies to raw materials used in the manufacture of authorized/commercial medicinal products at Amneal Ireland.','Warehouse Personnel: Notify QC/ARD upon receipt of raw materials. QC/ARD: Perform sampling and testing of raw materials. QA: Oversee the sampling process and ensure compliance.','Revision QC-002: First issued on 19-Sep-2016. Revision QC-002A: Updated to include new logo and additional details on 28-Jun-2019. Revision QC-002B: Updated definitions and sampling requirements on 20-Mar-2020. Revision QC-002C: Added pre-sampling labeling checks on 06-Jul-2020. Revision QC-002D: Updated responsibilities and sampling procedures on 17-Nov-2020. Revision QC-002E: Updated sample quantities for specific materials on 18-May-2021. Revision QC-002F: Removed sampling log and added checks for contaminants on 03-Nov-2021. Revision QC-002G: Updated scope and sampling procedures on 11-Apr-2023. Revision QC-002H: Added new raw materials to the sampling list on 02-Nov-2023. Revision QC-002I: Updated sampling requirements for specific materials on 08-Apr-2024. Revision QC-002J: General editorial changes and updated sample quantities on 10-Jun-2024. Revision QC-002K: Added new material (Micronised Albuterol Sulfate) on 27-Jun-2024. Revision QC-002L: Updated sampling request form and added \"checked by\" section on 04-Oct-2024.','FM-QC-034: Raw Material Sampling Report. FM-QC-035: QC/ARD Material Sample Quantity List. FM-QC-038: QC/ARD Sample for Analysis Label. FM-QC-258: Raw Material Sampling Request Form. MM-001: Receipt and Storage of Materials into the Warehouse. MF-008: Labelling of Material, Product, Room and Equipment. QC-009: Receipt and Handling of Incoming Samples in the QC/ARD and Microbiology Laboratory.'),(86,'QC-025C','OPERATION AND MAINTENANCE OF WATERS HPLC SYSTEM','QC-025C Operation and Maintenance of Waters HPLC System.pdf','Amneal Ireland Limited','Patrick Flynn, QC/ARD','David Ryan, QC/ARD, Paul O’Mahony, QC/ARD','Kuldeep Joshi, QA','2024-03-26','2024-03-26','QC-025B','1. Overview of Waters Alliance HPLC System components.\n2. Steps for preparing a new or dry separation module for operation.\n3. Detailed system operation steps including priming, purging, and equilibrating.\n4. Maintenance procedures including preventive maintenance and system washdown.','HPLC: High Performance Liquid Chromatography\nAmneal Ireland: Amneal Ireland Limited Cahir Road, Cashel, Co. Tipperary, Ireland.','To define the procedure for the operation and maintenance of Waters Alliance 2695 HPLC system.','This procedure applies to the Quality Control and Analytical Research & Development (QC/ARD) Laboratory at Amneal, Ireland.','The QC/ARD personnel are responsible for complying with the requirements of this procedure.\nThe Laboratory Manager is responsible for ensuring that QC/ARD personnel comply with this procedure.','Revision: QC-025, Date: 30-Sep-2016, CCF No.: --, Reason: First Issued\nRevision: QC-025A, Date: 11-Sep-2019, CCF No.: AI-CC-18-140, Reason: Updated SOP logo and removed reference to Appendix throughout.\nRevision: QC-025B, Date: 10-Jan-2020, CCF No.: AI-CC-19-136, Reason: Updated sections for clarity and added new steps.\nRevision: QC-025C, Date: 26-Mar-2024, CCF No.: AI-CC-21-001, Reason: Updated sections for clarity and added new steps.','FM-QC-022: HPLC Usage Logbook\nFM-QC-023: HPLC Maintenance Logbook\nQC-021: Operation of Empower\nQC-012: Chromatographic Column Management\nFM-QC-008: Column Receipt and Usage Logbook'),(87,'QC-026D','ROUTINE TESTING OF COMPRESSED AIR AT AMNEAL IRELAND','QC-026D Routine Testing of Compressed Air at Amneal Ireland.pdf','Amneal Ireland Limited','08-Feb-2022','Anne McGrath, QC/ARD, Tracy McCarthy, QC/ARD','Kuldeep Josh, QA','2022-02-15','2035-02-14','QC-026C','Frequency of testing: Viable air sampling every 3 months, Non-viable particulate every 3 months, Dewpoint every 12 months, Oil (hydrocarbon) every 12 months. Sample locations: See FM-QC-053 for Routine Compressed Air Sample Locations. Testing and reporting: Amneal QC/ARD Micro organises third-party contractor for testing. Specifications: Dew Point ≤-40°C, Oil content ≤0.1mg/m³, Solid particulates count as per ISO 8573 Class 2, Microbial (viable air sampling) as per ISO Class 7 and 8.','QC / ARD Micro– Quality Control Analytical Research and Development, CNC – Controlled Non-Classified, DPI – Dry Powder Inhaler, MDI – Metered Dose Inhaler, CFU – Colony Forming Unit, Viable Particle-Viable colony forming units, which can be bacteria, fungi, or yeasts, Non-Viable Particle- A small discrete mass of solid or liquid matter, Dewpoint- Temperature at which water vapour begins to condense, NOE- Notification of Event, Unplanned Deviation (NOI)- Notice of Investigation, ISO-International Organisation of Standardization.','The purpose of this SOP is to describe the routine testing of the Compressed Air for the evaluation of the quality of the Amneal Ireland Compressed Air system.','The scope of this SOP is limited to the routine testing of the Compressed Air system in MDI and DPI for non-viable particulates, dewpoint, oil content and viable air sampling.','It is the responsibility of all personnel actively involved in Compressed Air sampling to adhere to this SOP. QC/ARD Micro to track and monitor sample management of Compressed Air and to compile and review results received from an approved third-party contractor. QC/ARD Micro to ensure adherence to the Compressed Air sampling and testing SOP by the approved third-party contractor. The third-party contractor taking the samples to do so in a safe manner and in compliance with Amneal safety requirements. Engineering as System Owners/ users to ensure the safe and compliant operation of the Compressed Air system.','Revision: QC-026, Date: 27 Oct 2017, CCF No.: --, Reason: First Issued. Revision: QC-026A, Date: 22-Dec-2017, CCF No.: AI-CC-17-068, Reason: General formatting throughout Section 2.1 updated to add reference to MDI and DPI. Revision: QC-026B, Date: 31-Aug-2018, CCF No.: AI-CC-18-021, Reason: Update QC/ARD to QC/ARD Micro throughout the document. Revision: QC-026C, Date: 28-Feb-2019, CCF No.: AI-CC-18-140 AIM-CC-19-004, Reason: Update Procedure onto new template. Revision: QC-026D, Date: 15-Feb-2022, CCF No.: CC-AMN-22-0601, Reason: Section 4.11 Include Unplanned Deviation, Section 5.2.3, Replaced QA-002 with QM-026, Section 5.4 & 5.4.2 Included a table for events, Section 5.4.3 Updated title of QM-010, Section 6.0 Updated title of QM-010, Replaced QA-002 with QM-026, FM-QC-052-04- Separated out review of form and report, General formatting and editorial updates.','QM-010 : Unplanned Deviations and Investigations. ISO 8573 : Compressed air – Part 1: contaminants and purity classes. QC-049 : Notification of Event from Contract Laboratories to Amneal Ireland. FM-QC-051 : Routine Compressed Air Testing Schedule. FM-QC-052 : Routine Compressed Air Testing Record. FM-QC-053 : Routine Compressed Air Testing Sample Locations. ES-010 : Management of Contractors. QM-026 : Technical Agreements. QM-013 : Change Control System.'),(88,'QC-027X','SAMPLING OF INCOMING PACKAGING MATERIALS','QC-027X Sampling of Incoming Sampling Material.pdf','Amneal Ireland Limited','Donny Ryan, MF','Kayleigh Rosseto, MF','Kuldeep Joshi, QA','2022-10-21','2023-10-20','QC-027W','Frequency of testing: Viable air sampling every 3 months, Non-viable particulate every 3 months, Dewpoint every 12 months, Oil (hydrocarbon) every 12 months. Sample locations: See FM-QC-053 for Routine Compressed Air Sample Locations. Testing and reporting: Amneal QC/ARD Micro organises third-party contractor for testing. Specifications: Dew Point ≤-40°C, Oil content ≤0.1mg/m³, Solid particulates count as per ISO 8573 Class 2, Microbial (viable air sampling) as per ISO Class 7 and 8.','PPE: Personal Protective Equipment, HDPE: High Density Polyethylene, ANSI: American National Standards Institute, COA: Certificate of Analysis, AR number: Analytical Receipt number (Amneal lot number), QC/ARD: Quality Control/Analytical Research & Development, QA: Quality Assurance, IPQA: In-Process Quality Assurance, SOP: Standard Operating Procedure, COC: Certificate of Conformance, MDI: Metered Dose Inhaler, DPI: Dry Powder Inhaler, Amneal Ireland: Amneal Ireland Limited, Cahir Road, Cashel, Co. Tipperary, Ireland., Primary Packaging Material: Any material that comes in direct contact with the finished product., Secondary Packaging Material: Any material that does not come in direct contact with the finished product., Routine Sampling: Routine Sampling is the sampling activity carried out on incoming material that provides a representative sample to be used in the release testing of the material., Additional Sampling: Additional Sampling is any sampling activity carried out independent of Routine Sampling., Reference/Reserve Sample: This is a sample of a batch of Packaging Material which is stored for the purpose of being analysed should the need arise during the shelf life of the batch concerned.','To define the procedures and practices to be used when sampling incoming packaging materials at Amneal Ireland.','This procedure applies to all personnel involved in sampling incoming Packaging Materials at Amneal Ireland.','QC/ARD department: Outline the details in this SOP, Complete FM-QC-240, Packaging Material Sampling Request Form prior to sampling and submit to Operations, Carry out the sampling of incoming Packaging Materials if required by strictly adhering to the details outlined in this SOP. MF / Operations department: Carry out the sampling of incoming Packaging Materials if required by strictly adhering to the details outlined in this SOP and complete the packaging material sampling report FM-QC-041, Any deficiencies/defects observed in the sampling equipment, sample container or sampling environment must be reported immediately to the appropriate line supervisor/manager, Personnel performing sampling must ensure that they are trained to the current revision of this document. QA department: IPQA shall complete the relevant Area Line Sign-off as required.','Revision: QC-027, Date: 04-Nov-2016, CCF No.: --, Reason: First Issued. Revision: QC-027A, Date: 27-Sep-2017, CCF No.: AI-CC-17-075, Reason: Added definition of routine sampling to section 4.10, Added definition of additional sampling to section 4.11, Added to section 5.2 “sampling area” changed to “area designated for sampling”, Added reference to PPE as per SOP MF-009, Added Section 5.3, “If the container is found in damaged condition, inform the QC/ARD Manager or designee and do not proceed with the sampling. QC/ARD Manager or Designee shall determine further course of actions.”, Section 5.4.6, Removed and added to Section 5.5.7 as “Record the quantity required for each material in Appendix II - Packaging Material Sample Quantity List, (FM-QC-042). The quantity chosen should deliver an overall quantity to meet the testing requirements as per the relevant specification or document/protocol. Also ensure that the quantity chosen delivers an overall quantity to meet retention sample quantity requirements as per QM-027, “Retention Sample Management”, Section 5.4.6, Updated to include cleaning as applicable, “When the sampling is complete, ensure the sampling area is clean as per MF-052, “Operation of Ethanol Sampling-Dispensing Booth. Where possible use disposable sampling tools. Record in Appendix III - Packaging Material Sampling Log, (FM-QC-043)”, Section 5.5.1, Updated to include Primary and Secondary DPI Packaging Materials, Included reference to cleaning of sampling area in 5.4.6.','FM-QC-041 : Packaging Material Sampling Report, FM-QC-042 : Packaging Material Sample Quantity List, FM-QC-044 : QC/ARD Packaging Sample for Analysis Label, FM-QC-142 : Clean and Dirty side of XP-33 with demarcation line, FM-QC-240 : Packaging Material Sampling Request Form, FM-MF-005 : Under Test Label, SOP MM-001 : Receipt and Storage of Materials into the Warehouse, SOP MM-011 : Courier Shipments, SOP MF-008 : Labelling of Material, Equipment and Room, SOP MF-009 : Gowning Procedure for the Inhalation Areas, SOP QC-058 : Packaging Material Sampling Area Clearance and Sign-Off, SOP QC-061 : General Requirements for XP-33 And Operation Of XP-33 Sampling Booth, SOP QC-028 : Transfer of Samples to Global Amneal Sites, SOP QM-027 : Retention Sample Management, ANSI/ASQ Z1.4, WHO Technical Report Series, No. 929, 2005 Annex 4, “WHO guidelines for sampling of pharmaceutical products and related materials”, EudralLex Volume 4, “EU Guidelines to Good Manufacturing Practice Medicinal Products for Human and Veterinary Use – annex 19 Reference and Retention Samples”, SOP QM-018 : Vendor Notification of Quality Issue for RM-PM-Other Material, MM-012 : Warehouse Cleaning Procedure, MM-003 : Garbing Procedure for Warehouse Entry, FM-QC-105 : Packaging Material Sampling Area Clearance Form, FM-QC-106 : Packaging Material Sampling Area Sign-Off Form, QC-052 : Sampling of Finished Product Sample and Stability Samples, FM-QC-342 : Packaging Material Sampling Flow, FM-ES-001 : Internal Waste Log.'),(89,'QC-028E','Sample Transfer to Global Amneal Sites','QC-028E Sample Transfer to Global Amneal Sites.pdf','Amneal Ireland Limited','Mark Quigley','Ashok Gulati, QC/ARD, Agnieszka Lagocka, QC/ARD','Kuldeep Joshi, QA','2024-03-19','2025-03-19','QC-028D','Samples may include all the samples manufactured at Amneal Ireland or any other samples (e.g. Raw material, API, packaging, reference (innovator) product samples etc.) which have not been subjected to stability. Stability samples include Finished Goods that have been identified as being required to be placed on stability for the purposes of a specified protocol/procedure, Raw Materials that have been identified as being required to be placed on stability for the purposes of a specified protocol/procedure, Development samples manufactured at Amneal Ireland or any other samples (e.g. Raw material, API, Reference (innovator) product samples etc.) which have been subjected to various stability conditions.','SOP – Standard Operating Procedure, QC– Quality Control, ARD - Analytical Research and Development, Amneal Ireland: Amneal Ireland Limited Cahir Road, Cashel, Co. Tipperary, Ireland.','To provide a systematic approach to be followed for submission of samples to Amneal Quality Control (QC) and/or Amneal Analytical Research and Development (ARD) and /or Amneal Microbiology Departments globally for testing and analysis.','This SOP is applicable for the submission of the samples to an Amneal Global QC/ARD Laboratory/Microbiology Laboratory by Amneal, Ireland for testing or analysis, including but not limited to Raw materials, Packaging development batches, engineering batches, exhibit batches, IMP batches and Commercial batches at Amneal Ireland.','Amneal Ireland QC/ARD Personnel are responsible for submission of samples to an Amneal Global QC/ARD Laboratory/Microbiology Laboratory for testing and analysis. The Laboratory Manager, Amneal Ireland QC/ARD is responsible for compliance to this SOP.','Revision: QC-028, Date: 14-Sep-2016, CCF No.: --, Reason: First Issued. Revision: QC-028A, Date: 27-May-2019, CCF No.: AI-CC-18-081 AI-CC-18-140, Reason: Transfer of Procedure onto new template, Logo Change in header, Section 1.1 Added “and /or Amneal Microbiology”, Section 2.1 Added “/Microbiology Laboratory”, Section 3.1 Added “/Microbiology Laboratory”, 5.1.1.2 Added “/Microbiology Laboratory”, 5.2.1.2 Added “/Microbiology Laboratory”, Minor formatting changes, Section 6.0 Include reference to MM-011 Courier Shipments. Revision: QC-028B, Date: 20-May-2022, CCF No.: AI-CC-18-140 CC-AMN-22-2713, Reason: Section 2.1 – included IMP batches and commercial batches in scope of SOP, Section 5.1.1.1 revised to read “Collect a representative sample of the product/material and apply relevant labels as per the relevant sampling SOP.”, New section 5.1.1.2 included to state “Samples are submitted to the lab as per MF-042, Procedure for Sample Movement/ Management for all GMP samples and MF-020, Product Development Sample Analysis Request.”, New section 5.1.1.3 included to state “Samples are received into the QC/ARD Lab as per QC-009, Receipt and Handling of incoming samples in the QC/ARD and Microbiology Laboratory”, Section 5.1.1.4 updated to remove reference to Appendix I, Section 5.2.1 updated to include the following for stability samples - Finished Goods that have been identified as being required to be placed on stability for the purposes of a specified protocol/procedure - Raw Materials that have been identified as being required to be placed on stability for the purposes of a specified protocol/procedure, Section 5.2.1.1 revised to state “Collect a representative sample of the product /material and apply the relevant label in accordance with the requirement of MF-020 and/or QC-091 as applicable”, Section 6.1 – removed Appendix I from reference to FM-QC-039, Removed section 6.3 reference to FM-MF-026, Product Development Sample for Analysis Label”, New section 6.4 included for reference to QC-091, Inhalation Drug Product Stability Testing Program, New section 6.5 included for reference to MF-042, Procedure for Sample Movement/ Management, New section 6.6 included for reference to QC-009, Receipt and Handling of Incoming Samples in the QC/ARD and Microbiology Laboratory, FM-QC-039-00 updated to FM-QC-039-01 to change logo in header update to new form format Layout of form changed to make it more user friendly. Revision: QC-028C, Date: 19-Jul-2022, CCF No.: CC-AMN-22-3966, Reason: Section 5.1.1.5 added to include the instruction that only pre-siliconized seats and gaskets for AIPM-0001A extractable testing. Revision: QC-028D, Date: 15-Jun-2023, CCF No.: CC-AMN-23-2974, Reason: FM-QC-039-01 updated to FM-QC-039-02 to include footnote 1 - Note: Pre-siliconized seats / gaskets shall be used for extractable testing of component parts of AIPM-0001A valves. Revision: QC-028E, Date: 19-Mar-2024, CCF No.: CC-AMN-24-1412, Reason: Add section 5.1.1.5 and add section 5.2.1.3 to state “Ensure that relevant AVL has been checked to ensure that the samples are being sent to the correct qualified laboratory for all Drug Product samples.” Renumber subsequent sections accordingly, Revise FM-QC-039-02 to FM-QC-039-03 to include checks for newly added procedure requirements in section 5.1.1.5 and 5.2.1.3, Section 5.1.1.4 updated to read as follow: Note: For Raw Materials and Packaging Materials prior to shipping ensure that vendor batch details are checked to match the details of the sampling reports FM-QC-258 and FM-QC-034, Section 5.2.1 updated to read as follows: Note: For Raw Materials and Packaging Materials prior to shipping ensure that vendor batch details are checked to match the details of the sampling reports FM-QC-258 and FM-QC-034, Reference section updated to include QC-002, QC-027, FM-QC-034 and FM-QC-258.','FM-QC-039 : QC/ARD Test Request Form, MF-020 : Product Development Sample Analysis Request, MM-011 : Courier Shipments, QC-091 : Inhalation Drug Product Stability Testing Program, MF-042 : Procedure for Sample Movement/ Management, QC-009 : Receipt and Handling of Incoming Samples in the QC/ARD and Microbiology Laboratory, QC-002 : Sampling of Raw Materials at Amneal Ireland, FM-QC-034 : Raw Material Sampling Report, QC-027 : Sampling of Incoming Packaging Materials, FM-QC-258 : Raw Material Sampling Request.'),(90,'QC-029B','Gowning Procedure for QC/ARD Laboratory Entry','QC-029B Gowning Procedure for QC-ARD Laboratory Entry.pdf','Amneal Ireland Limited','Agnieszka Lagocka, QC/ARD','Brigid Hayes, QC/ARD, Paul O’Mahony, QC/ARD','Kuldeep Joshi, QA','2024-03-19','2025-03-19','QC-029A','Only trained and authorised personnel are permitted to enter the QC/ARD Laboratory. Contractors and visitors must be escorted by authorised personnel at all times and strictly adhere to the gowning procedures. Safety shoes are not required for accompanied visitors who will not be working in the area, but safety shoes must be worn by Amneal personnel and contractors. Proper gowning is required to maintain the purity and integrity of our products as well as ensuring the safety of our employees and visitors. Gowning procedures must be followed in GMP areas at all times.','SOP: Standard Operating Procedure, cGMP: current Good Manufacturing Practices, PPE: Personal Protective Equipment, MSDS: Material Safety Data Sheet, Amneal Ireland: Amneal Ireland Limited Cahir Road, Cashel, Co. Tipperary, Ireland.','To outline the gowning requirements and employee responsibilities when entering or exiting the QC/ARD Laboratory at Amneal Ireland.','This Standard Operating Procedure (SOP) is applicable to all employees, contractors and visitors entering the QC/ARD Laboratory at Amneal Ireland.','It is the responsibility of all Amneal personnel, visitors and contractors, when entering & exiting the QC/ARD Laboratory, to adhere to the practices outlined in this procedure. It is the responsibility of the QC/ARD laboratory manager to ensure that correct gowning PPE (Personal Protective Equipment) is available at all times, and that all employees, contractors and visitors are in compliance with this Standard Operating Procedure (SOP).','Revision: QC-029, Date: 16-Sep-2016, CCF No.: --, Reason: First Issued. Revision: QC-029A, Date: 22-Dec-2016, CCF No.: AI-CC-16-015, Reason: Section 5.3: Gowning practice for testing within the QC/ARD Laboratory will now read \"Laboratory coat, glasses, safety shoes and laboratory gloves\". Reference Appendix I, FM-QC-065, “Gowning Pictorial for QC/ARD Laboratory Entry” for pictorial illustrating the correct way to gown\". The pictorial showing the correct way to gown will be included as a form and will be a new Appendix I to the SOP. Reference FM-QC-065, “Gowning Pictorial for QC/ARD Laboratory Entry”. Revision: QC-029B, Date: 19-Mar-2024, CCF No.: AI-CC-18-140 AI-CC-19-129, Reason: Updated SOP logo and removed reference to Appendix throughout. Section 5.2.4 Updated to: Safety shoes must be worn by All Amneal Staff and Contractors that are working within the QC/ARD Laboratory. Safety shoes are not required for accompanied visitors as per 5.1.2.','FM-QC-065 : Gowning Pictorial for QC/ARD Laboratory Entry.'),(91,'QC-030C','Operation and Maintenance of Agilent GC System (7890B), ALS (7693) and Headspace Sampler (7697A)','QC-030C Operation and Maintenance of GC System.pdf','Amneal Ireland Limited','David Ryan, QC/ARD','Paul O\'Mahony, QC/ARD','Kuldeep Joshi, QA','2020-10-19','2023-10-15','QC-030B','The Agilent GC System consists of the Agilent 7890B Series Gas Chromatograph (7693A automatic Liquid Sampler) and the Agilent 7697A Headspace sampler. The procedure includes steps for installing a GC column, setting gas flow, igniting the GC FID, setting up the 7697A Headspace sampler, and performing maintenance and calibration.','GC: Gas Chromatograph, Chromatography in which the sample mixture is vaporized and injected into a stream of carrier gas moving through a column containing a stationary phase composed of a liquid or particulate solid and is separated into its component compounds according to their affinity for the stationary phase, FID: Flame Ionization Detector, RT: Retention Time, Amneal Ireland: Amneal Ireland Limited Cahir Road, Cashel, Co. Tipperary, Ireland.','To define the procedure for the operation and maintenance of Agilent 7890B Series Gas Chromatograph (7693A automatic Liquid Sampler) and Agilent 7697A Headspace sampler.','This procedure applies to the Quality Control and Analytical Research & Development (QC/ARD) Laboratory at Amneal, Ireland.','The QC/ARD personnel are responsible for complying with the requirements of this procedure. The Laboratory Manager is responsible for ensuring that QC/ARD personnel comply with this procedure.','Revision: QC-030, Date: 30-Sep-2016, CCF No.: --, Reason: First Issued. Revision: QC-030A, Date: 25-Sep-2019, CCF No.: AI-CC-18-140 AI-CC-19-112, Reason: Updated SOP to new format and removed reference to Appendix throughout. Section 1.1 Change 7890N to 7890B and include reference to 7693A automatic Liquid Sampler. Section 5.4.3. Change Senior Chemist to QC / ARD Manager. Section 5.6.1 – Include following setup checks. For Head Space- ensure all sample trays are positioned properly and respective green lights are on. Press the button marked Tray Park/Carousel Advance on Head Space to check free movement and ensure this is kept in unparked position before starting the sample sequence. For liquid Injections, make sure enough vials with sufficient wash and rinse solutions and empty vials for waste collection are kept. Ensure all sample trays are positioned properly and respective green lights are on. Press the button marked P on Auto-sampler to check free movement and ensure it is kept in unparked position before starting sample sequence. Section 5.6.2 - include reference to 7693A automatic Liquid Sampler. Revision: QC-030B, Date: 19-Aug-2020, CCF No.: AI-CC-20-069, Reason: Section 5.6.3 – Removed the requirement for steam cleaning to be carried out as part of the Annual Preventive Maintenance on the 7697A Headspace Sampler. Revision: QC-030C, Date: 19-Oct-2020, CCF No.: AI-CC-20-090, Reason: Corrected Title of SOP by adding Model No. 7693 for Automated Liquid Sampler. Section 5.6.1- Added the requirement for checking the free movement of Plunger in syringe before starting sample sequence using ALS injector. Inserted the picture for clarification of Pre-check. Section 5.6.3 Corrected model No. of Head Space Sampler as 7697A.','FM-QC-046 : GC Usage Logbook, FM-QC-047 : GC Maintenance Logbook, QC-022 : Control of Laboratory Instruments, QC-021 : Operation of Empower, FM-QC-029 : Repair Request Form.'),(92,'QC-031B','Release of Material for Equipment Performance Qualification Studies','QC-031B Release of Material For Equipment Performance Qualification Studies.pdf','Amneal Ireland Limited','Ashok Gulati, QC/ARD','Brigid Hayes, QC/ARD','Kuldeep Joshi, QA','2023-01-01','2024-01-01','QC-031A','Warehouse personnel must alert QC/ARD that a Material Request has been created for a PQ batch and issue the Form FM-QC-033 “Material Release for PQ study. Warehouse may not release material to Manufacturing until the Material Release for PQ study form is attached. QC/ARD personnel must review the Material Release for PQ Study request and approve or reject each line item requested on the form in line with the following guidance: API may be released for Equipment PQ batches based on verification of a Certificate of Analysis or Certificate of Conformance from the vendor, external test laboratory or Amneal QC/ARD Laboratory. API assay reporting sheet will be shared with manufacturing for the dispensing of API. A hard copy of the Certificate may be attached to the Material Release for Equipment PQ form. Excipients may be released for Equipment PQ batches based on verification of the Certificate of Analysis or Certificate of Conformance from the Vendor, External Test laboratory or Amneal QC/ARD Laboratory. A hard copy of the Certificate may be attached to the Material Release for Equipment PQ form. Primary packaging materials may be released for Equipment PQ batches based on verification of the Certificate of Analysis or Certificate of Conformance from the Vendor, External Test laboratory or Amneal QC/ARD Laboratory. A hard copy of the Certificate may be attached to the Material Release for Equipment PQ form. Secondary packaging materials may be released for Equipment PQ batches based on verification of the Certificate of Analysis or Certificate of Conformance from the Vendor, External Test laboratory or Amneal QC/ARD Laboratory. A hard copy of the Certificate may be attached to the Material Release for Equipment PQ form. QC/ARD personnel return the completed Material Release for Equipment PQ study form to the warehouse indicating which materials are approved and/or rejected. Approved materials will be labelled using FM-QC-045.','COA: Certificate of Analysis, QC/ARD: Quality Control/Analytical Research & Development, Amneal Ireland: Amneal Ireland Limited Cahir Road, Cashel, Co. Tipperary, Ireland.','To define the procedure when releasing material for Equipment Performance Qualification (PQ) studies.','This procedure applies to the release of materials for Equipment PQ studies at Amneal Ireland.','It is the responsibility of all personnel releasing materials for Equipment PQ studies to strictly adhere to this procedure. It is the responsibility of the Laboratory manager (or designee) to release material for Equipment PQ batches in accordance with this procedure. It is the responsibility of warehouse personnel to the transfer of materials and ensuring that all associated paperwork and labelling is completed correctly. It is the responsibility of Manufacturing personnel to request material needed for Equipment PQ studies from the Warehouse.','Revision: QC-031, Date: 03-Oct-2016, CCF No.: --, Reason: First Issued. Revision: QC-031A, Date: 23-Nov-2016, CCF No.: AI-CC-16-007, Reason: Updated step 5.2.1 to read - API may be released for Equipment PQ batches based on verification of a Certificate of Analysis or Certificate of Conformance from the vendor, external test laboratory or Amneal QC/ARD Laboratory. API assay reporting sheet will be shared with manufacturing for the dispensing of API. Revision: QC-031B, Date: 2023-01-01, CCF No.: AI-CC-18-140, Reason: Removed from step 5.2.2, 5.2.3, 5.2.4 – in Piscataway. Editorial correction to section 6.0 References - FM-QC-033 and FM-QC-045. Editorial correction to header page 2 and page 3 – added ‘equipment’. Updated SOP to new format & removed reference to Appendix throughout. Updated forms.','FM-QC-033 : Material Release for Equipment PQ Study, FM-QC-045 : Released Material for Equipment PQ Study Label.'),(93,'QC-032D','Analytical Method Transfer Process','QC-032D Analytical Method Transfer Process.pdf','Amneal Ireland Limited','','Katherine Russell — Katharina Russell, QC/ARD, David Ryan — David Ryan, QC/ARD','Andrew Clark — Katharina Russell, QC/ARD, Kuldeep Joshi, QA','2024-05-02','2027-05-02','QC-032C','The transfer of analytical test methods can be demonstrated through comparative testing, co-validation, revalidation, or transfer waiver. A risk analysis is required to determine the extent of transfer activities. The transfer protocol must detail the testing required, including objectives, scope, responsibilities, materials, instruments, experimental design, and acceptance criteria. The transfer report must document the results, deviations, and conclusions of the transfer process. Microbiology methods are adopted from USP/EU compendia, and only verification by the RL is required.','QC/ARD: Quality Control/Analytical Research & Development/Microbiology. Amneal Ireland: Amneal Ireland Limited Cahir Road, Cashel, Co. Tipperary, Ireland. Originating / Transferring Laboratory (OL / TL): Laboratory from which the Validated Analytical Test Method is being transferred. Receiving Laboratory (RL): Laboratory to which the Validated Analytical Test Method is being transferred. Analytical Test method: A procedure which describes in detail the steps necessary to perform an analytical test. Compendial Method: A method described in the current pharmacopeia of the region where the product will be marketed. Intermediate Precision/Ruggedness: An expression of laboratory variation. Limit Test: A test procedure that verifies that an analyte of interest is present below a pre-set threshold. Linearity: The ability to provide test results directly proportional to the concentration of an analyte. Method Validation: The process of demonstrating that analytical procedures are suitable for their intended use. Method Verification: The process of establishing the ability of a compendial or non-compendial method to meet the requirements of its intended application. Non-Compendia Method: A method not taken from a compendial Monograph. Precision: The closeness of agreement between a series of measurements. Quantitation Limit: The lowest amount of analyte in a sample which can be quantitively determined. Solution Stability: The stability of both the sample and the reference standard solution. Specificity: The ability of a method to unequivocally determine the analyte of interest in the presence of other components. System Suitability: Tests ensure that the complete testing system is in a controlled state. Bracketing: An experimental design to test only the extremes of dosage strength. Inter-laboratory Transfer: A transfer of methods between sites of different companies. Intra-laboratory Transfer: A transfer of methods between sites of the same group of companies or subsidiaries. Starting Materials: Any substance used in the production of a medicinal product. Robustness: The capacity of an analytical procedure to remain unaffected by small but deliberate variations in procedural parameters. Accuracy: The closeness of test results obtained by that procedure to the true value. Range: The interval between the upper and lower levels of analyte that have been demonstrated to be determined with precision, accuracy, and linearity. Detection Limit: The lowest amount of analyte in a sample that can be detected.','To define the procedure for the transfer of Analytical Test Methods to the QC/ARD Laboratory at Amneal Ireland.','This procedure applies to the transfer of Analytical Test Methods where the QC/ARD Laboratory at Amneal Ireland is deemed the ‘receiving laboratory’ (RL). This SOP describes requirements for inter-laboratory and intra-laboratory transfer of validated analytical procedures. Microbiology methods at Amneal Ireland are adopted from the USP/EU compendia. Verification is required only by the RL therefore Method transfer of Microbiology methods is not applicable.','QC/ARD personnel are responsible for ensuring compliance with the procedure. The Laboratory Manager oversees the transfer process. The transferring laboratory (TL) must provide the validated analytical procedure, reference standards, validation reports, and necessary documentation. The receiving laboratory (RL) must ensure that personnel, facilities, and instrumentation are qualified and compliant with regulations.','Revision: QC-032, Date: 04-Oct-2016, CCF No.: --, Reason: First Issued. Revision: QC-032A, Date: 02-Oct-2019, CCF No.: AI-CC-18-140 AI-CC-19-117, Reason: Updated SOP to new format, clarified responsibilities, aligned definitions with ICH Q2R1, and added detail on transfer approaches. Revision: QC-032B, Date: 11-Mar-2021, CCF No.: AI-CC-21-022, Reason: Updated responsibilities and definitions to align with GQS_0037, restructured sections for clarity, and added pre-transfer and post-transfer checklists. Revision: QC-032C, Date: 03-Dec-2021, CCF No.: AI-CC-21-095, Reason: Updated reference standard requirements and checklist. Revision: QC-032D, Date: 02-May-2024, CCF No.: CC-AMN-22-6778, Reason: Added new section 2.2, updated definitions, and made general editorial changes.','FM-QC-048 : Analytical Test Method Transfer Pre-Requisites Form. FM-QC-266 : Pre-Analytical Test Method Transfer Checklist. FM-QC-267 : Post Analytical Test Method Transfer Checklist. EudraLex: Volume 4 EU Guidelines for Good Manufacturing Practice for Medicinal Products for Human and Veterinary Use Part 1 Chapter 6: Quality Control. USP General Chapter, <1224> Transfer of Analytical Procedures. USP General Chapter, <1225> Validation of Compendial Procedures. USP General Chapter, <1226> Verification of Compendial Procedures. QC-105: Suitability of Test Methods Examination. International conference on Harmonisation (ICH) Harmonised Tripartite Guideline, Validation of Analytical Procedures: Text and Methodology – Q2 (R1). GQS_0037 : Global Standard for Analytical Method Transfer.'),(94,'QC-033H','Operation, Maintenance, Cleaning and Calibration of Weigh Balances in the QC/ARD Laboratory','QC-033H Op, Main, Clean & Cal of Weigh Balance in the QC Lab.pdf','Amneal Ireland Limited','','Agnieszka Lagocka, QC/ARD, David Ryan, QC/ARD','Kuldeep Joshi, QA','2024-10-08','2027-10-01','QC-033G','Analytical balances should be left powered on during normal operations. Daily verification checks and internal calibration are required before use. Calibration weights must be handled with care and sent for annual external calibration. Ionizer Fan and Pen are used to minimize static charge during weighing. Calibration includes linearity, eccentricity, repeatability, sensitivity, accuracy, and minimum weight tests.','Amneal Ireland: Amneal Ireland Limited Cahir Road, Cashel, Co. Tipperary, Ireland. QC/ARD: Quality Control/Analytical Research and Development. Calibration Range: Specified Range over which the balance is calibrated. cGMP: Current Good Manufacturing Practices. IPA: Isopropyl alcohol.','This procedure describes the procedures for the operation, cleaning, internal calibration, and maintenance of analytical balances.','This SOP applies to all balances and/or weighing instruments used in the Quality Control /Analytical Research and Development (QC/ARD) Laboratories at Amneal Ireland. Calibration policy in the QC/ARD Laboratory is defined in SOP QM-007 (Calibration Policy) with instrument categorisation being defined in SOP QC-022 (Control of Laboratory Instruments).','QC/ARD personnel are responsible for following this procedure and ensuring they are trained on the current revision. The Laboratory Manager ensures compliance and training. QA/Validation Department approves all calibration certificates for QC/ARD analytical balances.','Revision: QC-033, Date: 03-Oct-2016, CCF No.: --, Reason: First Issued. Revision: QC-033A, Date: 28-Apr-2017, CCF No.: AI-CC-17-015, Reason: Amend linearity specification, divide form FM-QC-049, add internal calibration instruction. Revision: QC-033B, Date: 02-May-18, CCF No.: AI-CC-18-037, Reason: Amend daily verification check, remove internal calibration before use, add balance activity logbook. Revision: QC-033C, Date: 31-Oct-2018, CCF No.: AI-CC-18-120, Reason: Add requirement to report warning lights, amend calibration procedure. Revision: QC-033D, Date: 26-May-2020, CCF No.: AI-CC-18-140 AI-CC-20-038, Reason: Update SOP template, add Ionizer Fan and Pen instructions. Revision: QC-033E, Date: 15-Feb-2021, CCF No.: AI-CC-21-006, Reason: Update balance leveling and Ionizer instructions. Revision: QC-033F, Date: 23-May-2022, CCF No.: CC-AMN-22-2811, Reason: Update calibration date verification. Revision: QC-033G, Date: 22-Aug-2024, CCF No.: CC-AMN-24-4504, Reason: Update tare weight instructions. Revision: QC-033H, Date: 03-Oct-2024, CCF No.: CC-AMN-24-5439, Reason: Add weight selection tables, update form FM-QC-136.','FM-QC-074 : Calibration Weight Details. FM-QC-050 : Balance Activity Logbook Form. FM-QC-049 : Before Use Verification Check. FM-QC-136 : Calibration Certificate for QC/ARD Analytical Balance. Sartorius Cubis Series Operating Manual. United States Pharmacopeial (USP). SOP QC-046 : Analyst Qualification in the QC/ARD Laboratory. SOP QM-007 : Calibration Policy. SOP QC-022 : Control of Laboratory Instruments. SOP QM-010 : Investigation System. SOP QC-067 : General Laboratory Practices in QC/ARD. SOP QC-086 : Handling of Laboratory Incidents in the QC/ARD and Microbiology Laboratories.'),(95,'QC-034F','Management of QC/ARD Specifications, Analytical Methods (Procedures) and Method Transfer Protocols','QC-034F Mgt of QC Specs Analytical methods & MTPs.pdf','Amneal Ireland Limited','','Katherine Russell, David Ryan, QC/ARD','Kuldeep Joshi, QA','2024-05-23','2027-05-31','QC-034E','This SOP provides a systematic approach for managing QC/ARD specifications, analytical methods, and method transfer protocols. It covers the receipt, logging, distribution, and control of documents from both internal and external laboratories. Microbiology methods are adopted from USP/EU compendia, and only verification by the testing lab is required. The procedure also includes the management of Analytical Method Worksheets (AMWs) and Microbiology Laboratory Worksheets (MLWs).','QC: Quality Control/Microbiology. QA: Quality Assurance. ARD: Analytical Research and Development. RM: Raw Material. PM: Packaging Material. FP: Finished Product. PD: Product Development. Amneal Ireland: Amneal Ireland Limited, Cahir Road, Cashel, Co. Tipperary, Ireland. Contract Laboratory Requirement (CLR): A version-controlled document detailing the procedure for a validated Test Method. TRSF: Test Request Submission Form. QUMAS: An electronic document management system. External Contract Laboratory: A Contract Laboratory not within the Amneal group.','To provide a systematic approach for the management of QC/ARD specifications, analytical methods (procedures), and method transfer protocols, both in hard copy and electronic copy.','This procedure applies to all specifications, analytical methods, and method transfer protocols received by Amneal Ireland from internal and external laboratories. It covers raw materials, packaging materials, in-process products, finished products, stability, and other miscellaneous items. Microbiology methods are adopted from USP/EU compendia, and only verification by the testing lab is required.','The QA documentation person is responsible for providing controlled copies of documents. The Laboratory Manager ensures controlled copies are maintained. QC/ARD Micro personnel receive and forward Micro documents from external contract laboratories. QA documentation provides controlled copies of Micro documents from external contract laboratories.','Revision: QC-034, Date: 06-Jan-2017, CCF No.: --, Reason: First Issued. Revision: QC-034A, Date: 25-Nov-2017, CCF No.: AI-CC-17-103, Reason: Updated sections 2.2, 4, and 5.3, added definitions for CSS and ARF. Revision: QC-034B, Date: 02-May-2019, CCF No.: AI-CC-18-140 AI-CC-19-054, Reason: Updated sections 2.1.1, 2.1.2, 3.1, 3.2, 4.11, 5.1.1, 5.1.6, and references. Revision: QC-034C, Date: 16-May-2019, CCF No.: AI-CC-18-081, Reason: Added new sections 2.1.2, 2.1.4, 3.3, 3.4, 4.9, 4.10, 4.12, 5.1.1, 5.1.2, 5.3, 5.3.1, 5.3.2, 5.3.3, 5.3.4, and updated references. Revision: QC-034D, Date: 11-Mar-2021, CCF No.: AI-CC-21-022, Reason: Updated sections 5.1.1, 5.2.3, added section 5.5, updated references, and created new form FM-QC-268. Revision: QC-034E, Date: 09-Aug-2021, CCF No.: AI-CC-21-062, Reason: Added section 5.6 for reference copies of Analytical Methods. Revision: QC-034F, Date: 23-Oct-2024, CCF No.: CC-AMN-22-6778, Reason: Updated sections 2.1.3, 2.1.4, 2.1.5, 2.2, 4.1, 4.10, 5.1.5, 5.1.6, 5.1.7, added section 5.3, renumbered sections 5.3-5.7, updated sections 5.4.2.1, 5.4.2.2, 5.4.2.3, 5.4.2.4, added section 5.8, and updated references.','FM-QC-062 : Log of Laboratory Documents Received into Amneal Ireland from another Amneal Laboratory. FM-QC-063 : QC/ARD Specification/Analytical method (procedure) Distribution Form. FM-QC-194 : Log of Documents received into the QC/ARD Laboratory (Amneal Ireland) from External Contract Laboratories. QA-001 : Procedure for Document Issuance. QM-003 : Training System. QM-004 : Good Documentation Practices. QM-013 : Change Control System. FM-QM-003 : Controlled Document Request. QM-002 : Control of revision-controlled documents. QC-032 : Analytical Method Transfer Process. QM-009 : Document Storage and Retention. FM-QC-268 : Analytical Method Worksheet. QC-104 : Microbial Enumeration and Test for Specified Microorganisms of Non-Sterile Products and Materials. QC-105 : Suitability of Test Methods Examination.'),(96,'QC-037B','Operation, Maintenance and Calibration of Cary 630 FT-IR Spectrophotometer','QC-037B Operation, Maintenance & Calibration of Cary 630 FTIR.pdf','Amneal Ireland Limited','Ashok Gulati, QC/ARD','Mary White, QA','Mary White, QA','2023-11-07','2025-11-06','QC-037A','This SOP defines the procedure for operating, maintaining, and calibrating the Agilent Cary 630 FTIR Spectrometer. It includes instructions for turning on/off the instrument, system suitability checks, sample measurement, and maintenance tasks such as cleaning and desiccant replacement. Preventative maintenance and calibration are performed annually.','Amneal Ireland: Amneal Ireland Limited Cahir Road, Cashel, Co. Tipperary, Ireland. QC/ARD: Quality Control / Analytical Research and Development. FTIR spectroscopy: Fourier Transform Infra-red spectroscopy. LED: Light Emitting Diode. ATR: Attenuated Total Reflectance. KBr: potassium bromide. ZnSe: zinc selenide. PC: personal computer.','To define the procedure for the operation, maintenance, and calibration of the Agilent Cary 630 FTIR Spectrometer.','The procedure applies to the Quality Control and Analytical Research and Development (QC/ARD) Laboratory at Amneal Ireland.','All QC/ARD personnel must adhere to the SOP and ensure they are trained on the current revision. The Laboratory Manager ensures compliance and training.','Revision: QC-037, Date: 20-Dec-2016, CCF No.: --, Reason: First issued. Revision: QC-037A, Date: 12-Dec-2019, CCF No.: AI-CC-18-140, Reason: Updated SOP logo and removed reference to Appendix. Revision: QC-037B, Date: 07-Nov-2023, CCF No.: CC-AMN-23-6184, Reason: Added section 5.2.3.12 for printing and comparing overlay spectra for sample and standard.','FM-QC-054 : Instrument Usage Logbook. Agilent Cary 630 FTIR Spectrometer User’s Guide (Agilent Technologies).'),(97,'QC-038C','Validation of In-House Analytical Procedures and Verification of Compendial Procedures','QC-038C Val of IN-House Analytical Procedures and Verifications of Compendial Procedures.pdf','Amneal Ireland Limited','','Linda Bannon, QC/ARD, Katherine Russell, QC/ARD','Kuldeep Joshi, QA','2023-10-13','2026-10-17','QC-038B','This SOP describes the policy and procedure for the validation of in-house analytical methods and the verification of compendial methods. It includes guidance for validation/verification of analytical procedures such as HPLC, GC, IR, UV-Visible spectrophotometry, titrimetry, drug release, and qualitative tests. The SOP also covers the verification of existing validated methods or compendial methods when modified.','Analytical procedure/method: The way of performing the analysis. Stability indicating method: A product-specific method used to determine conformance to stability specifications. Placebo: A dosage form matrix without the analyte(s). Accuracy: Closeness of test results to the true value. Precision: Closeness of agreement between a series of measurements. Repeatability: Precision within the same laboratory over a short period. Intermediate Precision / Ruggedness: Within-laboratory variations. Reproducibility: Precision between laboratories. Linearity: Proportionality between concentration and response. Range: Interval between upper and lower analyte levels. Detection Limit (DL): Lowest amount of analyte that can be detected. Quantitation Limit (QL): Lowest amount of analyte that can be quantified. Robustness: Method’s capacity to remain unaffected by variations. Specificity: Ability to assess analyte unequivocally. Validation: Process of establishing method performance characteristics. Method verification: Evidence that a method fulfills specified requirements. Amneal Ireland: Amneal Ireland Limited, Cahir Road, Cashel, Co. Tipperary, Ireland. ARD: Analytical Research and Development.','To describe the policy and procedure for the validation of in-house analytical methods and the verification of compendial methods. It also covers the verification of existing validated methods or compendial methods when modified.','This SOP applies to personnel in the QC/ARD laboratories at Amneal Ireland. It covers validation/verification of analytical procedures including HPLC, GC, IR, UV-Visible spectrophotometry, titrimetry, drug release, and qualitative tests. Verification of microbial compendial methods is completed as per SOP QC-105.','The Laboratory Manager ensures compliance with this procedure and that all QC/ARD personnel are trained. QC/ARD personnel must follow this procedure and ensure they are trained on the current revision.','Revision: QC-038, Date: 10-Feb-2017, CCF No.: N/A, Reason: First Issued. Revision: QC-038A, Date: 06-Feb-2020, CCF No.: AI-CC-18-140, Reason: Updated to new logo and SOP template, added verification of compendial methods as per USP <1226>, removed section 5.13. Revision: QC-038B, Date: 05-Jul-2021, CCF No.: AI-CC-21-044, Reason: Added section 5.13 (Life Cycle Management), added references to GQS_0013, QC-086, and QM-019, formatting changes. Revision: QC-038C, Date: 16-Oct-2023, CCF No.: CC-AMN-22-6778, Reason: Added section 2.3, updated section 5.2 with note on microbiological procedures, added reference to QC-105.','International Conference on Harmonisation (ICH) Harmonised Tripartite Guideline: Validation of Analytical Procedures: Test and Methodology – Q2 (R1). United States Pharmacopeia (USP) section <1225>: Validation of compendial methods. United States Pharmacopeia (USP) section <1226>: Verification of compendial procedures. ORA Laboratory Procedures, Food and Drug Administration Document No.: ORA-LAB 5.4.5 Title: Methods, Method Verification and Method Validation. GQS_0013, Validation and Verification of Analytical Procedures. QC-086: Handling of Laboratory Incidents in the QC/ARD and Microbiology Laboratories. QM-019: Management Review of the Quality System. QC-105: Suitability of Test Methods Examination.'),(98,'QC-039F','Sampling Procedure for Ethanol','QC-039F  Sampling Procedure for Ethanol.pdf','Amneal Ireland Limited','','David Ryan, QC/ARD, Mariscal Ryan, QA','Kuldeep Joshi, QA','2024-09-10','2026-09-10','QC-039E','This SOP defines the procedures and practices for sampling ethanol at Amneal Ireland. It includes requirements for area clearance, line sign-off, and sampling procedures. The SOP ensures that sampling is conducted safely and in compliance with regulatory standards, including the use of appropriate PPE and adherence to cleaning protocols.','PPE: Personal Protective Equipment. HDPE: High Density Polyethylene. ANSI: American National Standards Institute. COA: Certificate of Analysis. AR number: Analytical Receipt number. QC/ARD: Quality Control/Analytical Research & Development. Amneal Ireland: Amneal Ireland Limited, Cahir Road, Cashel, Co. Tipperary, Ireland. IPA: Isopropyl Alcohol.','To define the procedures and practices for sampling ethanol at Amneal Ireland.','This procedure applies to all QC/ARD and QA personnel involved in the sampling of ethanol at Amneal Ireland.','All personnel performing sampling must adhere to this procedure, wear appropriate PPE, and report any deficiencies. QA personnel verify area clearance and line sign-off. QC/ARD personnel ensure cleaning and proper sampling procedures are followed.','Revision: QC-039, Date: 04-Nov-2016, CCF No.: --, Reason: First Issued. Revision: QC-039A, Date: 25-Oct-2019, CCF No.: AI-CC-18-140, Reason: Updated SOP to new logo and removed reference to Appendix. Revision: QC-039B, Date: 29-Oct-2021, CCF No.: AI-CC-21-082, Reason: Removed section 5.4.12 and retired FM-QC-058. Revision: QC-039C, Date: 08-Nov-2023, CCF No.: CC-AMN-23-6212, Reason: Updated as per US FDA guidance for testing ethanol and isopropyl alcohol for methanol. Revision: QC-039D, Date: 28-Feb-2024, CCF No.: CC-AMN-23-6551, Reason: Added sections 5.4.8.1 and 5.4.8.2 for sampling ethanol for cleaning and drug product manufacture. Revision: QC-039E, Date: 12-Jun-2024, CCF No.: CC-AMN-24-2914, Reason: Added QA responsibilities, updated sampling procedures, and added new forms FM-QC-339 and FM-QC-340. Revision: QC-039F, Date: 10-Sep-2024, CCF No.: CC-AMN-24-4804, Reason: Updated sampling requirements, added section 5.5.8.2, and made editorial changes.','FM-QC-056: Ethanol Sampling Report. FM-QC-057: Ethanol Sample Quantity List. FM-QC-059: QC/ARD Ethanol Sample for Analysis Label. MM-001: Receipt and Storage of Materials into the Warehouse. MM-011: Courier Shipments. QC-008: Labelling of Material, Equipment and Room. QC-028: Transfer of Samples to Global Amneal Sites. QC-061: General Requirements for XP-33 and Operation of XP-33 Sampling Booth. MF-009: Gowning Procedure for Entering and Exiting the Inhalation Areas. MF-007: Area Room Cleaning Requirements in the Inhalation Facility. FM-QC-339: Ethanol Sampling Area Sign-Off Form. FM-QC-340: Ethanol Sampling Area Clearance Form. QM-010: Unplanned Deviations and Investigations. MF-008: Labelling of Material, Product, Room and Equipment. ANSI/ASQ Z1.9. WHO Technical Report Series, No. 929, 2005 Annex 4. EudraLex Volume 4. US FDA guidance for Industry “Policy for Testing of Alcohol (Ethanol) and Isopropyl Alcohol for Methanol”. FM-MM-004: Material Stock Card. FM-MF-005: Under Test Label. MM-002: Movement of Material between the Warehouse and Manufacturing. QM-027: Retention Sample Management.'),(99,'QC-040A','API Assay Reporting Sheet Preparation for Dispensing','QC-040A API Assay Reporting Sheet Preperation SOP.pdf','Amneal Ireland Limited','Brigid Hayes, QC/ARD','Ägnieszka Lagóčka, QC/ARD, Paul O’Mahofty, QC/ARD','Kuldeep Joshi, QA','2019-01-14','2023-01-13','QC-040','This SOP defines the procedure for the preparation, review, and communication of API assay reporting sheets for dispensing. It ensures that assay results are accurately compiled and communicated to Manufacturing (MF) or Product Development (PD) groups for reconciliation with the Batch Manufacturing Record.','Amneal Ireland: Amneal Ireland Limited, Cahir Road, Cashel, Co. Tipperary, Ireland. API: Active Pharmaceutical Ingredient. COA: Certificate of Analysis. QC/ARD: Quality Control Research and Development.','To define the procedure for API assay reporting sheet preparation, review, and communication.','This procedure applies to all API tested by QC/ARD at Amneal Ireland.','QC/ARD Department is responsible for preparing, compiling, and reviewing assay results. QC/ARD personnel must follow this procedure and ensure they are trained on the current revision. The QC/ARD Manager ensures compliance.','Revision: QC-040, Date: 22-Nov-2016, CCF No.: --, Reason: First Issued. Revision: QC-040A, Date: 14-Jan-2019, CCF No.: AI-CC-18-140 AI-CC-19-125, Reason: Updated SOP to new format, added sections 3.2, 3.3, 3.4, 4.2, 4.3, 4.4, updated section 5.1, added COA to section 5.2, removed section 5.4, and retired FM-QC-037-00.','FM-QC-055: API Assay Reporting Form for dispensing.'),(100,'QC-042H','Procedure for Approval/Rejection of Raw Material/Packaging Material and Quality Impacting Miscellaneous Supplies','QC-042H Procedure for Approval-Rejection of RM PM.pdf','Amneal Ireland Limited','','Karen Barry, QC/ARD; Katherina Russell, QC/ARD; David Ryan, QC/ARD','Kuldeep Joshi, QA','2024-05-14','2027-05-14','QC-042G','Testing of raw materials, packaging materials, and Quality Impacting Miscellaneous Supplies (MS) as per Compendial monographs or approved specifications. Secondary and tertiary packaging materials can be approved based on verification with approved artwork or documentation. High-risk drug components require specific testing for Diethylene Glycol (DEG) and Ethylene Glycol (EG). COA (Certificate of Analysis) must be prepared and reviewed for accuracy. Materials are labeled as \"APPROVED\" or \"REJECTED\" based on test results.','GRN: Goods Receipt Note, COA: Certificate of Analysis, COC: Certificate of Conformance, COV: Certificate of Verification, RM/PM: Raw Materials/Packaging Materials, SOP: Standard Operating Procedure, LNB: Laboratory Note Book, LAW: Laboratory Analytical Worksheet, MS: Miscellaneous Supplies, EG: Ethylene Glycol, DEG: Diethylene Glycol, High-Risk Drug Components: Components at higher risk of DEG or EG contamination, MLW: Microbiology Laboratory Worksheet, QC/ARD: Quality Control/Analytical Research and Development/Microbiology.','To provide the procedure for approving/rejecting raw materials, packaging materials, and Quality Impacting Miscellaneous Supplies (MS) that require testing, including materials for initial release, re-testing, or materials under stability.','This procedure applies to the approval and rejection of all raw materials, packaging materials, and Quality Impacting Miscellaneous Supplies (MS) that require testing by Quality Control (QC), Analytical Research and Development (ARD), and Microbiology departments of Amneal Ireland.','It is the responsibility of all QC/ARD personnel to follow this procedure. The laboratory manager/designee ensures adherence to the procedure. QC/ARD personnel are responsible for testing, reviewing, and approving/rejecting materials based on specifications. QA must approve any deviations or investigations related to batch/lot testing.','Revision: QC-042, Date: 08-Jan-2017, CCF No.: --, Reason: First Issued. Revision: QC-042A, Date: 14-Apr-2017, CCF No.: AI-CC-17-026, Reason: Added text for secondary packaging and tertiary packaging. Revision: QC-042B, Date: 24-Nov-2017, CCF No.: AI-CC-17-102, Reason: Updated Master COA revision process. Revision: QC-042C, Date: 02-Aug-2018, CCF No.: AI-CC-18-078, Reason: Updated title and scope, added definitions for MS. Revision: QC-042D, Date: 26-Nov-2018, CCF No.: AI-CC-18-132, Reason: Updated references and testing procedures. Revision: QC-042E, Date: 02-Jul-2020, CCF No.: AI-CC-20-044, Reason: Updated SOP format and references. Revision: QC-042F, Date: 28-Nov-2023, CCF No.: CC-AMN-23-6401, Reason: Added sections for DEG/EG testing and FDA notification. Revision: QC-042G, Date: 20-Dec-2023, CCF No.: CC-AMN-23-6421, Reason: Added definitions for EG, DEG, and high-risk drug components. Revision: QC-042H, Date: 14-May-2024, CCF No.: CC-AMN-22-6778, Reason: Updated scope to include Microbiology department, added references to QC-104, QC-077, and QC-105.','FM-QC-064: Certificate of Analysis for Raw Material/Packaging Material, FM-QC-066: Certificate of Analysis (Master) Approval Page, QM-018: Vendor Notification of Quality Issues, MF-008: Labelling of Material, Product, and Equipment, MM-001: Receipt and Storage of Material, MM-004: Safe Behaviour in Warehouse, QM-013: Change Control System, QA-006: Procurement and Approval of Miscellaneous Supplies, QC-028: Sample Transfer to Global Amneal Sites, QC-038: Validation of Analytical Procedures, QC-049: Notification of Event from Contract Laboratories, QC-062: Expiration and Re-Test Dates, MM-011: Courier Shipments, MF-086: RF-Smart Labelling, FM-MF-034: Sample Test Request Form, QC-043: Release of Results from QC/ARD Laboratory, QC-046: Analyst Qualification, QC-006: Review of Laboratory Records, FM-QC-256: QC/ARD COA Issuance Log, MM-020: Offsite Storage Handling, QM-020: Drug Product Recall, QM-035: Quality Defect Reporting, QC-104: Microbial Enumeration, QC-105: Suitability of Test Methods, QC-083: Handling of Microbiology OOS Results, QC-108: Microbiology Laboratory Investigation, QC-077: Analyst Qualification in Microbiology, FDA Guidance on DEG/EG Testing.'),(101,'QC-043D','Release of Results from QC/ARD Laboratory at Amneal Ireland','QC-043D Release of Results from QC-ARD Laboratory.pdf','Amneal Ireland Limited','','Katherine Russell, QC/ARD; David Ryan, QC/ARD','Kuldeep Joshi, QA','2024-05-09','2027-05-09','QC-043C','QC/ARD COA shall be developed per material/product type using templates FM-QC-068 (Products/In Process) and FM-QC-064 (Raw Materials/Packaging Materials/MS). Master COA templates are prepared and approved using FM-QC-066. Results are reviewed against approved specifications, and COAs are issued after approval. Microbiology testing data is documented on MLW, and a Certificate of Analysis-Microbial Limits Test (FM-QC-337) is completed. Deviations/investigations must be approved by QA/QP before release or rejection.','COA: Certificate of Analysis, SOP: Standard Operating Procedure, LNB: Laboratory Notebook, LAW: Laboratory Analytical Worksheet, MLW: Microbiology Laboratory Worksheet, QP: Qualified Person, QC/ARD: Quality Control/Analytical Research & Development/Microbiology, Bracketing: Testing only the extremes of a range.','To document the procedure for the release of results and preparation of COA, where applicable, from QC/ARD laboratories at Amneal Ireland.','This procedure applies to the release of results and preparation of COA for Raw Materials, Packaging Materials, Quality Impacting Miscellaneous Supplies, In-process, and Finished Product tested by QC/ARD or third-party testing sites.','QC/ARD personnel are responsible for following the procedure. The Laboratory Manager/designee ensures adherence. The reviewer/designee reviews analytical data. The designated Laboratory person generates COAs, and the Laboratory Manager/designee approves them. QA/QP must approve any deviations or investigations.','Revision: QC-043, Date: 11-Jan-2017, CCF No.: --, Reason: First Issued. Revision: QC-043A, Date: 31-May-2017, CCF No.: AI-CC-17-044, Reason: Updated for third-party testing, added QP definition, and clarified COA storage. Revision: QC-043B, Date: 28-Feb-2019, CCF No.: AI-CC-18-064, Reason: Updated SOP format, added QC/ARD definition, and references. Revision: QC-043C, Date: 02-Jul-2020, CCF No.: AI-CC-20-044, Reason: Updated Master COA control, added batch COA revision instructions, and general clarifications. Revision: QC-043D, Date: 09-May-2024, CCF No.: CC-AMN-22-6778, Reason: Added MLW and Bracketing definitions, updated microbiology testing documentation, and general editorial changes.','FM-QC-068: Certificate of Analysis, FM-QC-066: Certificate of Analysis (Master) Approval Page, QM-013: Change Control System, QM-010: Investigation System, QC-001: Investigation of Out-of-Specification Laboratory Results, QC-049: Notification of Event from Contract Laboratories, QC-083: Handling of Microbiology OOS Results, QM-024: Management of Electronic Forms, QC-085: Investigation of Atypical Results, FM-MF-034: Sample Test Request Form, FM-QC-064: Certificate of Analysis for Raw Material/Packaging Material, FM-QC-256: QC/ARD COA Issuance Log, QC-006: Review of Laboratory Records, QC-104: Microbial Enumeration, QC-108: Microbiology Laboratory Investigation.'),(102,'QC-044F','Empower 3 Administration Procedure','QC-044F Empower3 Administration Procedure.pdf','Amneal Ireland Limited','','Derek Russell, IT; Paul O\'Mahony, QC','Kuldeep Joshi, QA','2023-05-03','2026-08-03','QC-044E','Administration of Empower3 software includes creating/modifying groups, projects, users, and profiles. User access is managed with unique usernames and passwords. Projects are created, locked, and managed annually. System policies enforce GxP compliance, including audit trails and password complexity. Users are categorized as Chemist, Superuser, or Administrator, each with specific privileges. Data deletion is prohibited, and any inadvertent deletions are escalated during audit trail reviews.','Amneal Ireland: Amneal Ireland Limited, Cahir Road, Cashel, Co. Tipperary, Ireland. QC/ARD: Quality Control/Analytical Research and Development. IT: Information Technology. HOD: Head of Department. QA: Quality Assurance. SOP: Standard Operating Procedure. GxP: Good X Practice (FDA compliance).','To provide a systematic approach for the Administration of Empower3 Software at Amneal Ireland.','This SOP applies to the Administration of Empower3 software used in the QC/ARD Laboratories at Amneal Ireland. It includes creating/modifying groups, projects, users, and profiles. Disaster recovery, audit trail review, and operation of Empower3 are out of scope.','HOD or designee ensures users are trained. IT Empower3 Administrators manage user accounts, system policies, and escalate issues. QC/ARD Superusers and Chemists have specific roles in managing projects and data. QA/QP approves deviations/investigations.','Revision: QC-044, Date: 10-Jan-2017, CCF No.: N/A, Reason: New Document. Revision: QC-044A, Date: 22-Mar-2017, CCF No.: AI-CC-17-021, Reason: Updated responsibilities and added references. Revision: QC-044B, Date: 21-May-2017, CCF No.: AI-CC-17-045, Reason: Combined responsibilities and added Superuser/Chemist roles. Revision: QC-044C, Date: 30-Aug-2018, CCF No.: AI-CC-18-093, Reason: Updated to Empower3, added GxP policies, and reorganized sections. Revision: QC-044D, Date: 21-Mar-2019, CCF No.: AI-CC-19-031, Reason: Added user types and corrected system policies. Revision: QC-044E, Date: 07-May-2020, CCF No.: AI-CC-20-044, Reason: Updated forms and references. Revision: QC-044F, Date: 03-May-2023, CCF No.: CC-AMN-22-6778, Reason: Updated password policies, clarified roles, and added Chemist privileges.','FM-QC-121: Empower3 Project Request Form, FM-QC-150: Empower3 Software Activity Logbook, QC-066: Electronic Records and Audit Trails Review, QC-021: Operation of Empower Software, IT-011: Computer System Incident Management, IT-015: Empower3 and Instrument Server Data Backup, FM-IT-053: Access & Disable Electronic System Request Form, FM-IT-054: Log of User Access for Electronic Systems.'),(103,'QC-046G','Analyst Qualification in the QC/ARD Laboratory','QC-046G Analyst Qualification in the QC ARD Laboratory.pdf','Amneal Ireland Limited','','Sparkly Anchars, Sryanly Anchan, QC/ARD, David Ryan, QC/ARD','Kuldcep Joshi, QA','2024-09-16','2024-09-05','QC-046F','1. Induction and Site General Procedures for new analysts. 2. Chemistry Qualification Training programs include Site Induction, Core Laboratory Support Activities, and various Test Method Trainings. 3. Core Laboratory Support Activity Training covers Gowning, Laboratory GLP, Sample Management, Equipment Processes, and more. 4. Analytical Test Method Training includes MDI Assay, DPI Assay, MDI Alcohol testing, Water content testing, and Raw Material/Packaging Material testing. 5. Training Demo, Supervised, and Independent execution of test methods. 6. Acceptance criteria for qualification include system suitability, instrument performance, and method transfer criteria. 7. Re-Qualification and Qualification Waiver processes are outlined.','Amneal Ireland: Amneal Ireland Ltd, Cahir Road, Cashel, Co. Tipperary, Ireland. QC/ARD: Quality Control/Analytical Research and Development. SOP: Standard Operating Procedure. OOS: Out of Specification. Instructor Led Training: Training event led by a qualified colleague. ST – Self Training: Read and understand procedure by trainee with subsequent competence assessment. CL – Classroom training: Trainee is trained to a procedure by a trained analyst with subsequent competence assessment.','To describe the procedure for Qualification of analysts to carry out Analytical Testing in the QC/ARD Laboratory at Amneal Ireland.','This procedure is applicable to all QC/ARD personnel at Amneal Ireland and outlines the process for qualifying personnel to carry out analytical testing at Amneal Ireland.','1. The Laboratory Manager/designee is responsible for ensuring that QC/ARD personnel are trained to this SOP. 2. QC/ARD personnel carrying out Analytical Testing in the QC/ARD Laboratory are required to train and adhere to this SOP. 3. It is the responsibility of the trainee to ensure that all training qualification documentation is reviewed and approved prior to commencing live testing.','Revision: QC-046, Date: 31-May-2017, CCF No.: --, Reason: First Issued. Revision: QC-046A, Date: 31-Aug-2017, CCF No.: AI-CC-17-080, Reason: Section 5.1 amended for clarification. Added the word “adherence” to 5.4.1.2 for clarification. Added Instructor Led Training on relevant Equipment and Computer Systems SOPs. Revision: QC-046B, Date: 28-Aug-2020, CCF No.: AI-CC-18-140, Reason: Updated SOP and forms to new format. Revision: QC-046C, Date: 11-Mar-2021, CCF No.: AI-CC-21-018, Reason: Added sections 3.3, 4.6, 4.7, and updated sections 5.1, 5.2, 5.3, 5.4, 5.5.1, 5.8.2, 5.8.4. Added new forms FM-QC-264 and FM-QC-265. Revision: QC-046D, Date: 24-Sep-2021, CCF No.: AIM-CC-21-016, AI-CC-21-069, Reason: Updated sections 5.2, 5.4, and FM-QC-264. Revision: QC-046E, Date: 03-Oct-2022, CCF No.: CC-AMN-22-5402, Reason: Added statements in sections 5.3, 5.4, and updated FM-QC-078, FM-QC-264. Revision: QC-046F, Date: 26-Jan-2024, CCF No.: CC-AMN-22-4138, Reason: Updated FM-QC-264 to include new test methods. Revision: QC-046G, Date: 16-Sep-2024, CCF No.: CC-AMN-24-2759, Reason: Updated FM-QC-264 to include test methods for Allbutrol Sulfate Inhalation Aerosol.','FM-QC-078: Analyst Qualification/Requalification Form. FM-QC-088: General Laboratory Qualification Form. SOP QM-003: Training System. SOP HR-001: Employee Induction Program. SOP HR-003: Job Description. SOP QC-001: Investigation of Out-of-Specification (OOS) Laboratory Results. SOP QC-006: Review of Laboratory Records. FM-QC-264: Chemistry Analyst Qualification Training Program. FM-QC-265: Glass Pipette Certification.'),(104,'QC-049F','Notification of Event from Contract Laboratories to Amneal Ireland','QC-049F Notification of Event from Contract Lab.pdf','Amneal Ireland Limited','','David Ryan, QC/ARD, Katharina Russell','Kuldeep Joshi, QA','2023-10-04','2024-10-03','QC-049E','1. Procedure for handling Notification of Event (NOE) from contract laboratories. 2. Events include Out of Specification (OOS), Out of Trend (OOT), Atypical results, Unplanned Deviations (UD), CAPA, and Critical observations. 3. NOE is logged in FM-QC-082 and may progress to UD if necessary. 4. Contract laboratories must notify Amneal Ireland of any suspect results and conduct investigations. 5. Immediate actions, escalation, and QA assessment are required for NOE closure. 6. NOE details are included in monthly Quality Management Review meetings.','Amneal Ireland: Amneal Ireland Ltd, Cahir Road, Cashel, Co. Tipperary, Ireland. NOE: Notification of Event. Event: Unexpected/OOS/OOT result or excursion in the Quality system of the Contract lab. UD: Unplanned Deviation. Exhibit Batch: Batch under GMP for process demonstration. IMP: Investigational Medicinal Product. PD: Product Development. PQ: Performance Qualification. PV: Process Validation. QA: Quality Assurance. QP: Qualified Person. Repeat: Verification test after lab error. Re-test: Test performed again using original/primary sample.','To describe the procedure following receipt of a Notification of Event (NOE) from Contract laboratories to Amneal Ireland associated with testing of any product manufactured at Amneal Ireland.','This procedure applies to events observed during contract testing of all batches manufactured at/for Amneal Ireland (i.e., chemical, microbiological, physical testing etc). It also applies to microbial test samples such as Environmental Monitoring, Compressed air, Surface Bioburden, and validation studies.','1. QC/ARD personnel are responsible for entering NOE notifications in FM-QC-082. 2. Laboratory Manager/Designee ensures training, notifies Head of Quality/QP, and assesses immediate actions. 3. Head of Quality/QP identifies actions, assesses impact, and approves NOE closure. 4. Investigation team completes actions, documents results, and establishes CAPA. 5. Contract Laboratory notifies Amneal Ireland of suspect results, conducts investigations, and completes repeat/re-testing as instructed.','Revision: QC-049, Date: 21-Mar-2017, CCF No.: --, Reason: First Issued. Revision: QC-049A, Date: 16-Nov-2017, CCF No.: AI-CC-17-093, Reason: Updated sections 1, 2, 4, 5, and added definitions. Revision: QC-049B, Date: 28-Feb-2019, CCF No.: AI-CC-18-064, AI-CC-18-140, Reason: Updated template, added new sections, and updated forms. Revision: QC-049C, Date: 30-May-19, CCF No.: AI-CC-19-075, AI-CC-18-140, Reason: Updated responsibilities, added NOE closure timelines, and updated forms. Revision: QC-049D, Date: 19-Sep-2019, CCF No.: AI-CC-19-111, Reason: Updated responsibilities, added immediate actions, and updated forms. Revision: QC-049E, Date: 14-Sep-2022, CCF No.: CC-AMN-22-5201, Reason: Updated sections, replaced NOI with UD, and updated forms. Revision: QC-049F, Date: 04-Oct-2023, CCF No.: CC-AMN-23-5282, Reason: Added NOE extension process and updated forms.','SOP QM-010: Unplanned Deviations & Investigations. FM-QC-082: Notification of Event from Contract Laboratory Form. FM-QC-083: Notification of Event from Contract Laboratory Log. FM-QC-107: Notification of Event Executive Summary. SOP QM-019: Management Responsibility and Management review of the Quality System. SOP QM-012: Corrective Action Preventative Action (CAPA). SOP QM-024: Management of Electronic Forms. SOP QM-013: Change Control System. SOP QC-083: Handling of Microbiology Out of Specification (OOS) Results. SOP QC-010: Recording and Reporting of Laboratory Data. QM-018: Vendor Notification Procedure. QM-030: Batch certification by a Qualified Person / Batch Release.'),(105,'QC-050C','Cleaning of Glassware at Amneal Ireland QC/ARD Laboratory','QC-050C Cleaning of Glassware at Amneal Ireland QC ARD Lab.pdf','Amneal Ireland Limited','','Cara Bergin, QC/ARD, Paul O’Mahony, QC/ARD','Kuldeep Joshi, QA','2021-10-04','2021-10-03','QC-050B','1. Procedure for cleaning and storage of laboratory glassware and utensils. 2. Pre-cleaning involves rinsing with appropriate solvent before placing in dirty glassware containers. 3. New glassware must be cleaned as per instructions. 4. Large glass bottles (5000mL and greater) require specific cleaning steps with RBS 50 detergent. 5. Miele G 7883 glasswasher is used for cleaning, with pre-cleaning steps and specific loading instructions. 6. Alternative cleaning procedures are provided for temperature-sensitive items, small utensils, and pipettes. 7. Clean glassware must be stored separately from dirty glassware.','Laboratory Glassware: Any glass (e.g., beakers, volumetric flasks, pipettes). Utensils: Mobile phase reservoirs, spatulas, filtration devices, etc. RBS 50: Biodegradable detergent. Temperature Sensitive: Items damaged by temperatures >60°C. Purified Water: As defined in USP. Deionized Water: As defined in USP. Potable Water: Water fit for drinking. Amneal Ireland: Amneal Ireland Limited, Cahir Road, Cashel, Co. Tipperary, Ireland. QC/ARD: Quality Control / Analytical Research and Development. PPE: Personal protective equipment.','To describe the procedures for the cleaning and storage of laboratory glassware and utensils in the Amneal Ireland QC/ARD Laboratory.','This procedure applies in the QC/ARD Laboratory at Amneal, Ireland.','1. All QC/ARD personnel must comply with this procedure. 2. The Laboratory Manager ensures adherence to the procedure. 3. Any equipment problems must be reported immediately to the Laboratory Manager. 4. All personnel must be trained to the current revision of the SOP. 5. Appropriate PPE must be worn during washing.','Revision: QC-050, Date: 21-Mar-2017, CCF No.: --, Reason: First Issued. Revision: QC-050A, Date: 12-Nov-2018, CCF No.: AI-CC-18-121, Reason: Added definitions, updated cleaning instructions, and corrected grammatical errors. Revision: QC-050B, Date: 27-Jan-2020, CCF No.: AI-CC-18-140, AI-CC-20-004, Reason: Updated definitions, pre-cleaning steps, and added new sections for cleaning procedures. Revision: QC-050C, Date: 04-Oct-2021, CCF No.: AI-CC-21-083, Reason: Updated pre-cleaning steps, added alternative cleaning procedures for pipettes, and updated storage instructions.','Sigma Aldrich® Care and Safe Handling of Laboratory Glassware (recommended). Instrument Manual Operating Instructions Washer disinfector G7883 CD. FM-QC-243 “Glassware Washer Usage Logbook”.'),(106,'QC-052C','Sampling of Finished Product Sample and Stability Sample','QC-052C Sampling of FP Sample & Stability Sample.pdf','Amneal Ireland Limited','','David Ryan, QC, Paul O\'Mahony, QC','Kuldeep Joshi, QA','2022-06-03','2025-06-03','QC-052B','1. Procedure for sampling finished product and stability samples. 2. Sampling in the warehouse sampling area requires setting up partition walls and a folded table. 3. Area/Line Sign off (FM-QC-284) and Area/Line Clearance (FM-QC-285) are required before and after sampling. 4. Sampling during packaging operations requires representative samples from the start, middle, and end of the process. 5. Samples must be labeled and handled according to approved protocols and SOPs. 6. Gloves must be worn during sampling, and all waste must be disposed of properly. 7. Samples are sent to the QC lab or warehouse for shipment as per SOP MF-042.','FP: Finished Product. STAB: Stability. AR number: Analytical Receipt number (Amneal lot number). QC/ARD: Quality Control / Analytical Research Development. Amneal Ireland: Amneal Ireland Limited, Cahir Road, Cashel, Co. Tipperary, Ireland. BMR: Batch manufacturing record. QA: Quality Assurance. SOP: Standard Operating Procedure. BPR: Batch Packaging Record. QP: Qualified Person. IPA: Isopropyl Alcohol.','To define the procedures and practices to be used for sampling of finished product and stability samples.','This procedure applies to all Quality personnel involved in sampling of finished product and stability samples at Amneal Ireland.','1. All Quality personnel performing sampling must adhere to this procedure. 2. Personnel must wear appropriate gowning and gloves during sampling. 3. QA/QC personnel are responsible for verifying area sign-off and clearance before and after sampling. 4. Sampling activities must be documented in the Equipment/Area/Batch Activity Logbook (FM-MF-029). 5. QA/QC personnel must ensure that all sampling equipment and labels are available and correct.','Revision: QC-052, Date: 05-May-2017, CCF No.: --, Reason: First Issued. Revision: QC-052A, Date: 30-Apr-2020, CCF No.: AI-CC-18-140, Reason: Updated Amneal logo. Revision: QC-052B, Date: 26-Nov-2020, CCF No.: AI-CC-20-104, Reason: Added definitions, updated sampling steps, and added new points for sampling during packaging operations. Revision: QC-052C, Date: 03-Jun-2022, CCF No.: CC-AMN-22-1975, Reason: Removed reference to SOP QC-061, updated gowning requirements, added area sign-off and clearance steps, and updated sampling procedures.','MF-042: Procedure for Sample movement/management. MM-011: Courier shipment. QC-009: Receipt & handling of incoming samples in the QC-ARD/Microbiology Lab. QM-027: Retention Sample Management. FM-MF-034: Sample Test Request Form. MM-012: Warehouse Cleaning Procedure. FM-QC-284: Finished Product / Stability Sampling Area Sign-Off Form for Warehouse Sampling Area. FM-QC-285: Finished Product / Stability Sampling Area Line Clearance Form for Warehouse Sampling Area. FM-MF-039: Area/Line Sign Off Form. MF-030: Area and Line Sign Off. FM-MF-029: Equipment/Area/Batch/Activity Logbook. MF-007: Area Room Cleaning Requirements in Inhalation Facility. FM-MF-173: Area/Line Clearance DPI Packaging Area. FM-MF-180: Area/Line Clearance MDI Packaging XP-01. MF-004: Post Area Line Clearance. MM-003: Garbing Procedure for Warehouse Entry. MF-009: Gowning Procedure for Entering and Exiting the Inhalation Areas.'),(107,'QC-053C','Operation, Maintenance and Qualification of Cary 60 UV-Visible Spectrophotometer','QC-053C Operation, Maintenance Qualification of Cary 60 UV-Visible.pdf','Amneal Ireland Limited','','Styanly Anchan, David Ryan, QC/ARD','Kuldeep Joshi, QA','2024-10-17','2024-10-16','QC-053B','1. Procedure for operating, maintaining, and qualifying the Agilent Cary 60 UV-Vis spectrometer. 2. Includes steps for turning on the instrument, using Win UV-Vis software for sample measurement, and creating/editing methods. 3. Maintenance includes cleaning and annual qualification. 4. Daily and monthly in-house tests are required for operational qualification. 5. Data is saved automatically, and all activities are logged in the UV Instrument Usage Logbook.','Amneal Ireland: Amneal Ireland Limited, Cahir Road, Cashel, Co. Tipperary, Ireland. QC/ARD: Quality Control / Analytical Research and Development. UV-Vis: Ultra-violet-visible. LED: Light Emitting Diode. OQ: Operational Qualification.','To define the procedure for the operation, maintenance, and qualification of the Agilent Cary 60 UV-Vis spectrometer.','The procedure applies to the Quality Control and Analytical Research and Development (QC/ARD) Laboratory at Amneal Ireland.','1. All QC/ARD personnel must adhere to this procedure. 2. Personnel must be trained on the current revision of the SOP. 3. The Laboratory Manager ensures compliance and training. 4. Daily and monthly qualification tests are performed by QC/ARD personnel.','Revision: QC-053, Date: 19-Jul-2017, CCF No.: --, Reason: First Issued. Revision: QC-053A, Date: 19-Jun-2019, CCF No.: AI-CC-18-140, AI-CC-19-073, Reason: Added new section 5.4.4, updated SOP with new Amneal logo, and removed references to appendices. Revision: QC-053B, Date: 12-Aug-2020, CCF No.: AI-CC-20-054, Reason: Updated sections 5.2.1, 5.2.3, 5.2.4, 5.2.5, and 5.4.2.3, and removed references to QC-045. Revision: QC-053C, Date: 17-Oct-2024, CCF No.: CC-AMN-24-0203, Reason: Updated section 5.4.2.2.3 and revised UV Daily Qualification Form (FM-QC-090).','FM-QC-089: UV Instrument Usage Logbook. FM-QC-090: UV Daily Qualification Form. FM-QC-091: UV Monthly Qualification Form. QC-059: Administration of UV-Visible software.'),(108,'QC-054E','Operation, Calibration and Maintenance of Volumetric Karl Fischer Titrator (Metrohm 890 Titrando)','QC-054E Op, Cal & Main of Volumetric KF Titrator (Metrohm 890 Titrando).pdf','Amneal Ireland Limited','','Ashok Gulati, QC/ARD, Paul O’Mahony, QC/ARD','Kuldeep Joshi, QA','2022-03-02','2025-03-02','QC-054D','1. Procedure for operating, calibrating, and maintaining the Metrohm 890 Titrando Karl Fischer Titrator. 2. Includes steps for dosing, titre determination, sample analysis, and maintenance. 3. Titre determination must be performed daily and after reagent replacement. 4. Maintenance includes checking molecular sieves, seals, and septums, and cleaning the instrument. 5. All activities are logged in the Karl Fischer Usage and Maintenance Logbook (FM-QC-095).','Amneal Ireland: Amneal Ireland Limited, Cahir Road, Cashel, Co. Tipperary, Ireland. RSD: Relative Standard Deviation. NMT: Not More Than. KF: Karl Fisher. IPA: Isopropyl alcohol. DI: Deionized water. Tiamo: Tiamo 2.5 multi software.','To define the procedure for the operation, calibration, and maintenance of the Metrohm 890 Titrando Karl Fischer Titrator.','This procedure applies to the Quality Control and Analytical Research & Development (QC/ARD) Laboratory at Amneal, Ireland.','1. Laboratory personnel must follow the instructions in this procedure. 2. The Laboratory Manager ensures compliance with this procedure. 3. Titre determination and maintenance activities are the responsibility of the analyst.','Revision: QC-054, Date: 21-Sep-2017, CCF No.: --, Reason: First Issued. Revision: QC-054A, Date: 24-Aug-2018, CCF No.: AI-CC-18-092, Reason: Updated sections 5.1, 5.2, 5.3, 5.4 for ensuring commands/entries are accepted. Revision: QC-054B, Date: 10-Dec-2018, CCF No.: AI-CC-18-079, Reason: Updated sections for Tiamo software usage, removed touch controller instructions, and added maintenance checks. Revision: QC-054C, Date: 27-Jul-2020, CCF No.: AI-CC-20-047, Reason: Updated sections 5.2.1, 5.3.8, 5.3.9, and 5.6.2/5.6.3 for maintenance and calibration failure handling. Revision: QC-054D, Date: 04-Feb-2021, CCF No.: AI-CC-21-011, Reason: Added section 5.1.12 for checking Platinum pins of the electrode. Revision: QC-054E, Date: 10-Mar-2022, CCF No.: CC-AMN-22-0808, Reason: Corrected reference to Titrando 851, added note for KF titre determination failure, and renumbered sections.','FM-QC-096: Titre determination Form. FM-QC-095: Karl Fischer Usage and Maintenance Logbook. SOP QC-051: Metrohm 900 touch controller administration procedure. SOP QC-006: Review of laboratory records. SOP QC-082: Operational use of Tiamo Software. SOP QC-022: Control of Laboratory Instruments.'),(109,'QC-058D','Packaging Material Sampling Area Clearance and Sign-Off','QC-058D Packaging Material Sampling Area Clearance & Sign Off.pdf','Amneal Ireland Limited','','Paul O\'Mahony, QC/ARD, Mattead Ryan','Kuldeep Joshi, QA','2022-06-01','2025-06-06','QC-058C','1. Procedure for area clearance and sign-off for packaging material sampling. 2. Includes steps for area clearance after sampling and area sign-off before new sampling. 3. Area clearance involves removing all materials, utensils, and waste, and verifying cleaning. 4. Area sign-off involves verifying cleanliness, logbook completion, and equipment readiness. 5. All activities are documented in FM-QC-105 (Clearance Form) and FM-QC-106 (Sign-Off Form).','Area Clearance: A check and verification to ensure the area is free from any packaging materials, paperwork, printouts, or labels from a previous sampling activity. SOP: Standard Operating Procedure. QC/ARD: Quality Control / Analytical Research and Development. QA: Quality Assurance.','This document describes the area clearance/sign-off requirements for Packaging Material Sampling at Amneal Ireland.','This procedure applies to QC/ARD, QA, or Operations personnel involved in the area clearance/line sign-off required for sampling of Packaging Materials at Amneal Ireland.','1. Operations, QA, or QC/ARD personnel are responsible for area clearance after sampling and documenting on FM-QC-105. 2. QC/ARD or QA personnel verify area clearance and sign-off. 3. QC/ARD or QA personnel verify area sign-off before new sampling and document on FM-QC-106. 4. The personnel verifying clearance/sign-off must be different from those performing the tasks.','Revision: QC-058, Date: 06-Oct-2017, CCF No.: --, Reason: First Issued. Revision: QC-058A, Date: 29-Jun-2018, CCF No.: AI-CC-17-087, Reason: Removed references to MF-052 and added references to QC-061. Revision: QC-058B, Date: 26-Nov-2020, CCF No.: AI-CC-18-140, AI-CC-20-104, AI-CC-20-094, Reason: Updated Amneal logo, removed references to appendices, and included QA responsibilities. Revision: QC-058C, Date: 29-Jul-2021, CCF No.: AID-CC-21-011, AIM-CC-21-019, Reason: Added Preventative Maintenance checks, removed references to finished product sampling, and updated forms. Revision: QC-058D, Date: 07-Jun-2022, CCF No.: CC-AMN-22-1975, Reason: Added references to XP-33 and warehouse sampling area, updated cleaning verification steps, and updated forms.','FM-QC-105: Packaging Material Sampling Area Clearance Form. FM-QC-106: Packaging Material Sampling Area Sign-Off Form. QM-010: Unplanned Deviations and Investigations. MF-007: Area Room Cleaning Requirements in the Inhalation Facility. MF-008: Labelling of Material, Product, Room and Equipment. MF-009: Gowning Procedure for Entering and Exiting the Inhalation Areas. QC-061: General Requirements for XP-33 and Operation of XP-33 Sampling Booth. FM-MM-004: Material Stock Card. MM-003: Garbing Procedure for Warehouse Entry. MM-012: Warehouse Cleaning Procedure. QC-027: Sampling of Incoming Packaging Materials.'),(110,'QC-059B','Administration of UV-Visible Spectrophotometer Software','QC-059B Administration of UV-Visible software.pdf','Amneal Ireland Limited','','David Ryan, QC (April 27, 2020), Paul O’Mahony, QC (April 22, 2020)','Kuldeep Joshi, QA','2020-04-07','2023-04-04','QC-059A','Administration tasks include creating/modifying groups, projects, users, user profiles, admin profiles, stations, and associations. Data backup and restore, archiving and retrieval, and audit trail reviews are also covered.','Amneal Ireland: Amneal Ireland Limited, Cahir Road, Cashel, Co. Tipperary, Ireland. QC/ARD: Quality Control/Analytical Research and Development. IT: Information Technology. HOD: Head of Department. SCM: Spectrophotometric Configuration Manager. Audit Trail: a system that traces detailed transactions. SDA: Spectroscopy Database Administrator. Project: A collection of test results related to a product or process. Stations: Identifier for spectroscopy equipment. Basic User: Limited functionality. Service: Supports vendor-related activities. Advanced User: Full functionality including system information. Administrator: Full administrative abilities.','To provide a systematic approach for the Administration of the UV-Visible spectrophotometer software in the QC/ARD laboratory at Amneal Ireland.','This SOP applies to the Administration of UV-Visible spectrophotometer software SCM and SDA used in the QC/ARD laboratories at Amneal Ireland Limited. It includes creating/modifying groups, projects, users, user profiles, admin profiles, stations, and associations, as well as data backup, archiving, and audit trail reviews.','HOD or designee ensures users are trained and have appropriate access levels. UV-Visible spectrophotometer software users and superusers must follow this procedure. IT administrators manage user access, data backup, archiving, and audit trail reviews.','Revision: QC-059, Date: 25-Apr-2018, CCF No.: --, Reason: First Issued. Revision: QC-059A, Date: 30-Apr-2018, CCF No.: AI-CC-18-033, Reason: Correct numbering and removed references to Form FM-QC-075 and SOP QC-045. Revision: QC-059B, Date: 07-Apr-2020, CCF No.: AI-CC-18-140, AI-CC-20-017, Reason: Updated Amneal Logo, removed references to FM-QC-113 and FM-QC-114, and added references to FM-IT-053 and FM-IT-054.','FM-QC-115: Periodic Review of UV-Visible software. FM-QC-116: List of UV-Visible projects for Archival and Retrieval. FM-QC-119: List of UV-Visible projects for Backup and Restore. QM-010: Investigation System. QM-005: Risk Management. QM-006: Failure Mode and Effect Analysis. IT-011: Computer System Incident Management. QC-053: Operation, Maintenance and Qualification of CARY 60 UV-Visible Spectrophotometer. QM-003: Training System. QC-006: Review of Laboratory Records. QA-011: On The Job Training. FM-IT-053: Access & Disable Electronic System Request Form. FM-IT-054: Log of User Access for Electronic Systems.'),(111,'QC-060A','Assignment of Use-By Date for Investigational Medicinal Products','QC-060A Assigning of Use by Date for Inv Medicinal Products.pdf','Amneal Ireland Limited','','03-Dec-2020 Paul O’Mahony, QC/ARD, 03-Dec-2020 Lorraine Henry, QA','03-Dec-2020 Kuldeep Ondri, QA','2020-12-03','2023-12-04','QC-060','1. The process for assigning a Use-By date to Investigational Medicinal Products (IMPs) is defined. 2. Considerations for assigning the Use-By date include the nature of the product, container characteristics, storage conditions, clinical trial timelines, and available stability data. 3. A minimum of 3 months of IMP batch data is required to extend the Use-By date. 4. Stability data must be continuously monitored, and any failures trigger an assessment under QM-035.','QP: Qualified Person as referred to in Article 49(2) and (3) of Directive 2001/83/EC. Amneal Ireland: Amneal Ireland Limited. IMP(s): Investigational Medicinal Product(s). COA: Certificate of Analysis. QC/ARD: Quality Control/Analytical Research and Development. QA: Quality Assurance.','To define the process for assigning a Use-By date to Investigational Medicinal Products (IMPs) and to identify the considerations that shall be taken into account when assigning this Use-By Date.','The scope of this SOP is applicable to IMPs and Placebo products manufactured/Qualified Person (QP) released at Amneal Ireland Limited for clinical study purposes.','1. The Quality Department, in association with Product Development and QC/ARD, is responsible for assigning a justified Use-By date for IMPs. 2. QC/ARD is responsible for issuing the Certificate of Analysis for IMPs and recording the assigned Use-By date.','Revision: QC-060, Date: 07-Dec-2017, CCF No.: --, Reason: First Issued. Revision: QC-060A, Date: 03-Dec-2020, CCF No.: AI-CC-18-140, AI-CC-20-108, Reason: 1. Updated SOP and Forms to new template. 2. Updates to include new Amneal Logo. 3. Section 2.2, Added Placebo product to scope of SOP. 4. Section 5.1.6 added reference to any Use by Date or Extended Use by Date information and changes to such information shall be included in the Product Specification File (PSF) as per SOP QM-025. Changes to the PSF will be implemented as per SOP QM-013. 5. Section 5.2.6 added reference to MF-021 and GQS_0017. 6. Section 6.0, added MF-021, QM-013, GQS_0017.','QM-025 : Manufacture and Control of Investigational Medicinal Products. QM-030 : Batch Certification by a Qualified Person/Batch Release. QA-010 : Criteria for Assigning Manufacturing and Expiration date to finished product. QC-043 : Release of Results from QC/ARD Laboratory at Amneal Ireland. QM-035 : Quality Defect Reporting. Annex 13 : Rules Governing Medicinal Products in the European Community (Volume IV). FM-QC-110 : Assigning and Monitoring Use-By Date for Investigational Medicinal Products. MF-021 : Technology Transfer of Inhalation Drug Products. QM-013 : Change Control System. GQS_0017 : Technology Transfer – R&D to Manufacturing Site.'),(112,'QC-061G','General Requirements for XP-33 and Operation of XP-33 Sampling Booth','QC-061G General Req for XP-33 & Operation of XP-33 Sampling Booth.pdf','Amneal Ireland Limited','Mairead Ryan, QA','David Delaney, Paul Delaney MF, David Ryan, QC/ARD, Kuldeep Joshi QA','David Ryan, QC/ARD','2024-09-05','2027-08-03','QC-061F','1. All personnel must complete training for MM-003 and MF-009 before entering XP-33 and the Sampling Booth. 2. Only trained and authorized personnel are permitted to enter the sampling booth. 3. Visitors can only access the airlock (XP-02) and the dirty side of XP-33 under supervision. 4. PPE requirements include Safety Glasses, Hi-Vis, Safety Shoes, Gloves, Mop Cap, Blue Shoe Covers, Beard Cover (if applicable), Tyvek Suit, and Mask. 5. Sampling activities require two personnel: one to perform the activity and one to verify booth pressure. 6. The booth must be cleaned and documented before use. 7. Ethanol dispensing must follow SOP MF-107.','SOP: Standard Operating Procedure, PPE: Personal Protective Equipment, IPA: Isopropyl Alcohol, Amneal Ireland; Amneal Ireland Limited, Cahir Road, Cashel, Co. Tipperary, QA: Quality Assurance, QC/ARD: Quality Control/Analytical Research and Development','The purpose of this SOP is to provide the general requirements for entry into XP-33 and describe the steps required to operate within XP-33 and the Sampling Booth.','This SOP is applicable to all personnel entering XP-33 and performing tasks within XP-33 and the Sampling Booth.','1. All personnel entering and performing tasks within XP-33 and the sampling booth must operate in accordance with this SOP. 2. Personnel must report any faults or damage in a timely manner. 3. The Laboratory Manager ensures only trained personnel operate the equipment. 4. The Maintenance Supervisor ensures only trained personnel carry out maintenance work. 5. Amneal Pharmaceuticals ensures the room/facility is suitable for activities carried out in XP-33.','Revision: QC-061, Date: 22-Dec-2017, CCF No.: --, Reason: First Issued. Revision: QC-061A, Date: 29-May-2018, CCF No.: AI-CC-18-052, Reason: Updated garbing and gowning requirements. Revision: QC-061B, Date: 31-Jul-2018, CCF No.: AI-CC-18-080, Reason: Moved and updated gowning requirements. Revision: QC-061C, Date: 21-Sep-2018, CCF No.: AI-CC-18-099, Reason: Updated material movement reference. Revision: QC-061D, Date: 26-Nov-2020, CCF No.: AI-CC-18-140, AI-CC-20-104, Reason: Updated Amneal logo, removed appendix references, and updated gowning requirements. Revision: QC-061E, Date: 28-Jul-2021, CCF No.: AIM-CC-21-019, Reason: Added interlock requirement for sampling. Revision: QC-061F, Date: 19-May-2022, CCF No.: CC-AMN-22-1685, Reason: Updated packaging activity restrictions. Revision: QC-061G, Date: 2024-09-05, CCF No.: CC-AMN-24-4886, Reason: Added ethanol dispensing requirements.','MM-003 : Garbing Procedure for Warehouse Entry, MM-002 : Movement of Material between the Warehouse and Manufacturing, MF-009 : Gowning Procedure for Entering and Exiting the Inhalation Areas, MT-010 : Access Control Procedure, QC-027 : Sampling of Incoming Packaging Materials, QC-039 : Sampling Procedure for Ethanol, QC-058 : Packaging material sampling area clearance and sign-off, MF-107 : Procedure for Dispensing of Ethanol in XP-33, FM-QC-142 : Pictorial of Dirty and Clean Side of XP-33 with Demarcation Line, FM-QC-143 : Pictorial of Operating Ranges of the Magnabelic Gauges in XP-33, FM-QC-148 : Pictorial of Gowning Requirements for Entering XP-02 Airlock, FM-QC-149 : Pictorial of Gowning Requirements When Crossing the Demarcation Line and Sampling in the Sampling Booth, FM-QC-245 : Pictorial of Gowning Requirements for Sampling on the Dirty Side of XP-33 and Dispensing of Ethanol, FM-QC-259 : Pictorial of Gowning Requirements prior to Entering XP-33'),(113,'EHS-002A','Portable Appliance Testing (PAT) Procedure',NULL,'Amneal Ireland Limited',NULL,NULL,NULL,NULL,NULL,NULL,NULL,NULL,NULL,NULL,NULL,NULL,NULL),(114,'EHS-015','Life Cycle Analysis for the Purchase of SEU Equipment',NULL,'Amneal Ireland Limited',NULL,NULL,NULL,NULL,NULL,NULL,NULL,NULL,NULL,NULL,NULL,NULL,NULL),(115,'EHS-016','Energy Audit and Inspection Procedure',NULL,'Amneal Ireland Limited',NULL,NULL,NULL,NULL,NULL,NULL,NULL,NULL,NULL,NULL,NULL,NULL,NULL),(116,'EHS-022','Monitoring and Control of EnMs',NULL,'Amneal Ireland Limited',NULL,NULL,NULL,NULL,NULL,NULL,NULL,NULL,NULL,NULL,NULL,NULL,NULL),(117,'EHS-023','How to Secure Trays and Boxes onto Pallets Using Manual Wrapping Process',NULL,'Amneal Ireland Limited',NULL,NULL,NULL,NULL,NULL,NULL,NULL,NULL,NULL,NULL,NULL,NULL,NULL),(118,'EHS-024','Pregnancy Risk Assessment Form',NULL,'Amneal Ireland Limited',NULL,NULL,NULL,NULL,NULL,NULL,NULL,NULL,NULL,NULL,NULL,NULL,NULL),(119,'EHS-025','Life Cycle Analysis',NULL,'Amneal Ireland Limited',NULL,NULL,NULL,NULL,NULL,NULL,NULL,NULL,NULL,NULL,NULL,NULL,NULL);
/*!40000 ALTER TABLE `sop_data` ENABLE KEYS */;
UNLOCK TABLES;

--
-- Table structure for table `sub_permits`
--

DROP TABLE IF EXISTS `sub_permits`;
/*!40101 SET @saved_cs_client     = @@character_set_client */;
/*!40101 SET character_set_client = utf8 */;
CREATE TABLE `sub_permits` (
  `sub_permit_id` int(11) NOT NULL AUTO_INCREMENT,
  `main_permit_id` int(11) NOT NULL,
  `permit_id` int(11) NOT NULL,
  PRIMARY KEY (`sub_permit_id`),
  KEY `main_permit_id` (`main_permit_id`),
  KEY `permit_id` (`permit_id`),
  CONSTRAINT `sub_permits_ibfk_1` FOREIGN KEY (`main_permit_id`) REFERENCES `permits` (`permit_id`),
  CONSTRAINT `sub_permits_ibfk_2` FOREIGN KEY (`permit_id`) REFERENCES `permits` (`permit_id`)
) ENGINE=InnoDB AUTO_INCREMENT=3 DEFAULT CHARSET=utf8mb4 COLLATE=utf8mb4_general_ci;
/*!40101 SET character_set_client = @saved_cs_client */;

--
-- Dumping data for table `sub_permits`
--

LOCK TABLES `sub_permits` WRITE;
/*!40000 ALTER TABLE `sub_permits` DISABLE KEYS */;
/*!40000 ALTER TABLE `sub_permits` ENABLE KEYS */;
UNLOCK TABLES;

--
-- Table structure for table `subtasks`
--

DROP TABLE IF EXISTS `subtasks`;
/*!40101 SET @saved_cs_client     = @@character_set_client */;
/*!40101 SET character_set_client = utf8 */;
CREATE TABLE `subtasks` (
  `id` int(11) NOT NULL AUTO_INCREMENT,
  `task_id` int(11) NOT NULL,
  `subtask_detail` text DEFAULT NULL,
  `owner` varchar(255) DEFAULT NULL,
  `due_date` date DEFAULT NULL,
  `cc_id` int(11) DEFAULT NULL,
  PRIMARY KEY (`id`),
  KEY `fk_subtasks_task` (`task_id`),
  KEY `cc_id` (`cc_id`),
  CONSTRAINT `subtasks_ibfk_1` FOREIGN KEY (`cc_id`) REFERENCES `changecontrol` (`id`) ON DELETE CASCADE
) ENGINE=InnoDB AUTO_INCREMENT=5 DEFAULT CHARSET=utf8mb4 COLLATE=utf8mb4_general_ci;
/*!40101 SET character_set_client = @saved_cs_client */;

--
-- Dumping data for table `subtasks`
--

LOCK TABLES `subtasks` WRITE;
/*!40000 ALTER TABLE `subtasks` DISABLE KEYS */;
INSERT INTO `subtasks` VALUES (1,1,'Prepare chemical mixture','John Doe','2024-11-10',1),(2,1,'Monitor reaction process','Alice Smith','2024-11-11',1),(3,4,'Adjust workstation ergonomics','Bob Johnson','2024-11-12',2),(4,4,'Evaluate employee feedback','Jane Doe','2024-11-13',2);
/*!40000 ALTER TABLE `subtasks` ENABLE KEYS */;
UNLOCK TABLES;

--
-- Table structure for table `suppliers`
--

DROP TABLE IF EXISTS `suppliers`;
/*!40101 SET @saved_cs_client     = @@character_set_client */;
/*!40101 SET character_set_client = utf8 */;
CREATE TABLE `suppliers` (
  `SupplierID` int(11) NOT NULL AUTO_INCREMENT,
  `SupplierName` varchar(100) NOT NULL,
  `ContactInformation` varchar(100) DEFAULT NULL,
  `Address` varchar(255) DEFAULT NULL,
  PRIMARY KEY (`SupplierID`)
) ENGINE=InnoDB DEFAULT CHARSET=utf8mb4 COLLATE=utf8mb4_general_ci;
/*!40101 SET character_set_client = @saved_cs_client */;

--
-- Dumping data for table `suppliers`
--

LOCK TABLES `suppliers` WRITE;
/*!40000 ALTER TABLE `suppliers` DISABLE KEYS */;
/*!40000 ALTER TABLE `suppliers` ENABLE KEYS */;
UNLOCK TABLES;

--
-- Table structure for table `tags`
--

DROP TABLE IF EXISTS `tags`;
/*!40101 SET @saved_cs_client     = @@character_set_client */;
/*!40101 SET character_set_client = utf8 */;
CREATE TABLE `tags` (
  `TagID` int(11) NOT NULL AUTO_INCREMENT,
  `TagName` varchar(100) NOT NULL,
  PRIMARY KEY (`TagID`),
  UNIQUE KEY `TagName` (`TagName`)
) ENGINE=InnoDB DEFAULT CHARSET=utf8mb4 COLLATE=utf8mb4_general_ci;
/*!40101 SET character_set_client = @saved_cs_client */;

--
-- Dumping data for table `tags`
--

LOCK TABLES `tags` WRITE;
/*!40000 ALTER TABLE `tags` DISABLE KEYS */;
/*!40000 ALTER TABLE `tags` ENABLE KEYS */;
UNLOCK TABLES;

--
-- Table structure for table `task_dependencies`
--

DROP TABLE IF EXISTS `task_dependencies`;
/*!40101 SET @saved_cs_client     = @@character_set_client */;
/*!40101 SET character_set_client = utf8 */;
CREATE TABLE `task_dependencies` (
  `dependency_id` int(11) NOT NULL AUTO_INCREMENT,
  `task_id` int(11) NOT NULL,
  `dependent_task_id` int(11) NOT NULL,
  `dependency_type` enum('Finish to Start','Start to Start','Finish to Finish','Start to Finish') DEFAULT 'Finish to Start',
  PRIMARY KEY (`dependency_id`),
  KEY `task_id` (`task_id`),
  KEY `dependent_task_id` (`dependent_task_id`),
  CONSTRAINT `fk_dependent_task` FOREIGN KEY (`dependent_task_id`) REFERENCES `tasks` (`task_id`),
  CONSTRAINT `fk_task_dependency` FOREIGN KEY (`task_id`) REFERENCES `tasks` (`task_id`)
) ENGINE=InnoDB DEFAULT CHARSET=utf8mb4 COLLATE=utf8mb4_unicode_ci;
/*!40101 SET character_set_client = @saved_cs_client */;

--
-- Dumping data for table `task_dependencies`
--

LOCK TABLES `task_dependencies` WRITE;
/*!40000 ALTER TABLE `task_dependencies` DISABLE KEYS */;
/*!40000 ALTER TABLE `task_dependencies` ENABLE KEYS */;
UNLOCK TABLES;

--
-- Table structure for table `task_monitoring`
--

DROP TABLE IF EXISTS `task_monitoring`;
/*!40101 SET @saved_cs_client     = @@character_set_client */;
/*!40101 SET character_set_client = utf8 */;
CREATE TABLE `task_monitoring` (
  `monitoring_id` int(11) NOT NULL AUTO_INCREMENT,
  `task_id` int(11) NOT NULL,
  `monitored_by` int(11) NOT NULL,
  `monitoring_date` timestamp NOT NULL DEFAULT current_timestamp(),
  `efficiency_score` int(11) DEFAULT NULL CHECK (`efficiency_score` between 1 and 5),
  `observations` text DEFAULT NULL,
  `status` enum('Ongoing','Closed') DEFAULT 'Ongoing',
  PRIMARY KEY (`monitoring_id`),
  KEY `fk_task` (`task_id`),
  CONSTRAINT `fk_task` FOREIGN KEY (`task_id`) REFERENCES `tasks` (`task_id`) ON DELETE CASCADE ON UPDATE CASCADE
) ENGINE=InnoDB DEFAULT CHARSET=utf8mb4 COLLATE=utf8mb4_general_ci;
/*!40101 SET character_set_client = @saved_cs_client */;

--
-- Dumping data for table `task_monitoring`
--

LOCK TABLES `task_monitoring` WRITE;
/*!40000 ALTER TABLE `task_monitoring` DISABLE KEYS */;
/*!40000 ALTER TABLE `task_monitoring` ENABLE KEYS */;
UNLOCK TABLES;

--
-- Table structure for table `task_resources`
--

DROP TABLE IF EXISTS `task_resources`;
/*!40101 SET @saved_cs_client     = @@character_set_client */;
/*!40101 SET character_set_client = utf8 */;
CREATE TABLE `task_resources` (
  `task_resource_id` int(11) NOT NULL AUTO_INCREMENT,
  `task_id` int(11) NOT NULL,
  `resource_id` int(11) NOT NULL,
  `quantity_needed` int(11) DEFAULT 1,
  PRIMARY KEY (`task_resource_id`),
  KEY `task_id` (`task_id`),
  KEY `resource_id` (`resource_id`),
  CONSTRAINT `fk_task_resource_resource` FOREIGN KEY (`resource_id`) REFERENCES `resources` (`resource_id`),
  CONSTRAINT `fk_task_resource_task` FOREIGN KEY (`task_id`) REFERENCES `tasks` (`task_id`)
) ENGINE=InnoDB DEFAULT CHARSET=utf8mb4 COLLATE=utf8mb4_unicode_ci;
/*!40101 SET character_set_client = @saved_cs_client */;

--
-- Dumping data for table `task_resources`
--

LOCK TABLES `task_resources` WRITE;
/*!40000 ALTER TABLE `task_resources` DISABLE KEYS */;
/*!40000 ALTER TABLE `task_resources` ENABLE KEYS */;
UNLOCK TABLES;

--
-- Table structure for table `task_status_log`
--

DROP TABLE IF EXISTS `task_status_log`;
/*!40101 SET @saved_cs_client     = @@character_set_client */;
/*!40101 SET character_set_client = utf8 */;
CREATE TABLE `task_status_log` (
  `log_id` int(11) NOT NULL AUTO_INCREMENT,
  `task_id` int(11) NOT NULL,
  `status` enum('Not Started','In Progress','Completed','On Hold') NOT NULL,
  `changed_by` int(11) DEFAULT NULL,
  `changed_at` timestamp NOT NULL DEFAULT current_timestamp(),
  PRIMARY KEY (`log_id`),
  KEY `changed_by` (`changed_by`),
  KEY `idx_task_status` (`task_id`,`changed_by`),
  CONSTRAINT `task_status_log_ibfk_1` FOREIGN KEY (`task_id`) REFERENCES `tasks` (`task_id`) ON DELETE CASCADE,
  CONSTRAINT `task_status_log_ibfk_2` FOREIGN KEY (`changed_by`) REFERENCES `people` (`people_id`) ON DELETE SET NULL
) ENGINE=InnoDB AUTO_INCREMENT=9 DEFAULT CHARSET=utf8mb4 COLLATE=utf8mb4_general_ci;
/*!40101 SET character_set_client = @saved_cs_client */;

--
-- Dumping data for table `task_status_log`
--

LOCK TABLES `task_status_log` WRITE;
/*!40000 ALTER TABLE `task_status_log` DISABLE KEYS */;
INSERT INTO `task_status_log` VALUES (3,1,'Completed',2,'2025-02-20 19:27:44'),(5,2,'In Progress',3,'2025-02-20 19:31:12');
/*!40000 ALTER TABLE `task_status_log` ENABLE KEYS */;
UNLOCK TABLES;

--
-- Table structure for table `taskquestionnaire`
--

DROP TABLE IF EXISTS `taskquestionnaire`;
/*!40101 SET @saved_cs_client     = @@character_set_client */;
/*!40101 SET character_set_client = utf8 */;
CREATE TABLE `taskquestionnaire` (
  `taskquestionnaireid` int(11) NOT NULL AUTO_INCREMENT,
  `taskid` int(11) NOT NULL,
  `notifiableflag` tinyint(1) DEFAULT 0,
  `estimateddurationdays` int(11) DEFAULT NULL,
  `estimatedpersonhours` int(11) DEFAULT NULL,
  `keyhazardsjson` text DEFAULT NULL,
  `recommendhiraflag` tinyint(1) DEFAULT 0,
  `notes` text DEFAULT NULL,
  `created_date` timestamp NOT NULL DEFAULT current_timestamp(),
  `updated_date` timestamp NOT NULL DEFAULT current_timestamp() ON UPDATE current_timestamp(),
  PRIMARY KEY (`taskquestionnaireid`),
  UNIQUE KEY `taskid` (`taskid`),
  CONSTRAINT `taskquestionnaire_ibfk_1` FOREIGN KEY (`taskid`) REFERENCES `tasks` (`task_id`) ON DELETE CASCADE
) ENGINE=InnoDB AUTO_INCREMENT=12 DEFAULT CHARSET=utf8mb4 COLLATE=utf8mb4_general_ci;
/*!40101 SET character_set_client = @saved_cs_client */;

--
-- Dumping data for table `taskquestionnaire`
--

LOCK TABLES `taskquestionnaire` WRITE;
/*!40000 ALTER TABLE `taskquestionnaire` DISABLE KEYS */;
INSERT INTO `taskquestionnaire` VALUES (1,102,0,3,40,'[\"Potent API \\/ High-hazard Chemicals\"]',1,'aaa','2025-12-02 09:02:31','2025-12-02 12:05:38'),(2,103,0,1,40,'[\"Work at Height\"]',1,'Lift heavy weigth and transport','2025-12-04 08:09:44','2025-12-04 08:09:44'),(3,2,0,3,40,'[\"Work at Height\",\"Confined Space\",\"Energy Isolation\",\"Energy Isolation\",\"Energy Isolation\"]',1,'aa','2025-12-04 11:54:39','2026-03-30 09:06:52'),(4,7,0,1,40,'[]',0,'aa','2025-12-04 11:55:38','2025-12-04 11:55:38'),(5,10,0,3,290,'[]',0,'aaz','2025-12-04 11:56:12','2025-12-04 11:56:12'),(6,4,1,31,501,'[\"Confined Space\"]',1,'','2025-12-04 11:58:42','2026-03-27 07:30:52'),(7,11,0,3,290,'[\"Confined Space\"]',1,'aaz','2025-12-04 11:59:33','2025-12-04 11:59:33'),(8,104,1,31,501,'[\"Confined Space\",\"Electrical\"]',1,'','2025-12-05 21:32:17','2025-12-05 21:36:22'),(9,1,1,18,501,'[]',0,'','2025-12-05 21:43:52','2026-03-31 06:38:49'),(10,105,0,1,40,'[]',0,'','2025-12-05 22:56:30','2025-12-05 22:56:30'),(11,106,0,NULL,NULL,'[]',0,'','2025-12-17 15:05:55','2025-12-17 15:05:55');
/*!40000 ALTER TABLE `taskquestionnaire` ENABLE KEYS */;
UNLOCK TABLES;

--
-- Table structure for table `tasks`
--

DROP TABLE IF EXISTS `tasks`;
/*!40101 SET @saved_cs_client     = @@character_set_client */;
/*!40101 SET character_set_client = utf8 */;
CREATE TABLE `tasks` (
  `task_id` int(11) NOT NULL AUTO_INCREMENT,
  `project_id` int(11) DEFAULT NULL,
  `department_id` int(11) DEFAULT NULL,
  `assigned_to` int(11) DEFAULT NULL,
  `task_name` varchar(255) NOT NULL,
  `task_description` text DEFAULT NULL,
  `task_type` enum('Project Task','Operational Task','Compliance Task','Emergency Task') NOT NULL DEFAULT 'Project Task',
  `recurring` tinyint(1) NOT NULL DEFAULT 0,
  `start_date` date DEFAULT NULL,
  `finish_date` date DEFAULT NULL,
  `due_date` date DEFAULT NULL,
  `priority` enum('Low','Medium','High') DEFAULT 'Medium',
  `status` enum('Not Started','In Progress','Completed','On Hold') DEFAULT 'Not Started',
  `created_date` timestamp NOT NULL DEFAULT current_timestamp(),
  `updated_date` timestamp NOT NULL DEFAULT current_timestamp() ON UPDATE current_timestamp(),
  `change_request_id` int(11) DEFAULT NULL,
  `cc_id` int(11) DEFAULT NULL,
  `parent_task_id` int(11) DEFAULT NULL,
  `created_at` timestamp NOT NULL DEFAULT current_timestamp(),
  `job_id` int(11) DEFAULT NULL,
  `RAID` int(10) unsigned DEFAULT NULL,
  PRIMARY KEY (`task_id`),
  KEY `department_id` (`department_id`),
  KEY `assigned_to` (`assigned_to`),
  KEY `change_control_id` (`change_request_id`),
  KEY `cc_id` (`cc_id`),
  KEY `parent_task_id` (`parent_task_id`),
  KEY `idx_project` (`project_id`),
  KEY `fk_tasks_ra` (`RAID`),
  KEY `idx_task_flow` (`department_id`,`assigned_to`,`RAID`),
  CONSTRAINT `fk_tasks_change_request` FOREIGN KEY (`change_request_id`) REFERENCES `change_requests` (`change_request_id`) ON DELETE SET NULL,
  CONSTRAINT `fk_tasks_ra` FOREIGN KEY (`RAID`) REFERENCES `ra_registert` (`RAID`),
  CONSTRAINT `tasks_ibfk_1` FOREIGN KEY (`department_id`) REFERENCES `departments` (`department_id`),
  CONSTRAINT `tasks_ibfk_2` FOREIGN KEY (`assigned_to`) REFERENCES `people` (`people_id`) ON DELETE CASCADE,
  CONSTRAINT `tasks_ibfk_3` FOREIGN KEY (`change_request_id`) REFERENCES `changecontrol` (`id`) ON DELETE CASCADE,
  CONSTRAINT `tasks_ibfk_4` FOREIGN KEY (`cc_id`) REFERENCES `changecontrol` (`id`) ON DELETE CASCADE,
  CONSTRAINT `tasks_ibfk_5` FOREIGN KEY (`parent_task_id`) REFERENCES `tasks` (`task_id`) ON DELETE SET NULL
) ENGINE=InnoDB AUTO_INCREMENT=107 DEFAULT CHARSET=utf8mb4 COLLATE=utf8mb4_general_ci;
/*!40101 SET character_set_client = @saved_cs_client */;

--
-- Dumping data for table `tasks`
--

LOCK TABLES `tasks` WRITE;
/*!40000 ALTER TABLE `tasks` DISABLE KEYS */;
INSERT INTO `tasks` VALUES (1,1,4,5,'Manufacturing operation involving chemicals','aaa','Project Task',0,'2025-10-12','2025-10-12','2025-10-21','Low','Completed','2025-10-13 19:12:19','2026-03-31 06:38:49',NULL,1,NULL,'2025-02-20 19:36:51',NULL,1),(2,1,2,3811,'Survey of yard','This is a test task','Project Task',0,'2026-03-29','2026-03-29','2026-03-29','Medium','Not Started','2025-09-10 18:31:06','2026-03-30 12:44:44',NULL,NULL,NULL,'2025-02-20 19:36:51',NULL,NULL),(4,1,10,9,'Ergonomic setup evaluation','sdfsdfxc','Project Task',0,'2025-11-20','2025-09-15','2025-09-15','Medium','In Progress','2025-09-15 05:54:12','2026-03-27 07:30:51',NULL,2,NULL,'2025-02-20 19:36:51',NULL,NULL),(7,3,10,7,'HVAC 2','aaa','Project Task',0,'2025-10-29','2025-10-29','2025-10-29','Medium','Completed','2025-10-11 12:17:53','2025-12-04 11:55:38',NULL,NULL,NULL,'2025-10-11 12:17:53',NULL,NULL),(8,3,11,29,'Install Mixer Shaft','testing job','Project Task',0,'2025-12-30','2025-12-30','2025-12-30','Medium','In Progress','2025-10-23 09:50:05','2025-11-29 12:20:37',NULL,NULL,NULL,'2025-10-23 09:50:05',NULL,NULL),(9,3,NULL,NULL,'250l vessel installation','Project commissioning','Project Task',0,'2025-11-01','2025-11-01','2025-11-01','High','','2025-10-31 11:19:12','2025-12-01 11:32:58',NULL,NULL,NULL,'2025-10-31 11:19:12',NULL,NULL),(10,3,10,9,'Maintenance on Vessel 1','maintenance work','Project Task',0,'2025-12-20','2025-12-22','2025-12-30','High','On Hold','2025-11-12 08:08:14','2025-12-04 11:56:12',NULL,NULL,NULL,'2025-11-12 08:08:14',NULL,NULL),(11,1,11,2,'Final Product Release Testing','Complete final quality control testing','Compliance Task',0,'2025-12-01','2025-12-03','2025-11-27','Low','In Progress','2025-11-22 21:42:19','2026-03-31 06:39:00',NULL,NULL,NULL,'2025-11-22 21:42:19',NULL,NULL),(101,3,NULL,NULL,'Pressure test XP-034','Pressure test XP-034','Project Task',0,'2025-12-02','2025-12-02','2025-12-02','High','','2025-12-01 09:40:07','2026-03-26 12:02:24',NULL,NULL,NULL,'2025-12-01 09:40:07',NULL,NULL),(102,3,43,28,'Engineering Project','Site wide','Project Task',0,'2025-12-02','2025-12-05','2025-12-10','High','On Hold','2025-12-02 09:02:31','2026-03-26 12:02:24',NULL,NULL,NULL,'2025-12-02 09:02:31',NULL,NULL),(103,1,24,NULL,'Transport chiller - Project - Mastiff','Transport chiller - Project','Project Task',0,'2025-12-04','2025-12-04','2025-12-04','High','In Progress','2025-12-04 08:09:44','2026-03-26 12:02:24',NULL,NULL,NULL,'2025-12-04 08:09:44',NULL,NULL),(104,1,8,2229,'task','task','Operational Task',0,'2025-12-09','2025-12-09','2025-12-10','Medium','Completed','2025-12-05 21:32:17','2026-03-26 12:02:24',NULL,NULL,NULL,'2025-12-05 21:32:17',NULL,NULL),(105,1,2,NULL,'11','11','Operational Task',0,'2025-12-05','2025-12-05','2025-12-05','High','In Progress','2025-12-05 22:56:30','2026-03-26 12:02:24',NULL,NULL,NULL,'2025-12-05 22:56:30',NULL,NULL),(106,3,8,NULL,'capa','investigation - RCA conclusion','Compliance Task',0,'2025-12-25','2025-12-25','2025-12-25','Low','In Progress','2025-12-17 15:05:55','2026-03-26 12:02:24',NULL,NULL,NULL,'2025-12-17 15:05:55',NULL,NULL);
/*!40000 ALTER TABLE `tasks` ENABLE KEYS */;
UNLOCK TABLES;

--
-- Table structure for table `training_assignments`
--

DROP TABLE IF EXISTS `training_assignments`;
/*!40101 SET @saved_cs_client     = @@character_set_client */;
/*!40101 SET character_set_client = utf8 */;
CREATE TABLE `training_assignments` (
  `id` int(11) NOT NULL AUTO_INCREMENT,
  `person_id` int(11) NOT NULL,
  `doc_version_id` int(11) NOT NULL,
  `assigned_by` int(11) NOT NULL,
  `assigned_date` datetime DEFAULT current_timestamp(),
  `due_date` date NOT NULL,
  `status` enum('pending','in-progress','completed','overdue') DEFAULT 'pending',
  `completion_date` datetime DEFAULT NULL,
  `attempts_allowed` int(11) DEFAULT 3,
  `passing_score` decimal(5,2) DEFAULT 80.00,
  `notification_sent` tinyint(1) DEFAULT 0,
  `last_reminder_sent` datetime DEFAULT NULL,
  PRIMARY KEY (`id`),
  KEY `doc_version_id` (`doc_version_id`),
  KEY `assigned_by` (`assigned_by`),
  KEY `idx_person_status` (`person_id`,`status`),
  KEY `idx_due_date` (`due_date`),
  CONSTRAINT `training_assignments_ibfk_1` FOREIGN KEY (`person_id`) REFERENCES `people` (`people_id`),
  CONSTRAINT `training_assignments_ibfk_2` FOREIGN KEY (`doc_version_id`) REFERENCES `documentversions` (`VersionID`),
  CONSTRAINT `training_assignments_ibfk_3` FOREIGN KEY (`assigned_by`) REFERENCES `people` (`people_id`)
) ENGINE=InnoDB AUTO_INCREMENT=105 DEFAULT CHARSET=utf8mb4 COLLATE=utf8mb4_general_ci;
/*!40101 SET character_set_client = @saved_cs_client */;

--
-- Dumping data for table `training_assignments`
--

LOCK TABLES `training_assignments` WRITE;
/*!40000 ALTER TABLE `training_assignments` DISABLE KEYS */;
INSERT INTO `training_assignments` VALUES (1,28,38,29,'2025-11-15 05:55:39','2025-12-15','completed','2025-11-15 06:55:47',3,80.00,0,NULL),(2,28,36,29,'2025-11-15 07:08:24','2025-12-15','completed','2025-11-15 07:08:24',3,80.00,0,NULL),(101,5,39,2,'2025-11-17 19:13:51','2025-12-17','completed','2025-11-17 20:18:04',3,80.00,0,NULL),(102,30,39,2,'2025-11-17 19:34:55','2025-12-17','completed','2025-11-17 20:14:56',3,80.00,0,NULL),(103,9,37,2,'2025-11-19 21:59:06','2025-12-19','pending',NULL,3,80.00,0,NULL),(104,17,36,2,'2025-11-19 21:59:19','2025-12-19','pending',NULL,3,80.00,0,NULL);
/*!40000 ALTER TABLE `training_assignments` ENABLE KEYS */;
UNLOCK TABLES;

--
-- Table structure for table `trainingattempts`
--

DROP TABLE IF EXISTS `trainingattempts`;
/*!40101 SET @saved_cs_client     = @@character_set_client */;
/*!40101 SET character_set_client = utf8 */;
CREATE TABLE `trainingattempts` (
  `attempt_id` int(11) NOT NULL AUTO_INCREMENT,
  `trainingassignment_id` int(11) NOT NULL,
  `attempt_number` int(11) NOT NULL,
  `start_time` datetime DEFAULT current_timestamp(),
  `end_time` datetime DEFAULT NULL,
  `score` decimal(5,2) DEFAULT NULL,
  `status_id` int(11) NOT NULL,
  `time_spent_seconds` int(11) DEFAULT 0,
  `ip_address` char(39) DEFAULT NULL,
  `user_agent_id` int(11) DEFAULT NULL,
  `created_at` datetime DEFAULT current_timestamp(),
  `updated_at` datetime DEFAULT current_timestamp() ON UPDATE current_timestamp(),
  `created_by` int(11) DEFAULT NULL,
  `updated_by` int(11) DEFAULT NULL,
  PRIMARY KEY (`attempt_id`),
  UNIQUE KEY `unique_attempt` (`trainingassignment_id`,`attempt_number`),
  KEY `status_id` (`status_id`),
  KEY `user_agent_id` (`user_agent_id`),
  KEY `idx_assignment_status` (`trainingassignment_id`,`status_id`),
  CONSTRAINT `trainingattempts_ibfk_1` FOREIGN KEY (`trainingassignment_id`) REFERENCES `training_assignments` (`id`),
  CONSTRAINT `trainingattempts_ibfk_2` FOREIGN KEY (`status_id`) REFERENCES `attempt_status` (`id`),
  CONSTRAINT `trainingattempts_ibfk_3` FOREIGN KEY (`user_agent_id`) REFERENCES `user_agents` (`id`)
) ENGINE=InnoDB AUTO_INCREMENT=6 DEFAULT CHARSET=utf8mb4 COLLATE=utf8mb4_general_ci;
/*!40101 SET character_set_client = @saved_cs_client */;

--
-- Dumping data for table `trainingattempts`
--

LOCK TABLES `trainingattempts` WRITE;
/*!40000 ALTER TABLE `trainingattempts` DISABLE KEYS */;
INSERT INTO `trainingattempts` VALUES (3,1,1,NULL,'2025-11-15 05:55:39',60.00,2,300,NULL,NULL,'2025-11-15 05:55:39','2025-11-15 05:55:39',NULL,NULL),(4,1,2,NULL,'2025-11-15 06:55:47',80.00,1,300,NULL,NULL,'2025-11-15 05:55:47','2025-11-15 05:55:47',NULL,NULL),(5,2,1,'2025-11-15 07:08:24','2025-11-15 07:08:24',80.00,1,0,NULL,NULL,'2025-11-15 06:08:24','2025-11-15 06:08:24',NULL,NULL);
/*!40000 ALTER TABLE `trainingattempts` ENABLE KEYS */;
UNLOCK TABLES;

--
-- Table structure for table `user_agents`
--

DROP TABLE IF EXISTS `user_agents`;
/*!40101 SET @saved_cs_client     = @@character_set_client */;
/*!40101 SET character_set_client = utf8 */;
CREATE TABLE `user_agents` (
  `id` int(11) NOT NULL AUTO_INCREMENT,
  `agent_string` text NOT NULL,
  PRIMARY KEY (`id`)
) ENGINE=InnoDB DEFAULT CHARSET=utf8mb4 COLLATE=utf8mb4_general_ci;
/*!40101 SET character_set_client = @saved_cs_client */;

--
-- Dumping data for table `user_agents`
--

LOCK TABLES `user_agents` WRITE;
/*!40000 ALTER TABLE `user_agents` DISABLE KEYS */;
/*!40000 ALTER TABLE `user_agents` ENABLE KEYS */;
UNLOCK TABLES;

--
-- Table structure for table `users`
--

DROP TABLE IF EXISTS `users`;
/*!40101 SET @saved_cs_client     = @@character_set_client */;
/*!40101 SET character_set_client = utf8 */;
CREATE TABLE `users` (
  `user_id` int(11) NOT NULL AUTO_INCREMENT,
  `people_id` int(11) NOT NULL,
  `username` varchar(255) DEFAULT NULL,
  `email` varchar(255) DEFAULT NULL,
  `password_hash` varchar(255) DEFAULT NULL,
  `created_at` timestamp NULL DEFAULT current_timestamp(),
  `updated_at` timestamp NULL DEFAULT current_timestamp() ON UPDATE current_timestamp(),
  PRIMARY KEY (`user_id`),
  KEY `people_id` (`people_id`),
  CONSTRAINT `users_ibfk_1` FOREIGN KEY (`people_id`) REFERENCES `people` (`people_id`) ON DELETE CASCADE
) ENGINE=InnoDB DEFAULT CHARSET=utf8mb4 COLLATE=utf8mb4_general_ci;
/*!40101 SET character_set_client = @saved_cs_client */;

--
-- Dumping data for table `users`
--

LOCK TABLES `users` WRITE;
/*!40000 ALTER TABLE `users` DISABLE KEYS */;
/*!40000 ALTER TABLE `users` ENABLE KEYS */;
UNLOCK TABLES;

--
-- Temporary table structure for view `v_all_approvals`
--

DROP TABLE IF EXISTS `v_all_approvals`;
/*!50001 DROP VIEW IF EXISTS `v_all_approvals`*/;
SET @saved_cs_client     = @@character_set_client;
SET character_set_client = utf8;
/*!50001 CREATE VIEW `v_all_approvals` AS SELECT
 1 AS `source_type`,
  1 AS `ApprovalID`,
  1 AS `source_id`,
  1 AS `ApprovedBy`,
  1 AS `ApprovalStatusID`,
  1 AS `ApprovalDate` */;
SET character_set_client = @saved_cs_client;

--
-- Temporary table structure for view `v_component_risk_network`
--

DROP TABLE IF EXISTS `v_component_risk_network`;
/*!50001 DROP VIEW IF EXISTS `v_component_risk_network`*/;
SET @saved_cs_client     = @@character_set_client;
SET character_set_client = utf8;
/*!50001 CREATE VIEW `v_component_risk_network` AS SELECT
 1 AS `hira_id`,
  1 AS `stage_name`,
  1 AS `source_component_id`,
  1 AS `source_name`,
  1 AS `target_component_id`,
  1 AS `target_name`,
  1 AS `hazard_id`,
  1 AS `risk_id`,
  1 AS `likelihood_before`,
  1 AS `severity_before`,
  1 AS `exposure`,
  1 AS `detectability`,
  1 AS `risk_before`,
  1 AS `risk_after` */;
SET character_set_client = @saved_cs_client;

--
-- Temporary table structure for view `v_hira_stage_heatmap`
--

DROP TABLE IF EXISTS `v_hira_stage_heatmap`;
/*!50001 DROP VIEW IF EXISTS `v_hira_stage_heatmap`*/;
SET @saved_cs_client     = @@character_set_client;
SET character_set_client = utf8;
/*!50001 CREATE VIEW `v_hira_stage_heatmap` AS SELECT
 1 AS `hira_id`,
  1 AS `stage_name`,
  1 AS `scope_type`,
  1 AS `scope_id`,
  1 AS `hazards_count`,
  1 AS `risks_count`,
  1 AS `total_risk_before`,
  1 AS `total_risk_after`,
  1 AS `risk_reduction_abs`,
  1 AS `risk_reduction_pct` */;
SET character_set_client = @saved_cs_client;

--
-- Temporary table structure for view `v_risk_categories_hierarchy`
--

DROP TABLE IF EXISTS `v_risk_categories_hierarchy`;
/*!50001 DROP VIEW IF EXISTS `v_risk_categories_hierarchy`*/;
SET @saved_cs_client     = @@character_set_client;
SET character_set_client = utf8;
/*!50001 CREATE VIEW `v_risk_categories_hierarchy` AS SELECT
 1 AS `category_id`,
  1 AS `category_name`,
  1 AS `category_description`,
  1 AS `iso_standard_link`,
  1 AS `parent_category_id`,
  1 AS `parent_category_name`,
  1 AS `category_level`,
  1 AS `category_path`,
  1 AS `sort_order`,
  1 AS `is_active`,
  1 AS `child_count`,
  1 AS `risk_count` */;
SET character_set_client = @saved_cs_client;

--
-- Table structure for table `vendor`
--

DROP TABLE IF EXISTS `vendor`;
/*!40101 SET @saved_cs_client     = @@character_set_client */;
/*!40101 SET character_set_client = utf8 */;
CREATE TABLE `vendor` (
  `company_id` int(11) NOT NULL AUTO_INCREMENT,
  `CompanyName` varchar(100) NOT NULL,
  `Address` varchar(255) DEFAULT NULL,
  `City` varchar(50) DEFAULT NULL,
  `State` varchar(50) DEFAULT NULL,
  `ZipCode` varchar(20) DEFAULT NULL,
  `Phone` varchar(15) DEFAULT NULL,
  `Email` varchar(100) DEFAULT NULL,
  `Website` varchar(100) DEFAULT NULL,
  `IsActive` tinyint(1) DEFAULT 1,
  `CreatedDate` timestamp NOT NULL DEFAULT current_timestamp(),
  PRIMARY KEY (`company_id`)
) ENGINE=InnoDB AUTO_INCREMENT=7 DEFAULT CHARSET=utf8mb4 COLLATE=utf8mb4_general_ci;
/*!40101 SET character_set_client = @saved_cs_client */;

--
-- Dumping data for table `vendor`
--

LOCK TABLES `vendor` WRITE;
/*!40000 ALTER TABLE `vendor` DISABLE KEYS */;
INSERT INTO `vendor` VALUES (1,'Amneal Ireland','Cork Road, IDA Industrial Estate','Waterford','County Waterford','X91 FY2N','+353-51-355501','ireland@amneal.com','www.amneal.com',1,'2025-11-19 21:33:36'),(2,'Tech Innovations Inc.','123 Silicon Valley Blvd','San Jose','California','95128','408-555-0101','info@techinnovations.com','www.techinnovations.com',1,'2025-11-19 21:33:45'),(3,'Global Finance Partners','456 Wall Street','New York','New York','10005','212-555-0123','contact@globalfinance.com','www.globalfinance.com',1,'2025-11-19 21:33:45'),(4,'Green Energy Solutions','789 Renewable Way','Denver','Colorado','80202','303-555-0145','support@greenenergy.com','www.greenenergy.com',1,'2025-11-19 21:33:45'),(5,'MediCare Pharmaceuticals','321 Health Avenue','Boston','Massachusetts','02115','617-555-0167','info@medicarepharma.com','www.medicarepharma.com',1,'2025-11-19 21:33:45'),(6,'Creative Marketing Agency','654 Design District','Austin','Texas','78701','512-555-0189','hello@creativemarketing.com','www.creativemarketing.com',1,'2025-11-19 21:33:45');
/*!40000 ALTER TABLE `vendor` ENABLE KEYS */;
UNLOCK TABLES;

--
-- Table structure for table `wastecategory`
--

DROP TABLE IF EXISTS `wastecategory`;
/*!40101 SET @saved_cs_client     = @@character_set_client */;
/*!40101 SET character_set_client = utf8 */;
CREATE TABLE `wastecategory` (
  `WasteCategoryID` bigint(20) unsigned NOT NULL AUTO_INCREMENT,
  `WasteTypeID` bigint(20) unsigned NOT NULL,
  `WasteCategoryName` varchar(50) NOT NULL,
  `Description` text DEFAULT NULL,
  `created_at` timestamp NOT NULL DEFAULT current_timestamp(),
  `updated_at` timestamp NOT NULL DEFAULT current_timestamp() ON UPDATE current_timestamp(),
  PRIMARY KEY (`WasteCategoryID`),
  KEY `idx_WasteTypeID` (`WasteTypeID`),
  CONSTRAINT `fk_WasteCategory_WasteType` FOREIGN KEY (`WasteTypeID`) REFERENCES `wastetype` (`WasteTypeID`) ON DELETE CASCADE ON UPDATE CASCADE
) ENGINE=InnoDB AUTO_INCREMENT=12 DEFAULT CHARSET=utf8mb4 COLLATE=utf8mb4_general_ci;
/*!40101 SET character_set_client = @saved_cs_client */;

--
-- Dumping data for table `wastecategory`
--

LOCK TABLES `wastecategory` WRITE;
/*!40000 ALTER TABLE `wastecategory` DISABLE KEYS */;
INSERT INTO `wastecategory` VALUES (1,1,'Gases',NULL,'2025-02-25 15:06:00','2025-02-25 15:06:00'),(2,1,'Liquid',NULL,'2025-02-25 15:06:00','2025-02-25 15:06:00'),(3,1,'Solids',NULL,'2025-02-25 15:06:00','2025-02-25 15:06:00'),(4,2,'Glass',NULL,'2025-02-25 15:06:00','2025-02-25 15:06:00'),(5,2,'Organic',NULL,'2025-02-25 15:06:00','2025-02-25 15:06:00'),(6,2,'Recyclable',NULL,'2025-02-25 15:06:00','2025-02-25 15:06:00'),(7,2,'Skip Waste',NULL,'2025-02-25 15:06:00','2025-02-25 15:06:00'),(8,2,'WEEE',NULL,'2025-02-25 15:06:00','2025-02-25 15:06:00'),(9,2,'Wood',NULL,'2025-02-25 15:06:00','2025-02-25 15:06:00'),(10,2,'Bin General',NULL,'2025-02-25 15:06:00','2025-02-25 15:06:00'),(11,2,'Bin Dry Mix Recycle Recycling',NULL,'2025-02-25 15:06:00','2025-02-25 15:06:00');
/*!40000 ALTER TABLE `wastecategory` ENABLE KEYS */;
UNLOCK TABLES;

--
-- Table structure for table `wastemanagementrecord`
--

DROP TABLE IF EXISTS `wastemanagementrecord`;
/*!40101 SET @saved_cs_client     = @@character_set_client */;
/*!40101 SET character_set_client = utf8 */;
CREATE TABLE `wastemanagementrecord` (
  `RecordID` bigint(20) unsigned NOT NULL AUTO_INCREMENT,
  `WasteCategoryID` bigint(20) unsigned NOT NULL,
  `WasteSubCategoryID` bigint(20) unsigned DEFAULT NULL,
  `Amount` decimal(10,2) DEFAULT NULL,
  `UnitID` bigint(20) unsigned DEFAULT NULL,
  `DisposalDate` date DEFAULT NULL,
  `Comments` text DEFAULT NULL,
  `created_at` timestamp NOT NULL DEFAULT current_timestamp(),
  `updated_at` timestamp NOT NULL DEFAULT current_timestamp() ON UPDATE current_timestamp(),
  PRIMARY KEY (`RecordID`),
  KEY `idx_WasteCategoryID` (`WasteCategoryID`),
  KEY `idx_WasteSubCategoryID` (`WasteSubCategoryID`),
  KEY `idx_UnitID` (`UnitID`),
  CONSTRAINT `fk_WasteManagementRecord_MeasurementUnit` FOREIGN KEY (`UnitID`) REFERENCES `measurementunit` (`UnitID`) ON DELETE SET NULL ON UPDATE CASCADE,
  CONSTRAINT `fk_WasteManagementRecord_WasteCategory` FOREIGN KEY (`WasteCategoryID`) REFERENCES `wastecategory` (`WasteCategoryID`) ON DELETE CASCADE ON UPDATE CASCADE,
  CONSTRAINT `fk_WasteManagementRecord_WasteSubCategory` FOREIGN KEY (`WasteSubCategoryID`) REFERENCES `wastesubcategory` (`WasteSubCategoryID`) ON DELETE SET NULL ON UPDATE CASCADE,
  CONSTRAINT `CONSTRAINT_1` CHECK (`Amount` >= 0)
) ENGINE=InnoDB AUTO_INCREMENT=4 DEFAULT CHARSET=utf8mb4 COLLATE=utf8mb4_general_ci;
/*!40101 SET character_set_client = @saved_cs_client */;

--
-- Dumping data for table `wastemanagementrecord`
--

LOCK TABLES `wastemanagementrecord` WRITE;
/*!40000 ALTER TABLE `wastemanagementrecord` DISABLE KEYS */;
INSERT INTO `wastemanagementrecord` VALUES (2,1,NULL,10.00,1,'2025-10-02','asasa','2025-02-25 15:27:14','2025-02-25 15:27:14'),(3,1,1,1.00,1,'2025-02-25','ssss','2025-02-25 15:46:49','2025-02-25 15:46:49');
/*!40000 ALTER TABLE `wastemanagementrecord` ENABLE KEYS */;
UNLOCK TABLES;

--
-- Table structure for table `wastesubcategory`
--

DROP TABLE IF EXISTS `wastesubcategory`;
/*!40101 SET @saved_cs_client     = @@character_set_client */;
/*!40101 SET character_set_client = utf8 */;
CREATE TABLE `wastesubcategory` (
  `WasteSubCategoryID` bigint(20) unsigned NOT NULL AUTO_INCREMENT,
  `WasteCategoryID` bigint(20) unsigned NOT NULL,
  `WasteSubCategoryName` varchar(50) NOT NULL,
  `Description` text DEFAULT NULL,
  `created_at` timestamp NOT NULL DEFAULT current_timestamp(),
  `updated_at` timestamp NOT NULL DEFAULT current_timestamp() ON UPDATE current_timestamp(),
  PRIMARY KEY (`WasteSubCategoryID`),
  KEY `idx_WasteCategoryID` (`WasteCategoryID`),
  CONSTRAINT `fk_WasteSubCategory_WasteCategory` FOREIGN KEY (`WasteCategoryID`) REFERENCES `wastecategory` (`WasteCategoryID`) ON DELETE CASCADE ON UPDATE CASCADE
) ENGINE=InnoDB AUTO_INCREMENT=2 DEFAULT CHARSET=utf8mb4 COLLATE=utf8mb4_general_ci;
/*!40101 SET character_set_client = @saved_cs_client */;

--
-- Dumping data for table `wastesubcategory`
--

LOCK TABLES `wastesubcategory` WRITE;
/*!40000 ALTER TABLE `wastesubcategory` DISABLE KEYS */;
INSERT INTO `wastesubcategory` VALUES (1,1,'Default Subcategory','Default description','2025-02-25 15:26:58','2025-02-25 15:26:58');
/*!40000 ALTER TABLE `wastesubcategory` ENABLE KEYS */;
UNLOCK TABLES;

--
-- Table structure for table `wastetreatmentmethod`
--

DROP TABLE IF EXISTS `wastetreatmentmethod`;
/*!40101 SET @saved_cs_client     = @@character_set_client */;
/*!40101 SET character_set_client = utf8 */;
CREATE TABLE `wastetreatmentmethod` (
  `TreatmentMethodID` bigint(20) unsigned NOT NULL AUTO_INCREMENT,
  `WasteCategoryID` bigint(20) unsigned NOT NULL,
  `MethodName` varchar(50) NOT NULL,
  `Description` text DEFAULT NULL,
  `created_at` timestamp NOT NULL DEFAULT current_timestamp(),
  `updated_at` timestamp NOT NULL DEFAULT current_timestamp() ON UPDATE current_timestamp(),
  PRIMARY KEY (`TreatmentMethodID`),
  KEY `idx_WasteCategoryID` (`WasteCategoryID`),
  CONSTRAINT `fk_WasteTreatmentMethod_WasteCategory` FOREIGN KEY (`WasteCategoryID`) REFERENCES `wastecategory` (`WasteCategoryID`) ON DELETE CASCADE ON UPDATE CASCADE
) ENGINE=InnoDB DEFAULT CHARSET=utf8mb4 COLLATE=utf8mb4_general_ci;
/*!40101 SET character_set_client = @saved_cs_client */;

--
-- Dumping data for table `wastetreatmentmethod`
--

LOCK TABLES `wastetreatmentmethod` WRITE;
/*!40000 ALTER TABLE `wastetreatmentmethod` DISABLE KEYS */;
/*!40000 ALTER TABLE `wastetreatmentmethod` ENABLE KEYS */;
UNLOCK TABLES;

--
-- Table structure for table `wastetype`
--

DROP TABLE IF EXISTS `wastetype`;
/*!40101 SET @saved_cs_client     = @@character_set_client */;
/*!40101 SET character_set_client = utf8 */;
CREATE TABLE `wastetype` (
  `WasteTypeID` bigint(20) unsigned NOT NULL AUTO_INCREMENT,
  `WasteTypeName` varchar(50) NOT NULL,
  `created_at` timestamp NOT NULL DEFAULT current_timestamp(),
  `updated_at` timestamp NOT NULL DEFAULT current_timestamp() ON UPDATE current_timestamp(),
  PRIMARY KEY (`WasteTypeID`),
  UNIQUE KEY `WasteTypeName` (`WasteTypeName`)
) ENGINE=InnoDB AUTO_INCREMENT=3 DEFAULT CHARSET=utf8mb4 COLLATE=utf8mb4_general_ci;
/*!40101 SET character_set_client = @saved_cs_client */;

--
-- Dumping data for table `wastetype`
--

LOCK TABLES `wastetype` WRITE;
/*!40000 ALTER TABLE `wastetype` DISABLE KEYS */;
INSERT INTO `wastetype` VALUES (1,'Hazardous','2025-02-25 15:05:42','2025-02-25 15:05:42'),(2,'Non-Hazardous','2025-02-25 15:05:42','2025-02-25 15:05:42');
/*!40000 ALTER TABLE `wastetype` ENABLE KEYS */;
UNLOCK TABLES;

--
-- Table structure for table `work_instructions`
--

DROP TABLE IF EXISTS `work_instructions`;
/*!40101 SET @saved_cs_client     = @@character_set_client */;
/*!40101 SET character_set_client = utf8 */;
CREATE TABLE `work_instructions` (
  `instruction_id` int(11) NOT NULL AUTO_INCREMENT,
  `task_id` int(11) NOT NULL,
  `step_number` int(11) NOT NULL,
  `instruction_text` text NOT NULL,
  `estimated_time` int(11) DEFAULT NULL,
  PRIMARY KEY (`instruction_id`),
  KEY `task_id` (`task_id`),
  CONSTRAINT `fk_instruction_task` FOREIGN KEY (`task_id`) REFERENCES `tasks` (`task_id`)
) ENGINE=InnoDB DEFAULT CHARSET=utf8mb4 COLLATE=utf8mb4_unicode_ci;
/*!40101 SET character_set_client = @saved_cs_client */;

--
-- Dumping data for table `work_instructions`
--

LOCK TABLES `work_instructions` WRITE;
/*!40000 ALTER TABLE `work_instructions` DISABLE KEYS */;
/*!40000 ALTER TABLE `work_instructions` ENABLE KEYS */;
UNLOCK TABLES;

--
-- Final view structure for view `v_all_approvals`
--

/*!50001 DROP VIEW IF EXISTS `v_all_approvals`*/;
/*!50001 SET @saved_cs_client          = @@character_set_client */;
/*!50001 SET @saved_cs_results         = @@character_set_results */;
/*!50001 SET @saved_col_connection     = @@collation_connection */;
/*!50001 SET character_set_client      = utf8mb4 */;
/*!50001 SET character_set_results     = utf8mb4 */;
/*!50001 SET collation_connection      = utf8mb4_general_ci */;
/*!50001 CREATE ALGORITHM=UNDEFINED */
/*!50013 DEFINER=`root`@`localhost` SQL SECURITY DEFINER */
/*!50001 VIEW `v_all_approvals` AS select 'Document' AS `source_type`,`a`.`ApprovalID` AS `ApprovalID`,`a`.`DocumentID` AS `source_id`,`a`.`ApprovedBy` AS `ApprovedBy`,`a`.`ApprovalStatusID` AS `ApprovalStatusID`,`a`.`ApprovalDate` AS `ApprovalDate` from `approvals` `a` where `a`.`DocumentID` is not null union all select 'HIRA' AS `source_type`,`ha`.`ApprovalID` AS `ApprovalID`,`ha`.`HiraID` AS `source_id`,`ha`.`ApprovedBy` AS `ApprovedBy`,`ha`.`ApprovalStatusID` AS `ApprovalStatusID`,`ha`.`ApprovalDate` AS `ApprovalDate` from `hira_approvals` `ha` */;
/*!50001 SET character_set_client      = @saved_cs_client */;
/*!50001 SET character_set_results     = @saved_cs_results */;
/*!50001 SET collation_connection      = @saved_col_connection */;

--
-- Final view structure for view `v_component_risk_network`
--

/*!50001 DROP VIEW IF EXISTS `v_component_risk_network`*/;
/*!50001 SET @saved_cs_client          = @@character_set_client */;
/*!50001 SET @saved_cs_results         = @@character_set_results */;
/*!50001 SET @saved_col_connection     = @@collation_connection */;
/*!50001 SET character_set_client      = utf8mb4 */;
/*!50001 SET character_set_results     = utf8mb4 */;
/*!50001 SET collation_connection      = utf8mb4_general_ci */;
/*!50001 CREATE ALGORITHM=UNDEFINED */
/*!50013 DEFINER=`root`@`localhost` SQL SECURITY DEFINER */
/*!50001 VIEW `v_component_risk_network` AS select `h`.`hira_id` AS `hira_id`,`ls`.`stage_name` AS `stage_name`,`sc`.`component_id` AS `source_component_id`,`sc`.`display_name` AS `source_name`,`tc`.`component_id` AS `target_component_id`,`tc`.`display_name` AS `target_name`,`hz`.`hazard_id` AS `hazard_id`,`r`.`risk_id` AS `risk_id`,`r`.`likelihood_before` AS `likelihood_before`,`r`.`severity_before` AS `severity_before`,`hl`.`exposure` AS `exposure`,`hl`.`detectability` AS `detectability`,coalesce(`r`.`risk_rate_before`,coalesce(`r`.`likelihood_before`,0) * coalesce(`r`.`severity_before`,0) * nullif(coalesce(`r`.`exposure_before`,coalesce(`hl`.`exposure`,1)),0) * nullif(coalesce(`r`.`detectability_before`,coalesce(`hl`.`detectability`,1)),0)) AS `risk_before`,coalesce(`r`.`risk_rate_after`,nullif(coalesce(`r`.`likelihood_after`,0),0) * nullif(coalesce(`r`.`severity_after`,0),0) * nullif(coalesce(`r`.`exposure_after`,coalesce(`hl`.`exposure`,1)),0) * nullif(coalesce(`r`.`detectability_after`,coalesce(`hl`.`detectability`,1)),0)) AS `risk_after` from ((((((`hira_register` `h` join `lifecycle_stages` `ls` on(`ls`.`stage_id` = `h`.`stage_id`)) join `hira_hazard_links` `hl` on(`hl`.`hira_id` = `h`.`hira_id`)) join `hazards` `hz` on(`hz`.`hazard_id` = `hl`.`hazard_id`)) join `risks` `r` on(`r`.`hazard_id` = `hz`.`hazard_id`)) left join `components_registry` `sc` on(`sc`.`component_id` = `hl`.`source_component_id`)) left join `components_registry` `tc` on(`tc`.`component_id` = `hl`.`target_component_id`)) */;
/*!50001 SET character_set_client      = @saved_cs_client */;
/*!50001 SET character_set_results     = @saved_cs_results */;
/*!50001 SET collation_connection      = @saved_col_connection */;

--
-- Final view structure for view `v_hira_stage_heatmap`
--

/*!50001 DROP VIEW IF EXISTS `v_hira_stage_heatmap`*/;
/*!50001 SET @saved_cs_client          = @@character_set_client */;
/*!50001 SET @saved_cs_results         = @@character_set_results */;
/*!50001 SET @saved_col_connection     = @@collation_connection */;
/*!50001 SET character_set_client      = utf8mb4 */;
/*!50001 SET character_set_results     = utf8mb4 */;
/*!50001 SET collation_connection      = utf8mb4_general_ci */;
/*!50001 CREATE ALGORITHM=UNDEFINED */
/*!50013 DEFINER=`root`@`localhost` SQL SECURITY DEFINER */
/*!50001 VIEW `v_hira_stage_heatmap` AS select `h`.`hira_id` AS `hira_id`,`ls`.`stage_name` AS `stage_name`,`h`.`scope_type` AS `scope_type`,`h`.`scope_id` AS `scope_id`,count(distinct `hl`.`hazard_id`) AS `hazards_count`,count(distinct `r`.`risk_id`) AS `risks_count`,sum(coalesce(`r`.`risk_rate_before`,coalesce(`r`.`likelihood_before`,0) * coalesce(`r`.`severity_before`,0) * nullif(coalesce(`r`.`exposure_before`,1),0) * nullif(coalesce(`r`.`detectability_before`,1),0))) AS `total_risk_before`,sum(coalesce(`r`.`risk_rate_after`,coalesce(`r`.`likelihood_after`,0) * coalesce(`r`.`severity_after`,0) * nullif(coalesce(`r`.`exposure_after`,1),0) * nullif(coalesce(`r`.`detectability_after`,1),0))) AS `total_risk_after`,sum(coalesce(`r`.`risk_rate_before`,coalesce(`r`.`likelihood_before`,0) * coalesce(`r`.`severity_before`,0) * nullif(coalesce(`r`.`exposure_before`,1),0) * nullif(coalesce(`r`.`detectability_before`,1),0))) - sum(coalesce(`r`.`risk_rate_after`,coalesce(`r`.`likelihood_after`,0) * coalesce(`r`.`severity_after`,0) * nullif(coalesce(`r`.`exposure_after`,1),0) * nullif(coalesce(`r`.`detectability_after`,1),0))) AS `risk_reduction_abs`,case when sum(coalesce(`r`.`risk_rate_before`,coalesce(`r`.`likelihood_before`,0) * coalesce(`r`.`severity_before`,0) * nullif(coalesce(`r`.`exposure_before`,1),0) * nullif(coalesce(`r`.`detectability_before`,1),0))) > 0 then round(100 * (sum(coalesce(`r`.`risk_rate_before`,coalesce(`r`.`likelihood_before`,0) * coalesce(`r`.`severity_before`,0) * nullif(coalesce(`r`.`exposure_before`,1),0) * nullif(coalesce(`r`.`detectability_before`,1),0))) - sum(coalesce(`r`.`risk_rate_after`,coalesce(`r`.`likelihood_after`,0) * coalesce(`r`.`severity_after`,0) * nullif(coalesce(`r`.`exposure_after`,1),0) * nullif(coalesce(`r`.`detectability_after`,1),0)))) / sum(coalesce(`r`.`risk_rate_before`,coalesce(`r`.`likelihood_before`,0) * coalesce(`r`.`severity_before`,0) * nullif(coalesce(`r`.`exposure_before`,1),0) * nullif(coalesce(`r`.`detectability_before`,1),0))),2) else NULL end AS `risk_reduction_pct` from ((((`hira_register` `h` join `lifecycle_stages` `ls` on(`ls`.`stage_id` = `h`.`stage_id`)) join `hira_hazard_links` `hl` on(`hl`.`hira_id` = `h`.`hira_id`)) join `hazards` `hz` on(`hz`.`hazard_id` = `hl`.`hazard_id`)) join `risks` `r` on(`r`.`hazard_id` = `hz`.`hazard_id`)) group by `h`.`hira_id`,`ls`.`stage_name`,`h`.`scope_type`,`h`.`scope_id` */;
/*!50001 SET character_set_client      = @saved_cs_client */;
/*!50001 SET character_set_results     = @saved_cs_results */;
/*!50001 SET collation_connection      = @saved_col_connection */;

--
-- Final view structure for view `v_risk_categories_hierarchy`
--

/*!50001 DROP VIEW IF EXISTS `v_risk_categories_hierarchy`*/;
/*!50001 SET @saved_cs_client          = @@character_set_client */;
/*!50001 SET @saved_cs_results         = @@character_set_results */;
/*!50001 SET @saved_col_connection     = @@collation_connection */;
/*!50001 SET character_set_client      = utf8mb4 */;
/*!50001 SET character_set_results     = utf8mb4 */;
/*!50001 SET collation_connection      = utf8mb4_general_ci */;
/*!50001 CREATE ALGORITHM=UNDEFINED */
/*!50013 DEFINER=`root`@`localhost` SQL SECURITY DEFINER */
/*!50001 VIEW `v_risk_categories_hierarchy` AS select `c`.`category_id` AS `category_id`,`c`.`category_name` AS `category_name`,`c`.`category_description` AS `category_description`,`c`.`iso_standard_link` AS `iso_standard_link`,`c`.`parent_category_id` AS `parent_category_id`,`p`.`category_name` AS `parent_category_name`,`c`.`category_level` AS `category_level`,`c`.`category_path` AS `category_path`,`c`.`sort_order` AS `sort_order`,`c`.`is_active` AS `is_active`,(select count(0) from `risk_categories` where `risk_categories`.`parent_category_id` = `c`.`category_id`) AS `child_count`,(select count(0) from `risk_register` where `risk_register`.`category_id` = `c`.`category_id` or `risk_register`.`subcategory_id` = `c`.`category_id`) AS `risk_count` from (`risk_categories` `c` left join `risk_categories` `p` on(`c`.`parent_category_id` = `p`.`category_id`)) */;
/*!50001 SET character_set_client      = @saved_cs_client */;
/*!50001 SET character_set_results     = @saved_cs_results */;
/*!50001 SET collation_connection      = @saved_col_connection */;
/*!40103 SET TIME_ZONE=@OLD_TIME_ZONE */;

/*!40101 SET SQL_MODE=@OLD_SQL_MODE */;
/*!40014 SET FOREIGN_KEY_CHECKS=@OLD_FOREIGN_KEY_CHECKS */;
/*!40014 SET UNIQUE_CHECKS=@OLD_UNIQUE_CHECKS */;
/*!40101 SET CHARACTER_SET_CLIENT=@OLD_CHARACTER_SET_CLIENT */;
/*!40101 SET CHARACTER_SET_RESULTS=@OLD_CHARACTER_SET_RESULTS */;
/*!40101 SET COLLATION_CONNECTION=@OLD_COLLATION_CONNECTION */;
/*!40111 SET SQL_NOTES=@OLD_SQL_NOTES */;

-- Dump completed on 2026-05-01 14:30:21
